sha256,path,label,source
000077419ead44800537b34f5c2137e572c472698a13c39151f90eaabde7c94e,malware/000077419ead44800537b34f5c2137e572c472698a13c39151f90eaabde7c94e.exe,1,dike_batch5
0004b6ce277aa1a259359ee0400bf7cb3f2aafdeeae291f0be2a3750b0c87ee2,malware/0004b6ce277aa1a259359ee0400bf7cb3f2aafdeeae291f0be2a3750b0c87ee2.exe,1,dike_batch5
0008d6d1dcbe359dab5780be87005be659ea93eae5878a5b6e6ba4ed2d889b09,malware/0008d6d1dcbe359dab5780be87005be659ea93eae5878a5b6e6ba4ed2d889b09.exe,1,dike_batch5
000bd8b072994238a0716e6011d85bbbb5d745d921809a31030fd9e39dcdea51,malware/000bd8b072994238a0716e6011d85bbbb5d745d921809a31030fd9e39dcdea51.exe,1,virusshare
000d1bab5fa789f2d3b120bccb5452c7c3fe52073bd88d7d651b27dc68eb5423,malware/000d1bab5fa789f2d3b120bccb5452c7c3fe52073bd88d7d651b27dc68eb5423.dll,1,dike_batch5
000d6230792fefff601c0e5e87369196fdd5cfb484fdd87916a080d8b9ffc1c6,malware/000d6230792fefff601c0e5e87369196fdd5cfb484fdd87916a080d8b9ffc1c6.exe,1,dike_batch7
000e731440308f57fde3cf58626ec77edd4f3f89a9d9e964ea170d18fdef9069,malware/000e731440308f57fde3cf58626ec77edd4f3f89a9d9e964ea170d18fdef9069.exe,1,dike_batch7
0011ff95aeb4e78b6e5c0187bb2ee422d2a70bc33beb5716bdcaf2b844b52324,malware/0011ff95aeb4e78b6e5c0187bb2ee422d2a70bc33beb5716bdcaf2b844b52324.dll,1,virusshare
00145e98e0394c0ad3f0e1fc801676f426ed657d0640764c96b380e00f81a3cf,malware/00145e98e0394c0ad3f0e1fc801676f426ed657d0640764c96b380e00f81a3cf.exe,1,dike_batch8
00189f62e6863904cadfccaf81dc271f1a099a377567531ea43ddb0cc2fd205e,malware/00189f62e6863904cadfccaf81dc271f1a099a377567531ea43ddb0cc2fd205e.exe,1,dike_batch8
00255bab3a31b108a9de13b0944a50b5fa866dc53c139c2da04007b952b719ad,malware/00255bab3a31b108a9de13b0944a50b5fa866dc53c139c2da04007b952b719ad.exe,1,dike_batch8
004e748a8fc88507e7c640e72e856062ae87d6e581f3142a10a13726202c8a3b,malware/004e748a8fc88507e7c640e72e856062ae87d6e581f3142a10a13726202c8a3b.exe,1,virusshare
00e2059a8f529999784b68ed5561864fc3b38db68d01555568c0ab1a77c3222f,malware/00e2059a8f529999784b68ed5561864fc3b38db68d01555568c0ab1a77c3222f.exe,1,virusshare
012a50629c3cf1e2a2e5133b729c2ac7765cf4115187b1da36303b91a1f7da7a,malware/012a50629c3cf1e2a2e5133b729c2ac7765cf4115187b1da36303b91a1f7da7a.exe,1,dike_batch1
01593ba550e99f0e9fa4d93355230806668859ba62d2994f7553c250ec9852d1,malware/01593ba550e99f0e9fa4d93355230806668859ba62d2994f7553c250ec9852d1.exe,1,dike_batch1
0160648dbaa4af29349fc9d2f903a7842e30c313264c4edced2acf5dc53c7ac9,malware/0160648dbaa4af29349fc9d2f903a7842e30c313264c4edced2acf5dc53c7ac9.exe,1,dike_batch1
0162bd2d2668a414cc16a33c8240dbcb2cb10e41b99d01f6362789be9537e25e,malware/0162bd2d2668a414cc16a33c8240dbcb2cb10e41b99d01f6362789be9537e25e.exe,1,dike_batch1
0168379699c667b34d232f91fbaf630a3bcd139508ef34af734b4860d9e66c6a,malware/0168379699c667b34d232f91fbaf630a3bcd139508ef34af734b4860d9e66c6a.dll,1,dike_batch1
01710327f5cae9376e5b5b74628fbcac25f3873b33468b7e0b00089bcbfada81,malware/01710327f5cae9376e5b5b74628fbcac25f3873b33468b7e0b00089bcbfada81.exe,1,dike_batch1
017846a206ca24bfef6532753df95e607e5f54e13a45a3f4dc7573f40e11aaf6,malware/017846a206ca24bfef6532753df95e607e5f54e13a45a3f4dc7573f40e11aaf6.exe,1,dike_batch1
018030ca511a930052a5cf1111b78f39ea941f8a41e08179fc938f98862b6c62,malware/018030ca511a930052a5cf1111b78f39ea941f8a41e08179fc938f98862b6c62.exe,1,dike_batch1
018b4029f46e529da8dc57b8bc6245644ed59f63b4f8eafe7317cfe7589176e7,malware/018b4029f46e529da8dc57b8bc6245644ed59f63b4f8eafe7317cfe7589176e7.exe,1,dike_batch1
019ad39a9350b4e19b5699389110c3d71573d0864649e300e1659adc84796917,malware/019ad39a9350b4e19b5699389110c3d71573d0864649e300e1659adc84796917.exe,1,dike_batch1
019c1e95430a67b5bf3491512b108111560a0bd3f3d6b829456feec520826da8,malware/019c1e95430a67b5bf3491512b108111560a0bd3f3d6b829456feec520826da8.exe,1,dike_batch1
01a0bea806384827759ae032031516bfe843285cac39800bdd1845e36cb5f003,malware/01a0bea806384827759ae032031516bfe843285cac39800bdd1845e36cb5f003.exe,1,dike_batch1
01a4da1f41a3a527776752434ee49b607d032eaacf8264a53ef833433e584d75,malware/01a4da1f41a3a527776752434ee49b607d032eaacf8264a53ef833433e584d75.exe,1,virusshare
01a795638fe5829264455b8efe4c1dbb52d74b8fadf17c9af965c0f302be627c,malware/01a795638fe5829264455b8efe4c1dbb52d74b8fadf17c9af965c0f302be627c.exe,1,dike_batch1
01c1a9179258495d08e017d721fc82c7fa8e09f29fa34411b590763e14312dc5,malware/01c1a9179258495d08e017d721fc82c7fa8e09f29fa34411b590763e14312dc5.exe,1,dike_batch1
01ca2135cdc41c49a873dbcb4299658480b85475b43ca56c66be7bc1c1886ff4,malware/01ca2135cdc41c49a873dbcb4299658480b85475b43ca56c66be7bc1c1886ff4.dll,1,dike_batch1
01d0e53c6a9eac73e4cc4436d273ade93452b497ec939741060d14a272eaa6ae,malware/01d0e53c6a9eac73e4cc4436d273ade93452b497ec939741060d14a272eaa6ae.exe,1,dike_batch1
01d1a520538ae81d760dfc8736b05b5a7528989a7a65e985454860e98d50e58f,malware/01d1a520538ae81d760dfc8736b05b5a7528989a7a65e985454860e98d50e58f.exe,1,dike_batch1
01e6b4dcc05ac8c7dc82efecf339be213ad92bff57d01fbc434b3e53b0a36edd,malware/01e6b4dcc05ac8c7dc82efecf339be213ad92bff57d01fbc434b3e53b0a36edd.exe,1,dike_batch1
01ee8378b6cfffa6abf1477b57ec0f11c25812bda89e79643665713dae160141,malware/01ee8378b6cfffa6abf1477b57ec0f11c25812bda89e79643665713dae160141.exe,1,dike_batch1
02137a839aaec764236e42cf1e944139184ce81d3c89e722fd5b99e94a6146c9,malware/02137a839aaec764236e42cf1e944139184ce81d3c89e722fd5b99e94a6146c9.dll,1,dike_batch1
0222aeb7073e11206a8ef5890552c0a644b21feeecb2d1b9c05a5d9a6595d6fe,malware/0222aeb7073e11206a8ef5890552c0a644b21feeecb2d1b9c05a5d9a6595d6fe.exe,1,dike_batch1
023e0e5c3b01aa9d636fb529f4a453ff508ae7c984c4bb596284766d7e7ef158,malware/023e0e5c3b01aa9d636fb529f4a453ff508ae7c984c4bb596284766d7e7ef158.exe,1,dike_batch1
0240d758044d786cd8036352cc23f407cd64c0bb4be44ab26432812f284a2a96,malware/0240d758044d786cd8036352cc23f407cd64c0bb4be44ab26432812f284a2a96.exe,1,malware_database
02492e111817e0680c6b9d1acc067d6a667ab1e41e4b2a965c932d727419ba21,malware/02492e111817e0680c6b9d1acc067d6a667ab1e41e4b2a965c932d727419ba21.dll,1,dike_batch1
024bc401f1983d741d8cb3811e7383db3c90a6117cde521425eeaf3a6a7f5f3b,malware/024bc401f1983d741d8cb3811e7383db3c90a6117cde521425eeaf3a6a7f5f3b.exe,1,dike_batch1
024ee04fc3b7f3b66f83ddaf92a9e6b732cd1e1ffafdc8bdbf590bbb3405a7d0,malware/024ee04fc3b7f3b66f83ddaf92a9e6b732cd1e1ffafdc8bdbf590bbb3405a7d0.exe,1,dike_batch1
02511b8dd58a94bff958ab319b21ef0f0bdbb5d1f10c525e440a4b43d12e3418,malware/02511b8dd58a94bff958ab319b21ef0f0bdbb5d1f10c525e440a4b43d12e3418.exe,1,dike_batch1
025447539157d6b1057fd217753f66448817a2a20c1aaf7f8844eb81ab02a66c,malware/025447539157d6b1057fd217753f66448817a2a20c1aaf7f8844eb81ab02a66c.dll,1,virusshare
02593c6592d9fe499c0cfcfd1e2fdeea9ab23365f9535d85655180cf44650a62,malware/02593c6592d9fe499c0cfcfd1e2fdeea9ab23365f9535d85655180cf44650a62.exe,1,dike_batch1
0267600d677c7b36aa0bcc2fc100fa251f4c294d796e45b785b8bf28efc7fbe0,malware/0267600d677c7b36aa0bcc2fc100fa251f4c294d796e45b785b8bf28efc7fbe0.exe,1,dike_batch1
026967352af78171380898429267bd1e6b11263055b0a198812ff779d3238592,malware/026967352af78171380898429267bd1e6b11263055b0a198812ff779d3238592.exe,1,dike_batch1
026a69b4ebef3b11f819aa5d0745ad703185f9b28466f8c0ce88fd2352f84ade,malware/026a69b4ebef3b11f819aa5d0745ad703185f9b28466f8c0ce88fd2352f84ade.exe,1,dike_batch1
02700487456f8dd942037bbfd4d1ea3f0343d0dbd7ec859e34afa3e162bc1c10,malware/02700487456f8dd942037bbfd4d1ea3f0343d0dbd7ec859e34afa3e162bc1c10.exe,1,dike_batch1
027703a7d9952464429dfc7b8d985d6cc63f69959c4e0d954bea9463bb0ae60e,malware/027703a7d9952464429dfc7b8d985d6cc63f69959c4e0d954bea9463bb0ae60e.exe,1,dike_batch1
02785de4895b877afdf5baea3cca3a3e30bd6b4c7998d8facc4b7cb12153fefa,malware/02785de4895b877afdf5baea3cca3a3e30bd6b4c7998d8facc4b7cb12153fefa.exe,1,dike_batch1
0281bcdc415c96250b44b319d91330af978be803689690404e19c41fc115e327,malware/0281bcdc415c96250b44b319d91330af978be803689690404e19c41fc115e327.dll,1,dike_batch1
02834a1cda0b0b26e66c6b5ea20df217e0d10bba24e2d45f65f8d89e8e4502db,malware/02834a1cda0b0b26e66c6b5ea20df217e0d10bba24e2d45f65f8d89e8e4502db.dll,1,dike_batch1
028e21137fab4d6828a48cabe96b0b991438ce13b0fc9f43b0a4b7f9830e0ff2,malware/028e21137fab4d6828a48cabe96b0b991438ce13b0fc9f43b0a4b7f9830e0ff2.dll,1,dike_batch1
029278b8f482f6bea5a20a04bdf2d089d954eaf61e91242e623ef53aa45801ff,malware/029278b8f482f6bea5a20a04bdf2d089d954eaf61e91242e623ef53aa45801ff.exe,1,dike_batch1
029754020244831ed1ef2dbac3a57123c7a69e82023b4d575dedd2e2208d6251,malware/029754020244831ed1ef2dbac3a57123c7a69e82023b4d575dedd2e2208d6251.exe,1,dike_batch1
0298f363cbff57ed12a4a1f4168c1b9a2668e391f5fef48200532cc35001fd3e,malware/0298f363cbff57ed12a4a1f4168c1b9a2668e391f5fef48200532cc35001fd3e.exe,1,dike_batch1
029d4fa427d821bcb8c12d4f19dd99403a8c0356a096d854dd09c1c51a0c53fc,malware/029d4fa427d821bcb8c12d4f19dd99403a8c0356a096d854dd09c1c51a0c53fc.exe,1,dike_batch1
02b329186cd2d0a0107e3b9292f86e86bcf41c7403473b63d818e6825d80f9f0,malware/02b329186cd2d0a0107e3b9292f86e86bcf41c7403473b63d818e6825d80f9f0.exe,1,dike_batch1
02b6cfb2427f427acb2aba544ed7c6262fb6841297f83c6f0dfe93a6022edf2e,malware/02b6cfb2427f427acb2aba544ed7c6262fb6841297f83c6f0dfe93a6022edf2e.exe,1,dike_batch1
02b85dc0c316c1765c9bfe59b552eed9c32cc02497b645d4fbc309842ed50673,malware/02b85dc0c316c1765c9bfe59b552eed9c32cc02497b645d4fbc309842ed50673.exe,1,dike_batch1
02ccb04d1f6ab5c6fdb81d00fffcf2ad6abfb45b114e308f7944a1a00619820e,malware/02ccb04d1f6ab5c6fdb81d00fffcf2ad6abfb45b114e308f7944a1a00619820e.exe,1,dike_batch1
02cfabd2e684c8acc3694af40167b6b72001b8afdf1cae970094c64eadd70a07,malware/02cfabd2e684c8acc3694af40167b6b72001b8afdf1cae970094c64eadd70a07.exe,1,dike_batch1
02d6ce57d0a26f24518763187e7f21dbf855a8d8a389b3b93e01e85f12e88502,malware/02d6ce57d0a26f24518763187e7f21dbf855a8d8a389b3b93e01e85f12e88502.exe,1,dike_batch1
02dce9c797720514c556ccdd7ab1ea25eab5c21512f9f7e0da4c74d3c8e7aff7,malware/02dce9c797720514c556ccdd7ab1ea25eab5c21512f9f7e0da4c74d3c8e7aff7.dll,1,dike_batch1
02e4f6da42813c531c55fe1aa43628e0c4dbb231959f6de8c2ca8454bd674644,malware/02e4f6da42813c531c55fe1aa43628e0c4dbb231959f6de8c2ca8454bd674644.exe,1,dike_batch1
02faf705803294e6e12dc58b23a1cc7481eb160ada8c212f5ac45fdc740f0855,malware/02faf705803294e6e12dc58b23a1cc7481eb160ada8c212f5ac45fdc740f0855.dll,1,dike_batch1
02fbc59091a54f1f39890d4372d8784cbc8f8df5a5052123e34113e2d74aa1c1,malware/02fbc59091a54f1f39890d4372d8784cbc8f8df5a5052123e34113e2d74aa1c1.exe,1,dike_batch1
02fe6cfd1d8c2e88fb8183413d2f14590464e283e2e51c7fef5df672adca7664,malware/02fe6cfd1d8c2e88fb8183413d2f14590464e283e2e51c7fef5df672adca7664.exe,1,dike_batch1
03096d2859243b354a2a0378dfabb65768dff113dba7a97b26ccf4a2220ee8f5,malware/03096d2859243b354a2a0378dfabb65768dff113dba7a97b26ccf4a2220ee8f5.exe,1,dike_batch1
0311023b604442bcb971e8ca4fb5489f78c67ccc9dca638052b974b653377ec0,malware/0311023b604442bcb971e8ca4fb5489f78c67ccc9dca638052b974b653377ec0.dll,1,dike_batch1
031ee31921dc121fceae66c8fcfaf60f0bd4d7ea2d65d8394f6e23288897e5f0,malware/031ee31921dc121fceae66c8fcfaf60f0bd4d7ea2d65d8394f6e23288897e5f0.exe,1,dike_batch1
031f7fed1bac11ee81db1494883badc191549dc66d63849ae129f5f83f64e089,malware/031f7fed1bac11ee81db1494883badc191549dc66d63849ae129f5f83f64e089.exe,1,dike_batch1
033edf114d8480b58d56050a6c78ea645746d274b65a6eafabb9dd7d8dc39a4c,malware/033edf114d8480b58d56050a6c78ea645746d274b65a6eafabb9dd7d8dc39a4c.exe,1,dike_batch8
03429878ea1d8b5a01a99d6133dac52c03e130ae1003152cccf1efc8c4baa6c5,malware/03429878ea1d8b5a01a99d6133dac52c03e130ae1003152cccf1efc8c4baa6c5.dll,1,dike_batch2
0342a05b2ff232d52b94953aaec3108dc6554d0eb85ebad9ab3d70f4663b4bfe,malware/0342a05b2ff232d52b94953aaec3108dc6554d0eb85ebad9ab3d70f4663b4bfe.exe,1,dike_batch2
036e96ed69e4c67a0e6e7bb04d44557bd3082cce11afc6ddc920740e8914389e,malware/036e96ed69e4c67a0e6e7bb04d44557bd3082cce11afc6ddc920740e8914389e.exe,1,dike_batch2
03783bff64d6ad40114914902705c7dc88b7ef9b7d48f8b112f41b79c9eadbfb,malware/03783bff64d6ad40114914902705c7dc88b7ef9b7d48f8b112f41b79c9eadbfb.exe,1,dike_batch2
038139e5d1cc8a300eb4b54ac391318eba11ef28550c2892fbee5c0d1e41bfdd,malware/038139e5d1cc8a300eb4b54ac391318eba11ef28550c2892fbee5c0d1e41bfdd.exe,1,dike_batch2
038224c3a6baa698ea2992912e9124c996b0c94cc03eb987267eff6d33ee5e8c,malware/038224c3a6baa698ea2992912e9124c996b0c94cc03eb987267eff6d33ee5e8c.exe,1,dike_batch2
0386d93e49b12c519556b9ead9d29034d911688f317fb4f46f958134c26d2af3,malware/0386d93e49b12c519556b9ead9d29034d911688f317fb4f46f958134c26d2af3.exe,1,dike_batch2
0387d9a69379feadbbbd12c11c626b5e931673364cb7619ee2435f84bde0bad3,malware/0387d9a69379feadbbbd12c11c626b5e931673364cb7619ee2435f84bde0bad3.exe,1,dike_batch2
038e0a27e4d89319cd95980586451575603d3a0fc03ec90f3cccb246d25c6a5f,malware/038e0a27e4d89319cd95980586451575603d3a0fc03ec90f3cccb246d25c6a5f.exe,1,dike_batch2
038f385e0aa4434d16d6a4249d51d22c4d43887619b47b396c76a090d062c4be,malware/038f385e0aa4434d16d6a4249d51d22c4d43887619b47b396c76a090d062c4be.exe,1,dike_batch2
039065e5bc20fb690943d236851232bc191a1d85298c183d8c114335d49883ee,malware/039065e5bc20fb690943d236851232bc191a1d85298c183d8c114335d49883ee.exe,1,dike_batch2
03907b60d062a23d8635ac360dfd252ec7b33e1d8a4125758092dd16adc0a37b,malware/03907b60d062a23d8635ac360dfd252ec7b33e1d8a4125758092dd16adc0a37b.exe,1,dike_batch2
0391a7024032362a321042da7b10bf4304d9970992f8649088cf942ec9e3b7e4,malware/0391a7024032362a321042da7b10bf4304d9970992f8649088cf942ec9e3b7e4.exe,1,dike_batch2
039b5d6b951614c9d3b52d0e7bf3045f6912571d86c8169b6adfb1a69becc1c2,malware/039b5d6b951614c9d3b52d0e7bf3045f6912571d86c8169b6adfb1a69becc1c2.exe,1,dike_batch2
039df929f4cf1496f71a91cc8370f3b35dd2c2b60e5efef03a19d6dc1ff701cb,malware/039df929f4cf1496f71a91cc8370f3b35dd2c2b60e5efef03a19d6dc1ff701cb.dll,1,dike_batch2
03a00cda0e5bdb497448f01b847251a1e753e8b743c02b7122905d286361f2ea,malware/03a00cda0e5bdb497448f01b847251a1e753e8b743c02b7122905d286361f2ea.dll,1,dike_batch2
03ca4a2e0ee66606afb3c6d3c578fbd6b9d0d60965bc30503c6a32218123c137,malware/03ca4a2e0ee66606afb3c6d3c578fbd6b9d0d60965bc30503c6a32218123c137.exe,1,virusshare
03d0fca05296d9dc92a5b87bd3faaf14510e3667c827b2eacab79f57071979e3,malware/03d0fca05296d9dc92a5b87bd3faaf14510e3667c827b2eacab79f57071979e3.exe,1,dike_batch2
03d3fb600b9cbffdcd06954447ffb9c7aad5b7f7fcdc425d3ae9dd0a289da484,malware/03d3fb600b9cbffdcd06954447ffb9c7aad5b7f7fcdc425d3ae9dd0a289da484.exe,1,dike_batch2
03d44943943e18cfb9e1e71292d1928d8883c1dc9b29b08e837c1ccf1ef76623,malware/03d44943943e18cfb9e1e71292d1928d8883c1dc9b29b08e837c1ccf1ef76623.exe,1,dike_batch2
03e1a3b94906fdbdcdcce0fceeb2674d3a646f2098f8c3dd02b4ab136e58e0a5,malware/03e1a3b94906fdbdcdcce0fceeb2674d3a646f2098f8c3dd02b4ab136e58e0a5.exe,1,dike_batch2
03ec19061f72bec0aafea6e8bf0a4068b85d9232e220d32f940f33e1e42f2fd5,malware/03ec19061f72bec0aafea6e8bf0a4068b85d9232e220d32f940f33e1e42f2fd5.exe,1,dike_batch2
03ec24b59bedfd3b13aa6be33fd881b7f61b3a9735bd048abd9744474135aebf,malware/03ec24b59bedfd3b13aa6be33fd881b7f61b3a9735bd048abd9744474135aebf.exe,1,dike_batch2
03ee844b3e45605724541d36d63e89424ad968f53509a92297692626af163db4,malware/03ee844b3e45605724541d36d63e89424ad968f53509a92297692626af163db4.exe,1,dike_batch2
03eec2b97fecae6f2ab2be7f69c1c296a8d5e1efb2f8b6ea8e6491468df4ea0a,malware/03eec2b97fecae6f2ab2be7f69c1c296a8d5e1efb2f8b6ea8e6491468df4ea0a.exe,1,dike_batch2
03f79950fb92364b056a51b9f57b948acc85525e42f6090dd868752d15ed9fd2,malware/03f79950fb92364b056a51b9f57b948acc85525e42f6090dd868752d15ed9fd2.exe,1,dike_batch2
03f8040e92ada2d028065edd4ab3a6134cb4b2d2a95a83943dff34760b4cded6,malware/03f8040e92ada2d028065edd4ab3a6134cb4b2d2a95a83943dff34760b4cded6.exe,1,dike_batch2
03f9db88655365bdb1e69df151bc8e0c9acaefc61ed46af8065fd648eb1ff52a,malware/03f9db88655365bdb1e69df151bc8e0c9acaefc61ed46af8065fd648eb1ff52a.exe,1,dike_batch2
03fd8fbbdbd053bb46f75767a3900d8a53dfe0768541c7b93fb245b84e69c9e1,malware/03fd8fbbdbd053bb46f75767a3900d8a53dfe0768541c7b93fb245b84e69c9e1.exe,1,dike_batch2
040235631a78909994d37d8f3ef2e7085d7e5d4a39d0f8eb743a0acbd0aae7f3,malware/040235631a78909994d37d8f3ef2e7085d7e5d4a39d0f8eb743a0acbd0aae7f3.exe,1,dike_batch2
0408168cf5d0b8a59aaf78c6e308f27994db9e859710204c9c48743335521c13,malware/0408168cf5d0b8a59aaf78c6e308f27994db9e859710204c9c48743335521c13.exe,1,dike_batch2
040d0d65c6d376a19a179c8cbd134bc08001b3e9c55afc5fb756d337310ec67d,malware/040d0d65c6d376a19a179c8cbd134bc08001b3e9c55afc5fb756d337310ec67d.exe,1,dike_batch2
041b8aa33383e7e805dc8be9757729fea628ee3a37d9a85e17aee1100f9a6f55,malware/041b8aa33383e7e805dc8be9757729fea628ee3a37d9a85e17aee1100f9a6f55.exe,1,dike_batch2
04202b9babc91c6787359e47459dd579c1b44805b7503266583e06c7ad4c844f,malware/04202b9babc91c6787359e47459dd579c1b44805b7503266583e06c7ad4c844f.exe,1,dike_batch2
0426f532b053732d96c253aab817e62a6de984741fa63bba710d98372d6ae34d,malware/0426f532b053732d96c253aab817e62a6de984741fa63bba710d98372d6ae34d.exe,1,dike_batch2
04318d527e17c2a1629b01982430879bd8b4c356a8b193bed8e29d5d1edd6f98,malware/04318d527e17c2a1629b01982430879bd8b4c356a8b193bed8e29d5d1edd6f98.dll,1,dike_batch2
043a00675809c59ddeffb33203e0fae3fcc778a4611d348bf8abad18574b74e3,malware/043a00675809c59ddeffb33203e0fae3fcc778a4611d348bf8abad18574b74e3.exe,1,dike_batch2
043dae5e01706de40547dbe63ca388bb46522244f801a1d2e96ef60bbd01a1e1,malware/043dae5e01706de40547dbe63ca388bb46522244f801a1d2e96ef60bbd01a1e1.exe,1,dike_batch2
0442f63c10381e36f34c2f7f5fc0d5edb98a71fb64c461cd47e2c0e5fc3ec894,malware/0442f63c10381e36f34c2f7f5fc0d5edb98a71fb64c461cd47e2c0e5fc3ec894.exe,1,dike_batch2
04435f3f8fa095b80f9c641fddaad7d94b6f9be66e10b578540ad8f9ba12490b,malware/04435f3f8fa095b80f9c641fddaad7d94b6f9be66e10b578540ad8f9ba12490b.exe,1,dike_batch2
0448d20fad584eec5c7e653736e0c5ce5c6371263ad6703024684c3dcc6998f8,malware/0448d20fad584eec5c7e653736e0c5ce5c6371263ad6703024684c3dcc6998f8.exe,1,dike_batch2
044b865586757bb5b5aff934ebd89082eea082e5da4ea5f8bdf130bf9f028195,malware/044b865586757bb5b5aff934ebd89082eea082e5da4ea5f8bdf130bf9f028195.exe,1,dike_batch2
044c327265266e53b12e665431b83c6e22864524bf4f3a846ec37a4a45566ef7,malware/044c327265266e53b12e665431b83c6e22864524bf4f3a846ec37a4a45566ef7.exe,1,dike_batch2
04555225edf1ef12448d4b67507835e4d254bbe2ce8a6a7a7a783bd793ba2e9c,malware/04555225edf1ef12448d4b67507835e4d254bbe2ce8a6a7a7a783bd793ba2e9c.exe,1,virusshare
04660c94de58b92618ec77387abf7f180afc2e85025e42e80d8036ac672352b3,malware/04660c94de58b92618ec77387abf7f180afc2e85025e42e80d8036ac672352b3.dll,1,dike_batch2
046a517411dc8328f376b98a2cc3d81b562f49f38f5efe464be8fb897d517340,malware/046a517411dc8328f376b98a2cc3d81b562f49f38f5efe464be8fb897d517340.exe,1,dike_batch2
046a9eea7b4b7820b48ef3261c4ef37ae8dfbb44b6fcfc583eed4e1e5c09c23a,malware/046a9eea7b4b7820b48ef3261c4ef37ae8dfbb44b6fcfc583eed4e1e5c09c23a.exe,1,dike_batch2
046e793a4f14ef0a7bf50bc48b603fe83fced8510f8b13e1fe88672430808959,malware/046e793a4f14ef0a7bf50bc48b603fe83fced8510f8b13e1fe88672430808959.dll,1,dike_batch2
046e7aee127c68f652d0af9d17fb3b99ea31d61bd02a2c0c23f7daee0703a204,malware/046e7aee127c68f652d0af9d17fb3b99ea31d61bd02a2c0c23f7daee0703a204.exe,1,dike_batch2
04807f1b4e367a07fbfb77a147da068389b83a8c0f1b7b0aa183ae36bcfbce29,malware/04807f1b4e367a07fbfb77a147da068389b83a8c0f1b7b0aa183ae36bcfbce29.exe,1,dike_batch2
0484595efad8360ba63118509bc4727078dee8c550b8b0985ded050328fb9c29,malware/0484595efad8360ba63118509bc4727078dee8c550b8b0985ded050328fb9c29.exe,1,dike_batch2
0488c166bda3c017f17192ccbac944f5c817dff3ada7312bdcd172dec96cb303,malware/0488c166bda3c017f17192ccbac944f5c817dff3ada7312bdcd172dec96cb303.exe,1,dike_batch2
048a0153d4ff0ebc84b4fc28e2a0d5adfc107058359ff35c400925de2cf4cf3c,malware/048a0153d4ff0ebc84b4fc28e2a0d5adfc107058359ff35c400925de2cf4cf3c.exe,1,dike_batch2
048bbf9faba6b21a068e5c91ce44e91b99b92ce36533cd7ecccd7cda81d03eec,malware/048bbf9faba6b21a068e5c91ce44e91b99b92ce36533cd7ecccd7cda81d03eec.exe,1,dike_batch2
048bcfe716f763bc96a25c181bb8221116284d01a99aa92935b8c88a399d6e97,malware/048bcfe716f763bc96a25c181bb8221116284d01a99aa92935b8c88a399d6e97.exe,1,dike_batch2
0490c13053e9a8443d2b7cf186f0ac6dfaabb3fda9596f96e16128e9d1792118,malware/0490c13053e9a8443d2b7cf186f0ac6dfaabb3fda9596f96e16128e9d1792118.dll,1,dike_batch2
0493a35aaef13e7eaac1eb9fee569196e4ed909a5d48cfbaa2dfff60ef1ca6b8,malware/0493a35aaef13e7eaac1eb9fee569196e4ed909a5d48cfbaa2dfff60ef1ca6b8.exe,1,dike_batch2
0494a352da72335a66a26fdcad288c0ca76cb559bc1b75d49d619105b3cc5f86,malware/0494a352da72335a66a26fdcad288c0ca76cb559bc1b75d49d619105b3cc5f86.exe,1,dike_batch2
04a44c06f0aa705dd923bc752f5eeaa941405707ec0cf8ee996f0a07dbd14385,malware/04a44c06f0aa705dd923bc752f5eeaa941405707ec0cf8ee996f0a07dbd14385.exe,1,dike_batch2
04a52e80435493eafbca0c65d0489c5de8f34f4a6dba800e2a7901dabbb2650d,malware/04a52e80435493eafbca0c65d0489c5de8f34f4a6dba800e2a7901dabbb2650d.exe,1,dike_batch2
04a61b9203c7cb38b75958ecdcca4182aafc50a0c4eb24f5ffabb4f2fc969d60,malware/04a61b9203c7cb38b75958ecdcca4182aafc50a0c4eb24f5ffabb4f2fc969d60.exe,1,dike_batch2
04b7f03fc58b3015ad225eb057cf621c9da739bf722fa2a1f7bd8cee85928115,malware/04b7f03fc58b3015ad225eb057cf621c9da739bf722fa2a1f7bd8cee85928115.exe,1,dike_batch2
04cd8c5b1d0612049d7697068ac026206fca3698e85b4af234c785ffb712d647,malware/04cd8c5b1d0612049d7697068ac026206fca3698e85b4af234c785ffb712d647.exe,1,dike_batch2
04d910e2dab651db0eb65c98e85e18990574daa43a9da5d7660935cb573ba152,malware/04d910e2dab651db0eb65c98e85e18990574daa43a9da5d7660935cb573ba152.exe,1,dike_batch2
04de97ea833b7ee3c5e5803fda036c65a5b9add323caadacb9452f6f9110c5b5,malware/04de97ea833b7ee3c5e5803fda036c65a5b9add323caadacb9452f6f9110c5b5.exe,1,virusshare
04ecad09dc2576b9afb7fea48c392085ee04225697c6b2b5458575fc4a565a7b,malware/04ecad09dc2576b9afb7fea48c392085ee04225697c6b2b5458575fc4a565a7b.exe,1,dike_batch2
04eef241e8c50ceb49245f3e906c1289ea9edd8d554471ec89d9d4e62b6bba64,malware/04eef241e8c50ceb49245f3e906c1289ea9edd8d554471ec89d9d4e62b6bba64.exe,1,dike_batch2
04fe32d742cc4c535e337255553733cc22360d83f9183e104779bc290f146120,malware/04fe32d742cc4c535e337255553733cc22360d83f9183e104779bc290f146120.exe,1,dike_batch2
0502f200a39326a410b0e394c454ddb4b459e99b5d721545b2dea3e9838e686d,malware/0502f200a39326a410b0e394c454ddb4b459e99b5d721545b2dea3e9838e686d.exe,1,dike_batch2
0509bc226d70b92af463faf227768d9233d1d6ef1d3544d34655758f61a6d0fe,malware/0509bc226d70b92af463faf227768d9233d1d6ef1d3544d34655758f61a6d0fe.exe,1,dike_batch2
0509eee8642127e4c59809d9a044d8c9f36ada0aaa9b53e70d8459ffeaf21a90,malware/0509eee8642127e4c59809d9a044d8c9f36ada0aaa9b53e70d8459ffeaf21a90.exe,1,dike_batch2
050eb7374d5592aca792214f3d927dde50fcd7d0cbf074a7d60fb552d81be4dc,malware/050eb7374d5592aca792214f3d927dde50fcd7d0cbf074a7d60fb552d81be4dc.exe,1,dike_batch2
05101bc706fcd94b7af260d144f3b45eb182a66da9df1af2efe595e9f786cf30,malware/05101bc706fcd94b7af260d144f3b45eb182a66da9df1af2efe595e9f786cf30.exe,1,dike_batch2
05250bf48aa352c9a57bae02939516582042b417fdd820ca501a6f84738d353f,malware/05250bf48aa352c9a57bae02939516582042b417fdd820ca501a6f84738d353f.exe,1,virusshare
0527f2b11e392ca296d57e7b1033d9831040de3d06afcf415d6f044a96c62ce8,malware/0527f2b11e392ca296d57e7b1033d9831040de3d06afcf415d6f044a96c62ce8.exe,1,dike_batch2
052fd21c8acfa2c54c6571185e764c6c7a1454702f14247272602c80ffaf5ee1,malware/052fd21c8acfa2c54c6571185e764c6c7a1454702f14247272602c80ffaf5ee1.exe,1,dike_batch2
0539ea2e6a3fd9c60035b14ed29a1e627abd9129ed4052fec8efc7c17c15eb8f,malware/0539ea2e6a3fd9c60035b14ed29a1e627abd9129ed4052fec8efc7c17c15eb8f.exe,1,dike_batch2
053ef2eacbda0b5b98ddb70eb833781d33b1a71ece68d194fcbad5956081f7ad,malware/053ef2eacbda0b5b98ddb70eb833781d33b1a71ece68d194fcbad5956081f7ad.exe,1,dike_batch2
053f91231dd4e54135429307af1f22737bcec7373b369daeac9efaf7efd0b37d,malware/053f91231dd4e54135429307af1f22737bcec7373b369daeac9efaf7efd0b37d.exe,1,dike_batch2
05404a0b6be6577aff34e4b3095cb3ad9f1d3256414c9527fa81ac58ca300610,malware/05404a0b6be6577aff34e4b3095cb3ad9f1d3256414c9527fa81ac58ca300610.dll,1,dike_batch2
05569aa107547522f835120a4643bda3435c892a0b2fe01fc56e67e38f1151a5,malware/05569aa107547522f835120a4643bda3435c892a0b2fe01fc56e67e38f1151a5.exe,1,dike_batch2
0560db560e83dfbd4fc976570b20dfb1faa68b73958915ccaff90fa7271b2992,malware/0560db560e83dfbd4fc976570b20dfb1faa68b73958915ccaff90fa7271b2992.dll,1,dike_batch2
0562b4e5b58e8deb76502accaccc38ec5cfeab95be2f1c9f35fdd3c24b1b77a8,malware/0562b4e5b58e8deb76502accaccc38ec5cfeab95be2f1c9f35fdd3c24b1b77a8.dll,1,dike_batch2
05696c6f03ff6885d067b9c1eb246e0f041412f7b084df5e2873ee70bc44fd3c,malware/05696c6f03ff6885d067b9c1eb246e0f041412f7b084df5e2873ee70bc44fd3c.exe,1,dike_batch2
056adf668c26e24389a2e0a405dc522c3856333934cdff8c93f6d12b16a82eb9,malware/056adf668c26e24389a2e0a405dc522c3856333934cdff8c93f6d12b16a82eb9.exe,1,dike_batch2
0571879c93709f36a11f5d682a34e93d6b53ea96bce97a2d93aa431b3d38405b,malware/0571879c93709f36a11f5d682a34e93d6b53ea96bce97a2d93aa431b3d38405b.exe,1,dike_batch2
057395804ceee8b30206f41b3ce2d5e5309134f4c5aa28326530d135ad0c9b9e,malware/057395804ceee8b30206f41b3ce2d5e5309134f4c5aa28326530d135ad0c9b9e.exe,1,dike_batch2
05761f3ec4e0f1f1818138bfc1cdd385bb6bac36241ce912070f2d20a2c4ab5a,malware/05761f3ec4e0f1f1818138bfc1cdd385bb6bac36241ce912070f2d20a2c4ab5a.exe,1,dike_batch2
0587b8849a26e915a378407558e232a77c1fc531d807963fdf4513bdba5d1cd4,malware/0587b8849a26e915a378407558e232a77c1fc531d807963fdf4513bdba5d1cd4.exe,1,dike_batch2
0588cf6b380617bb44b8f2740c7384c6d94e3bc6209df936e022f53a059d0fda,malware/0588cf6b380617bb44b8f2740c7384c6d94e3bc6209df936e022f53a059d0fda.dll,1,dike_batch2
058939ffa14d04c9686ba4c6d4999c4469caa3a2aedf3e8e83fe2c4fac2d366a,malware/058939ffa14d04c9686ba4c6d4999c4469caa3a2aedf3e8e83fe2c4fac2d366a.exe,1,dike_batch2
058bf5312be919c0ef5c985cd3777d4843731c3b612785663a4e4f34e4d385fc,malware/058bf5312be919c0ef5c985cd3777d4843731c3b612785663a4e4f34e4d385fc.exe,1,dike_batch2
058f20d9b567d426c2ef637252a3275f08ab4f6099e58c2117b0aa98fc82683e,malware/058f20d9b567d426c2ef637252a3275f08ab4f6099e58c2117b0aa98fc82683e.exe,1,dike_batch2
0591c20b502632c0d021ae93e2dfe9b2323072bd867f0dbcc64a7736d908fea0,malware/0591c20b502632c0d021ae93e2dfe9b2323072bd867f0dbcc64a7736d908fea0.dll,1,dike_batch2
05a5ec1b425812a3a3be839736b39128fda7acd9fbd9930a3657d76fbe56d2c1,malware/05a5ec1b425812a3a3be839736b39128fda7acd9fbd9930a3657d76fbe56d2c1.exe,1,dike_batch2
05b3f50dd581cc0a65eb8a71cc1d41323c4d72ee5a9a912e2805d4faa0078cc5,malware/05b3f50dd581cc0a65eb8a71cc1d41323c4d72ee5a9a912e2805d4faa0078cc5.exe,1,virusshare
05c3d7d8bc43cdbafd7845212d2c56115df09bc623eb9664d00fa29c4313cdb2,malware/05c3d7d8bc43cdbafd7845212d2c56115df09bc623eb9664d00fa29c4313cdb2.dll,1,dike_batch2
05c4dc56036d88819834b9cb71520d5bb674ceb3ae28227d7d322c603606cabf,malware/05c4dc56036d88819834b9cb71520d5bb674ceb3ae28227d7d322c603606cabf.exe,1,dike_batch2
05c582a2cb4ce4f42ffb9f705add2d261a7097f6de0be3c7858f424777f7b6c5,malware/05c582a2cb4ce4f42ffb9f705add2d261a7097f6de0be3c7858f424777f7b6c5.exe,1,dike_batch2
05cb54cb0d0a4fdb3829f9c555f02d987fefeea047907e5657e18a083897282b,malware/05cb54cb0d0a4fdb3829f9c555f02d987fefeea047907e5657e18a083897282b.exe,1,dike_batch2
05ceae47062df72f266edf3502094932eadb898ea9fd3a66537aad255d4a5ce2,malware/05ceae47062df72f266edf3502094932eadb898ea9fd3a66537aad255d4a5ce2.exe,1,dike_batch2
05d7439d7e7a9a871471cc0cad4b7f9eabaeb33e85422efbe983d1a7fc5d0f11,malware/05d7439d7e7a9a871471cc0cad4b7f9eabaeb33e85422efbe983d1a7fc5d0f11.exe,1,dike_batch2
05dea3d5c32a28106b45d4870016ddf9d0963240d3885ad85a959a3d97d5bf78,malware/05dea3d5c32a28106b45d4870016ddf9d0963240d3885ad85a959a3d97d5bf78.exe,1,virusshare
05f4d85297492c16077b867c6a5716ce48f78d38d0e66b64cdd7bb41a2cb2376,malware/05f4d85297492c16077b867c6a5716ce48f78d38d0e66b64cdd7bb41a2cb2376.exe,1,dike_batch2
05f85ba8c5bfff59a72a8f7193ed84b4973a43346b98941041ab75e56adcd973,malware/05f85ba8c5bfff59a72a8f7193ed84b4973a43346b98941041ab75e56adcd973.exe,1,virusshare
06078e21181a1196f7bcbfd3a0be48a34443c0f4a89a61aca05469eb8e4d4398,malware/06078e21181a1196f7bcbfd3a0be48a34443c0f4a89a61aca05469eb8e4d4398.exe,1,dike_batch8
0608a9de6f2f09cf022184d76de476141591b3ef086490e1ebac45c3283e4cb9,malware/0608a9de6f2f09cf022184d76de476141591b3ef086490e1ebac45c3283e4cb9.exe,1,dike_batch8
06135485ab55049d6408ae27205ce56234ef7a2dc75bb52f3247809425036fd3,malware/06135485ab55049d6408ae27205ce56234ef7a2dc75bb52f3247809425036fd3.exe,1,dike_batch8
0615318ae33e9c5f59e9c3cc4d0d99d6e18f4fa12740e77cd3b742777a1bf28a,malware/0615318ae33e9c5f59e9c3cc4d0d99d6e18f4fa12740e77cd3b742777a1bf28a.exe,1,dike_batch8
061d624c38bd0acf34bc078cacba94ec8fb329850a23a93dba4f77bafe4cec04,malware/061d624c38bd0acf34bc078cacba94ec8fb329850a23a93dba4f77bafe4cec04.exe,1,dike_batch8
061e97793668ed2496b08168720e018a33ec32f158be2960422f81a99567a927,malware/061e97793668ed2496b08168720e018a33ec32f158be2960422f81a99567a927.exe,1,dike_batch8
062209d71d7cf73287eb6ea83c758ed5aeee3cab5d623497f9de9a7e2692d1d6,malware/062209d71d7cf73287eb6ea83c758ed5aeee3cab5d623497f9de9a7e2692d1d6.exe,1,dike_batch8
0624469d0b2ecdef04549cea8cfe1300009c0b2fbdce70b78aa7f66d00220d0b,malware/0624469d0b2ecdef04549cea8cfe1300009c0b2fbdce70b78aa7f66d00220d0b.exe,1,dike_batch8
062fd585bb312e0d9ae4ee3a411d6022bd74cdae02e4b6eac372c134fc7b6559,malware/062fd585bb312e0d9ae4ee3a411d6022bd74cdae02e4b6eac372c134fc7b6559.exe,1,dike_batch4
065883338c11f267658a87976cae6d0a007dd904bdd9150c1b6ce01b70a43c67,malware/065883338c11f267658a87976cae6d0a007dd904bdd9150c1b6ce01b70a43c67.dll,1,dike_batch4
066ddfc5c41813ffb17b5a8d677ec99878b93527458a962019cc88d487f23475,malware/066ddfc5c41813ffb17b5a8d677ec99878b93527458a962019cc88d487f23475.exe,1,dike_batch4
066fed6454e8d5874a1408ef81615f61908aa0025333dd57dd23903cc6917b2d,malware/066fed6454e8d5874a1408ef81615f61908aa0025333dd57dd23903cc6917b2d.exe,1,dike_batch4
06777b4a7a3713d2d2c3e571aa2671fb929e98c54178ff398f4e974a72811c40,malware/06777b4a7a3713d2d2c3e571aa2671fb929e98c54178ff398f4e974a72811c40.exe,1,dike_batch4
06982d8deff398589eb499c0bdd11b303dc305e58a2d9fd28242c125eb92b5ec,malware/06982d8deff398589eb499c0bdd11b303dc305e58a2d9fd28242c125eb92b5ec.exe,1,dike_batch4
069b646d91dd7add9519a69335cb5480134de6c9a6696d66a9c3b81fc4c1b2fe,malware/069b646d91dd7add9519a69335cb5480134de6c9a6696d66a9c3b81fc4c1b2fe.exe,1,dike_batch4
06a428dd5a543e67f25b02ccd7efa77d8f2cd7fe67bbfe2184d2023b16aa152c,malware/06a428dd5a543e67f25b02ccd7efa77d8f2cd7fe67bbfe2184d2023b16aa152c.exe,1,dike_batch4
06a8398c638fbb39eaf542aefef48ef8a33c2f2e20e82593107125000d9d9bde,malware/06a8398c638fbb39eaf542aefef48ef8a33c2f2e20e82593107125000d9d9bde.exe,1,dike_batch4
06a87ce6f6de3e320ed14e38b4615b8f51e95fb315ea25d95c2a79b39cc8e514,malware/06a87ce6f6de3e320ed14e38b4615b8f51e95fb315ea25d95c2a79b39cc8e514.exe,1,dike_batch4
06aa1d8c44ebc0e78779537b0c99adb56b986cd571d8cee9c093bfeecb5a943f,malware/06aa1d8c44ebc0e78779537b0c99adb56b986cd571d8cee9c093bfeecb5a943f.exe,1,dike_batch4
06be0bee97ba6c17bf60b4195316633b11ec2a7a35c16afdce1cbc2e5b32dbc1,malware/06be0bee97ba6c17bf60b4195316633b11ec2a7a35c16afdce1cbc2e5b32dbc1.exe,1,dike_batch4
06c09149adf100a80dbccc99ba814d8c078694e0dc85d8f35b7a06fc356ea385,malware/06c09149adf100a80dbccc99ba814d8c078694e0dc85d8f35b7a06fc356ea385.dll,1,dike_batch4
06d2dd8e661cc3fe4ec517d09c0fd4871f76c070e7e1893c85a0b0af3ab3ab0e,malware/06d2dd8e661cc3fe4ec517d09c0fd4871f76c070e7e1893c85a0b0af3ab3ab0e.exe,1,dike_batch4
06d7e97c0243df900ddf0f1ff7fae045d896a08b9f7d3414d0b772e88928bbf6,malware/06d7e97c0243df900ddf0f1ff7fae045d896a08b9f7d3414d0b772e88928bbf6.exe,1,dike_batch4
06e942823cc25dd8c4f7e658f877e541e9af2aea18634934dc61aad8b29c1bcb,malware/06e942823cc25dd8c4f7e658f877e541e9af2aea18634934dc61aad8b29c1bcb.exe,1,dike_batch4
06ee8e950adb4182a54d4a671aa05ced5adf55e3e270a029b68d1983e33fa72d,malware/06ee8e950adb4182a54d4a671aa05ced5adf55e3e270a029b68d1983e33fa72d.exe,1,dike_batch4
06ef413fcfe93ca819c1fc5cca9261daf6a7072720eb5d8e2ea046c27e9b740e,malware/06ef413fcfe93ca819c1fc5cca9261daf6a7072720eb5d8e2ea046c27e9b740e.exe,1,dike_batch4
06f4ca22acd1a7dfb6d040b0e1c372657aedb5d0ab4afd17cf0344596f941f4f,malware/06f4ca22acd1a7dfb6d040b0e1c372657aedb5d0ab4afd17cf0344596f941f4f.dll,1,dike_batch4
06f8b4d643647a823ae66060e54374365e75a5afb7d1608753006260cad4286e,malware/06f8b4d643647a823ae66060e54374365e75a5afb7d1608753006260cad4286e.exe,1,dike_batch4
06f8e5f77ae8084b7f5a1f515571c4fbb542a99e65e736e7c7e4ee13e0cf02b9,malware/06f8e5f77ae8084b7f5a1f515571c4fbb542a99e65e736e7c7e4ee13e0cf02b9.exe,1,dike_batch4
0706037233e72febd6ddc79c29906b56cb07f1fa93c6813eb162f89313311277,malware/0706037233e72febd6ddc79c29906b56cb07f1fa93c6813eb162f89313311277.exe,1,dike_batch4
070bb96b42dbc5789d9952b0af2b5f58758a4de55f30c4a14d20e2405949243a,malware/070bb96b42dbc5789d9952b0af2b5f58758a4de55f30c4a14d20e2405949243a.exe,1,dike_batch4
070bdfbbf83925ee81ed6610a7985a73cfdc286eb8546e97c6669f83c5e26dcc,malware/070bdfbbf83925ee81ed6610a7985a73cfdc286eb8546e97c6669f83c5e26dcc.dll,1,dike_batch4
072f77e0bc3b3dd48abf48c04b4ddc721d1aee4969934095e17849cc464a8941,malware/072f77e0bc3b3dd48abf48c04b4ddc721d1aee4969934095e17849cc464a8941.exe,1,dike_batch4
073684d03e9119f019d83bbb8043ad9484760896351ee66a5c7ee16a7701f777,malware/073684d03e9119f019d83bbb8043ad9484760896351ee66a5c7ee16a7701f777.dll,1,dike_batch4
073bfdb04ead0ef29f77bbdfabda77d8abc2e27aeeb758ab077bfed2f67e3a17,malware/073bfdb04ead0ef29f77bbdfabda77d8abc2e27aeeb758ab077bfed2f67e3a17.exe,1,dike_batch4
0741397423349cc675bd086590e5adec15a822e5388e6ec3e60aa3a97d4f77a4,malware/0741397423349cc675bd086590e5adec15a822e5388e6ec3e60aa3a97d4f77a4.exe,1,dike_batch4
07424ea3be17ab7c5ced11bba8245f9586ca8515594618689711ffa32b22f525,malware/07424ea3be17ab7c5ced11bba8245f9586ca8515594618689711ffa32b22f525.dll,1,dike_batch4
0744dfef662f30000d02070b788d6468494c9428ae80f51f84feb65a6df23718,malware/0744dfef662f30000d02070b788d6468494c9428ae80f51f84feb65a6df23718.exe,1,dike_batch4
07481c746ec079bc1419ce868aac96127e2f0c7eb5aa6694f780a01456ba80b8,malware/07481c746ec079bc1419ce868aac96127e2f0c7eb5aa6694f780a01456ba80b8.dll,1,dike_batch4
07553d019bd404156b5c5b16baab68adc6e3d2170a7fee6b7926a8cccfdadedd,malware/07553d019bd404156b5c5b16baab68adc6e3d2170a7fee6b7926a8cccfdadedd.exe,1,dike_batch4
0755a7cc5d59d19e3247753c0a98064be26bb4ec892511bbb7f65bf8eaa53c1b,malware/0755a7cc5d59d19e3247753c0a98064be26bb4ec892511bbb7f65bf8eaa53c1b.exe,1,dike_batch4
07585799c33c0e6aebb1087206f9e765230b1754f154e333f27f24579deb7759,malware/07585799c33c0e6aebb1087206f9e765230b1754f154e333f27f24579deb7759.exe,1,dike_batch4
075cca98cf950d1e84106445674e0f9af5ea53fc61c53508e8eda9447b7b7695,malware/075cca98cf950d1e84106445674e0f9af5ea53fc61c53508e8eda9447b7b7695.exe,1,dike_batch4
076c8847b93603fcf587b9de31fd0a50218375146533afb1a54be1a77b899e7d,malware/076c8847b93603fcf587b9de31fd0a50218375146533afb1a54be1a77b899e7d.exe,1,dike_batch4
0772135011da70ffb65df2fbd2f6f16ddd6ff373a13173b776a81a3fdabbef43,malware/0772135011da70ffb65df2fbd2f6f16ddd6ff373a13173b776a81a3fdabbef43.exe,1,dike_batch4
077cb69a6531eb01ef7960fbcb94de2eb51ababe8b0a9976356f0fa89331cdae,malware/077cb69a6531eb01ef7960fbcb94de2eb51ababe8b0a9976356f0fa89331cdae.exe,1,dike_batch4
0780f3f7d14975647265529f1b15c3645bfc38ac8d1010382e781937fc2c95c0,malware/0780f3f7d14975647265529f1b15c3645bfc38ac8d1010382e781937fc2c95c0.dll,1,virusshare
078636d653bf8d9d407720754f4582ce9999fbb45b04e4a4dd3080f16e0f06d2,malware/078636d653bf8d9d407720754f4582ce9999fbb45b04e4a4dd3080f16e0f06d2.exe,1,dike_batch4
078c7661729528f9412b15aa7b604c068b8b523a3ab3b9538f8938bf361655c9,malware/078c7661729528f9412b15aa7b604c068b8b523a3ab3b9538f8938bf361655c9.exe,1,dike_batch4
0790bcc82049a03b93fd9da1e526a98344092055f4984d291a73758f4b370678,malware/0790bcc82049a03b93fd9da1e526a98344092055f4984d291a73758f4b370678.exe,1,dike_batch4
079446bf9312dddb55bdff3e91fb70fc93c05c5d4f841bb6a6581a0e4db44d17,malware/079446bf9312dddb55bdff3e91fb70fc93c05c5d4f841bb6a6581a0e4db44d17.exe,1,dike_batch4
07a73366eb19100f2a10af412ceafd12cd1b87b5ed07c7432e1c599e44b209c2,malware/07a73366eb19100f2a10af412ceafd12cd1b87b5ed07c7432e1c599e44b209c2.exe,1,dike_batch4
07ae779e4c07e3f16c2a5e375308b8e9e60b6efb1ef2415df6996b46fc552a0f,malware/07ae779e4c07e3f16c2a5e375308b8e9e60b6efb1ef2415df6996b46fc552a0f.exe,1,dike_batch4
07afb233fe5b7b8b8922901abdca668432ca71161c50dd37051700c43114c7c5,malware/07afb233fe5b7b8b8922901abdca668432ca71161c50dd37051700c43114c7c5.dll,1,dike_batch4
07babe049600c1329b2098b7003c7505022c7cd47a1d3d176d62bba41c889f8a,malware/07babe049600c1329b2098b7003c7505022c7cd47a1d3d176d62bba41c889f8a.exe,1,virusshare
07c04e927f95eee90083f4291c0cdddf8fb5609db1d1b189a74f61dcc81b8506,malware/07c04e927f95eee90083f4291c0cdddf8fb5609db1d1b189a74f61dcc81b8506.exe,1,dike_batch4
07ca18213735abc764b0538e09f83b9c179cf5079fd8aa3b4baa9f80b0660c24,malware/07ca18213735abc764b0538e09f83b9c179cf5079fd8aa3b4baa9f80b0660c24.exe,1,dike_batch4
07cba0f0eef732f620194db379d594b0c770a9f4d5ae04fed3cc9a0ea8332559,malware/07cba0f0eef732f620194db379d594b0c770a9f4d5ae04fed3cc9a0ea8332559.exe,1,dike_batch4
07d9327eb715fe2abf4944e24985d8262c4b25a51e76bbd85c1e7a13db024e27,malware/07d9327eb715fe2abf4944e24985d8262c4b25a51e76bbd85c1e7a13db024e27.exe,1,dike_batch4
07da5b12c6d1f422fa3c3bdbd4e4dcad23e7ed29ac0bc7062513fe08f21c9c2d,malware/07da5b12c6d1f422fa3c3bdbd4e4dcad23e7ed29ac0bc7062513fe08f21c9c2d.exe,1,dike_batch4
07dceab07d2b394031c9204f7297c31fb5c0ff7c2227badcf3718a6d088977cb,malware/07dceab07d2b394031c9204f7297c31fb5c0ff7c2227badcf3718a6d088977cb.exe,1,dike_batch4
07e1d00292ff971513dfd75c5916096c2570c468564550013fd142047e97e661,malware/07e1d00292ff971513dfd75c5916096c2570c468564550013fd142047e97e661.exe,1,dike_batch4
07e8b46e8b99ebffd59905fbb34fe9b4cdd4634b83b4cced0de3357f95712c7d,malware/07e8b46e8b99ebffd59905fbb34fe9b4cdd4634b83b4cced0de3357f95712c7d.exe,1,dike_batch4
07eb06c2f4b5fc233865989fd2b8061432f0556357cf4a6ad993fa86705a7ae3,malware/07eb06c2f4b5fc233865989fd2b8061432f0556357cf4a6ad993fa86705a7ae3.exe,1,dike_batch4
07f3928f39cb3c4ea433aec3d89658eda75c466c4ff42e7021771fe661675ddc,malware/07f3928f39cb3c4ea433aec3d89658eda75c466c4ff42e7021771fe661675ddc.dll,1,dike_batch4
07ff6f151a2651e4889e19e31d8c7ad176dcbfaac4a7cf551d1961c70915a3be,malware/07ff6f151a2651e4889e19e31d8c7ad176dcbfaac4a7cf551d1961c70915a3be.exe,1,dike_batch4
0803b8220a4e4da0a63b71f1f9e6c1883c2d24567b6f6fd6743ff28ed28a60d8,malware/0803b8220a4e4da0a63b71f1f9e6c1883c2d24567b6f6fd6743ff28ed28a60d8.exe,1,dike_batch4
081e553e72ca1d9ee3f310bb6a536e21ff2910e362ad3f4aa20d633474d8eb9e,malware/081e553e72ca1d9ee3f310bb6a536e21ff2910e362ad3f4aa20d633474d8eb9e.exe,1,dike_batch4
0829c38ad2293b3e9df949916716d65cc30d20accc3d82e19de62d40ee4c3a49,malware/0829c38ad2293b3e9df949916716d65cc30d20accc3d82e19de62d40ee4c3a49.exe,1,dike_batch4
0840ba50839d20822f0594b26966909a32f49cead28d849c81b3765bb35480e8,malware/0840ba50839d20822f0594b26966909a32f49cead28d849c81b3765bb35480e8.exe,1,dike_batch4
08468051fabc87f9a2c603652700c72217af8dce019ca492767869502f46f3c2,malware/08468051fabc87f9a2c603652700c72217af8dce019ca492767869502f46f3c2.exe,1,dike_batch4
084d0a34b784d9e728c7edf7eca7ada19ca7cbe04478f54c1673cd426589da70,malware/084d0a34b784d9e728c7edf7eca7ada19ca7cbe04478f54c1673cd426589da70.exe,1,dike_batch4
0850c1fac52e817f3b4bcfa90be3d9c72d4f3b6b6ef7d368f5bffc54854b9ef7,malware/0850c1fac52e817f3b4bcfa90be3d9c72d4f3b6b6ef7d368f5bffc54854b9ef7.exe,1,dike_batch4
085c1a53091bf9c9ff15844c848200b119e74d11298f3caa57e285619bb4fa28,malware/085c1a53091bf9c9ff15844c848200b119e74d11298f3caa57e285619bb4fa28.exe,1,dike_batch4
08618cdeb3bfacf17a07e8bef7702c5965d5b39286f70fe868ca17e0ce17480c,malware/08618cdeb3bfacf17a07e8bef7702c5965d5b39286f70fe868ca17e0ce17480c.exe,1,virusshare
0867a36d45608316b38b257876182e1f75f7f988c9dba9b8fb55b37b4e11a60d,malware/0867a36d45608316b38b257876182e1f75f7f988c9dba9b8fb55b37b4e11a60d.dll,1,dike_batch4
086a8ecdffdae7c11bf06db7be42507ddfa69bbc35b81dc998b168dc0b6b00e9,malware/086a8ecdffdae7c11bf06db7be42507ddfa69bbc35b81dc998b168dc0b6b00e9.exe,1,dike_batch4
086d35f26bd2fd886e99744960b394d94e74133c40145a3e2bc6b3877b91ec5d,malware/086d35f26bd2fd886e99744960b394d94e74133c40145a3e2bc6b3877b91ec5d.exe,1,malware_database
086dcf4977bae717c544e3ca91c490b85e75f28b28337dfd752b026ccd529bde,malware/086dcf4977bae717c544e3ca91c490b85e75f28b28337dfd752b026ccd529bde.exe,1,virusshare
0879e3a09538aaa80f1ce9f0a9f8627f21a0886f94f7759a17bba410948cfb08,malware/0879e3a09538aaa80f1ce9f0a9f8627f21a0886f94f7759a17bba410948cfb08.exe,1,dike_batch4
0883a3b18e74d0d4ba80a934956cac9e7ba536a0dbb71e3cad7966300e84ba76,malware/0883a3b18e74d0d4ba80a934956cac9e7ba536a0dbb71e3cad7966300e84ba76.exe,1,dike_batch4
088d2e166b8811f1d9f84c2ac86511cf6eba8625dc4ef8d0fe4a2c067358e9d1,malware/088d2e166b8811f1d9f84c2ac86511cf6eba8625dc4ef8d0fe4a2c067358e9d1.exe,1,dike_batch4
08a5f122414c5d6035ac4fb48bef138fd2e26f4bd4f424e0eb7c70f7de4373a9,malware/08a5f122414c5d6035ac4fb48bef138fd2e26f4bd4f424e0eb7c70f7de4373a9.exe,1,dike_batch4
08a73b2e464805e685fcbea67dce6b10bc432f941516596fd25fbe38f893e623,malware/08a73b2e464805e685fcbea67dce6b10bc432f941516596fd25fbe38f893e623.exe,1,dike_batch4
08a83ab02f53415009c08e14494e97be69bcccbb491c00a66f2f5cf71ff46619,malware/08a83ab02f53415009c08e14494e97be69bcccbb491c00a66f2f5cf71ff46619.exe,1,dike_batch4
08af23263d2a3a6250b61543bc9d163fe57cef744ef3d4b2e89c41d03101290f,malware/08af23263d2a3a6250b61543bc9d163fe57cef744ef3d4b2e89c41d03101290f.exe,1,dike_batch4
08b5b045f8cb684aba0916d95a0345e9e5af989acd40ed2fe0f68cf2ba134c8f,malware/08b5b045f8cb684aba0916d95a0345e9e5af989acd40ed2fe0f68cf2ba134c8f.exe,1,dike_batch4
08b65d3fe0b45c453dc4108053ec8cdec9bf876447ecbdeda546f6597b4caddf,malware/08b65d3fe0b45c453dc4108053ec8cdec9bf876447ecbdeda546f6597b4caddf.exe,1,dike_batch4
08bf235932193ed78ba8738c6f0b23a6105a32d8391aa476130919b3a6a11229,malware/08bf235932193ed78ba8738c6f0b23a6105a32d8391aa476130919b3a6a11229.exe,1,dike_batch4
08c189b9096f01978f118ce3d543f38557ead1295dc03711b54e9f356cbf301f,malware/08c189b9096f01978f118ce3d543f38557ead1295dc03711b54e9f356cbf301f.exe,1,dike_batch4
08c81ea1313c053ec0e148d197fd799f975b1ec4e073b7a40bd090d2d6ef8a34,malware/08c81ea1313c053ec0e148d197fd799f975b1ec4e073b7a40bd090d2d6ef8a34.exe,1,dike_batch4
08dc47764b03b8cdae820093356ccec36391e439e0aba0437ec3f15d7f2fc079,malware/08dc47764b03b8cdae820093356ccec36391e439e0aba0437ec3f15d7f2fc079.exe,1,dike_batch4
08e39afc1735455e8dd695f58f7409152831adc0225d072ee2af7b0dc49175ef,malware/08e39afc1735455e8dd695f58f7409152831adc0225d072ee2af7b0dc49175ef.exe,1,dike_batch4
08f124ca347d30fb7f8447b6129650409742ce506b90312e7e242063f6d78df5,malware/08f124ca347d30fb7f8447b6129650409742ce506b90312e7e242063f6d78df5.exe,1,dike_batch4
08f4775630dfd81efe0134e3bf2c5585b31c0f9888d606328e4413780ef57b69,malware/08f4775630dfd81efe0134e3bf2c5585b31c0f9888d606328e4413780ef57b69.exe,1,dike_batch4
08ff87625b093c5150c32337dceef362099509895308edaf79b7b30299c15f02,malware/08ff87625b093c5150c32337dceef362099509895308edaf79b7b30299c15f02.exe,1,dike_batch4
09054b82eef50a8c90963259f40b843c4945405b72a0cdeb8a93be3c7da449a5,malware/09054b82eef50a8c90963259f40b843c4945405b72a0cdeb8a93be3c7da449a5.exe,1,dike_batch4
0909766aeb06f0211860dc3475e459e949ebf3c425243f0d987e94a523a8ea17,malware/0909766aeb06f0211860dc3475e459e949ebf3c425243f0d987e94a523a8ea17.dll,1,dike_batch4
090cb31bb16478413abdb54251c07dfec9d36b7fd4d8fb5df93e6cacd33efef2,malware/090cb31bb16478413abdb54251c07dfec9d36b7fd4d8fb5df93e6cacd33efef2.exe,1,virusshare
091122e8b0b71c3041ba355ff0847142b70be8d545c335a2aaa63e93285b378a,malware/091122e8b0b71c3041ba355ff0847142b70be8d545c335a2aaa63e93285b378a.dll,1,dike_batch4
09133f97793186542546f439e518554a5bb17117689c83bc3978cc532ae2f138,malware/09133f97793186542546f439e518554a5bb17117689c83bc3978cc532ae2f138.exe,1,malware_database
091f052a65707cda3f5998a5e61b885a600fd9ba6cfd11c607f5e79621b2a0d0,malware/091f052a65707cda3f5998a5e61b885a600fd9ba6cfd11c607f5e79621b2a0d0.dll,1,dike_batch4
092220e47f7e4ac4eb793d90c76d8277d1c300774d4b3d13a098ed833fe8cd57,malware/092220e47f7e4ac4eb793d90c76d8277d1c300774d4b3d13a098ed833fe8cd57.exe,1,dike_batch4
092b06f8badcb593cc92f4b5a1c1b548e410071c3f55d6bc62a8c82240b3e6eb,malware/092b06f8badcb593cc92f4b5a1c1b548e410071c3f55d6bc62a8c82240b3e6eb.exe,1,dike_batch4
093210672aadf17e0f728289dbcd781c4f6234aca2bfde166eee714440f0d29e,malware/093210672aadf17e0f728289dbcd781c4f6234aca2bfde166eee714440f0d29e.exe,1,dike_batch4
0934d6d75ef35c73ca9269583a0c1588cc379cc2e679ba6ffac260beeb04dcb5,malware/0934d6d75ef35c73ca9269583a0c1588cc379cc2e679ba6ffac260beeb04dcb5.exe,1,dike_batch4
09358d07bd3774ae38d19be03a5acf2512fee3b0646f5d8f5381c41f1e02dd1b,malware/09358d07bd3774ae38d19be03a5acf2512fee3b0646f5d8f5381c41f1e02dd1b.exe,1,dike_batch4
0937576ac042e79668e2fcccc1659e9675ffac0348c5c59d6575f3884fe499e3,malware/0937576ac042e79668e2fcccc1659e9675ffac0348c5c59d6575f3884fe499e3.exe,1,dike_batch4
093f3b8da07ea5d9b88cd206b01e8cf358ea833baa3e4e8c5e088f6ec3bb5431,malware/093f3b8da07ea5d9b88cd206b01e8cf358ea833baa3e4e8c5e088f6ec3bb5431.dll,1,dike_batch4
0949974d938e17d4c01455b3bccd8cbbd7dbecb76a285e02fb228b1699488c90,malware/0949974d938e17d4c01455b3bccd8cbbd7dbecb76a285e02fb228b1699488c90.exe,1,dike_batch4
09559c3953bbe45da7609ddbe5d0131282be9881d48daf07663e23a4f691045a,malware/09559c3953bbe45da7609ddbe5d0131282be9881d48daf07663e23a4f691045a.exe,1,dike_batch4
09598e6714fb147b41deee4fe0d227c48f49191b81117100cfa2bc61a7f30bcc,malware/09598e6714fb147b41deee4fe0d227c48f49191b81117100cfa2bc61a7f30bcc.exe,1,dike_batch4
095c9bdb63fd3177237ebbf053fae39975c9ffa58d2cd25c5db42817fac0d983,malware/095c9bdb63fd3177237ebbf053fae39975c9ffa58d2cd25c5db42817fac0d983.exe,1,dike_batch4
095e1c9c17a0a16e681bce27a3717f1fd3fc9fcbb9157e08144243a706b5b3db,malware/095e1c9c17a0a16e681bce27a3717f1fd3fc9fcbb9157e08144243a706b5b3db.exe,1,dike_batch8
09652e3b603bfd1094d8cd1053df0aa37dbca6bbe7f7334fa3b99c047761b0f8,malware/09652e3b603bfd1094d8cd1053df0aa37dbca6bbe7f7334fa3b99c047761b0f8.exe,1,dike_batch8
096f1f11f92eefc90eba12eb50029a2aeb797467419425285c725230808ffa30,malware/096f1f11f92eefc90eba12eb50029a2aeb797467419425285c725230808ffa30.exe,1,dike_batch8
09733bd119bd6643ce9bea46b2b04e2cfab1b56cb13bd298d28669e4f2cc47b3,malware/09733bd119bd6643ce9bea46b2b04e2cfab1b56cb13bd298d28669e4f2cc47b3.exe,1,dike_batch8
097ae0eebf54bbce2edc16557637ef4f73df5176d78e01c8493a96235fddc65e,malware/097ae0eebf54bbce2edc16557637ef4f73df5176d78e01c8493a96235fddc65e.exe,1,dike_batch8
098533ef507f9425940b8254badb57b369547b487a97776db62a6d4c447db89b,malware/098533ef507f9425940b8254badb57b369547b487a97776db62a6d4c447db89b.exe,1,dike_batch8
09bdad9232eecd5d7ab9822eeebe7e12ab3710a35d1cf546bab0a7d2d3732f19,malware/09bdad9232eecd5d7ab9822eeebe7e12ab3710a35d1cf546bab0a7d2d3732f19.exe,1,dike_batch8
09cbeee4f53d00f5ebf8b3570eca72bd98242edb04d9f801ada7e05749b7c129,malware/09cbeee4f53d00f5ebf8b3570eca72bd98242edb04d9f801ada7e05749b7c129.exe,1,dike_batch8
09cf132138ec99fb6b3ad7e9d77c37feb58fea7da60399779e15fc1e785f32c3,malware/09cf132138ec99fb6b3ad7e9d77c37feb58fea7da60399779e15fc1e785f32c3.exe,1,dike_batch8
09d06983e8a636fa5949276fcc6ab6595a1ca80ed4ba0656f1b06a8708e994ff,malware/09d06983e8a636fa5949276fcc6ab6595a1ca80ed4ba0656f1b06a8708e994ff.exe,1,dike_batch8
09d6cce2c77d2bbaa1041bd543beeb7b172c5c088f0aadf9a99054153289f05a,malware/09d6cce2c77d2bbaa1041bd543beeb7b172c5c088f0aadf9a99054153289f05a.exe,1,dike_batch8
09e99720a3e07599564c577d24c4f6fc3c3ce11b5dda6cf2d81f3247a2341650,malware/09e99720a3e07599564c577d24c4f6fc3c3ce11b5dda6cf2d81f3247a2341650.exe,1,virusshare
09fdc3baa5aabf03961a6314dc99f8a7f96d83af5c643fe3e639c6efa7e9f333,malware/09fdc3baa5aabf03961a6314dc99f8a7f96d83af5c643fe3e639c6efa7e9f333.exe,1,dike_batch6
0a18d07a64413638b1804223e3058999d619dad3095db055e46da67d674344eb,malware/0a18d07a64413638b1804223e3058999d619dad3095db055e46da67d674344eb.exe,1,dike_batch6
0a266ad12d079323f2170811f5195fb51893d5bcbc915e758dc10c0f876d5fb5,malware/0a266ad12d079323f2170811f5195fb51893d5bcbc915e758dc10c0f876d5fb5.exe,1,dike_batch6
0a3e59c5116da71e2133d9a23a9c4adb2ad60951a5f80cfa24cbe27da776d4f8,malware/0a3e59c5116da71e2133d9a23a9c4adb2ad60951a5f80cfa24cbe27da776d4f8.exe,1,dike_batch6
0a442894505a793b2e3f9a4755da4aeafdf70a765ccdbfc3d1fad9934980d9e5,malware/0a442894505a793b2e3f9a4755da4aeafdf70a765ccdbfc3d1fad9934980d9e5.exe,1,dike_batch6
0a50b74ac552f4d6f43facb16f2457d607d5fbd239bd860a6213e98c9fb255df,malware/0a50b74ac552f4d6f43facb16f2457d607d5fbd239bd860a6213e98c9fb255df.exe,1,dike_batch6
0a59771fdc42dd24d8dc9b3490983c46aac749861be1630af697511deb8ed1a3,malware/0a59771fdc42dd24d8dc9b3490983c46aac749861be1630af697511deb8ed1a3.exe,1,dike_batch6
0a5bc3bd081eb5fc52db31e607c65342c8305df4446d103c95dab318c858748c,malware/0a5bc3bd081eb5fc52db31e607c65342c8305df4446d103c95dab318c858748c.exe,1,dike_batch6
0a5faf5624a993bd716ca6d7a9b2750e8b06af4965d49fc8a514a8da06c2a01e,malware/0a5faf5624a993bd716ca6d7a9b2750e8b06af4965d49fc8a514a8da06c2a01e.exe,1,dike_batch6
0a783e91ef138af7b8b928a2a82789d8807637f7f90b34e1db4ebb0bbdaf5de8,malware/0a783e91ef138af7b8b928a2a82789d8807637f7f90b34e1db4ebb0bbdaf5de8.dll,1,dike_batch6
0a7941b27b45b1038fd3cd26e0b2daff0f3a5367a28ec63fa7464c0db0a05fbd,malware/0a7941b27b45b1038fd3cd26e0b2daff0f3a5367a28ec63fa7464c0db0a05fbd.exe,1,dike_batch6
0a7fc8a656ade5401dae2c1d4dcf4ca55ef6fc51a13336f801d25938f71fb636,malware/0a7fc8a656ade5401dae2c1d4dcf4ca55ef6fc51a13336f801d25938f71fb636.exe,1,dike_batch6
0a83754a6e03d367af7e4a181df496b5d643d69915a4702e91c5e5b2c4918859,malware/0a83754a6e03d367af7e4a181df496b5d643d69915a4702e91c5e5b2c4918859.exe,1,dike_batch6
0a8e05af1b0ee06e490e2486ab97f81ce36901671f894d6f562d778fdc90ee88,malware/0a8e05af1b0ee06e490e2486ab97f81ce36901671f894d6f562d778fdc90ee88.exe,1,dike_batch6
0a9fde28a185a41b4f5ae474f292559e3f0a9d7ce6d529b583d0e3b04e95cb8a,malware/0a9fde28a185a41b4f5ae474f292559e3f0a9d7ce6d529b583d0e3b04e95cb8a.exe,1,dike_batch6
0aa7013930744b60ba20cc0411dae751671a2dc069470936aefb4926f3a32bef,malware/0aa7013930744b60ba20cc0411dae751671a2dc069470936aefb4926f3a32bef.exe,1,dike_batch6
0ab06167cb7fd6d00a08079bbcd2d2ca05cbb5a9edaa943543dca37d7aaed05b,malware/0ab06167cb7fd6d00a08079bbcd2d2ca05cbb5a9edaa943543dca37d7aaed05b.exe,1,dike_batch6
0ab742ec02156c19db6208c1c9ff32c7ff5805bba349f6ba9d4646ade55206c9,malware/0ab742ec02156c19db6208c1c9ff32c7ff5805bba349f6ba9d4646ade55206c9.exe,1,dike_batch6
0ab8a74d53e1f779fcc14efe09b93ecc00766ac8721407e83ce81eb1fdc1e134,malware/0ab8a74d53e1f779fcc14efe09b93ecc00766ac8721407e83ce81eb1fdc1e134.exe,1,dike_batch6
0ac7a6ebd5eb49aee91c2d8c91ec5ed1256f8f624b871730f5910289a6500ba2,malware/0ac7a6ebd5eb49aee91c2d8c91ec5ed1256f8f624b871730f5910289a6500ba2.exe,1,dike_batch6
0acf541f983ebcbc34a65128f894228237d3505ab231dbf03b39fefc1a680505,malware/0acf541f983ebcbc34a65128f894228237d3505ab231dbf03b39fefc1a680505.exe,1,dike_batch6
0ad1787f0df70891e2afeaa9ea4cae86f43e8692dff333c913ca6f59b9f5f6fe,malware/0ad1787f0df70891e2afeaa9ea4cae86f43e8692dff333c913ca6f59b9f5f6fe.dll,1,dike_batch6
0ae040287546a70f8a2d5fc2da45a83e253da044bf10246ae77830af971b3359,malware/0ae040287546a70f8a2d5fc2da45a83e253da044bf10246ae77830af971b3359.exe,1,malware_database
0ae67dd54368c64d392733680f1cee1864a6a87469137f7c5ea04a216a823ca4,malware/0ae67dd54368c64d392733680f1cee1864a6a87469137f7c5ea04a216a823ca4.exe,1,dike_batch6
0ae694c5332ae2c89f5cfb1e65ac6805c34e02c0b63b33197b5cb7f554c7cf76,malware/0ae694c5332ae2c89f5cfb1e65ac6805c34e02c0b63b33197b5cb7f554c7cf76.exe,1,dike_batch6
0af45efed27805c72e4caa8e573528d90c9ec14e0084f074bb28ef1393143207,malware/0af45efed27805c72e4caa8e573528d90c9ec14e0084f074bb28ef1393143207.exe,1,virusshare
0afacd3815c755c6310cde87c082230a34086fd7f3ed18f51936fc1b84136c9d,malware/0afacd3815c755c6310cde87c082230a34086fd7f3ed18f51936fc1b84136c9d.exe,1,dike_batch6
0b01487daefc1333cd6e5df94c57fcef87d21194b3d06ae6acd37fc9c46cbcd7,malware/0b01487daefc1333cd6e5df94c57fcef87d21194b3d06ae6acd37fc9c46cbcd7.exe,1,dike_batch6
0b06ededa7d883d2859b0d8eb3b354735124edbf784affdc74963672639352a8,malware/0b06ededa7d883d2859b0d8eb3b354735124edbf784affdc74963672639352a8.exe,1,dike_batch6
0b0bedd0552059f0009d5432010795b6d6d288a680475e935e2d4e09a5895d0d,malware/0b0bedd0552059f0009d5432010795b6d6d288a680475e935e2d4e09a5895d0d.exe,1,dike_batch6
0b1098e8e4f56dcea3c068bd376e2b7ce6ae092ae08f44eca364292d86def11e,malware/0b1098e8e4f56dcea3c068bd376e2b7ce6ae092ae08f44eca364292d86def11e.exe,1,dike_batch6
0b1c6998a9ec410fcb9b729ca0e811672db0e6bbfcc57886c9a19da633175f78,malware/0b1c6998a9ec410fcb9b729ca0e811672db0e6bbfcc57886c9a19da633175f78.exe,1,dike_batch6
0b1c9cc6431aecfcab4dd1d2d1b8f3d80a2603915d4e1952949b53b7bfbe4e58,malware/0b1c9cc6431aecfcab4dd1d2d1b8f3d80a2603915d4e1952949b53b7bfbe4e58.exe,1,dike_batch6
0b1f3e01fbecff3467d2897ba452b96098540b81af2a01e80c720b45f6062538,malware/0b1f3e01fbecff3467d2897ba452b96098540b81af2a01e80c720b45f6062538.exe,1,dike_batch6
0b25e6f805421dfd57849192315614ad5152022c61767e43611be5dd07cded57,malware/0b25e6f805421dfd57849192315614ad5152022c61767e43611be5dd07cded57.exe,1,dike_batch6
0b269aa55e1266621e690d712b0a6c2d65562f592306189b946a7724205f7d7b,malware/0b269aa55e1266621e690d712b0a6c2d65562f592306189b946a7724205f7d7b.exe,1,dike_batch6
0b2ad06fcebd0d18fd724e0e43e70275e8175fd5d27c5b6931c6ad583f1b71c3,malware/0b2ad06fcebd0d18fd724e0e43e70275e8175fd5d27c5b6931c6ad583f1b71c3.exe,1,dike_batch6
0b328c064c7c739da6bf5c685b0c37aa84be011779e3a3188db1babaabc0c77d,malware/0b328c064c7c739da6bf5c685b0c37aa84be011779e3a3188db1babaabc0c77d.exe,1,dike_batch6
0b3b4aeb74225c4b87e703017dd69c855340cb41c0c8dfe169e40331dc07f3cf,malware/0b3b4aeb74225c4b87e703017dd69c855340cb41c0c8dfe169e40331dc07f3cf.dll,1,dike_batch6
0b3b96d158fb8449a8b23e3f3919472a458188a3c78e294e7c6119bb3ae6ef75,malware/0b3b96d158fb8449a8b23e3f3919472a458188a3c78e294e7c6119bb3ae6ef75.exe,1,dike_batch6
0b41fef686fec6a0ad51e27597c574b616240afbaf3976d177c18a39799d0cd6,malware/0b41fef686fec6a0ad51e27597c574b616240afbaf3976d177c18a39799d0cd6.exe,1,dike_batch6
0b4254ba5324fc5103bfcf58d4daf5aceef4bca2e66d30af4d08947a38f9fd61,malware/0b4254ba5324fc5103bfcf58d4daf5aceef4bca2e66d30af4d08947a38f9fd61.exe,1,dike_batch6
0b445bba1f47fc92ee42031cd8de1bd083a8f87545f20623eae751686b9fecac,malware/0b445bba1f47fc92ee42031cd8de1bd083a8f87545f20623eae751686b9fecac.exe,1,dike_batch6
0b4dd7a79c3222cd148cd0a873e1f7a1009381f9c546fd0260a17d8bd4f98adf,malware/0b4dd7a79c3222cd148cd0a873e1f7a1009381f9c546fd0260a17d8bd4f98adf.exe,1,dike_batch5
0b5069faca00ca4e0df750a9af6457863526cc5aaadd20753f5eb5ac3ea513e7,malware/0b5069faca00ca4e0df750a9af6457863526cc5aaadd20753f5eb5ac3ea513e7.dll,1,dike_batch5
0b575e67baa129d190ba79deb71627dffe48f92d13eb35a966df163175a0c24c,malware/0b575e67baa129d190ba79deb71627dffe48f92d13eb35a966df163175a0c24c.exe,1,dike_batch5
0b5a920404fbf222e6bc191463a14cef8fbf340bafdebc2f127ef3b8d113d130,malware/0b5a920404fbf222e6bc191463a14cef8fbf340bafdebc2f127ef3b8d113d130.exe,1,dike_batch5
0b626ff78872af9976e86b331c860d9105ffd9f1509391135a31aa670c71ab69,malware/0b626ff78872af9976e86b331c860d9105ffd9f1509391135a31aa670c71ab69.exe,1,dike_batch5
0b66c3fd4b417eab75fcd3965bff9805ad6c2b47bb9e85feccf017cd09b592f4,malware/0b66c3fd4b417eab75fcd3965bff9805ad6c2b47bb9e85feccf017cd09b592f4.exe,1,dike_batch5
0b673dc77184cc296cfd0cb818e37de5c8bcfe59c0b07a9677822526953b4fb9,malware/0b673dc77184cc296cfd0cb818e37de5c8bcfe59c0b07a9677822526953b4fb9.exe,1,dike_batch5
0b6754484b8629cd51b56b4190914da7c0fffd8563cca1d403a6c475ef27d3eb,malware/0b6754484b8629cd51b56b4190914da7c0fffd8563cca1d403a6c475ef27d3eb.exe,1,dike_batch5
0b6a3dc1f3841f8fd2511138d206c0d783a59d4f83bbd636a0a813a4408d279f,malware/0b6a3dc1f3841f8fd2511138d206c0d783a59d4f83bbd636a0a813a4408d279f.exe,1,dike_batch5
0b6ffd763b8644406e3d837ee77fb857f1f3b7ab69d5089e75e170fb2217282f,malware/0b6ffd763b8644406e3d837ee77fb857f1f3b7ab69d5089e75e170fb2217282f.dll,1,dike_batch5
0b74f6fb2d4c2a64b7b2ad7793bdda4d3d8c21e7311264a790fc001feef351f5,malware/0b74f6fb2d4c2a64b7b2ad7793bdda4d3d8c21e7311264a790fc001feef351f5.exe,1,dike_batch5
0b7ba7992f2eb7f2474be11fb91b3b75e2f693a1eb8e33908611f092823d3639,malware/0b7ba7992f2eb7f2474be11fb91b3b75e2f693a1eb8e33908611f092823d3639.exe,1,dike_batch5
0b87318e5589dfb28dda80ff61a7cad2569a53def671fc37d83d35a0eed44596,malware/0b87318e5589dfb28dda80ff61a7cad2569a53def671fc37d83d35a0eed44596.exe,1,dike_batch5
0b8ad899abf3a0833879065d5a2118aa1c1d07d84e2d1a5e7464b06dab7e18a8,malware/0b8ad899abf3a0833879065d5a2118aa1c1d07d84e2d1a5e7464b06dab7e18a8.exe,1,dike_batch5
0b9065d76343b62901d7723f2c2f16073cfee97e8f6936b3a3af998c4655a81e,malware/0b9065d76343b62901d7723f2c2f16073cfee97e8f6936b3a3af998c4655a81e.exe,1,dike_batch5
0b9996cce73366a4afb113765a919d5e301a294c28ef66d189b7c66fd65ddade,malware/0b9996cce73366a4afb113765a919d5e301a294c28ef66d189b7c66fd65ddade.exe,1,dike_batch5
0bb16011515c29ac39f90bc88e4b7526fb83565a9b00e118d1e72e9456ed0420,malware/0bb16011515c29ac39f90bc88e4b7526fb83565a9b00e118d1e72e9456ed0420.exe,1,dike_batch5
0bc38daf7cadea088b55eaa800e873f7971da3c460aacebd1c93c12736d62fc8,malware/0bc38daf7cadea088b55eaa800e873f7971da3c460aacebd1c93c12736d62fc8.exe,1,dike_batch5
0bc50d62c3f9e3b2d9805b9b100be9ec0774aba23a447afd6cb63f745f52b9b1,malware/0bc50d62c3f9e3b2d9805b9b100be9ec0774aba23a447afd6cb63f745f52b9b1.exe,1,dike_batch5
0bc600c7f52978294b9e0f5f6cc3e436c7ea2a44d9cfccf6a912f32df5ea1de3,malware/0bc600c7f52978294b9e0f5f6cc3e436c7ea2a44d9cfccf6a912f32df5ea1de3.exe,1,dike_batch5
0bd000296a27166aea20df164d56ec41d5a7283503c2e4f0f4fa057d3a12bac7,malware/0bd000296a27166aea20df164d56ec41d5a7283503c2e4f0f4fa057d3a12bac7.exe,1,dike_batch5
0bd575f1872a5b14a9cf10dbec63951a85d71ef0d95111a11f047aaddc946759,malware/0bd575f1872a5b14a9cf10dbec63951a85d71ef0d95111a11f047aaddc946759.exe,1,dike_batch5
0bd7d15b95fd79caffbff336b3c68caadb38c01eaf9a4fe264e0c187a0dccf99,malware/0bd7d15b95fd79caffbff336b3c68caadb38c01eaf9a4fe264e0c187a0dccf99.exe,1,virusshare
0be469253c817b56972e2b4586ae560027b3e4296a4522fe100727d6b0847662,malware/0be469253c817b56972e2b4586ae560027b3e4296a4522fe100727d6b0847662.exe,1,dike_batch5
0be4bd0e7c2b7202722edbcd549fc69e65f054732b500366da32d747238c786b,malware/0be4bd0e7c2b7202722edbcd549fc69e65f054732b500366da32d747238c786b.exe,1,dike_batch5
0bf23604942908b7ee2fef85bd2b0e9a43874144d5bcdcdb52ed78a284be0138,malware/0bf23604942908b7ee2fef85bd2b0e9a43874144d5bcdcdb52ed78a284be0138.exe,1,dike_batch5
0bf37d24813118b226c25004890524e6e27cb940988c74c72b2c0918dd87bdcb,malware/0bf37d24813118b226c25004890524e6e27cb940988c74c72b2c0918dd87bdcb.exe,1,dike_batch5
0bfa7a40d9f8e32f28720aae89d8966b53e0c4d365f5c8bdd64d9c1ff8bae1e0,malware/0bfa7a40d9f8e32f28720aae89d8966b53e0c4d365f5c8bdd64d9c1ff8bae1e0.exe,1,dike_batch5
0bff0d467f506b497fef4b991c469e90aace6112fceea6bfa1724a52cf119567,malware/0bff0d467f506b497fef4b991c469e90aace6112fceea6bfa1724a52cf119567.exe,1,dike_batch5
0c1819af3507d4ebce09972b41574e897b7f4d5dcca62c509ed08bfd14eccb9d,malware/0c1819af3507d4ebce09972b41574e897b7f4d5dcca62c509ed08bfd14eccb9d.dll,1,dike_batch5
0c197eba43d31a9c2a165512dbace90124641dfa894b577448d73a2bc18ccf86,malware/0c197eba43d31a9c2a165512dbace90124641dfa894b577448d73a2bc18ccf86.exe,1,dike_batch5
0c1d16efeff42bd4599032547c7931aba046c1ebbf8111bee0c05a5d203530e4,malware/0c1d16efeff42bd4599032547c7931aba046c1ebbf8111bee0c05a5d203530e4.exe,1,dike_batch5
0c3fa86898afebf32112dcdfcd7d10049676ec324174a396638bc527a18605d3,malware/0c3fa86898afebf32112dcdfcd7d10049676ec324174a396638bc527a18605d3.exe,1,dike_batch5
0c4636f218939c13cfd1fd4651804efc7af62b8fab02d6bb902206b4c8c01cf8,malware/0c4636f218939c13cfd1fd4651804efc7af62b8fab02d6bb902206b4c8c01cf8.exe,1,dike_batch5
0c4db97ea4705e3b653ba4b04cc7b2af3b8dadfa12235bddd6406c7da7259758,malware/0c4db97ea4705e3b653ba4b04cc7b2af3b8dadfa12235bddd6406c7da7259758.exe,1,dike_batch5
0c505a8d7cc1958a15e8738c5e5a37d45ea58e5a4b64e2945d04c6d481231259,malware/0c505a8d7cc1958a15e8738c5e5a37d45ea58e5a4b64e2945d04c6d481231259.exe,1,dike_batch5
0c6844eb8e7eeae0b6da8dea940ddf922d8a9c35b0ec20b6547ff5c8f585f545,malware/0c6844eb8e7eeae0b6da8dea940ddf922d8a9c35b0ec20b6547ff5c8f585f545.exe,1,virusshare
0c68f9bbc4fa01f801b56f588dffb3d68f94d5c4108c478060e8c261cc700494,malware/0c68f9bbc4fa01f801b56f588dffb3d68f94d5c4108c478060e8c261cc700494.exe,1,dike_batch5
0c6923a2377cd2eb6ad361ce07b8c0c9ccf743c82bb67e79065a1d2ac658aa7a,malware/0c6923a2377cd2eb6ad361ce07b8c0c9ccf743c82bb67e79065a1d2ac658aa7a.dll,1,dike_batch5
0c6f07c8e0e4110761b160951442e57daa1ec4b0a2bacdeac445d31616f1fd1b,malware/0c6f07c8e0e4110761b160951442e57daa1ec4b0a2bacdeac445d31616f1fd1b.exe,1,dike_batch5
0c70bccb541d7b26b78269fc2f8ea8cd5fc101e8cce805ffdd4485310f93a7db,malware/0c70bccb541d7b26b78269fc2f8ea8cd5fc101e8cce805ffdd4485310f93a7db.exe,1,dike_batch5
0c721326ca95022900e1c18fda6cdb4db532ae9c804228985c6df980b3be7ea1,malware/0c721326ca95022900e1c18fda6cdb4db532ae9c804228985c6df980b3be7ea1.exe,1,dike_batch5
0c7bc4ee7216ce6f72faff124552f354a0c91ce9349ba7fcf670e6f1a465d8a8,malware/0c7bc4ee7216ce6f72faff124552f354a0c91ce9349ba7fcf670e6f1a465d8a8.exe,1,dike_batch5
0c839f901dc853454efd77f4a3b664c5526cc260f0911a58493b939768d1f5ce,malware/0c839f901dc853454efd77f4a3b664c5526cc260f0911a58493b939768d1f5ce.exe,1,dike_batch5
0c88b07ffb3cd609908d04ed891eddcb8b596fec8a808960f93c8bacb4e91b06,malware/0c88b07ffb3cd609908d04ed891eddcb8b596fec8a808960f93c8bacb4e91b06.exe,1,dike_batch5
0c8ecffb99089dccc43108496052d42edb789eaf65b14218eca5fd0b06a3e34a,malware/0c8ecffb99089dccc43108496052d42edb789eaf65b14218eca5fd0b06a3e34a.exe,1,dike_batch5
0c9d917a3078237264548917f06c72d01435736b483603eae2aada7dc91df5e0,malware/0c9d917a3078237264548917f06c72d01435736b483603eae2aada7dc91df5e0.exe,1,dike_batch5
0ca3818d5f1269490baad747ac5ca3926390ca6b595d6625acef8df63e80defb,malware/0ca3818d5f1269490baad747ac5ca3926390ca6b595d6625acef8df63e80defb.exe,1,dike_batch5
0ca8738e31c4b149f1bcd837b4c35c086c2765db2845e9767ec727eabf1a33de,malware/0ca8738e31c4b149f1bcd837b4c35c086c2765db2845e9767ec727eabf1a33de.exe,1,dike_batch5
0ca892a65beee945dc60ffd229ee4a49f15ba4001707a925739b445c0fa65e81,malware/0ca892a65beee945dc60ffd229ee4a49f15ba4001707a925739b445c0fa65e81.exe,1,dike_batch5
0caab068b9fdc098cd3d482d7dd002024d918a226e776eeb2fd3731a2f3a2cec,malware/0caab068b9fdc098cd3d482d7dd002024d918a226e776eeb2fd3731a2f3a2cec.exe,1,dike_batch5
0caf8a5c14107b91d13b9f87a5901ad7d3bf562ca7062319c25da0eb637ea474,malware/0caf8a5c14107b91d13b9f87a5901ad7d3bf562ca7062319c25da0eb637ea474.exe,1,dike_batch5
0cbcb57fca988f97bd3471fa9fe2e1391027c9d2c5c3a903b48cc948e243f22d,malware/0cbcb57fca988f97bd3471fa9fe2e1391027c9d2c5c3a903b48cc948e243f22d.exe,1,dike_batch5
0cc9db8c027d7a0d4b4012db214a93c7be6a3ea20768106e7b30a9e71109022a,malware/0cc9db8c027d7a0d4b4012db214a93c7be6a3ea20768106e7b30a9e71109022a.exe,1,dike_batch5
0ccdac88c5d150d26dd701b7e83bade9aa48449abb0c91d72a0bc5c9a7006665,malware/0ccdac88c5d150d26dd701b7e83bade9aa48449abb0c91d72a0bc5c9a7006665.exe,1,dike_batch5
0ccf3374769f79a0cd4dfc7bc9092afff1ae782d7ffde67e8c6bdc10bdc0c8eb,malware/0ccf3374769f79a0cd4dfc7bc9092afff1ae782d7ffde67e8c6bdc10bdc0c8eb.exe,1,dike_batch5
0cd16826824ddda12fbe9fb16cce8ac923ab759729128226a749a7281117b62e,malware/0cd16826824ddda12fbe9fb16cce8ac923ab759729128226a749a7281117b62e.exe,1,dike_batch5
0cd22a1429e137241ca86685d91b22240b01c11b8e39978d5049928313bb2797,malware/0cd22a1429e137241ca86685d91b22240b01c11b8e39978d5049928313bb2797.exe,1,dike_batch5
0cd5c75fcbcb959ca8bd14fb32cb62fd708c72187ba8c39a70e71e05fdd95970,malware/0cd5c75fcbcb959ca8bd14fb32cb62fd708c72187ba8c39a70e71e05fdd95970.exe,1,dike_batch5
0cd8f5d4b00421df86872956bee33acc3b91a3a79bf6b44d57aac62132558371,malware/0cd8f5d4b00421df86872956bee33acc3b91a3a79bf6b44d57aac62132558371.exe,1,dike_batch5
0cdc2fdc853877a98d8aa40d8f4aa1d14d143b48967fb35214782117ecbcd6ea,malware/0cdc2fdc853877a98d8aa40d8f4aa1d14d143b48967fb35214782117ecbcd6ea.exe,1,dike_batch5
0cdd361ac344807e181a3f88bb2960881827104489c436eb1c51a44a95a17ff3,malware/0cdd361ac344807e181a3f88bb2960881827104489c436eb1c51a44a95a17ff3.exe,1,dike_batch5
0ce7540a1afd2ad3ddd58e8deb486a9b7ddd4f3bf8acf8a8ec9c0ac430ba677a,malware/0ce7540a1afd2ad3ddd58e8deb486a9b7ddd4f3bf8acf8a8ec9c0ac430ba677a.exe,1,dike_batch5
0ceaf98898bcb90b5443012b3b9be64012f342c7793e3dd7b94aea4b9a58c243,malware/0ceaf98898bcb90b5443012b3b9be64012f342c7793e3dd7b94aea4b9a58c243.exe,1,dike_batch5
0cec760f61cb1e4c2a7a89ef80be5d45420066c0a338e222482de9522a26a2e6,malware/0cec760f61cb1e4c2a7a89ef80be5d45420066c0a338e222482de9522a26a2e6.exe,1,dike_batch5
0cf3090bf0a4e0de658b861c995829c7b2231f714f4c680f1c97590e79bc7f94,malware/0cf3090bf0a4e0de658b861c995829c7b2231f714f4c680f1c97590e79bc7f94.exe,1,dike_batch5
0cf3384ce1aea8b927738f3797dc4c21001237c946c0e4ca12e7a8c660860af1,malware/0cf3384ce1aea8b927738f3797dc4c21001237c946c0e4ca12e7a8c660860af1.exe,1,virusshare
0cf55a0f415cf2e26631366709dbfbff3d6b5beeb8fbcd6d92b8768592d19970,malware/0cf55a0f415cf2e26631366709dbfbff3d6b5beeb8fbcd6d92b8768592d19970.exe,1,dike_batch5
0d00464eca16397eb1de99824ed4bcc29883af8e660b4b454d634064794b0292,malware/0d00464eca16397eb1de99824ed4bcc29883af8e660b4b454d634064794b0292.exe,1,dike_batch5
0d027177cc8410e0f20b78c952e3f3147f754d9045727a0b3970bf0cd27a87e3,malware/0d027177cc8410e0f20b78c952e3f3147f754d9045727a0b3970bf0cd27a87e3.exe,1,dike_batch5
0d03f045d1f402dc3028be1b60df0bbd0ccd638b74a991c9aa5a78ca6e3720a8,malware/0d03f045d1f402dc3028be1b60df0bbd0ccd638b74a991c9aa5a78ca6e3720a8.dll,1,dike_batch5
0d0534410d8e2bc91f769ff7747893d1f3918be32ef45aafb79f2ab4007abe7d,malware/0d0534410d8e2bc91f769ff7747893d1f3918be32ef45aafb79f2ab4007abe7d.exe,1,dike_batch5
0d0fb2b76ee1eb84a35cf42a2d9b4feea9f752ef8efc72087230b91b95a952af,malware/0d0fb2b76ee1eb84a35cf42a2d9b4feea9f752ef8efc72087230b91b95a952af.exe,1,dike_batch5
0d11c40116809d7259323c57415f6f84dd2b1f278b02fb46a92fd305d78af42d,malware/0d11c40116809d7259323c57415f6f84dd2b1f278b02fb46a92fd305d78af42d.exe,1,dike_batch5
0d148c6d99c3f7d8215c13481e22455d86ef6e1de08e0041a2a517eff8f07a85,malware/0d148c6d99c3f7d8215c13481e22455d86ef6e1de08e0041a2a517eff8f07a85.exe,1,dike_batch5
0d1cb5007883e88674d6afe6d30ff80448135aab34d9abf5b13cfa38e0ec56be,malware/0d1cb5007883e88674d6afe6d30ff80448135aab34d9abf5b13cfa38e0ec56be.exe,1,dike_batch5
0d2fd85092c9c13f0f77d5678a5f9b62dcfee0f5d3738ffea26a86d7d6672644,malware/0d2fd85092c9c13f0f77d5678a5f9b62dcfee0f5d3738ffea26a86d7d6672644.exe,1,dike_batch5
0d40d0b361f1f95c7b3465734d510bcc1de20976da909a7b535cc338b63f5979,malware/0d40d0b361f1f95c7b3465734d510bcc1de20976da909a7b535cc338b63f5979.dll,1,dike_batch5
0d47722f675e4a08398ebdcc750ade6c6b32c44acdf74769642b32a57d1675b5,malware/0d47722f675e4a08398ebdcc750ade6c6b32c44acdf74769642b32a57d1675b5.exe,1,dike_batch5
0d4d408654a06316414c3b956560e96e21905e3828db46dcaad998f065e5809c,malware/0d4d408654a06316414c3b956560e96e21905e3828db46dcaad998f065e5809c.exe,1,dike_batch5
0d4d63849cf5d4820e8bc0fd58c30514a0b86a967c1a9e00be17ac5c9b28688d,malware/0d4d63849cf5d4820e8bc0fd58c30514a0b86a967c1a9e00be17ac5c9b28688d.exe,1,dike_batch5
0d56d83ccd3717e21b20cc8432903aca25a4f2970bafb658b12d75f1c18adc70,malware/0d56d83ccd3717e21b20cc8432903aca25a4f2970bafb658b12d75f1c18adc70.dll,1,dike_batch5
0d58628cbbaa2ab859b6ae8dd197c48247225dc496780c0b18dc233b6821dc56,malware/0d58628cbbaa2ab859b6ae8dd197c48247225dc496780c0b18dc233b6821dc56.exe,1,dike_batch5
0d58d4c64dd86c34cbf59c528f5b4c9120dc94431dc1019449b6b25dfd02721f,malware/0d58d4c64dd86c34cbf59c528f5b4c9120dc94431dc1019449b6b25dfd02721f.exe,1,dike_batch5
0d5db9a50f420df283c2401bcdfb5204d70088daa88cd2bba5eae86c3e1ad78a,malware/0d5db9a50f420df283c2401bcdfb5204d70088daa88cd2bba5eae86c3e1ad78a.exe,1,dike_batch5
0d60fd3c60febe477be23573143396da6b7b8e7b92f46fdc50aec7b8b382e1a0,malware/0d60fd3c60febe477be23573143396da6b7b8e7b92f46fdc50aec7b8b382e1a0.exe,1,dike_batch5
0d63eefc8b490c5f04c6fbeec1699687542937761ca5c2e62520961106b494c5,malware/0d63eefc8b490c5f04c6fbeec1699687542937761ca5c2e62520961106b494c5.exe,1,virusshare
0d69dac909eef1f5016f6ca5bf37d384102ca08cbfd409825389b4aada929c8e,malware/0d69dac909eef1f5016f6ca5bf37d384102ca08cbfd409825389b4aada929c8e.exe,1,dike_batch5
0d6f3a614088ad2985628f2bc09e90e533c4a2357dcf5849fafc481c0618e108,malware/0d6f3a614088ad2985628f2bc09e90e533c4a2357dcf5849fafc481c0618e108.exe,1,dike_batch5
0d77677df6f5922f91d889d6a1b2c375b2b6cf1458a66d58c06c1fbc23620f0f,malware/0d77677df6f5922f91d889d6a1b2c375b2b6cf1458a66d58c06c1fbc23620f0f.exe,1,dike_batch5
0d7f9a2daa3ce1ff75b726e758d99d622ac6e4c77ec216fc90853c356734dc76,malware/0d7f9a2daa3ce1ff75b726e758d99d622ac6e4c77ec216fc90853c356734dc76.exe,1,dike_batch5
0d8454f76403e10ef7343c675d06ee5cd25405d62969009443a13e3b8a9eb397,malware/0d8454f76403e10ef7343c675d06ee5cd25405d62969009443a13e3b8a9eb397.exe,1,dike_batch5
0d84e593ad8e1dd41bef3e64b05ad4cc39d61da41308a29143dc2b0447ee3386,malware/0d84e593ad8e1dd41bef3e64b05ad4cc39d61da41308a29143dc2b0447ee3386.dll,1,dike_batch5
0d872458d3769d89f034a865b13b4ecddfb4abb4e59c56dcaf53342884bb10a8,malware/0d872458d3769d89f034a865b13b4ecddfb4abb4e59c56dcaf53342884bb10a8.exe,1,dike_batch5
0d95189a9386e77cde13fa553a8214e7f15d39d7e40a1e9204c3730677b5c48d,malware/0d95189a9386e77cde13fa553a8214e7f15d39d7e40a1e9204c3730677b5c48d.exe,1,dike_batch5
0d98e2b2f8be68dc81bddc7c705ae2b25f5697748c35a665ed76b5e4f367c51b,malware/0d98e2b2f8be68dc81bddc7c705ae2b25f5697748c35a665ed76b5e4f367c51b.exe,1,dike_batch5
0da13afdf6874dbbe9976b537148614508967586ef7b92f50be2afd7f8b90d78,malware/0da13afdf6874dbbe9976b537148614508967586ef7b92f50be2afd7f8b90d78.dll,1,dike_batch5
0da918ebd5cddc56c27be719b4da8eac17265e068699b036aaa24c9a37cc7376,malware/0da918ebd5cddc56c27be719b4da8eac17265e068699b036aaa24c9a37cc7376.exe,1,dike_batch5
0dab267bbf44aee7106c7b2d128536748cf87b674e6f4d76ce478df263fb4565,malware/0dab267bbf44aee7106c7b2d128536748cf87b674e6f4d76ce478df263fb4565.exe,1,dike_batch6
0db4eb9bd85f7037e5949622f3bd73d2d62b21212b790c4116264f9ea92176e0,malware/0db4eb9bd85f7037e5949622f3bd73d2d62b21212b790c4116264f9ea92176e0.exe,1,dike_batch6
0dc3107f3d9c89a466222193d0af0905da9c4121f31c2d489cf620db62961bdf,malware/0dc3107f3d9c89a466222193d0af0905da9c4121f31c2d489cf620db62961bdf.exe,1,dike_batch6
0dc51879fdb5cd6c9e2becceee60ccd64200518cd105e4b393714623eb904b1d,malware/0dc51879fdb5cd6c9e2becceee60ccd64200518cd105e4b393714623eb904b1d.exe,1,dike_batch6
0dca0a8ade1753f1374044ebc895a35804698fa0abc0e1332c0826ccda5c2428,malware/0dca0a8ade1753f1374044ebc895a35804698fa0abc0e1332c0826ccda5c2428.exe,1,virusshare
0ddf19fe8dfd79d191d17df9c93a7fd6e84aa80db5f2cd932ca4b0778e4f0281,malware/0ddf19fe8dfd79d191d17df9c93a7fd6e84aa80db5f2cd932ca4b0778e4f0281.exe,1,dike_batch6
0de17fd2a09be217c250788c6d976727ab2bcd080c954ba28d6f7f22429104be,malware/0de17fd2a09be217c250788c6d976727ab2bcd080c954ba28d6f7f22429104be.exe,1,dike_batch6
0de383f74467ca98ed21fac7ad33226fa52fe8ffc856debe0b08fceb144823ce,malware/0de383f74467ca98ed21fac7ad33226fa52fe8ffc856debe0b08fceb144823ce.exe,1,dike_batch6
0df8b151f1594ce54fc4155a9adbf9d68b885320aef83691e8926c910cef08f1,malware/0df8b151f1594ce54fc4155a9adbf9d68b885320aef83691e8926c910cef08f1.exe,1,dike_batch6
0e00ee21e8dfe001f0b7f29604074fb7537cd19ff6cfc3e4059987ea6977075f,malware/0e00ee21e8dfe001f0b7f29604074fb7537cd19ff6cfc3e4059987ea6977075f.exe,1,dike_batch6
0e0113a078fd33fb96ec6f1d56810013488150f2358bea299eacc478be671a1a,malware/0e0113a078fd33fb96ec6f1d56810013488150f2358bea299eacc478be671a1a.exe,1,dike_batch6
0e0cd0289609ad69be5a948fa1ff21e61b0b722908e20594be145bd8fc60b914,malware/0e0cd0289609ad69be5a948fa1ff21e61b0b722908e20594be145bd8fc60b914.exe,1,dike_batch6
0e150dad76dd6038b0b394244e97192077d9f9d4828ac1019494d4b43d1b6e28,malware/0e150dad76dd6038b0b394244e97192077d9f9d4828ac1019494d4b43d1b6e28.exe,1,dike_batch6
0e153a054fe8adedbb397543e16bdf0b1752bf78d3477bb34e35ebc006324ea6,malware/0e153a054fe8adedbb397543e16bdf0b1752bf78d3477bb34e35ebc006324ea6.exe,1,dike_batch6
0e35e4979a9a583aabc3b137197a5df75f05a8b5cb8b54f4c803717e1b181aa0,malware/0e35e4979a9a583aabc3b137197a5df75f05a8b5cb8b54f4c803717e1b181aa0.exe,1,dike_batch6
0e397f72147a79cb6b37a4076edbcca05ec4c5cb9918b0da4ec262c0907cda34,malware/0e397f72147a79cb6b37a4076edbcca05ec4c5cb9918b0da4ec262c0907cda34.exe,1,dike_batch6
0e48f7c00d8b3698d3aafc246c693d2388dd952004a2f7d46e3ef71a888fa395,malware/0e48f7c00d8b3698d3aafc246c693d2388dd952004a2f7d46e3ef71a888fa395.exe,1,dike_batch6
0e5147bcf9b4e04f056cb2fe0bb500fbb2b4d958034011156463c3879a43e049,malware/0e5147bcf9b4e04f056cb2fe0bb500fbb2b4d958034011156463c3879a43e049.exe,1,dike_batch6
0e543d67435f462fed04e6074699d57b988e01fb3ba3bc6d3d89c46092758f3c,malware/0e543d67435f462fed04e6074699d57b988e01fb3ba3bc6d3d89c46092758f3c.exe,1,dike_batch6
0e545292e1d2f7d0c21387e5bf043e02e4764f672bdc6a18b7d54f2172d3be07,malware/0e545292e1d2f7d0c21387e5bf043e02e4764f672bdc6a18b7d54f2172d3be07.exe,1,dike_batch6
0e568d2b934a35bbd69e29c1239a3903ea756df0418a3850c8d3d3a4952e7042,malware/0e568d2b934a35bbd69e29c1239a3903ea756df0418a3850c8d3d3a4952e7042.exe,1,dike_batch6
0e5834ac82157ec7967e37a0589293b9c6d458436a325d0a27a7cd4c81512c9f,malware/0e5834ac82157ec7967e37a0589293b9c6d458436a325d0a27a7cd4c81512c9f.exe,1,dike_batch6
0e613d92e547a74e2c7dcb7cb91c50616e91d8efc168233f516c13c67187eafa,malware/0e613d92e547a74e2c7dcb7cb91c50616e91d8efc168233f516c13c67187eafa.exe,1,virusshare
0e6552ac4293fee527f13df550688f35b1712dae6a5cf6cf392dea5fdf9c7f9c,malware/0e6552ac4293fee527f13df550688f35b1712dae6a5cf6cf392dea5fdf9c7f9c.exe,1,dike_batch6
0e6d900559c5c615a2f38fe823bce10228589513e04c7f20b32a28e15679d6df,malware/0e6d900559c5c615a2f38fe823bce10228589513e04c7f20b32a28e15679d6df.exe,1,dike_batch6
0e6de178d605028fd6b155a3522d6178a87bae8a696fb003e8e5b1f71a227948,malware/0e6de178d605028fd6b155a3522d6178a87bae8a696fb003e8e5b1f71a227948.exe,1,dike_batch6
0e76364cbee61d70bf88f249cb1955c372c66b733f48087544bd4654b5f36b79,malware/0e76364cbee61d70bf88f249cb1955c372c66b733f48087544bd4654b5f36b79.exe,1,dike_batch6
0e772ca402d25ff54acc1b573d983a898c09a4bc420018b568b4c9f73ad3c0cc,malware/0e772ca402d25ff54acc1b573d983a898c09a4bc420018b568b4c9f73ad3c0cc.exe,1,dike_batch6
0e8078997390e53ec0f6e94ee705f1ae07e045a8c710e705450e1c1b0443339a,malware/0e8078997390e53ec0f6e94ee705f1ae07e045a8c710e705450e1c1b0443339a.dll,1,dike_batch6
0e80947db505a847ee1c9ed3098494e03e8d395d266730485beb99f2cf519b15,malware/0e80947db505a847ee1c9ed3098494e03e8d395d266730485beb99f2cf519b15.exe,1,dike_batch6
0e83016a20e8795e492eaa0e25a58f977d5ac918c060ba41bf595bc28fcf9049,malware/0e83016a20e8795e492eaa0e25a58f977d5ac918c060ba41bf595bc28fcf9049.exe,1,dike_batch6
0e8336ed51fe4551ced7d9aa5ce2dde945df8a0cc4e7c60199c24dd1cf7ccd48,malware/0e8336ed51fe4551ced7d9aa5ce2dde945df8a0cc4e7c60199c24dd1cf7ccd48.exe,1,malware_database
0e852d62692222b2a1fd6049ba9dd566798764437935a7b94001f6ecc59fe4cb,malware/0e852d62692222b2a1fd6049ba9dd566798764437935a7b94001f6ecc59fe4cb.exe,1,dike_batch6
0e876ae536dc15efc9bc2b3d63117c43180eb6e6b5e2650ece69f64ac4113b80,malware/0e876ae536dc15efc9bc2b3d63117c43180eb6e6b5e2650ece69f64ac4113b80.exe,1,dike_batch6
0e89d504ddc2715bbab72b509489d577c163182374ece025377a788dc85d2c92,malware/0e89d504ddc2715bbab72b509489d577c163182374ece025377a788dc85d2c92.exe,1,dike_batch6
0e8dc264df4bfbcf9c252ad891ab338ee4de53a6fd34ff375532cb999bff1d9a,malware/0e8dc264df4bfbcf9c252ad891ab338ee4de53a6fd34ff375532cb999bff1d9a.exe,1,dike_batch6
0e8e7e60294cf2153440f71e11a12437079511220ae5a53341d93e534256a533,malware/0e8e7e60294cf2153440f71e11a12437079511220ae5a53341d93e534256a533.exe,1,dike_batch6
0e905059579b00fd9698b5f557520dc0992873d42e855c9f9b15f028f6bc5c3d,malware/0e905059579b00fd9698b5f557520dc0992873d42e855c9f9b15f028f6bc5c3d.exe,1,dike_batch6
0e9159a9e1268654d76037a76f8a9520e0cfcea4d6df6b2ebf6538ad1cc1e7bf,malware/0e9159a9e1268654d76037a76f8a9520e0cfcea4d6df6b2ebf6538ad1cc1e7bf.exe,1,dike_batch6
0e97e0a1040070e368113fc103b0b87cb1db6b57d1a9d92c632b38b2d57d8906,malware/0e97e0a1040070e368113fc103b0b87cb1db6b57d1a9d92c632b38b2d57d8906.exe,1,dike_batch6
0e989f26483b0a695c8792c5d1d3628e08b9d627ec162e22fef2221157bc1820,malware/0e989f26483b0a695c8792c5d1d3628e08b9d627ec162e22fef2221157bc1820.dll,1,dike_batch6
0e9eb65eb25395a34ae9181b5e9c25f0fb0d0a0691edf2601a51b8e5611901a4,malware/0e9eb65eb25395a34ae9181b5e9c25f0fb0d0a0691edf2601a51b8e5611901a4.exe,1,dike_batch6
0ea38c5a4ecf52b78ccf6056944f658d52a5ac16f29806c235cfaa0d7abe81e4,malware/0ea38c5a4ecf52b78ccf6056944f658d52a5ac16f29806c235cfaa0d7abe81e4.exe,1,dike_batch6
0ec199cc9ff60932007e9fbad91ad88a8e517e7cc224bab89055a0651f46adb0,malware/0ec199cc9ff60932007e9fbad91ad88a8e517e7cc224bab89055a0651f46adb0.exe,1,dike_batch6
0eccf6efc811048091423c64c7ed8726d3ae9d269a31f5ab013360adc54b6fc4,malware/0eccf6efc811048091423c64c7ed8726d3ae9d269a31f5ab013360adc54b6fc4.exe,1,dike_batch6
0ecf8a4d326cb84bbfe6d15e603973754180ea12c51e768273dc7f6de34a197b,malware/0ecf8a4d326cb84bbfe6d15e603973754180ea12c51e768273dc7f6de34a197b.exe,1,dike_batch6
0eddc7ab734587c32dbc9cbd68f2a2efd6acade721bad6f641378c56351ed80d,malware/0eddc7ab734587c32dbc9cbd68f2a2efd6acade721bad6f641378c56351ed80d.exe,1,dike_batch6
0edef898c9cb41d3dd8ee72b38c7832a1e2da3f6f1b3cda882ead2fc0727f850,malware/0edef898c9cb41d3dd8ee72b38c7832a1e2da3f6f1b3cda882ead2fc0727f850.exe,1,dike_batch6
0ee6d51a795c7a1b04d7b09ea02a0c0f062d6996a9f932f8509b777b24c574a1,malware/0ee6d51a795c7a1b04d7b09ea02a0c0f062d6996a9f932f8509b777b24c574a1.exe,1,dike_batch6
0ee7de58292cee9e9660922d5ae1f5aff9a476bd74be17897931947d8065b167,malware/0ee7de58292cee9e9660922d5ae1f5aff9a476bd74be17897931947d8065b167.exe,1,dike_batch6
0ef0f2a9f3a05d4275103e39dfbb3a9f20a10dc07ea5112fcdce580e3a0bcfd7,malware/0ef0f2a9f3a05d4275103e39dfbb3a9f20a10dc07ea5112fcdce580e3a0bcfd7.exe,1,dike_batch6
0ef1742bf0ac0c3847d72cbcf6d8ed8955d13173225edf0e1432c923e65f2f97,malware/0ef1742bf0ac0c3847d72cbcf6d8ed8955d13173225edf0e1432c923e65f2f97.dll,1,dike_batch6
0f0832cdefe7013d8f8b8a33e6bf52d602c5619a6c9606f639e64c5cef856d95,malware/0f0832cdefe7013d8f8b8a33e6bf52d602c5619a6c9606f639e64c5cef856d95.exe,1,dike_batch6
0f0a34192c8bf3acdc8b356b4977c2a268528e7c75e58157c9709ec86ba44f51,malware/0f0a34192c8bf3acdc8b356b4977c2a268528e7c75e58157c9709ec86ba44f51.exe,1,dike_batch6
0f1efa66309218d3ad0e396503492a39956b7ef9176d24852656adbc960920a2,malware/0f1efa66309218d3ad0e396503492a39956b7ef9176d24852656adbc960920a2.exe,1,dike_batch6
0f227411c5509c0a8d229fb4324a26e34daf4f24e1be984246733f01c9225833,malware/0f227411c5509c0a8d229fb4324a26e34daf4f24e1be984246733f01c9225833.exe,1,virusshare
0f23184b6ef20e47ea1025b8ce045411423e9d35a8e98dc9219f89c242417b66,malware/0f23184b6ef20e47ea1025b8ce045411423e9d35a8e98dc9219f89c242417b66.exe,1,dike_batch8
0f238ec37c75fbe644de5281fa8a9e278040d522b66e77d809bd3c38fb6b0c0a,malware/0f238ec37c75fbe644de5281fa8a9e278040d522b66e77d809bd3c38fb6b0c0a.exe,1,dike_batch8
0f2766f1552af53c02f647e468bbd9ae3a40c573be69f114e256bdc3a6b7feec,malware/0f2766f1552af53c02f647e468bbd9ae3a40c573be69f114e256bdc3a6b7feec.exe,1,virusshare
0f325023066cae9d8586a64c537e00cd7117da28954987d2a442d93335a3a965,malware/0f325023066cae9d8586a64c537e00cd7117da28954987d2a442d93335a3a965.exe,1,dike_batch8
0f335a51a72dacc839b2b03b71c9072dec7f21d354b981e192942cc205a2f29c,malware/0f335a51a72dacc839b2b03b71c9072dec7f21d354b981e192942cc205a2f29c.exe,1,dike_batch8
0f3689265294b1bf13111e404849b532441bfadb6adef863f7d04d6d2d14a440,malware/0f3689265294b1bf13111e404849b532441bfadb6adef863f7d04d6d2d14a440.exe,1,dike_batch8
0f4561f71316ad4c5dbf3de0a442ebaaf3a18d30f961d044eed6006c2b55d93f,malware/0f4561f71316ad4c5dbf3de0a442ebaaf3a18d30f961d044eed6006c2b55d93f.exe,1,dike_batch8
0f4b2c805b480218aab8defa60e52aa9b56710235f16e6a42eede66c0e3f1c80,malware/0f4b2c805b480218aab8defa60e52aa9b56710235f16e6a42eede66c0e3f1c80.exe,1,dike_batch8
0f571ef05bcef1cc66e59e7db9fa4d0ae8a68a0eaf4efe9db207f6175638ea85,malware/0f571ef05bcef1cc66e59e7db9fa4d0ae8a68a0eaf4efe9db207f6175638ea85.exe,1,dike_batch8
0f57def69d957ce742ddc7a4cb5c2ce99f7f7ae8cfae5ef25272121cea68cc30,malware/0f57def69d957ce742ddc7a4cb5c2ce99f7f7ae8cfae5ef25272121cea68cc30.exe,1,dike_batch8
0f5a792372ccf55879440379f7f0ff4412813d12e061ca2485c6b5c8fdb146df,malware/0f5a792372ccf55879440379f7f0ff4412813d12e061ca2485c6b5c8fdb146df.exe,1,dike_batch8
0f5b0bbfc6b1b1d2aa41f2617abda3525ab00aae0bdaa853c4adc6dd84bbcf8e,malware/0f5b0bbfc6b1b1d2aa41f2617abda3525ab00aae0bdaa853c4adc6dd84bbcf8e.exe,1,dike_batch8
0f62bb15d8c91be1903a946f2e1509b2213d6e80419a2ec417a0c5e91bc05630,malware/0f62bb15d8c91be1903a946f2e1509b2213d6e80419a2ec417a0c5e91bc05630.exe,1,dike_batch8
0f63f6df132bb7c33689711e01191e18b3bfffb19fa3e2b136aa5ba02fa934e3,malware/0f63f6df132bb7c33689711e01191e18b3bfffb19fa3e2b136aa5ba02fa934e3.exe,1,dike_batch8
0f789797a3e31d562ad34a5946566a9802ff8c838a84059de78f6a0b16ac6b14,malware/0f789797a3e31d562ad34a5946566a9802ff8c838a84059de78f6a0b16ac6b14.exe,1,dike_batch8
0fa149eefe2103119cb7fe0291e0e6fb7885b50b7f362f17da95d236d5ea1e22,malware/0fa149eefe2103119cb7fe0291e0e6fb7885b50b7f362f17da95d236d5ea1e22.exe,1,dike_batch8
0fa4be17c569412dd73d1a04bdb662fcf3ec59f5c40f5482c2a196e70d8dd0c7,malware/0fa4be17c569412dd73d1a04bdb662fcf3ec59f5c40f5482c2a196e70d8dd0c7.exe,1,dike_batch8
0faaf0d68f2e83f6cb8335f6868ed1efba70062ce5a938546328621e98bc0d87,malware/0faaf0d68f2e83f6cb8335f6868ed1efba70062ce5a938546328621e98bc0d87.exe,1,dike_batch8
0fb730884155df9c8701e924387e41d61c02ed7fce27888eb8f39251ee2b0bf5,malware/0fb730884155df9c8701e924387e41d61c02ed7fce27888eb8f39251ee2b0bf5.exe,1,dike_batch8
0fbabf18ed9c6d9a4d930665a42a3cb3edeb3449fc8e7a0dad16665f64a5c0dc,malware/0fbabf18ed9c6d9a4d930665a42a3cb3edeb3449fc8e7a0dad16665f64a5c0dc.exe,1,dike_batch8
0fbbf393b34488063fa158a7117051a8bbb6f663e30c0bc6b465bfff4e2f0db9,malware/0fbbf393b34488063fa158a7117051a8bbb6f663e30c0bc6b465bfff4e2f0db9.exe,1,dike_batch8
0fbd91015f013a277f90d9c88756d776af606683645daf3dfb24081aeb052f9c,malware/0fbd91015f013a277f90d9c88756d776af606683645daf3dfb24081aeb052f9c.dll,1,dike_batch8
0fc2e293112e83ee306181032018f8860f112f6a4ddcfc62aedc7d08e9a68760,malware/0fc2e293112e83ee306181032018f8860f112f6a4ddcfc62aedc7d08e9a68760.exe,1,dike_batch8
0fc3db4c5e15c83d52b999b9c2e66b780fb72312234549f93f6be6d95f486916,malware/0fc3db4c5e15c83d52b999b9c2e66b780fb72312234549f93f6be6d95f486916.exe,1,dike_batch8
0fcd43a295209bc44da40e397813d77051edb4c02b082792338cf43b2733308c,malware/0fcd43a295209bc44da40e397813d77051edb4c02b082792338cf43b2733308c.exe,1,dike_batch8
0fd1bf7ce8f7e4cb7c2916a804c7cda288a5d43b045d0af6ad0ef42a9149330b,malware/0fd1bf7ce8f7e4cb7c2916a804c7cda288a5d43b045d0af6ad0ef42a9149330b.dll,1,dike_batch8
0fd786ba35e5d2c580ac771c35ac0e2b5ea130fb3f531bb7980bbfb4172ca58e,malware/0fd786ba35e5d2c580ac771c35ac0e2b5ea130fb3f531bb7980bbfb4172ca58e.exe,1,dike_batch8
0fd86af4fe35fe2516188a666a625a9d89c9b582c299598e42c8d0549adba777,malware/0fd86af4fe35fe2516188a666a625a9d89c9b582c299598e42c8d0549adba777.exe,1,dike_batch8
0fe989f9606c53aa0877ab6fe8f5093c49ccfa19991cdd557ae412c01898f35d,malware/0fe989f9606c53aa0877ab6fe8f5093c49ccfa19991cdd557ae412c01898f35d.exe,1,dike_batch8
0fee54da832c59eeebc1145b86b07bbc8a6a6d6d6f439e638d2c379e73b59f59,malware/0fee54da832c59eeebc1145b86b07bbc8a6a6d6d6f439e638d2c379e73b59f59.exe,1,dike_batch8
0ff0bfa768d188ea3c279002b8869edd0992003b2634971e6fb9c0cc47687a69,malware/0ff0bfa768d188ea3c279002b8869edd0992003b2634971e6fb9c0cc47687a69.exe,1,dike_batch8
0ff4f86c664d9502747ef6d687c661c303a91e234b5bb66c994355af44a575c7,malware/0ff4f86c664d9502747ef6d687c661c303a91e234b5bb66c994355af44a575c7.exe,1,dike_batch8
0ff9b5d6f6c55ed9cfeead24755b7e9e081f75bfc4972ac09b3b4ef83c581954,malware/0ff9b5d6f6c55ed9cfeead24755b7e9e081f75bfc4972ac09b3b4ef83c581954.exe,1,dike_batch8
0ffd0f8ff899cca7f895bc4ef726a390ffeeab04a7be0a0370a788cc3e0d16fc,malware/0ffd0f8ff899cca7f895bc4ef726a390ffeeab04a7be0a0370a788cc3e0d16fc.exe,1,dike_batch8
1004d48dbc19b5f3eb9405292f9acbd40248cbc597cd52718f9289a94876a00f,malware/1004d48dbc19b5f3eb9405292f9acbd40248cbc597cd52718f9289a94876a00f.exe,1,dike_batch8
1015607b2862e5fbaec28b49f7612472641b10553afa16840561ff19be100491,malware/1015607b2862e5fbaec28b49f7612472641b10553afa16840561ff19be100491.exe,1,dike_batch8
1016348ef020ed0df5c3a2d9cb8aaeaa0b072c37318035b0d5646e247e78314c,malware/1016348ef020ed0df5c3a2d9cb8aaeaa0b072c37318035b0d5646e247e78314c.exe,1,dike_batch8
10206acc89c607389aa4e6979c178ae38c84fa4d437fc629ffce7935b279ee82,malware/10206acc89c607389aa4e6979c178ae38c84fa4d437fc629ffce7935b279ee82.exe,1,dike_batch8
102929c0125c9c32b257f5682332a7125bc161913748137347adbd600cd48560,malware/102929c0125c9c32b257f5682332a7125bc161913748137347adbd600cd48560.exe,1,dike_batch8
102b5a0e7ee8d15fffed0aa98ae0f125f9e98bffd96c111f154bf6b6574820a3,malware/102b5a0e7ee8d15fffed0aa98ae0f125f9e98bffd96c111f154bf6b6574820a3.dll,1,dike_batch8
102e939f3d0f220c3217c199d374e7c3d8bb0f31062934066d794cd43dd46179,malware/102e939f3d0f220c3217c199d374e7c3d8bb0f31062934066d794cd43dd46179.exe,1,dike_batch8
103856e0a723e698bac1f0e4321f5aa91f4b3a7b51055bd85dd6434ca1eefc18,malware/103856e0a723e698bac1f0e4321f5aa91f4b3a7b51055bd85dd6434ca1eefc18.dll,1,dike_batch8
103e76e2d55b7a92aa23c940878b49eff38476166f64e6aa0b6ed166f8ead503,malware/103e76e2d55b7a92aa23c940878b49eff38476166f64e6aa0b6ed166f8ead503.exe,1,dike_batch8
104376748480c03b98ba424dc9787377f1580eb830c04fbe0ece1a5fe5558167,malware/104376748480c03b98ba424dc9787377f1580eb830c04fbe0ece1a5fe5558167.exe,1,dike_batch8
104a7ebe303ba82f2ad20bb35097f2ef768da26a01581a32902405163bb03183,malware/104a7ebe303ba82f2ad20bb35097f2ef768da26a01581a32902405163bb03183.exe,1,dike_batch8
104e71ed24c44df222ea4d73c85ee898345aeedf2ba7d05246dd3aa37b96efa8,malware/104e71ed24c44df222ea4d73c85ee898345aeedf2ba7d05246dd3aa37b96efa8.exe,1,dike_batch8
104fd99405065a19d5c738a91f4780fa74f0326a36954649a1984d5bd89d93ba,malware/104fd99405065a19d5c738a91f4780fa74f0326a36954649a1984d5bd89d93ba.exe,1,dike_batch8
105108447bf3b5d14365dd67caf1ca307c9a71f400a00686572612c757e22e3e,malware/105108447bf3b5d14365dd67caf1ca307c9a71f400a00686572612c757e22e3e.exe,1,dike_batch8
1056a60637d4be391490fbdc00a9bb0a2e50ece6e7671f65553310c4f59593cc,malware/1056a60637d4be391490fbdc00a9bb0a2e50ece6e7671f65553310c4f59593cc.exe,1,virusshare
105f0f87aa7fe3102f10b24e1f990ebec12fa2b38a2656360b47f4d4bb4b6d68,malware/105f0f87aa7fe3102f10b24e1f990ebec12fa2b38a2656360b47f4d4bb4b6d68.exe,1,dike_batch8
1060c7fbcd786906c8a52466d9c557889546b262aaa96bf2a5ca3c52409b4cd3,malware/1060c7fbcd786906c8a52466d9c557889546b262aaa96bf2a5ca3c52409b4cd3.dll,1,dike_batch8
106565af9403b3d1b6d62ac444fe46460fa2946e0e269b421ad48b63218cf0f4,malware/106565af9403b3d1b6d62ac444fe46460fa2946e0e269b421ad48b63218cf0f4.exe,1,dike_batch8
106869c25227b3878560d95293a714dedd781e9891bcc4db2341cb89c3131673,malware/106869c25227b3878560d95293a714dedd781e9891bcc4db2341cb89c3131673.exe,1,dike_batch8
106f1d95fc755769e8d61ed358b8d4c29032371a54e010e34f57598fcf812070,malware/106f1d95fc755769e8d61ed358b8d4c29032371a54e010e34f57598fcf812070.exe,1,dike_batch8
10705e4f25e351942e72300b15ef2987b841f9d0caf1612556fd330e27828612,malware/10705e4f25e351942e72300b15ef2987b841f9d0caf1612556fd330e27828612.dll,1,dike_batch8
107191733d8a951949338068a6bc5fcc39653965bfd579b637649a532769776b,malware/107191733d8a951949338068a6bc5fcc39653965bfd579b637649a532769776b.exe,1,virusshare
109723a583819eb2191423deda023a7925c9dcc3ba7085415494fe89be8f03e8,malware/109723a583819eb2191423deda023a7925c9dcc3ba7085415494fe89be8f03e8.exe,1,dike_batch8
1097ea8aa4235bae09e4ea21af4e18c2f9a5ac9d5c107d7901c93d4b8577081d,malware/1097ea8aa4235bae09e4ea21af4e18c2f9a5ac9d5c107d7901c93d4b8577081d.exe,1,dike_batch8
109bd81e66b167cb0af906712ee6eaf00bbab360004a2ea68b29c6adf99f12c7,malware/109bd81e66b167cb0af906712ee6eaf00bbab360004a2ea68b29c6adf99f12c7.exe,1,dike_batch8
10a1bb2df72d29a02deb7d09f00452f327192031c9493d8e81e39a57988c8788,malware/10a1bb2df72d29a02deb7d09f00452f327192031c9493d8e81e39a57988c8788.exe,1,dike_batch8
10b148efce74a1428874c1668154e0daf3fd1d07eb44c2c2b492507e3881b687,malware/10b148efce74a1428874c1668154e0daf3fd1d07eb44c2c2b492507e3881b687.dll,1,dike_batch8
10c68a2d628effcf0bf5d1798b403e20cff6a586b72bfe4674969aa4f50acf11,malware/10c68a2d628effcf0bf5d1798b403e20cff6a586b72bfe4674969aa4f50acf11.exe,1,dike_batch8
10d2756c151be2ac68467e94accdc058a269cce44e441ec10579179f885ab075,malware/10d2756c151be2ac68467e94accdc058a269cce44e441ec10579179f885ab075.dll,1,dike_batch8
10d66482a43fbbc787c78c34b40de456631866a3756774ecaf1d2e9091a56cc8,malware/10d66482a43fbbc787c78c34b40de456631866a3756774ecaf1d2e9091a56cc8.exe,1,dike_batch8
10dabd6539131c6e336b86ea90d45fbc2758e2b37b789783cfb8bec21d660949,malware/10dabd6539131c6e336b86ea90d45fbc2758e2b37b789783cfb8bec21d660949.exe,1,dike_batch8
10de88ca3cf7e8ac62ef6ee80102423f8a3dbe4f04aca2fd59f2bc9916765df3,malware/10de88ca3cf7e8ac62ef6ee80102423f8a3dbe4f04aca2fd59f2bc9916765df3.exe,1,dike_batch8
10dfa268094d0d62d3ed8bff71f475215e5b21d18ad1eafdc611da60a8e95e71,malware/10dfa268094d0d62d3ed8bff71f475215e5b21d18ad1eafdc611da60a8e95e71.exe,1,dike_batch8
10e3ec68675edda86bf07c04f1c40880b3f78e66635a8e7cec1bffc9cb8bb355,malware/10e3ec68675edda86bf07c04f1c40880b3f78e66635a8e7cec1bffc9cb8bb355.dll,1,dike_batch8
10e65d7e69f099d3871550c558017e8c630fe1ffe8110c1d0cf00c06558e4f46,malware/10e65d7e69f099d3871550c558017e8c630fe1ffe8110c1d0cf00c06558e4f46.exe,1,dike_batch8
10ea8072870d3775a5d41ad0257204c0eb7b067c8eafb945bad43f8b832a4845,malware/10ea8072870d3775a5d41ad0257204c0eb7b067c8eafb945bad43f8b832a4845.exe,1,dike_batch8
10fa459ab09fd2b4acc2700629f9388694159d78e64fa7874bf19854f4d82afc,malware/10fa459ab09fd2b4acc2700629f9388694159d78e64fa7874bf19854f4d82afc.dll,1,dike_batch8
10fae93fe86de6d5937cc4902c34384a7689a40525300a9baffd76578df7426a,malware/10fae93fe86de6d5937cc4902c34384a7689a40525300a9baffd76578df7426a.exe,1,dike_batch8
10fe076cadca37a5b51c773b2744428cc431806768b0d308fb98d818022127a0,malware/10fe076cadca37a5b51c773b2744428cc431806768b0d308fb98d818022127a0.dll,1,virusshare
11040aa18c7311b97c83b56652770374154d3277a6163c4fb0460aede20b09f9,malware/11040aa18c7311b97c83b56652770374154d3277a6163c4fb0460aede20b09f9.dll,1,dike_batch8
110cfde712ee0b0409ab9cb0f0af2d7a172b0ba089a488ba6df2d1d006d4ef75,malware/110cfde712ee0b0409ab9cb0f0af2d7a172b0ba089a488ba6df2d1d006d4ef75.exe,1,dike_batch8
110ff5a0689cf2cde5f126692fdd5568003da3980e0c70a5869c939d08c19f98,malware/110ff5a0689cf2cde5f126692fdd5568003da3980e0c70a5869c939d08c19f98.dll,1,dike_batch8
1116b11b61b76d79638747c405e7279093f919ad9b6a9af4753749a2d60d8642,malware/1116b11b61b76d79638747c405e7279093f919ad9b6a9af4753749a2d60d8642.exe,1,dike_batch8
11176315ad64d599dcbd5bc6250ee97f51ea5784a6eb6220d47a25ad1743025b,malware/11176315ad64d599dcbd5bc6250ee97f51ea5784a6eb6220d47a25ad1743025b.exe,1,dike_batch8
11188b97ae905ab195ce0fcf2e5bf10a5263e578ea4bc57aa3db8e52bddefa79,malware/11188b97ae905ab195ce0fcf2e5bf10a5263e578ea4bc57aa3db8e52bddefa79.exe,1,dike_batch8
111a34180bb6bb4c33bb2df696c310fb2d0d8006c7e8635278f48d5ffad5ba2e,malware/111a34180bb6bb4c33bb2df696c310fb2d0d8006c7e8635278f48d5ffad5ba2e.exe,1,dike_batch8
1135222add714613bd08bc04af38609417a5a34e5179c93d1ac4ed00548fa4f8,malware/1135222add714613bd08bc04af38609417a5a34e5179c93d1ac4ed00548fa4f8.exe,1,dike_batch8
114a8b27c6b27cbd9fd2ef1ad76fe759fc31651ba9b4662f6ac2c8b5740c58ca,malware/114a8b27c6b27cbd9fd2ef1ad76fe759fc31651ba9b4662f6ac2c8b5740c58ca.exe,1,dike_batch10
1157b41300739f897a949a9878db437e977769d1c678f9029c91495dd70bb807,malware/1157b41300739f897a949a9878db437e977769d1c678f9029c91495dd70bb807.exe,1,dike_batch10
11668696918a1745480fa2d147064b39712995877417cb146581b8a5ebd14e2b,malware/11668696918a1745480fa2d147064b39712995877417cb146581b8a5ebd14e2b.exe,1,dike_batch10
117429bd5cfd4c82f52fb0d37333672b788b613e69d196a6dcfc18f212e0d746,malware/117429bd5cfd4c82f52fb0d37333672b788b613e69d196a6dcfc18f212e0d746.dll,1,dike_batch10
117a8d44059368cd8dd048404a0f98fac4c0e7a2f9da479d0fb9ed61ce24e549,malware/117a8d44059368cd8dd048404a0f98fac4c0e7a2f9da479d0fb9ed61ce24e549.exe,1,dike_batch10
117bc7c690dc2d08afbab1bdfdd55ae76a39517b90bf0584bdce982692c7289e,malware/117bc7c690dc2d08afbab1bdfdd55ae76a39517b90bf0584bdce982692c7289e.exe,1,dike_batch10
117d7af0deb40b3fe532bb6cbe374884fa55ed7cfe053fe698720cdccb5a59cb,malware/117d7af0deb40b3fe532bb6cbe374884fa55ed7cfe053fe698720cdccb5a59cb.exe,1,malware_database
11895fd5a74d167ca0ca570e4f23928eca77e4bce2c2ff9e0a64abc2e649bfa4,malware/11895fd5a74d167ca0ca570e4f23928eca77e4bce2c2ff9e0a64abc2e649bfa4.exe,1,dike_batch9
118b9214adc5de503dc23676dadc9eedc8dece3ab568b6cc53a901ca7231839f,malware/118b9214adc5de503dc23676dadc9eedc8dece3ab568b6cc53a901ca7231839f.exe,1,dike_batch9
118dea5059cd9fee6c21204f452f37ec0d11c4dada34a46ecf0db9f007b7e964,malware/118dea5059cd9fee6c21204f452f37ec0d11c4dada34a46ecf0db9f007b7e964.exe,1,dike_batch9
119a79b7067506445435b68cda7606217ae606421af8d300e4efa95f8c70a488,malware/119a79b7067506445435b68cda7606217ae606421af8d300e4efa95f8c70a488.exe,1,dike_batch9
119fd0c88dfa6a6f64e9fe200cd7854adbce6511c2bdd3ca8ae9460800fbc4b7,malware/119fd0c88dfa6a6f64e9fe200cd7854adbce6511c2bdd3ca8ae9460800fbc4b7.exe,1,dike_batch9
11a1cbe0858266aa72c1b5671e1eb114e7b2dd2ac1238259fb3df51fa64571be,malware/11a1cbe0858266aa72c1b5671e1eb114e7b2dd2ac1238259fb3df51fa64571be.exe,1,dike_batch9
11a535acfd78a802e1990e0f89655dd1c9aa8410a21781440951912e523d16ae,malware/11a535acfd78a802e1990e0f89655dd1c9aa8410a21781440951912e523d16ae.exe,1,dike_batch9
11ae7d5a3d25ecad5a694daad49b912015d88c529caa2bd096d32bdc573ad99b,malware/11ae7d5a3d25ecad5a694daad49b912015d88c529caa2bd096d32bdc573ad99b.exe,1,virusshare
11c111edf0450c1a60181f34a2a682db2903bedff654b65dd5e403edc8d4f277,malware/11c111edf0450c1a60181f34a2a682db2903bedff654b65dd5e403edc8d4f277.exe,1,dike_batch9
11d0d8319eb27263a3bf43b9ef398f84d0ec5e743271b351d68d5bcbd179a010,malware/11d0d8319eb27263a3bf43b9ef398f84d0ec5e743271b351d68d5bcbd179a010.exe,1,dike_batch9
11d5482bc2ad08301743845e2671cbd157f64f4861097e05d6ff13ae49d073bf,malware/11d5482bc2ad08301743845e2671cbd157f64f4861097e05d6ff13ae49d073bf.exe,1,dike_batch9
11d78bd5203f4181856dc3f0f46ae83454f8a296885be9705da209bfbdbf17b2,malware/11d78bd5203f4181856dc3f0f46ae83454f8a296885be9705da209bfbdbf17b2.dll,1,dike_batch9
11d81f99427ab7aea532817595934d3fce95a53e41f2d1fd711c4032cc1404d1,malware/11d81f99427ab7aea532817595934d3fce95a53e41f2d1fd711c4032cc1404d1.exe,1,dike_batch9
11e36cc05771e8a94ad6da9d73c1c25c350758514d9cf6b4e6e2598939e84bb6,malware/11e36cc05771e8a94ad6da9d73c1c25c350758514d9cf6b4e6e2598939e84bb6.exe,1,dike_batch9
11f8c93b03a92436eff07c8ab4bfaea6cc581b9a94f8a92bc328ad1b5a243f09,malware/11f8c93b03a92436eff07c8ab4bfaea6cc581b9a94f8a92bc328ad1b5a243f09.exe,1,dike_batch9
11fbeda18f46a7938efdd1de777f14d8f697742ddf7ac3880a052f559cdc50b3,malware/11fbeda18f46a7938efdd1de777f14d8f697742ddf7ac3880a052f559cdc50b3.exe,1,dike_batch9
1203cbc48cdea38908e07b73eb0b7d9bdc32412dbafb5e61ff0f04576a33865c,malware/1203cbc48cdea38908e07b73eb0b7d9bdc32412dbafb5e61ff0f04576a33865c.exe,1,dike_batch9
1203f683bc8e6f98a639c6ac590c011f53901ce2994f8941704f66d6504c6832,malware/1203f683bc8e6f98a639c6ac590c011f53901ce2994f8941704f66d6504c6832.exe,1,dike_batch9
1209405050421e47cbb638c48e6437721018fb0787837b1a9be2718547873155,malware/1209405050421e47cbb638c48e6437721018fb0787837b1a9be2718547873155.exe,1,dike_batch9
1217cbd3c9f0146dce5dcbaa1b384c273b50f770f92f62520fa902889ab68f4d,malware/1217cbd3c9f0146dce5dcbaa1b384c273b50f770f92f62520fa902889ab68f4d.exe,1,dike_batch9
121b2067d7ba005613283de4e6cbcde667519aeb34306f35018391efaef19b1d,malware/121b2067d7ba005613283de4e6cbcde667519aeb34306f35018391efaef19b1d.dll,1,dike_batch9
121e7f531ee89f859421f5a8fd3295536da20cbbe3d45954a09bad9029d51054,malware/121e7f531ee89f859421f5a8fd3295536da20cbbe3d45954a09bad9029d51054.exe,1,dike_batch9
122698737d586955bf4960c60239eae59620d2030809fc0b03decd4e6112a895,malware/122698737d586955bf4960c60239eae59620d2030809fc0b03decd4e6112a895.exe,1,dike_batch9
122a8073ec52f48e0742d23fe7f40fc4f09aa09a5492c2dc5d161005489c32a8,malware/122a8073ec52f48e0742d23fe7f40fc4f09aa09a5492c2dc5d161005489c32a8.exe,1,dike_batch9
1230a52405dd02ac03820fd3020b9f41fdf6544350271c4bfb688f3b54c4b4de,malware/1230a52405dd02ac03820fd3020b9f41fdf6544350271c4bfb688f3b54c4b4de.exe,1,dike_batch9
1237618ab1ab1d575169bb06fec2c503637141508430535e820f94900b0c30a3,malware/1237618ab1ab1d575169bb06fec2c503637141508430535e820f94900b0c30a3.exe,1,dike_batch9
12424d0fcc1fc52f3dc52eb7cd0897e44a20e96c4ebcafa47ab035f3f8174c86,malware/12424d0fcc1fc52f3dc52eb7cd0897e44a20e96c4ebcafa47ab035f3f8174c86.exe,1,dike_batch9
1251fbc83952e7ac38859c441252396313ab50b5e690bccba6df44b1a0b85de9,malware/1251fbc83952e7ac38859c441252396313ab50b5e690bccba6df44b1a0b85de9.exe,1,dike_batch9
1256562c8c9578e8c077a8c371f09990129d91b96fd08a01e5c01820904c7458,malware/1256562c8c9578e8c077a8c371f09990129d91b96fd08a01e5c01820904c7458.exe,1,virusshare
1256e949344015ed24bb15ce75401fd6eaafcf6c26cb6acc408702693b1c5a97,malware/1256e949344015ed24bb15ce75401fd6eaafcf6c26cb6acc408702693b1c5a97.exe,1,dike_batch9
12577c0565fdbf8fc2c45876755600364d196ea4a69692a0dc13b201000f124f,malware/12577c0565fdbf8fc2c45876755600364d196ea4a69692a0dc13b201000f124f.dll,1,dike_batch9
125b87d227a9a2f9622e371ed9385a16192bebe8b8dd94624c3e4d532a530b6d,malware/125b87d227a9a2f9622e371ed9385a16192bebe8b8dd94624c3e4d532a530b6d.exe,1,dike_batch9
125d2570d7bc2395275541661cb9513c2aa7db5cf652af409c96f2bd10ad34d7,malware/125d2570d7bc2395275541661cb9513c2aa7db5cf652af409c96f2bd10ad34d7.exe,1,dike_batch9
126098ebd05b174855d9b4c5be852ca1ab07433d37fe1997396f1776c9da9f00,malware/126098ebd05b174855d9b4c5be852ca1ab07433d37fe1997396f1776c9da9f00.exe,1,dike_batch9
1262317231a774adfc312f31a050afbd77445199a0f9561aa4d999df9709cfc2,malware/1262317231a774adfc312f31a050afbd77445199a0f9561aa4d999df9709cfc2.exe,1,dike_batch9
126578356ffb34d842df17bb945875e755ccccfcfdffcc88c4e67f08147d019a,malware/126578356ffb34d842df17bb945875e755ccccfcfdffcc88c4e67f08147d019a.dll,1,dike_batch9
126d8ddc6054dab645c0265d72a3c09e3326534e49d11de86ce2b55a6f5acb89,malware/126d8ddc6054dab645c0265d72a3c09e3326534e49d11de86ce2b55a6f5acb89.exe,1,dike_batch9
126f56bc8f45c20f26dcf91dfb24df4faceb88816ef75afc83dab6689eafeae3,malware/126f56bc8f45c20f26dcf91dfb24df4faceb88816ef75afc83dab6689eafeae3.exe,1,dike_batch9
127681129c4105eeeeebaa25622a73f2fa38630ce606d70df99d21c67523dea8,malware/127681129c4105eeeeebaa25622a73f2fa38630ce606d70df99d21c67523dea8.exe,1,dike_batch9
127d0ea2270cfe31dd36c5cf1e2e090c020d8a0cdda69b6177cad5573cba5208,malware/127d0ea2270cfe31dd36c5cf1e2e090c020d8a0cdda69b6177cad5573cba5208.exe,1,dike_batch9
127e7a58ff5b3585de933dab15df1582cd03797304fc8efa37e835dc35993cf3,malware/127e7a58ff5b3585de933dab15df1582cd03797304fc8efa37e835dc35993cf3.exe,1,dike_batch9
129aa50fd3b87c7968a2d47b514e3f033f6f82deae618f1b729317e9f02886d4,malware/129aa50fd3b87c7968a2d47b514e3f033f6f82deae618f1b729317e9f02886d4.exe,1,dike_batch9
12a8a9e1e31f675d12fb00967c0f39bc96187d025c843cb3891b869ec7dd3133,malware/12a8a9e1e31f675d12fb00967c0f39bc96187d025c843cb3891b869ec7dd3133.exe,1,dike_batch9
12b246a145cc2aadd003a3bc3ef3b272f47e656c7977bed3abf781601c70cda3,malware/12b246a145cc2aadd003a3bc3ef3b272f47e656c7977bed3abf781601c70cda3.exe,1,dike_batch9
12b77f80b6d222541b067560ce1bc67da09caf5683d6e74f5f2b7ab812c13299,malware/12b77f80b6d222541b067560ce1bc67da09caf5683d6e74f5f2b7ab812c13299.exe,1,dike_batch9
12b911b7ffe3866bc85452e111d5ee1743ca6a594595d994c8692c9df5a9d6c4,malware/12b911b7ffe3866bc85452e111d5ee1743ca6a594595d994c8692c9df5a9d6c4.exe,1,dike_batch9
12b9d0b54368cbf8ede3d676d30e74e6e21ce7a58bdae5a1d14cc6998641fc76,malware/12b9d0b54368cbf8ede3d676d30e74e6e21ce7a58bdae5a1d14cc6998641fc76.dll,1,dike_batch9
12c14aba428ccf0b9664793dd1d647ecbc44d74513538e72289bdae0bc048d28,malware/12c14aba428ccf0b9664793dd1d647ecbc44d74513538e72289bdae0bc048d28.dll,1,dike_batch9
12c31c38e13f0b89dbf3cc524c89904b3c5109d4a76d14680f4cbe9b55f3e80b,malware/12c31c38e13f0b89dbf3cc524c89904b3c5109d4a76d14680f4cbe9b55f3e80b.exe,1,virusshare
12c8f3ca64142eccfeef52eeed4ff6081394c934f36e73166d2a7ab50c87248d,malware/12c8f3ca64142eccfeef52eeed4ff6081394c934f36e73166d2a7ab50c87248d.exe,1,dike_batch9
12d614d530aedb595523e09538994f3acd162b9292f283ed645470ae7838a1c1,malware/12d614d530aedb595523e09538994f3acd162b9292f283ed645470ae7838a1c1.exe,1,dike_batch9
12eed95d75afccbf5e7db4f8ea6807c4066770c0d66b7c55e220cab0f16b39f3,malware/12eed95d75afccbf5e7db4f8ea6807c4066770c0d66b7c55e220cab0f16b39f3.exe,1,dike_batch9
12f137f820ed23da6447dd5d54893a4ede416ae27b186ff121b6e6fb49f66ff0,malware/12f137f820ed23da6447dd5d54893a4ede416ae27b186ff121b6e6fb49f66ff0.exe,1,dike_batch9
12fc96490b806fea7ab2fe4beae20ea82c704007cb0b1b5093bf332c6f6b25af,malware/12fc96490b806fea7ab2fe4beae20ea82c704007cb0b1b5093bf332c6f6b25af.exe,1,dike_batch9
12ff4f3c100b750ab43202e32c2dab95617547636779a95f2d937b986aed31f5,malware/12ff4f3c100b750ab43202e32c2dab95617547636779a95f2d937b986aed31f5.exe,1,dike_batch9
1301c1d6ae64525d5c8a75a32fed530eabcb1a883948f79bab1047c3071aae90,malware/1301c1d6ae64525d5c8a75a32fed530eabcb1a883948f79bab1047c3071aae90.exe,1,dike_batch9
13094cae02c8e2a7f69cac880542948e33be1049c278959eda1014507b4c5d91,malware/13094cae02c8e2a7f69cac880542948e33be1049c278959eda1014507b4c5d91.exe,1,dike_batch9
13127cc39d42fdaa06aefd4e37feb9497efed325a2ab3538b554b12c6fcb2da1,malware/13127cc39d42fdaa06aefd4e37feb9497efed325a2ab3538b554b12c6fcb2da1.exe,1,dike_batch9
13136b8a68f484e3de31afe7dfdd03e688bf9706ef0f259893d7f18cf270a41c,malware/13136b8a68f484e3de31afe7dfdd03e688bf9706ef0f259893d7f18cf270a41c.exe,1,dike_batch9
1315cd235e0574d5a56468d10fc966d1debf2eee0f1cd74383d20059b2c7d644,malware/1315cd235e0574d5a56468d10fc966d1debf2eee0f1cd74383d20059b2c7d644.exe,1,dike_batch9
1317f8027adba788646a638a6d52aebd7f27a18f8fc08015db3b9bbbdf6e292f,malware/1317f8027adba788646a638a6d52aebd7f27a18f8fc08015db3b9bbbdf6e292f.exe,1,virusshare
1318f251551d231059acec8da61ea71dc7ff425533217a2769792dd4608909f5,malware/1318f251551d231059acec8da61ea71dc7ff425533217a2769792dd4608909f5.exe,1,dike_batch9
131c23e8ea4d41be37bc32ddf67da237ae8355e91a4235244ea2e1df5078e8cb,malware/131c23e8ea4d41be37bc32ddf67da237ae8355e91a4235244ea2e1df5078e8cb.exe,1,dike_batch9
133a772781f9727e1e9dd8605e56c1336928d89b4440f0d91a30467bb504e374,malware/133a772781f9727e1e9dd8605e56c1336928d89b4440f0d91a30467bb504e374.exe,1,dike_batch9
13481d555c56cff6b7d74aff4292e338a99c0e5e96dba079506df25779dade4c,malware/13481d555c56cff6b7d74aff4292e338a99c0e5e96dba079506df25779dade4c.dll,1,dike_batch9
134ede13a9b98537aa47cbffc4d1b66cf07a2b2e7d6204ff770610416d53b1c1,malware/134ede13a9b98537aa47cbffc4d1b66cf07a2b2e7d6204ff770610416d53b1c1.exe,1,dike_batch9
135253c0a88a48855e388b11b61fcb2ff3a7f49ba469ee8c3f8dca677e8b6a8e,malware/135253c0a88a48855e388b11b61fcb2ff3a7f49ba469ee8c3f8dca677e8b6a8e.exe,1,dike_batch9
136640a23945249677477fca6061a38e676b3213e814dbee4bc1ae789c7b7ceb,malware/136640a23945249677477fca6061a38e676b3213e814dbee4bc1ae789c7b7ceb.exe,1,dike_batch9
1384ece2fba8d9e49634146e069309a399d973cf3c02ef2075bac5c76b552f41,malware/1384ece2fba8d9e49634146e069309a399d973cf3c02ef2075bac5c76b552f41.exe,1,dike_batch9
138ddbc3ed8ead5576b4db26656e64da35a45be04915b96c07cef90e2e6c6790,malware/138ddbc3ed8ead5576b4db26656e64da35a45be04915b96c07cef90e2e6c6790.exe,1,dike_batch9
13901d8e465cd3a881d455110f8509eeea5a5ef0f36c892a05f13f1443456549,malware/13901d8e465cd3a881d455110f8509eeea5a5ef0f36c892a05f13f1443456549.exe,1,dike_batch9
1390bc44cfc6d28117e2cf0c6e285692286c1838c97cb4260835125cb448d0f3,malware/1390bc44cfc6d28117e2cf0c6e285692286c1838c97cb4260835125cb448d0f3.exe,1,dike_batch9
139788e0c12928b0cbc9fc2e9ec7d6558362c4387e3a4080128c54c236145d3e,malware/139788e0c12928b0cbc9fc2e9ec7d6558362c4387e3a4080128c54c236145d3e.exe,1,dike_batch9
139b1f1498c4ca983af2d1adf8988380a7abcb902d12e393ab78e11e695b0a34,malware/139b1f1498c4ca983af2d1adf8988380a7abcb902d12e393ab78e11e695b0a34.exe,1,dike_batch9
139bc5209c8436cfb4afc205c906256d6abdf5131c05adfced8711d25b49e0d8,malware/139bc5209c8436cfb4afc205c906256d6abdf5131c05adfced8711d25b49e0d8.exe,1,dike_batch9
13a479780c4e93be6709cc8411e0e353a4b3a8cc9a06a5a2439b36a5312a893f,malware/13a479780c4e93be6709cc8411e0e353a4b3a8cc9a06a5a2439b36a5312a893f.exe,1,dike_batch9
13b5ffe75f82174f70d5b3d0902e5c662f492d7a17708bc2f38548ee1d5c125d,malware/13b5ffe75f82174f70d5b3d0902e5c662f492d7a17708bc2f38548ee1d5c125d.exe,1,virusshare
13bfdd97de9e30c4a0fffc5f3857fab8622d8017ca2928b9b360b2cd8e9a3495,malware/13bfdd97de9e30c4a0fffc5f3857fab8622d8017ca2928b9b360b2cd8e9a3495.dll,1,dike_batch9
13c149d0c448c2ba24b033c53ab941a80b5795aead9ad3ec62de4f358ea6a244,malware/13c149d0c448c2ba24b033c53ab941a80b5795aead9ad3ec62de4f358ea6a244.exe,1,dike_batch9
13c15e3c58ca80ea52a2b96c4fc6f8cadd6b842e9c340f9fcf4131601d3a67ca,malware/13c15e3c58ca80ea52a2b96c4fc6f8cadd6b842e9c340f9fcf4131601d3a67ca.exe,1,virusshare
13c35d1cc60d3212c5db85784671f28d8917c0ae3da344dc5b8004c81081e142,malware/13c35d1cc60d3212c5db85784671f28d8917c0ae3da344dc5b8004c81081e142.exe,1,dike_batch9
13c859c68007934316189e9e33fb849ecc85b22323cacbb18c7b2da7a05d6693,malware/13c859c68007934316189e9e33fb849ecc85b22323cacbb18c7b2da7a05d6693.exe,1,dike_batch9
13d28227a7fb6e16a424b1ad7f54a716ed69c449d62cc7c8e10d7a2ad12dabec,malware/13d28227a7fb6e16a424b1ad7f54a716ed69c449d62cc7c8e10d7a2ad12dabec.exe,1,dike_batch9
13d9c96c57ad169e8cceb38a5dde6b328d21d291d485a61272f932cac10503e1,malware/13d9c96c57ad169e8cceb38a5dde6b328d21d291d485a61272f932cac10503e1.exe,1,dike_batch9
13df47f0729e6cb4f6c115f02f4d0402b7a5aec716365b3757c63ef496e2575b,malware/13df47f0729e6cb4f6c115f02f4d0402b7a5aec716365b3757c63ef496e2575b.exe,1,dike_batch9
13e04f23ced4063b8c0e62d0bbc2a4e37277a9efd4baa80447e749e2d3e2febc,malware/13e04f23ced4063b8c0e62d0bbc2a4e37277a9efd4baa80447e749e2d3e2febc.dll,1,dike_batch9
13e673c52404cb1943661b8744985f1db99e392197e99fe655e6f6a5df36b3d2,malware/13e673c52404cb1943661b8744985f1db99e392197e99fe655e6f6a5df36b3d2.exe,1,dike_batch9
13e7f7481dd79f4d0b0012eaf7b6a1f95f57fce8caa2597f34437667e318e7b7,malware/13e7f7481dd79f4d0b0012eaf7b6a1f95f57fce8caa2597f34437667e318e7b7.exe,1,dike_batch9
13ebc8a3a4862336aff629e6e344d4bdc1a383ad7fa1150e133418cdc8802492,malware/13ebc8a3a4862336aff629e6e344d4bdc1a383ad7fa1150e133418cdc8802492.exe,1,dike_batch9
13f0d2c5c6813def9184cfbf0f022662672162eaf949ad4507b6e1328a9bc3e1,malware/13f0d2c5c6813def9184cfbf0f022662672162eaf949ad4507b6e1328a9bc3e1.dll,1,dike_batch9
13facd4ea5c152122792d0e4c5ae689848188fc600bce0d03c957bddf94f8402,malware/13facd4ea5c152122792d0e4c5ae689848188fc600bce0d03c957bddf94f8402.exe,1,dike_batch9
140a64a14af8618e8dc617ba276d4dd44458157ef78d57c6e31b379bb83f7671,malware/140a64a14af8618e8dc617ba276d4dd44458157ef78d57c6e31b379bb83f7671.exe,1,dike_batch9
140b697b5a0c588c88eab98d65be425adce66b29492aa4c83e6a710a63c488b5,malware/140b697b5a0c588c88eab98d65be425adce66b29492aa4c83e6a710a63c488b5.exe,1,dike_batch9
140d26d09c7d6a7433cd10a7d6bdabffbafcc63ed61927511378ba35601412d8,malware/140d26d09c7d6a7433cd10a7d6bdabffbafcc63ed61927511378ba35601412d8.exe,1,dike_batch9
141514d574a3b1cd343d4d72c066ca86504bdf7276dbff1b7375a935ed2007f4,malware/141514d574a3b1cd343d4d72c066ca86504bdf7276dbff1b7375a935ed2007f4.exe,1,dike_batch9
141783ac51ba4566042ec730ecb48e1ee8b62d0ab12870b7773c50f42f9d0e7f,malware/141783ac51ba4566042ec730ecb48e1ee8b62d0ab12870b7773c50f42f9d0e7f.exe,1,dike_batch9
142224c7727d535e8ff2a0ede7eaf30e7b965db91f7195d4c698eb01c6c1f0f5,malware/142224c7727d535e8ff2a0ede7eaf30e7b965db91f7195d4c698eb01c6c1f0f5.exe,1,dike_batch9
142567efdc774bd292dd2cc721b093a01a64e9b8124d25031b7d47e83c2035a7,malware/142567efdc774bd292dd2cc721b093a01a64e9b8124d25031b7d47e83c2035a7.dll,1,dike_batch9
142e0303d25018a2dfa8f6af94e1ad3f166c9affd0c36e4642a4389013430ffb,malware/142e0303d25018a2dfa8f6af94e1ad3f166c9affd0c36e4642a4389013430ffb.dll,1,dike_batch9
14392255d5a8f9359f3cf75a586b9e4040583b02c76c8394735216ded83147d4,malware/14392255d5a8f9359f3cf75a586b9e4040583b02c76c8394735216ded83147d4.exe,1,dike_batch9
143a42018021258359133888fc04ab542115966e064ccae3310ba4ccdbd9e404,malware/143a42018021258359133888fc04ab542115966e064ccae3310ba4ccdbd9e404.exe,1,dike_batch9
146413ed923e16b7c7975e8246bcbbe996eb817c71600c595db2b4b77578a610,malware/146413ed923e16b7c7975e8246bcbbe996eb817c71600c595db2b4b77578a610.exe,1,dike_batch9
1464b2ecb3d7607b189f431089825039cd32fc628175c51f7bac09acdf9b8ce5,malware/1464b2ecb3d7607b189f431089825039cd32fc628175c51f7bac09acdf9b8ce5.exe,1,dike_batch9
146b324c16ef0184917b8e43acb73dbf2a22e22b19917d98809ecde5fbc46f85,malware/146b324c16ef0184917b8e43acb73dbf2a22e22b19917d98809ecde5fbc46f85.exe,1,dike_batch9
1472505d53004c5999dce9c324f4b0875df2eeb1f010629a65536d4ef2515024,malware/1472505d53004c5999dce9c324f4b0875df2eeb1f010629a65536d4ef2515024.exe,1,dike_batch10
1475a0c3136624a929014f37bdad99af8e87f910a29f1168e31b134c1a5ca881,malware/1475a0c3136624a929014f37bdad99af8e87f910a29f1168e31b134c1a5ca881.exe,1,dike_batch10
147af17f0585ae95c831e2bf1e2980eb227c08a94a3176806a250a2798f9e717,malware/147af17f0585ae95c831e2bf1e2980eb227c08a94a3176806a250a2798f9e717.exe,1,dike_batch10
148138e7f20aef8bf4e64238f1ea9701031c5a6494a3f06bc63d9fb4b36792cb,malware/148138e7f20aef8bf4e64238f1ea9701031c5a6494a3f06bc63d9fb4b36792cb.dll,1,dike_batch10
14821da859dd5e5fed25736f5fb79460e0ee46f6b0c8db9928b19ae280b84538,malware/14821da859dd5e5fed25736f5fb79460e0ee46f6b0c8db9928b19ae280b84538.exe,1,dike_batch10
1482235cd878bd4f9bc27acbf3fa29e6c19800dc3752c73072a3d1a1b10e0ac7,malware/1482235cd878bd4f9bc27acbf3fa29e6c19800dc3752c73072a3d1a1b10e0ac7.exe,1,dike_batch10
1484ad44a8fc1250903c50df8961854b12a06edc77e9cd67ed7d83e8af3ebed3,malware/1484ad44a8fc1250903c50df8961854b12a06edc77e9cd67ed7d83e8af3ebed3.exe,1,dike_batch10
14958ce3b73232c0354597833747c064e067c0ff3b60d430d292d7623cbf5b5e,malware/14958ce3b73232c0354597833747c064e067c0ff3b60d430d292d7623cbf5b5e.exe,1,dike_batch10
149901dd4a0057e477c65868027527ab63329d6109be8e907e5b110319dfef13,malware/149901dd4a0057e477c65868027527ab63329d6109be8e907e5b110319dfef13.exe,1,dike_batch10
149eb62884a861e563d4dd6f54126d134c600765f93b7ef8fd7530dc8b5ed28a,malware/149eb62884a861e563d4dd6f54126d134c600765f93b7ef8fd7530dc8b5ed28a.exe,1,dike_batch10
14ae2134bb308c746b0ca684ec3b81e66b152fe8e2913e790c323c59a05a6c16,malware/14ae2134bb308c746b0ca684ec3b81e66b152fe8e2913e790c323c59a05a6c16.dll,1,dike_batch10
14aeaed4ce4a4e00f2b8719f2ed8695594896e40e962a89183f18d0d7cb5281a,malware/14aeaed4ce4a4e00f2b8719f2ed8695594896e40e962a89183f18d0d7cb5281a.exe,1,dike_batch10
14afd4408b3de8c40fb4db34a7742bc0ac92d067d1ab9a6df9241417bbe4f6ac,malware/14afd4408b3de8c40fb4db34a7742bc0ac92d067d1ab9a6df9241417bbe4f6ac.exe,1,dike_batch10
14b647a4d509921f043c7fd291cb58889025f124433a52cadc7be94ee9a8dd34,malware/14b647a4d509921f043c7fd291cb58889025f124433a52cadc7be94ee9a8dd34.exe,1,virusshare
14bd0d0903c67486654ab62709fe048d13323dbd1f4feef0961d07fa6aa43ce9,malware/14bd0d0903c67486654ab62709fe048d13323dbd1f4feef0961d07fa6aa43ce9.exe,1,dike_batch10
14c0c7a9c27c31f76f8d64af3656786c4a4572095c16a8e99e35fe280928a294,malware/14c0c7a9c27c31f76f8d64af3656786c4a4572095c16a8e99e35fe280928a294.exe,1,dike_batch10
14d3a03afb6564b61f9518a36ba1057c3a641ad1ff1658c2bf2151961a882e54,malware/14d3a03afb6564b61f9518a36ba1057c3a641ad1ff1658c2bf2151961a882e54.exe,1,dike_batch10
14d8b190632d4c1de8b2217505d07143e58c3b5b00ec5b73fe870ef1e891b3bf,malware/14d8b190632d4c1de8b2217505d07143e58c3b5b00ec5b73fe870ef1e891b3bf.exe,1,dike_batch10
14d9c0e7d19aa8d1f40c8ce0f3f4bce528aa83dc7183fcf4b5d01648891196c9,malware/14d9c0e7d19aa8d1f40c8ce0f3f4bce528aa83dc7183fcf4b5d01648891196c9.exe,1,dike_batch10
14dd2135c471c363e02d1d35a97d759664170c42da2d1dbf2c65faf1122f9c96,malware/14dd2135c471c363e02d1d35a97d759664170c42da2d1dbf2c65faf1122f9c96.exe,1,dike_batch10
14de93b75aeed39cb17d7f1ab0a89b85fbfe6c0fa77aeb18c0f6d88c3ff31ac0,malware/14de93b75aeed39cb17d7f1ab0a89b85fbfe6c0fa77aeb18c0f6d88c3ff31ac0.exe,1,dike_batch10
14e3e740b665ae69f2c1893ad89f75c42f25f3b2f7ded9535b39008612d25fc5,malware/14e3e740b665ae69f2c1893ad89f75c42f25f3b2f7ded9535b39008612d25fc5.exe,1,dike_batch10
14e67bc6b72881e02e76ccc7aae4740424ab74cfd6349c6f57cfb54b9b537298,malware/14e67bc6b72881e02e76ccc7aae4740424ab74cfd6349c6f57cfb54b9b537298.exe,1,dike_batch10
14e6ac84d824c0cf6ea8ebb5b3be10f8893449474096e59ff0fd878d49d0c160,malware/14e6ac84d824c0cf6ea8ebb5b3be10f8893449474096e59ff0fd878d49d0c160.exe,1,malware_database
14f22aa08445d5b935e15387df480b1452baff2dddcf1182cb8fa828eb104ada,malware/14f22aa08445d5b935e15387df480b1452baff2dddcf1182cb8fa828eb104ada.exe,1,virusshare
1501affdcf557a9dcb73ae34d43365d5301532a48328564160fdc1f3acb01e2e,malware/1501affdcf557a9dcb73ae34d43365d5301532a48328564160fdc1f3acb01e2e.exe,1,malware_database
1506d45c8dc808cb5f541322a8741f9aa63a562e1161c44bae7240bb17c0c599,malware/1506d45c8dc808cb5f541322a8741f9aa63a562e1161c44bae7240bb17c0c599.exe,1,virusshare
150737aeecfab1828a8e2349059f28628e7ea6d7db4086a41dae48eef550ce6b,malware/150737aeecfab1828a8e2349059f28628e7ea6d7db4086a41dae48eef550ce6b.exe,1,dike_batch10
150781f9796d496a98f76016f1e02bcea855ceecf6a6a1a2ed5d53a1a7f89664,malware/150781f9796d496a98f76016f1e02bcea855ceecf6a6a1a2ed5d53a1a7f89664.dll,1,dike_batch10
15118984482ef1bee0606b4ac461c8ed1cb6f66a2ed0de20bcd1eef898615ee1,malware/15118984482ef1bee0606b4ac461c8ed1cb6f66a2ed0de20bcd1eef898615ee1.exe,1,dike_batch10
151504c13146fdbb9feed385680231bb590e68bb356e6a76a55557382d29ecab,malware/151504c13146fdbb9feed385680231bb590e68bb356e6a76a55557382d29ecab.exe,1,dike_batch10
151d541dafa4a2c99ca1405be074f4942b4e69196c53433ac432c1ec144fa623,malware/151d541dafa4a2c99ca1405be074f4942b4e69196c53433ac432c1ec144fa623.exe,1,dike_batch10
1521e289dbe1d369ceab3b362c8201d1fceb228815daec2ada6d9827f8c32062,malware/1521e289dbe1d369ceab3b362c8201d1fceb228815daec2ada6d9827f8c32062.exe,1,dike_batch10
1521f70cc0ec330ffc4278a76b128d7f73fd5cc8ac1693114618d3167c6f5fe4,malware/1521f70cc0ec330ffc4278a76b128d7f73fd5cc8ac1693114618d3167c6f5fe4.exe,1,dike_batch10
15329f7cdf68ec0a3dbe88dd1e138756140adbddc0227fae5180aa421c8ff1ac,malware/15329f7cdf68ec0a3dbe88dd1e138756140adbddc0227fae5180aa421c8ff1ac.exe,1,dike_batch10
1534bb32a757f8261cd698fb3280e52c5c1e6125b78acf18613ed680eacfda43,malware/1534bb32a757f8261cd698fb3280e52c5c1e6125b78acf18613ed680eacfda43.exe,1,dike_batch10
1537225ce91f184ba98f41cc6bf4fa2566f8dc1a31836e0f57b8245c7856665a,malware/1537225ce91f184ba98f41cc6bf4fa2566f8dc1a31836e0f57b8245c7856665a.exe,1,virusshare
153f42fcc921c6f14f72eaa5da46a98aaf11aeeec0cc94cf30b6eba22593513b,malware/153f42fcc921c6f14f72eaa5da46a98aaf11aeeec0cc94cf30b6eba22593513b.exe,1,dike_batch10
1563427648a363944c645b105f665f4f5a75cdf897f454feb41669394a6c0da0,malware/1563427648a363944c645b105f665f4f5a75cdf897f454feb41669394a6c0da0.exe,1,dike_batch10
1591d03e23411c263be6e567bed4a2c7a334f8fd91ff9625242bf21a808dcb10,malware/1591d03e23411c263be6e567bed4a2c7a334f8fd91ff9625242bf21a808dcb10.exe,1,dike_batch10
15925d8dd6e137715015b485de384e7d63ee300ca30c47f0260f55eb499f4f81,malware/15925d8dd6e137715015b485de384e7d63ee300ca30c47f0260f55eb499f4f81.exe,1,dike_batch10
1595348cb651f3a4842f85e647d72c29e2f9f0e85b0e6a65717bc76b13e58efe,malware/1595348cb651f3a4842f85e647d72c29e2f9f0e85b0e6a65717bc76b13e58efe.exe,1,dike_batch10
1597ce9060c81d15d05f4f9c8c4dec9c9cf00159126e2b8dbf0f857de97027c0,malware/1597ce9060c81d15d05f4f9c8c4dec9c9cf00159126e2b8dbf0f857de97027c0.exe,1,dike_batch10
159837e9b5ef241a8a36244398f0a78307b9b8c805f1fdaca587e00b396fd3e6,malware/159837e9b5ef241a8a36244398f0a78307b9b8c805f1fdaca587e00b396fd3e6.exe,1,dike_batch10
159b329d316ae0b96077fbbde49b089986bc600d7db7357dd57cce5deaf6976f,malware/159b329d316ae0b96077fbbde49b089986bc600d7db7357dd57cce5deaf6976f.exe,1,dike_batch10
15a5e7452155069444548108da7855ffb5bd31dc2440f4a47de73f53d81eb23f,malware/15a5e7452155069444548108da7855ffb5bd31dc2440f4a47de73f53d81eb23f.exe,1,dike_batch10
15a8944744d4a8d98c2afcab0d9a7e6ce996c132876352c96aa0b9eb55d2221d,malware/15a8944744d4a8d98c2afcab0d9a7e6ce996c132876352c96aa0b9eb55d2221d.dll,1,dike_batch10
15ac02c19c55e02ac3890706749c27319c8958c5792a432eb97aac65aeb8db66,malware/15ac02c19c55e02ac3890706749c27319c8958c5792a432eb97aac65aeb8db66.exe,1,dike_batch10
15b23faf041b76c39bdfe6befc52008859e1d614512f6c47d792fa67476ed5bb,malware/15b23faf041b76c39bdfe6befc52008859e1d614512f6c47d792fa67476ed5bb.exe,1,dike_batch10
15c069fcb2407bfeb791823dfb849f30df28ec00c8b4e2b27bcde99007cb618c,malware/15c069fcb2407bfeb791823dfb849f30df28ec00c8b4e2b27bcde99007cb618c.exe,1,malware_database
15cc0964d096282e012655790f71374ad080917a74805598f1599056af8215fe,malware/15cc0964d096282e012655790f71374ad080917a74805598f1599056af8215fe.exe,1,dike_batch10
15f256725955f7f40ff39b8953e0128522d78c4c45884b799f29b71e8f0bcf2d,malware/15f256725955f7f40ff39b8953e0128522d78c4c45884b799f29b71e8f0bcf2d.dll,1,dike_batch10
15fd34cfb375b5ea486231699dd3843ce1e325173d9505e257e2d5dcce9ffb41,malware/15fd34cfb375b5ea486231699dd3843ce1e325173d9505e257e2d5dcce9ffb41.exe,1,dike_batch10
15fd3d69eb5da2ddc02c5c64cf8b123ba57e82e202e2a15fef056153deef647a,malware/15fd3d69eb5da2ddc02c5c64cf8b123ba57e82e202e2a15fef056153deef647a.exe,1,dike_batch10
1600cdfc2408b69a75a6993a41d50ad0ac8c4666269785cae0731fe43a855ee5,malware/1600cdfc2408b69a75a6993a41d50ad0ac8c4666269785cae0731fe43a855ee5.exe,1,dike_batch10
160325bc0767e16f91cd60a1bfac9b553c271c102546e108a6c92249a577e74c,malware/160325bc0767e16f91cd60a1bfac9b553c271c102546e108a6c92249a577e74c.exe,1,dike_batch10
160684a7223267c27de0cb540772c5cd7b21751ac66ba15943212d65a8ddf3b9,malware/160684a7223267c27de0cb540772c5cd7b21751ac66ba15943212d65a8ddf3b9.exe,1,dike_batch10
160a42e9a2964d22a6f127f941a92e3a3bc2850396d4eff9ad5c3cc5bbc547ac,malware/160a42e9a2964d22a6f127f941a92e3a3bc2850396d4eff9ad5c3cc5bbc547ac.dll,1,dike_batch10
160d421bbd6e22960791d741b0b234f621024dd76c6e85881c7a00fbb72cc8ed,malware/160d421bbd6e22960791d741b0b234f621024dd76c6e85881c7a00fbb72cc8ed.exe,1,virusshare
160f0f6d18b45802bfc008c5eb03fc59775bc530f96c64589f5db8721e9fc745,malware/160f0f6d18b45802bfc008c5eb03fc59775bc530f96c64589f5db8721e9fc745.exe,1,dike_batch10
16127bbd48a8e4114510c334a92e1aa41c90a0bb796eb412c543287556212cfc,malware/16127bbd48a8e4114510c334a92e1aa41c90a0bb796eb412c543287556212cfc.exe,1,dike_batch10
1624049bf3a982049abd2df16525529ca8e58c96235f4de20e6382a7f6ccd088,malware/1624049bf3a982049abd2df16525529ca8e58c96235f4de20e6382a7f6ccd088.exe,1,dike_batch10
1629594f628defbbe4c8b0e3217534cc4c7854ba195305df42260eaf0bccf5bc,malware/1629594f628defbbe4c8b0e3217534cc4c7854ba195305df42260eaf0bccf5bc.dll,1,dike_batch10
162c83dc0e75b178d8ed7999281e8c67f5dbdeae8d145a22e655ac3755a0d943,malware/162c83dc0e75b178d8ed7999281e8c67f5dbdeae8d145a22e655ac3755a0d943.exe,1,dike_batch7
162d8324dd064b46eb35b848c9dce9ea950e8f183af46fc0c6395111dbcb0f47,malware/162d8324dd064b46eb35b848c9dce9ea950e8f183af46fc0c6395111dbcb0f47.dll,1,dike_batch10
1631055b7effd9a196f83e5b9521dedae5e7d43ebf6723dac8a751e75c363332,malware/1631055b7effd9a196f83e5b9521dedae5e7d43ebf6723dac8a751e75c363332.exe,1,dike_batch10
1633a8fcb49648dba0793808a77716df91001d05d45cc139fcfb3703616d453b,malware/1633a8fcb49648dba0793808a77716df91001d05d45cc139fcfb3703616d453b.exe,1,dike_batch10
163e7257f113211d251065742340ab27513fc19d8e30787c098450dac73595a7,malware/163e7257f113211d251065742340ab27513fc19d8e30787c098450dac73595a7.exe,1,dike_batch10
163ed026f473e6c8d2629198ab0b942aadfaf407f3ce53fe5a7f11cc58553ec8,malware/163ed026f473e6c8d2629198ab0b942aadfaf407f3ce53fe5a7f11cc58553ec8.exe,1,dike_batch10
16440c4b5b60c27b68a6fcf3a75333cebb7689c5efb82a967886ee7274a5d579,malware/16440c4b5b60c27b68a6fcf3a75333cebb7689c5efb82a967886ee7274a5d579.exe,1,dike_batch10
164863f4479bceebaa2bce23b2a3a5238cbfa251a30e63a538ef33b5d1da4d83,malware/164863f4479bceebaa2bce23b2a3a5238cbfa251a30e63a538ef33b5d1da4d83.exe,1,dike_batch10
16494134ccf3643d9b56c4c85f468215501eb22ca9c83315d6866f354993dedb,malware/16494134ccf3643d9b56c4c85f468215501eb22ca9c83315d6866f354993dedb.dll,1,dike_batch10
16625da983c3aef5b51069563ec1727be5c7a705fcebaae2a126e46d8e5b9c44,malware/16625da983c3aef5b51069563ec1727be5c7a705fcebaae2a126e46d8e5b9c44.dll,1,dike_batch10
1669d61b263c5f41fe6e85680c6298945cc63f7b82a1433a8328caad11890780,malware/1669d61b263c5f41fe6e85680c6298945cc63f7b82a1433a8328caad11890780.exe,1,dike_batch10
1673abf3916aa5aaedf3d0fccfd300e16db8b3a92611b9891587d053d2a70a44,malware/1673abf3916aa5aaedf3d0fccfd300e16db8b3a92611b9891587d053d2a70a44.exe,1,dike_batch10
16765310f4489ee56045883f8c26c42c160c605e652cc36bb7f115c9ebf92399,malware/16765310f4489ee56045883f8c26c42c160c605e652cc36bb7f115c9ebf92399.exe,1,dike_batch10
167d50678896d289a81a7e1f05a72139d41096ae14d5ddb102a5b99c8fb13af6,malware/167d50678896d289a81a7e1f05a72139d41096ae14d5ddb102a5b99c8fb13af6.exe,1,dike_batch10
16843d42c403fe3a9ec321cbf1bba10ca682bd35a84c49edc06b37cec747ec77,malware/16843d42c403fe3a9ec321cbf1bba10ca682bd35a84c49edc06b37cec747ec77.dll,1,dike_batch10
1692281a737c1ab542e9806fc6ac65b1212a9e22c740137227926e3c8c01bd4a,malware/1692281a737c1ab542e9806fc6ac65b1212a9e22c740137227926e3c8c01bd4a.exe,1,dike_batch10
169798d134076741e7ce487da633679c1c24d127242c7a15889d6e141c8cccfb,malware/169798d134076741e7ce487da633679c1c24d127242c7a15889d6e141c8cccfb.exe,1,dike_batch10
1699a5f570d7986a34e620b5986702cca67d1cdaff3b90db7c44f6ed0e56f903,malware/1699a5f570d7986a34e620b5986702cca67d1cdaff3b90db7c44f6ed0e56f903.exe,1,dike_batch10
16a58f1af4cafeeed966eda1ad137339dc9ba4625fc70004313d5a80405da549,malware/16a58f1af4cafeeed966eda1ad137339dc9ba4625fc70004313d5a80405da549.dll,1,dike_batch10
16a8e6a3c3d3f4dbc8bf1b8f507b9e6e7293ebb46088d0c41f4f2891397fda59,malware/16a8e6a3c3d3f4dbc8bf1b8f507b9e6e7293ebb46088d0c41f4f2891397fda59.exe,1,dike_batch10
16b0957a90385be9a5904d96225203f23a6b29dc641cce3bb5f6fc73feec65cc,malware/16b0957a90385be9a5904d96225203f23a6b29dc641cce3bb5f6fc73feec65cc.exe,1,dike_batch10
16b5663019a7b181c1ee44a41b37d57b65acd4c34903a5a06cbae73cb7e97340,malware/16b5663019a7b181c1ee44a41b37d57b65acd4c34903a5a06cbae73cb7e97340.exe,1,virusshare
16c1f8cdb3a5774159fb683c9ad62aa8e2a5f0c658778a3eca6b86b33ce837b6,malware/16c1f8cdb3a5774159fb683c9ad62aa8e2a5f0c658778a3eca6b86b33ce837b6.exe,1,dike_batch10
16c3a9e2ba9b9b669bf7849c51f1613ec7cb899e02cad72b5e2cd42ae80fe599,malware/16c3a9e2ba9b9b669bf7849c51f1613ec7cb899e02cad72b5e2cd42ae80fe599.exe,1,dike_batch10
16c7705fef203b88ae0976ed64bac335ad86b376860f826b3eb61f52e9ff692d,malware/16c7705fef203b88ae0976ed64bac335ad86b376860f826b3eb61f52e9ff692d.exe,1,dike_batch10
16ca6e67e71e527d11b319cf938ccb1fe4bb5cc1cbececf45ef47968b7f4ffb2,malware/16ca6e67e71e527d11b319cf938ccb1fe4bb5cc1cbececf45ef47968b7f4ffb2.exe,1,dike_batch10
16cfce3888836d7607c1bba7c4bc557135f70314f4e18153414255d881730bc2,malware/16cfce3888836d7607c1bba7c4bc557135f70314f4e18153414255d881730bc2.exe,1,dike_batch7
1772928750d316f1046f5e83a73fa3e121686ccfebdca9496e5a62c2c5af23d4,malware/1772928750d316f1046f5e83a73fa3e121686ccfebdca9496e5a62c2c5af23d4.exe,1,malware_database
17b7ad3434a9ce3ce31978a6822be271a7fe0b45bff47adc6b1e2d04238ec4be,malware/17b7ad3434a9ce3ce31978a6822be271a7fe0b45bff47adc6b1e2d04238ec4be.dll,1,malware_database
185d7cbe9855dac726ff60a2d7c9bd62b04891a907fc0e811fdcd1e2274224a8,malware/185d7cbe9855dac726ff60a2d7c9bd62b04891a907fc0e811fdcd1e2274224a8.exe,1,virusshare
186bb73ba67b4944b020707ad5e70c817d76d60a5359a0e38ced34b77bae61d3,malware/186bb73ba67b4944b020707ad5e70c817d76d60a5359a0e38ced34b77bae61d3.exe,1,virusshare
186c28ca7d7579bdb66b613bac45af13d20cdb3a33872399b8fb88f5ddd087f5,malware/186c28ca7d7579bdb66b613bac45af13d20cdb3a33872399b8fb88f5ddd087f5.dll,1,virusshare
1898f2cae1e3824cb0f7fd5368171a33aba179e63501e480b4da9ea05ebf0423,malware/1898f2cae1e3824cb0f7fd5368171a33aba179e63501e480b4da9ea05ebf0423.exe,1,malware_database
18aab0e981eee9e4ef8e15d4b003b14b3a1b0bfb7233fade8ee4b6a22a5abbb9,malware/18aab0e981eee9e4ef8e15d4b003b14b3a1b0bfb7233fade8ee4b6a22a5abbb9.exe,1,malware_database
19018e03b96c0ea6021b5fa864907e8ee9c7401d1a7d903c90c849cb648772d9,malware/19018e03b96c0ea6021b5fa864907e8ee9c7401d1a7d903c90c849cb648772d9.exe,1,virusshare
1941cc4f2fa42fd292b4d817daf7959bcf5abb5b441a10c1f0407be1b0a62408,malware/1941cc4f2fa42fd292b4d817daf7959bcf5abb5b441a10c1f0407be1b0a62408.exe,1,virusshare
199225da8a253ad45d48f71918d99cb71169bc4829bf2454b3f259320cb5ef4f,malware/199225da8a253ad45d48f71918d99cb71169bc4829bf2454b3f259320cb5ef4f.dll,1,virusshare
1a0a2fd546e3c05e15b2db3b531cb8e8755641f5f1c17910ce2fb7bbce2a05b7,malware/1a0a2fd546e3c05e15b2db3b531cb8e8755641f5f1c17910ce2fb7bbce2a05b7.exe,1,malware_database
1a4a455677d8ba366ebcaf01d8059ebe791d43774330356c110685e2a0243f76,malware/1a4a455677d8ba366ebcaf01d8059ebe791d43774330356c110685e2a0243f76.exe,1,virusshare
1a904494bb7a21512af6013fe65745e7898cdd6fadac8cb58be04e02346ed95f,malware/1a904494bb7a21512af6013fe65745e7898cdd6fadac8cb58be04e02346ed95f.exe,1,malware_database
1b2fa68c459ba98e60984b26eb6f67c7bc27f74769a8b294956f04357ec0da4b,malware/1b2fa68c459ba98e60984b26eb6f67c7bc27f74769a8b294956f04357ec0da4b.exe,1,malware_database
1b9dc15db24f13bfbbfaed129e112615f843a458bb6e6825d24ea0f5566527da,malware/1b9dc15db24f13bfbbfaed129e112615f843a458bb6e6825d24ea0f5566527da.exe,1,virusshare
1bc00fea88100b3bc42de3dc28da032f90628787ee23f7671b04d053f8e8736e,malware/1bc00fea88100b3bc42de3dc28da032f90628787ee23f7671b04d053f8e8736e.exe,1,virusshare
1c19c32979d638ca5e56c7fbf515cebafde470d5c60b86d3ea69d37055b36ec3,malware/1c19c32979d638ca5e56c7fbf515cebafde470d5c60b86d3ea69d37055b36ec3.exe,1,virusshare
1c31db20a5b6b911679eec8869813a8be4e6e29ca8a88e2176c2caff2f19e99c,malware/1c31db20a5b6b911679eec8869813a8be4e6e29ca8a88e2176c2caff2f19e99c.exe,1,virusshare
1dd3e1ffcb8ea097c78fff0a2d674da94e2bb91b4d6985636d4b70e29808fdfc,malware/1dd3e1ffcb8ea097c78fff0a2d674da94e2bb91b4d6985636d4b70e29808fdfc.dll,1,virusshare
1deec60e751fc61952c57a25ac0b2cabf97eccc481537b657bd1a1b03340b71e,malware/1deec60e751fc61952c57a25ac0b2cabf97eccc481537b657bd1a1b03340b71e.exe,1,virusshare
1edc8771e2a1a70023fc9ddeb5a6bc950380224b75e8306eb70da8eb80cb5b71,malware/1edc8771e2a1a70023fc9ddeb5a6bc950380224b75e8306eb70da8eb80cb5b71.exe,1,malware_database
1f910d6bda819582e27334e4b219289cc7cf8678d80ec87c97f4f02c8032f027,malware/1f910d6bda819582e27334e4b219289cc7cf8678d80ec87c97f4f02c8032f027.exe,1,virusshare
1fa42b3e1629211d18549ce88d7f79b3384bd40faa61eb18ca890be4dfdb823a,malware/1fa42b3e1629211d18549ce88d7f79b3384bd40faa61eb18ca890be4dfdb823a.dll,1,virusshare
2074fbd2ae2f93e590ef20e6a7485db84c9ce334067fc1d3ac9f7213961f6711,malware/2074fbd2ae2f93e590ef20e6a7485db84c9ce334067fc1d3ac9f7213961f6711.exe,1,virusshare
20ae975d2fcb6f269b2ec85b3f9f065242275d1516e14c470086f7a11dd69dc1,malware/20ae975d2fcb6f269b2ec85b3f9f065242275d1516e14c470086f7a11dd69dc1.exe,1,virusshare
20b99bbc70b40bd889b6c4ec1d77956e3b35e638f93dcf23ee66c998ddd24a4b,malware/20b99bbc70b40bd889b6c4ec1d77956e3b35e638f93dcf23ee66c998ddd24a4b.exe,1,virusshare
20eacdc732bae7a3ccc67c059f3ca72bc04bfe5f3dacb16d1c55c11dd248ff5d,malware/20eacdc732bae7a3ccc67c059f3ca72bc04bfe5f3dacb16d1c55c11dd248ff5d.dll,1,virusshare
20f184a68b506466ea49c73bdc5ad5b57308606eacb67587a452dab1c189b123,malware/20f184a68b506466ea49c73bdc5ad5b57308606eacb67587a452dab1c189b123.exe,1,virusshare
21254d9c61c3e28a0a4614f26eb06c161a5be487ec797d782742ecd200e125d0,malware/21254d9c61c3e28a0a4614f26eb06c161a5be487ec797d782742ecd200e125d0.exe,1,virusshare
21baf3dbca077ed7a34990db99eb22ea6a085977af4e38436002b06b42cfb96c,malware/21baf3dbca077ed7a34990db99eb22ea6a085977af4e38436002b06b42cfb96c.exe,1,malware_database
21c5d7b0729a4ff5be0ecf52722abdf5e6826a1ad07d34af3f466c9ea80d9233,malware/21c5d7b0729a4ff5be0ecf52722abdf5e6826a1ad07d34af3f466c9ea80d9233.exe,1,virusshare
22591510407833e36a3f7315ca5d74998708c1c9f5860226d1bb44402ae112e8,malware/22591510407833e36a3f7315ca5d74998708c1c9f5860226d1bb44402ae112e8.exe,1,virusshare
22edfef8939ea0a27f5b0ffc182e2c894367c9490c925b98e9ecb14bf2668af6,malware/22edfef8939ea0a27f5b0ffc182e2c894367c9490c925b98e9ecb14bf2668af6.exe,1,virusshare
2312692f2794730a5d066e92d5d23821315962643670488aa7e62380a5c7cb63,malware/2312692f2794730a5d066e92d5d23821315962643670488aa7e62380a5c7cb63.exe,1,virusshare
23264727e5e1fe1f55faa34d149a9ac7aa9978da23bccd4f304292a7a8d65341,malware/23264727e5e1fe1f55faa34d149a9ac7aa9978da23bccd4f304292a7a8d65341.exe,1,virusshare
23670dab595d303d4a90d8ed778c704f7f67292147309681d8bb6c25cb62ff31,malware/23670dab595d303d4a90d8ed778c704f7f67292147309681d8bb6c25cb62ff31.exe,1,virusshare
23c85bc06aa050cb3c5a5c90d36fbd6873d3e5ea180b243f41b39d8011a9959d,malware/23c85bc06aa050cb3c5a5c90d36fbd6873d3e5ea180b243f41b39d8011a9959d.exe,1,virusshare
240d46c3dbdd43353700a2656d82b803e1ca3b8595169831c5a7003c6bd853a1,malware/240d46c3dbdd43353700a2656d82b803e1ca3b8595169831c5a7003c6bd853a1.exe,1,virusshare
242713ef2f372f0d39ca8f01bd09c9f99bcfe850e156621c023dd9e0bfb9bd95,malware/242713ef2f372f0d39ca8f01bd09c9f99bcfe850e156621c023dd9e0bfb9bd95.exe,1,malware_database
244fb2a639e482b62ca3601fb99aad2e76ca0295a6a04459e57eddbc947e5747,malware/244fb2a639e482b62ca3601fb99aad2e76ca0295a6a04459e57eddbc947e5747.exe,1,virusshare
246b29544ebcf80e2dfcf61fc8f96c2bbb867b37f3c3c5971df5156938a2340f,malware/246b29544ebcf80e2dfcf61fc8f96c2bbb867b37f3c3c5971df5156938a2340f.exe,1,virusshare
254173f41c6af3daf380406424242b3f1ff1bf0c46e6946246ebc778597f7de1,malware/254173f41c6af3daf380406424242b3f1ff1bf0c46e6946246ebc778597f7de1.exe,1,virusshare
2541e0dd301dd2a3a4b34cc45b84ff28b3ea52952347ed2879b71690740d7d6d,malware/2541e0dd301dd2a3a4b34cc45b84ff28b3ea52952347ed2879b71690740d7d6d.exe,1,virusshare
25ac15365437e5bc91e5c1552f75fdf9be2c67b46f125be78aadf6a6574fb75d,malware/25ac15365437e5bc91e5c1552f75fdf9be2c67b46f125be78aadf6a6574fb75d.exe,1,virusshare
25d60ced31387369135131f598d5bd2e2edda818d49d9d9a49874d31d8337831,malware/25d60ced31387369135131f598d5bd2e2edda818d49d9d9a49874d31d8337831.exe,1,virusshare
25e71e43bc97cc078d429636af198f69ea93df875ff27a06ff73aa50a6d16488,malware/25e71e43bc97cc078d429636af198f69ea93df875ff27a06ff73aa50a6d16488.dll,1,virusshare
25f1979680c26601156c6ba3ad931b555b3f1ce82bf3546f8bf7d6241d3962d8,malware/25f1979680c26601156c6ba3ad931b555b3f1ce82bf3546f8bf7d6241d3962d8.exe,1,malware_database
26958a6fd9e7c5155470e4ac94686af2654bf6ee48cea26bbc1e53330a87e4dc,malware/26958a6fd9e7c5155470e4ac94686af2654bf6ee48cea26bbc1e53330a87e4dc.dll,1,virusshare
26b4699a7b9eeb16e76305d843d4ab05e94d43f3201436927e13b3ebafa90739,malware/26b4699a7b9eeb16e76305d843d4ab05e94d43f3201436927e13b3ebafa90739.exe,1,malware_database
2745e3eb9be345481b4cdbdc8a89bb08c5da35cde235916e684f6deb0488b4a1,malware/2745e3eb9be345481b4cdbdc8a89bb08c5da35cde235916e684f6deb0488b4a1.exe,1,virusshare
275883aa22e5d9f651ef1b02408c996dff17f9037dfdb1b713bd7135d67b6e66,malware/275883aa22e5d9f651ef1b02408c996dff17f9037dfdb1b713bd7135d67b6e66.exe,1,virusshare
2763f2789c494f7c2dab0930619a8b5bf05f5b7bdf2a7e00f9bdf9f6dac97e6d,malware/2763f2789c494f7c2dab0930619a8b5bf05f5b7bdf2a7e00f9bdf9f6dac97e6d.exe,1,virusshare
2810744014b977fe79dec3909d6e65d6dace45b363d2fd6891e4e36edec898d3,malware/2810744014b977fe79dec3909d6e65d6dace45b363d2fd6891e4e36edec898d3.exe,1,virusshare
2823176dba7d023f54411acf94ff7d004849f975aaedeb207aba6d3df01998d8,malware/2823176dba7d023f54411acf94ff7d004849f975aaedeb207aba6d3df01998d8.exe,1,virusshare
289e8d732d3d753506714ade614aaae58abf4eb95e8f23668c97ccba8fdbb12b,malware/289e8d732d3d753506714ade614aaae58abf4eb95e8f23668c97ccba8fdbb12b.exe,1,virusshare
28c20367b292910f48db7836cddf43dbf90599385379dfab4d04a9cfcbe8d362,malware/28c20367b292910f48db7836cddf43dbf90599385379dfab4d04a9cfcbe8d362.dll,1,virusshare
28e9fc24fa17332fc5489ce481d3d8be258893dccc895b17c68b1b7932d2f028,malware/28e9fc24fa17332fc5489ce481d3d8be258893dccc895b17c68b1b7932d2f028.exe,1,virusshare
2900a574b6bd0a2e57dc949e2493d6a57986693c0821994f359eeb6358db6154,malware/2900a574b6bd0a2e57dc949e2493d6a57986693c0821994f359eeb6358db6154.exe,1,virusshare
29a778728e3c5f143d19823ed4d345f9f9b9c9940f6cd88ef354627c2dffc4f6,malware/29a778728e3c5f143d19823ed4d345f9f9b9c9940f6cd88ef354627c2dffc4f6.exe,1,malware_database
2a81bb3912539163266d37c82c65b17089538cdfba6e4b8af63b291ebc3f0770,malware/2a81bb3912539163266d37c82c65b17089538cdfba6e4b8af63b291ebc3f0770.exe,1,virusshare
2aab13d49b60001de3aa47fb8f7251a973faa7f3c53a3840cdf5fd0b26e9a09f,malware/2aab13d49b60001de3aa47fb8f7251a973faa7f3c53a3840cdf5fd0b26e9a09f.exe,1,malware_database
2ad6e0aad0b40f152f234787daa4afb87538f3278f5c8f815d53ef46d5eea4ac,malware/2ad6e0aad0b40f152f234787daa4afb87538f3278f5c8f815d53ef46d5eea4ac.exe,1,virusshare
2b11de641c50f7c11882dbba23a37a3b722b7003b75913ffbdd78db22ba2a76e,malware/2b11de641c50f7c11882dbba23a37a3b722b7003b75913ffbdd78db22ba2a76e.exe,1,virusshare
2b3dfbf442ffdb0b1fd657f57d45658eec78f2d5438552206b15bc095780b292,malware/2b3dfbf442ffdb0b1fd657f57d45658eec78f2d5438552206b15bc095780b292.exe,1,virusshare
2b539b7a90b737a87aa3668d2841c24578f4ade2de4ab20dcdd16b2b3cd15f99,malware/2b539b7a90b737a87aa3668d2841c24578f4ade2de4ab20dcdd16b2b3cd15f99.exe,1,virusshare
2c8496d9fa61d4f82142054a055696d2ad09eaadcb121a7d0f88e3cc93a05762,malware/2c8496d9fa61d4f82142054a055696d2ad09eaadcb121a7d0f88e3cc93a05762.exe,1,virusshare
2ce13d428f2547ed054657aca0434845204dbdec627711a49381c33b9a288c87,malware/2ce13d428f2547ed054657aca0434845204dbdec627711a49381c33b9a288c87.exe,1,virusshare
2cfd96dc93b4ca14fee8ccdafd8bcee57b3404a191bb0398ab7d674623eb7c96,malware/2cfd96dc93b4ca14fee8ccdafd8bcee57b3404a191bb0398ab7d674623eb7c96.exe,1,virusshare
2d49f31553037bd26cbc94d28bf240078c0a169eadb033f642a27ec1a3db67c0,malware/2d49f31553037bd26cbc94d28bf240078c0a169eadb033f642a27ec1a3db67c0.exe,1,virusshare
2d68fe191ba9e97f57f07f7bd116e53800b983d267da99bf0a6e6624dd7e5cf7,malware/2d68fe191ba9e97f57f07f7bd116e53800b983d267da99bf0a6e6624dd7e5cf7.exe,1,malware_database
2d7d9e8ed148b0b95e5f6b84963b52323f39defd6949630b85e9811b78277f56,malware/2d7d9e8ed148b0b95e5f6b84963b52323f39defd6949630b85e9811b78277f56.exe,1,virusshare
2d8b680f66e00828737cd4f5f226b3bf46d71dd7097d92b786cde5cb8bb09879,malware/2d8b680f66e00828737cd4f5f226b3bf46d71dd7097d92b786cde5cb8bb09879.dll,1,virusshare
2e4319ff62c03a539b2b2f71768a0cfc0adcaedbcca69dbf235081fe2816248b,malware/2e4319ff62c03a539b2b2f71768a0cfc0adcaedbcca69dbf235081fe2816248b.dll,1,malware_database
2e57cd9a45075e5d31e84fb1431226512cfd1bd4e0b72b6162575ea1c7c1572e,malware/2e57cd9a45075e5d31e84fb1431226512cfd1bd4e0b72b6162575ea1c7c1572e.exe,1,virusshare
2ef81f64f3906f53c5ed6bd686f86de00d80a883462999a415a820d12fb66332,malware/2ef81f64f3906f53c5ed6bd686f86de00d80a883462999a415a820d12fb66332.exe,1,virusshare
2f1f93ede80502d153e301baf9b7f68e7c7a9344cfa90cfae396aac17e81ce5a,malware/2f1f93ede80502d153e301baf9b7f68e7c7a9344cfa90cfae396aac17e81ce5a.exe,1,malware_database
2f342d5523a54173e50a3a59de5816359b6671f4b876424de0c25b1e218160ff,malware/2f342d5523a54173e50a3a59de5816359b6671f4b876424de0c25b1e218160ff.dll,1,virusshare
2f6b1bed8d1970b7bd4b3033b9d78a60d70061818e2a451a96970fb7c7337a63,malware/2f6b1bed8d1970b7bd4b3033b9d78a60d70061818e2a451a96970fb7c7337a63.exe,1,virusshare
3034b01dcf7f6d7decb96f0a7fb5119e40ef29c638ddbc0863ea0e79e2415f43,malware/3034b01dcf7f6d7decb96f0a7fb5119e40ef29c638ddbc0863ea0e79e2415f43.exe,1,virusshare
304388bb63854209710c3fbfc5f403b6dfdf890c3ef992bf9736e45146962d8c,malware/304388bb63854209710c3fbfc5f403b6dfdf890c3ef992bf9736e45146962d8c.exe,1,virusshare
307f03dc9f32c7a0ad9367b7b2afb5d5b87650d48761497514e6cb6038739c2d,malware/307f03dc9f32c7a0ad9367b7b2afb5d5b87650d48761497514e6cb6038739c2d.exe,1,virusshare
3113fa9a3cf00ed423a2c686a2ffb19586f6a047747de65a93436a7dca8fcfa7,malware/3113fa9a3cf00ed423a2c686a2ffb19586f6a047747de65a93436a7dca8fcfa7.exe,1,malware_database
311f87a6396cc2b3a15d346084a58b422f2b488cdedab8c9d2fb047e52de6024,malware/311f87a6396cc2b3a15d346084a58b422f2b488cdedab8c9d2fb047e52de6024.exe,1,virusshare
312f082ea8f64609d30ff62b11f564107bf7a4ec9e95944dfd3da57c6cdb4e94,malware/312f082ea8f64609d30ff62b11f564107bf7a4ec9e95944dfd3da57c6cdb4e94.exe,1,malware_database
319219407f7be1beb3a8a4f2f5649d78e42905cb4d8fe19adb6bfcb0e3f1f25b,malware/319219407f7be1beb3a8a4f2f5649d78e42905cb4d8fe19adb6bfcb0e3f1f25b.exe,1,malware_database
3193392d16186412c995636033eb244cc5e9de2d87a4a20cac138e3637905866,malware/3193392d16186412c995636033eb244cc5e9de2d87a4a20cac138e3637905866.exe,1,virusshare
31a1fe95948d8c21d377eb9049da68217e8e79488a12df89d1fdcc50ccc8122a,malware/31a1fe95948d8c21d377eb9049da68217e8e79488a12df89d1fdcc50ccc8122a.exe,1,virusshare
31ac14deb9ef9511cd4be17f714efb1926548ebd38462eabc582c369ac28f6f1,malware/31ac14deb9ef9511cd4be17f714efb1926548ebd38462eabc582c369ac28f6f1.exe,1,virusshare
322eb96fc33119d8ed21b45f1cd57670f74fb42fd8888275ca4879dce1c1511c,malware/322eb96fc33119d8ed21b45f1cd57670f74fb42fd8888275ca4879dce1c1511c.exe,1,malware_database
323060680fed9a3205e3e36d2b62b7b5b6c6e6245e4555dcc733cf6ef390f41c,malware/323060680fed9a3205e3e36d2b62b7b5b6c6e6245e4555dcc733cf6ef390f41c.exe,1,malware_database
323ca8ea2467e492c57401641138828c20800bd356d10568e572940bfadfc710,malware/323ca8ea2467e492c57401641138828c20800bd356d10568e572940bfadfc710.exe,1,virusshare
32fe98cdf6cfb0e28e6eac6bbcca4968a977d9bf929b9e08131807b6e903d068,malware/32fe98cdf6cfb0e28e6eac6bbcca4968a977d9bf929b9e08131807b6e903d068.exe,1,virusshare
33c01b5f389735ffd394fcba213f8d44bd1b4e8c048e6fc4f55cf4c1473000bd,malware/33c01b5f389735ffd394fcba213f8d44bd1b4e8c048e6fc4f55cf4c1473000bd.exe,1,virusshare
34133a8e07c738532e59720f9dc9910b662e5ba63ee7430737cc475c0d19a506,malware/34133a8e07c738532e59720f9dc9910b662e5ba63ee7430737cc475c0d19a506.exe,1,virusshare
348ad42a6bad10bf2e79d5c7f67dbdd0583e7c7b94db604045b1de66e5e9405f,malware/348ad42a6bad10bf2e79d5c7f67dbdd0583e7c7b94db604045b1de66e5e9405f.exe,1,virusshare
34d6430767234953d4ce0ce10d73034b9a238b2600181c43031aca4a85c78bfc,malware/34d6430767234953d4ce0ce10d73034b9a238b2600181c43031aca4a85c78bfc.exe,1,virusshare
3504e560806a9a7cf81e80d0cc7d437e9f1f99627081136db5cf73bb254f97f5,malware/3504e560806a9a7cf81e80d0cc7d437e9f1f99627081136db5cf73bb254f97f5.dll,1,virusshare
353df4f186c06a626373b0978d15ec6357510fd0d4ac54b63217b37142ab52d3,malware/353df4f186c06a626373b0978d15ec6357510fd0d4ac54b63217b37142ab52d3.exe,1,malware_database
35960564ca6f54f1a0c0a06b9c79398ac66880c0537170741b4c3c9519082e24,malware/35960564ca6f54f1a0c0a06b9c79398ac66880c0537170741b4c3c9519082e24.exe,1,virusshare
387fd93d1f46df9513c399ef56c22d7b82a49cb324b50c8961b4e60f39621b45,malware/387fd93d1f46df9513c399ef56c22d7b82a49cb324b50c8961b4e60f39621b45.exe,1,virusshare
38a54e1edadb6a3711316247b174fda913527976574de13f4aa12c516611667e,malware/38a54e1edadb6a3711316247b174fda913527976574de13f4aa12c516611667e.exe,1,virusshare
39108966cef513ff406ed57fc7041629825e494d1745c2eb10ba14038134e767,malware/39108966cef513ff406ed57fc7041629825e494d1745c2eb10ba14038134e767.exe,1,virusshare
394a85f8a0b5ba87e7b47dacc1f0678a534f17976b3b7f0c754acc1aafd9e2d3,malware/394a85f8a0b5ba87e7b47dacc1f0678a534f17976b3b7f0c754acc1aafd9e2d3.exe,1,virusshare
396e350fc74e375f5044c9baac5696e65de6a3396ad1da9a09dded15d0ca7a69,malware/396e350fc74e375f5044c9baac5696e65de6a3396ad1da9a09dded15d0ca7a69.exe,1,virusshare
3a160b9d7be60f1e6048a5c12d9c56a8821af0710f7f5627c5fcdaac0fae462a,malware/3a160b9d7be60f1e6048a5c12d9c56a8821af0710f7f5627c5fcdaac0fae462a.exe,1,virusshare
3a5e24450fa2130580c2f8e05e7e1fc617253882b45fd9d95c2a9ed9b493ceeb,malware/3a5e24450fa2130580c2f8e05e7e1fc617253882b45fd9d95c2a9ed9b493ceeb.exe,1,virusshare
3ad82be50b0fa9068fb007967206fbb7747aa644465ed059eb3c9a7ac18e90ec,malware/3ad82be50b0fa9068fb007967206fbb7747aa644465ed059eb3c9a7ac18e90ec.exe,1,virusshare
3ae96f73d805e1d3995253db4d910300d8442ea603737a1428b613061e7f61e7,malware/3ae96f73d805e1d3995253db4d910300d8442ea603737a1428b613061e7f61e7.exe,1,malware_database
3cb061bd1c9326ec12d3b5f540d425730245472b72e5295f52b53b82ea03cb68,malware/3cb061bd1c9326ec12d3b5f540d425730245472b72e5295f52b53b82ea03cb68.exe,1,malware_database
3cb3d3eb37a72e71cb42e21d5934faa87b9dcdd973e5dd97c29871d13cc88e79,malware/3cb3d3eb37a72e71cb42e21d5934faa87b9dcdd973e5dd97c29871d13cc88e79.exe,1,virusshare
3d0efd55bde5fb7a73817940bac2a901d934b496738b7c5cab7ea0f6228e28fe,malware/3d0efd55bde5fb7a73817940bac2a901d934b496738b7c5cab7ea0f6228e28fe.exe,1,malware_database
3d5ce6fe4bb8f10270b00708dceb10b5878a28b3429e66f9aadeda49082af8ef,malware/3d5ce6fe4bb8f10270b00708dceb10b5878a28b3429e66f9aadeda49082af8ef.exe,1,virusshare
3d9d66ecb5dc4a1999092e39e5cd6e68030452fa22bd90a92aeb662f447d7a4e,malware/3d9d66ecb5dc4a1999092e39e5cd6e68030452fa22bd90a92aeb662f447d7a4e.exe,1,virusshare
3d9fe39dce240ac4cf052bdf41bca48bd37c5c36a9ad8d38f40d0be873c96e11,malware/3d9fe39dce240ac4cf052bdf41bca48bd37c5c36a9ad8d38f40d0be873c96e11.dll,1,virusshare
3e005f697b8f304c073beb87a9f7bd6566c58fa1a7725ed132fe8d4b85e7927f,malware/3e005f697b8f304c073beb87a9f7bd6566c58fa1a7725ed132fe8d4b85e7927f.exe,1,virusshare
3f6c8b6f8a619bd1253f56fa4962b0f4843c0c387b322f5f47d4de65d9695c77,malware/3f6c8b6f8a619bd1253f56fa4962b0f4843c0c387b322f5f47d4de65d9695c77.exe,1,virusshare
3f7c0ae0c0918749fb4f6ddfea988d35caaf2c7afe7f174d5f468fa5999f3577,malware/3f7c0ae0c0918749fb4f6ddfea988d35caaf2c7afe7f174d5f468fa5999f3577.exe,1,virusshare
3fcda67277e45ff006126304808b2bd3344dc910a245293614e2ab986f688643,malware/3fcda67277e45ff006126304808b2bd3344dc910a245293614e2ab986f688643.exe,1,virusshare
400c72ef312e3b46fe417aa82d6691d18a07c0708e94b6fa7b47934909d3db7c,malware/400c72ef312e3b46fe417aa82d6691d18a07c0708e94b6fa7b47934909d3db7c.exe,1,malware_database
406776dfa02c8bf83b6f241e69b4673bace5d5aaf4640720762ca110997343fa,malware/406776dfa02c8bf83b6f241e69b4673bace5d5aaf4640720762ca110997343fa.exe,1,virusshare
40732ead83fb91ef5c50f3f1e7c829cb691e7daff8e0a48c2d40ae31b7b22ea9,malware/40732ead83fb91ef5c50f3f1e7c829cb691e7daff8e0a48c2d40ae31b7b22ea9.exe,1,virusshare
407ef5a6d09b6cf6ba0c2321c39e02b900d0cdcf9881900821291adf6dfd35a6,malware/407ef5a6d09b6cf6ba0c2321c39e02b900d0cdcf9881900821291adf6dfd35a6.dll,1,virusshare
4081bd1b63e06f77bebaaf406bef976ec2da11463cf4b8b224b99eb30cee2550,malware/4081bd1b63e06f77bebaaf406bef976ec2da11463cf4b8b224b99eb30cee2550.exe,1,virusshare
40e06b046eb688c21d8f50e9124b82ff1f289e6b15fd8122f76f346becc90c50,malware/40e06b046eb688c21d8f50e9124b82ff1f289e6b15fd8122f76f346becc90c50.exe,1,virusshare
415dd13c421a27ed96bf81579b112fbac05862405e9964e24ec8e9d4611d25f3,malware/415dd13c421a27ed96bf81579b112fbac05862405e9964e24ec8e9d4611d25f3.exe,1,malware_database
4172b0c3d39e73ecec5db5601619c068e927826ac7a069d13882ef0c3b699f21,malware/4172b0c3d39e73ecec5db5601619c068e927826ac7a069d13882ef0c3b699f21.exe,1,virusshare
42201add8ccaa0e6bf0da272aa9e80c9c2105ed4f73274fba9acda88f397be0d,malware/42201add8ccaa0e6bf0da272aa9e80c9c2105ed4f73274fba9acda88f397be0d.exe,1,virusshare
42276d7941bf6750c29ca3b9f982c688f07d921bd1517046dc7c5ef06a7684ab,malware/42276d7941bf6750c29ca3b9f982c688f07d921bd1517046dc7c5ef06a7684ab.exe,1,virusshare
42a98194fe1b1d48365b1aac1294e2944c89276e8fd0a99d8604949132afd86c,malware/42a98194fe1b1d48365b1aac1294e2944c89276e8fd0a99d8604949132afd86c.exe,1,virusshare
4305896b03314be036e0b09367d2420ed1965402b3e113f57165eb1a64d33e48,malware/4305896b03314be036e0b09367d2420ed1965402b3e113f57165eb1a64d33e48.dll,1,virusshare
432015a99710923c29ba4c6c3993e4e03cf16632bc1c1dbcca7e479341e0c80d,malware/432015a99710923c29ba4c6c3993e4e03cf16632bc1c1dbcca7e479341e0c80d.dll,1,virusshare
43dd3b68a8ab1abf863b71e144b397e05a804a9564af238e7fc373d72844953d,malware/43dd3b68a8ab1abf863b71e144b397e05a804a9564af238e7fc373d72844953d.exe,1,virusshare
452fb58cc25ead1c24430a032af0831553314370119af215ad66abc84254b58d,malware/452fb58cc25ead1c24430a032af0831553314370119af215ad66abc84254b58d.exe,1,virusshare
458ee95b22d8a651edab6275934b2126bfdfa54ae9cbf9d454e204931aa9b220,malware/458ee95b22d8a651edab6275934b2126bfdfa54ae9cbf9d454e204931aa9b220.exe,1,virusshare
45b20a924bbae62c70b5059295321528e2446f6c8d620c7bce19336eb0f87fee,malware/45b20a924bbae62c70b5059295321528e2446f6c8d620c7bce19336eb0f87fee.exe,1,virusshare
4633fbb6344960114f35e2c7b3a936b275c091cd5fc0e485be6bfca27b6b0318,malware/4633fbb6344960114f35e2c7b3a936b275c091cd5fc0e485be6bfca27b6b0318.exe,1,virusshare
4663715548c70eec7e9cbf272171493d47a75d2652e38cca870412ea9e749fe9,malware/4663715548c70eec7e9cbf272171493d47a75d2652e38cca870412ea9e749fe9.exe,1,malware_database
467c632c03ee8003fca1a76adf8947d9d566025367d182c86f3ce17438ee40cb,malware/467c632c03ee8003fca1a76adf8947d9d566025367d182c86f3ce17438ee40cb.exe,1,virusshare
46aa6721dd86ea3e6644c3440d6c6d0e1c1730fee0c6039e06c8798f3acc3a7a,malware/46aa6721dd86ea3e6644c3440d6c6d0e1c1730fee0c6039e06c8798f3acc3a7a.exe,1,virusshare
46ff941aaf6ce7d661de1d5b7ec89c31cc3bb39ccb7acac7f63c4cfa1863c238,malware/46ff941aaf6ce7d661de1d5b7ec89c31cc3bb39ccb7acac7f63c4cfa1863c238.exe,1,virusshare
470c29bff7196d3a3d4e7a58bddf6a998022fe36fde28fb8f384150f59a2cc2f,malware/470c29bff7196d3a3d4e7a58bddf6a998022fe36fde28fb8f384150f59a2cc2f.exe,1,virusshare
47769a82ac9994bf50fdb7ff521d2364775afea3da02d55450448a25e6f94645,malware/47769a82ac9994bf50fdb7ff521d2364775afea3da02d55450448a25e6f94645.exe,1,malware_database
47c1590edcf3abf335a4e685ec08b30cf1147929777b2a655a3d3f6e6beb322e,malware/47c1590edcf3abf335a4e685ec08b30cf1147929777b2a655a3d3f6e6beb322e.exe,1,virusshare
47cdce150db5717427c466e946e3264f35d968a42a1c492ba951f23255ca7330,malware/47cdce150db5717427c466e946e3264f35d968a42a1c492ba951f23255ca7330.exe,1,virusshare
47e06eb03a105384c27d37addbaa1932e4175c120ed387bf1a64acb8671d8eff,malware/47e06eb03a105384c27d37addbaa1932e4175c120ed387bf1a64acb8671d8eff.exe,1,virusshare
490d67480d19b817d81edc40a016ca6c3463ea524774da9a6b2f8dab5da760c0,malware/490d67480d19b817d81edc40a016ca6c3463ea524774da9a6b2f8dab5da760c0.exe,1,virusshare
498240c759c49458869246d3e8006c1fbb259160747bd832d1ecfcc25f711679,malware/498240c759c49458869246d3e8006c1fbb259160747bd832d1ecfcc25f711679.exe,1,virusshare
49927452616bb975a7974f187eb160c1baa1aced94c3961d827a1530791c0aa9,malware/49927452616bb975a7974f187eb160c1baa1aced94c3961d827a1530791c0aa9.exe,1,virusshare
499b5c92362f8217f354f2dab84d210b026e7175a3c2d969cfd0c1687997d738,malware/499b5c92362f8217f354f2dab84d210b026e7175a3c2d969cfd0c1687997d738.exe,1,virusshare
4a28fbb7c6132e175d1675bb2ce1e7215a2fa42acd904944ad85c324cf5981d6,malware/4a28fbb7c6132e175d1675bb2ce1e7215a2fa42acd904944ad85c324cf5981d6.dll,1,virusshare
4a58d20e2bb3748c7d1e0f56cf5b7cb0531123ef2f571214358991d41027bf36,malware/4a58d20e2bb3748c7d1e0f56cf5b7cb0531123ef2f571214358991d41027bf36.exe,1,virusshare
4ae58a10c8418d464aeb4b25eb6fe0fe928543117764423da4810ca3c49d70dd,malware/4ae58a10c8418d464aeb4b25eb6fe0fe928543117764423da4810ca3c49d70dd.exe,1,virusshare
4b6b3ca5ab920a44a04a3ad2de6786cdc4a809201feb9166d2e5d4403032262c,malware/4b6b3ca5ab920a44a04a3ad2de6786cdc4a809201feb9166d2e5d4403032262c.exe,1,virusshare
4b8b08f79b6dce08bc53cab57eb92dc9eb7edb7a1ab37649b277f73901c865a4,malware/4b8b08f79b6dce08bc53cab57eb92dc9eb7edb7a1ab37649b277f73901c865a4.exe,1,virusshare
4bb76fbd42e97d930299d97ff7c864d584a1fca57da65729c51a90d0beee1fee,malware/4bb76fbd42e97d930299d97ff7c864d584a1fca57da65729c51a90d0beee1fee.exe,1,virusshare
4beb00d9b63b8f14febf88b774a9d3fda70b897a1920d8f5f2dbf5ef45d7c032,malware/4beb00d9b63b8f14febf88b774a9d3fda70b897a1920d8f5f2dbf5ef45d7c032.exe,1,virusshare
4c37116e057abdc3e0d98f5a06ef97145de47b5eea35a5f839f40ed5ec9d54fe,malware/4c37116e057abdc3e0d98f5a06ef97145de47b5eea35a5f839f40ed5ec9d54fe.exe,1,virusshare
4c5f7a19d53d902abbee581cc2626aef9613a71f123cdb74dfa14ee566e3cc29,malware/4c5f7a19d53d902abbee581cc2626aef9613a71f123cdb74dfa14ee566e3cc29.exe,1,virusshare
4c87400454a5c06e0c5ff041db05f2b9d923c254e37d13faafdbc6d991f90f54,malware/4c87400454a5c06e0c5ff041db05f2b9d923c254e37d13faafdbc6d991f90f54.exe,1,virusshare
4ca6f86785b60af935647e0285f3978e1f7249a92d98aa9032f60c9e75356170,malware/4ca6f86785b60af935647e0285f3978e1f7249a92d98aa9032f60c9e75356170.exe,1,virusshare
4ce7bc2d3d30f421273e0f7151822cbf24b064e2a359fe4caf6f1045ea0fc359,malware/4ce7bc2d3d30f421273e0f7151822cbf24b064e2a359fe4caf6f1045ea0fc359.exe,1,virusshare
4d6b1080e916d20a9330a619a76e96baaaa557a471d583affef9c5bc8f4b9ff0,malware/4d6b1080e916d20a9330a619a76e96baaaa557a471d583affef9c5bc8f4b9ff0.exe,1,virusshare
4d7fafecd6eb1ed4049f76934a636d5b739e1a2c3137a6f55d28188eaca1c4d4,malware/4d7fafecd6eb1ed4049f76934a636d5b739e1a2c3137a6f55d28188eaca1c4d4.exe,1,virusshare
4ea226f3365494493d91091b9a2cee351f357cd295d4f16614a3b5e9789f5754,malware/4ea226f3365494493d91091b9a2cee351f357cd295d4f16614a3b5e9789f5754.exe,1,virusshare
4ea56ffcee45fe871439449bc5432c1f7412b51fded44edee0d6f7bcae7f605d,malware/4ea56ffcee45fe871439449bc5432c1f7412b51fded44edee0d6f7bcae7f605d.exe,1,virusshare
4eb6213d56f6650c75283b4065e305f4cabe2b4378076f54b1197417053ea27e,malware/4eb6213d56f6650c75283b4065e305f4cabe2b4378076f54b1197417053ea27e.exe,1,virusshare
4ebe3e1af5e147c580ecce052fe7d7d0219d5e5a2f5e6d8a7f7291735923db18,malware/4ebe3e1af5e147c580ecce052fe7d7d0219d5e5a2f5e6d8a7f7291735923db18.exe,1,malware_database
4f03954ddec7301fee43021d7c1b441ee60d133a3c40543c1f97ba39187b36ed,malware/4f03954ddec7301fee43021d7c1b441ee60d133a3c40543c1f97ba39187b36ed.exe,1,virusshare
4f16923fa211bf8b5b429d4b17c016ef4c50cdb5b45672e17aeba53e3709e72e,malware/4f16923fa211bf8b5b429d4b17c016ef4c50cdb5b45672e17aeba53e3709e72e.exe,1,virusshare
4ffbc67809cbd1335e51c4bbdbe44d707811297ec9fb6e0fe93bac382db6ce76,malware/4ffbc67809cbd1335e51c4bbdbe44d707811297ec9fb6e0fe93bac382db6ce76.exe,1,virusshare
50d60cd841a18b05e00ab4691fc1e30f6a099a65a58ba51080304205fbb0d666,malware/50d60cd841a18b05e00ab4691fc1e30f6a099a65a58ba51080304205fbb0d666.exe,1,malware_database
521d4b57c8b95888cb0cb1739bd8ed28f218477aa052ca0dbcd38b934fbb153e,malware/521d4b57c8b95888cb0cb1739bd8ed28f218477aa052ca0dbcd38b934fbb153e.exe,1,virusshare
52c1e104b7d57d75ac1a82fb04f414e5bc2cacca61f9ce56ff2b6907a0705ed9,malware/52c1e104b7d57d75ac1a82fb04f414e5bc2cacca61f9ce56ff2b6907a0705ed9.exe,1,virusshare
5306a0b998cf2a999baa9693275a0f8fb31681fdb104df82e1c0d273d8e3f410,malware/5306a0b998cf2a999baa9693275a0f8fb31681fdb104df82e1c0d273d8e3f410.exe,1,virusshare
53a46653ccaf1c660c2b230e65223c4d9e6c8e3b46e4c1b8b0a89c891253344c,malware/53a46653ccaf1c660c2b230e65223c4d9e6c8e3b46e4c1b8b0a89c891253344c.exe,1,virusshare
546e562e8dd03f19d1497cc52c22beb54b78272a6b69c84c767b96e6cd374c36,malware/546e562e8dd03f19d1497cc52c22beb54b78272a6b69c84c767b96e6cd374c36.exe,1,virusshare
55cb09b2d6ff4697af280c72b8a6ea2b294849cd2d9bd40cc43876f8182543f4,malware/55cb09b2d6ff4697af280c72b8a6ea2b294849cd2d9bd40cc43876f8182543f4.exe,1,virusshare
56511f0b28f28c23b5a1a3c7d524ee25a4c6df9ac2b53797c95199534f86bbd2,malware/56511f0b28f28c23b5a1a3c7d524ee25a4c6df9ac2b53797c95199534f86bbd2.exe,1,malware_database
5714efd4746f7796bbc52a272f8e354f67edfb50129d5fdaa1396e920956d0d6,malware/5714efd4746f7796bbc52a272f8e354f67edfb50129d5fdaa1396e920956d0d6.exe,1,malware_database
572c0dcc8ac3629d5dfc53bd3fea039980254542bf236d13202f8e273417eaad,malware/572c0dcc8ac3629d5dfc53bd3fea039980254542bf236d13202f8e273417eaad.exe,1,virusshare
5767630484ddb02009fb82e7fbc23857a5b032fcbdca4b10bcd5abd3c1be1407,malware/5767630484ddb02009fb82e7fbc23857a5b032fcbdca4b10bcd5abd3c1be1407.exe,1,malware_database
579f00be39f915aaa1809858f012da29ab8b60c555d51498e5e2b14e45b6f726,malware/579f00be39f915aaa1809858f012da29ab8b60c555d51498e5e2b14e45b6f726.dll,1,virusshare
57aeb289347a49d1c7f0f442054a1b7f980683ee0efdcb5311930321a7509b09,malware/57aeb289347a49d1c7f0f442054a1b7f980683ee0efdcb5311930321a7509b09.exe,1,virusshare
5893a76223256c13db50934f5f3562896da11f301ecb042d4a46873c65ca2119,malware/5893a76223256c13db50934f5f3562896da11f301ecb042d4a46873c65ca2119.exe,1,virusshare
58ff0f6dde2cfa40c86e0747fde60b4a2712b57848b67bec3f249f86655dda60,malware/58ff0f6dde2cfa40c86e0747fde60b4a2712b57848b67bec3f249f86655dda60.exe,1,virusshare
5983dcee368deed3db3a61a904648634cedd31ad0a80904932f6931ac7bf1e00,malware/5983dcee368deed3db3a61a904648634cedd31ad0a80904932f6931ac7bf1e00.exe,1,virusshare
5a0c330ece349669e5ff7c095b798a6cd4424c210386c0da460732bfbaeec034,malware/5a0c330ece349669e5ff7c095b798a6cd4424c210386c0da460732bfbaeec034.exe,1,virusshare
5ae57d8750822c203f5bf5e241c7132377b250df36a215dff2f396c8440b82dd,malware/5ae57d8750822c203f5bf5e241c7132377b250df36a215dff2f396c8440b82dd.exe,1,malware_database
5afb4fc6b54ee656ea02a2e2d5e28d7237b3d80797b92e2e24097e56add7e181,malware/5afb4fc6b54ee656ea02a2e2d5e28d7237b3d80797b92e2e24097e56add7e181.exe,1,virusshare
5b4c3e5f77e0ab05aad519600d08c263a9c6045e9af545a4409a6cd3126315a9,malware/5b4c3e5f77e0ab05aad519600d08c263a9c6045e9af545a4409a6cd3126315a9.exe,1,virusshare
5cd0a9c45cf53e9f463ee808dd21c3d78efd042ba9ae9cfa0bdd7ac7df97d469,malware/5cd0a9c45cf53e9f463ee808dd21c3d78efd042ba9ae9cfa0bdd7ac7df97d469.exe,1,virusshare
5d3d07a08da53d3f79ed8d8fce1a299159b0326fe4f15331b8258dfd5f6fbc11,malware/5d3d07a08da53d3f79ed8d8fce1a299159b0326fe4f15331b8258dfd5f6fbc11.exe,1,virusshare
5d40615701c48a122e44f831e7c8643d07765629a83b15d090587f469c77693d,malware/5d40615701c48a122e44f831e7c8643d07765629a83b15d090587f469c77693d.exe,1,malware_database
5d58f31f472c35ae1dca3872cefb9a245e0761368af442df2fe17a1ed8122610,malware/5d58f31f472c35ae1dca3872cefb9a245e0761368af442df2fe17a1ed8122610.exe,1,virusshare
5db976ae01f7be62d71be11ea83dbc6311047f165ee103298d5397f84971910a,malware/5db976ae01f7be62d71be11ea83dbc6311047f165ee103298d5397f84971910a.exe,1,virusshare
5e2f39b3172f12514941194679b9308726dbc09f4ae6eaee1c47ec85337869ca,malware/5e2f39b3172f12514941194679b9308726dbc09f4ae6eaee1c47ec85337869ca.exe,1,virusshare
5e9c331faf21d80974e2013d32a9e52295b97887e147d3cf81bfa4cba84da543,malware/5e9c331faf21d80974e2013d32a9e52295b97887e147d3cf81bfa4cba84da543.exe,1,virusshare
5f7471c215b433f1b28dd4b328b99362099b6df7cb9e5c1d86a756388e0c7aeb,malware/5f7471c215b433f1b28dd4b328b99362099b6df7cb9e5c1d86a756388e0c7aeb.exe,1,malware_database
5fb7ecc39d302f32b4568fae845450d9d9cbb77e7b6e9dc3c92746e568919e91,malware/5fb7ecc39d302f32b4568fae845450d9d9cbb77e7b6e9dc3c92746e568919e91.exe,1,virusshare
611082206c06d6533a6110451a6353d059b02d554bff0cbd93d2236c5f94805f,malware/611082206c06d6533a6110451a6353d059b02d554bff0cbd93d2236c5f94805f.exe,1,virusshare
613ce34f2b0fbb7e8419f66d0297b3490fcfb230f76ea24a60f07490d58164da,malware/613ce34f2b0fbb7e8419f66d0297b3490fcfb230f76ea24a60f07490d58164da.exe,1,virusshare
616ad6cf75f866f131f8a39a8fe0b4cc95dc816b8cdf2e13beade2150f77845d,malware/616ad6cf75f866f131f8a39a8fe0b4cc95dc816b8cdf2e13beade2150f77845d.dll,1,virusshare
6191e6eefddf7968c852c8094fb62d5ae4cd72860eb464a08bf28ce63e51cc07,malware/6191e6eefddf7968c852c8094fb62d5ae4cd72860eb464a08bf28ce63e51cc07.exe,1,virusshare
61a9e3278b6bcc29a2a0405b06fb2a3bbcb1751c3dd564a8f94cc89ea957ec35,malware/61a9e3278b6bcc29a2a0405b06fb2a3bbcb1751c3dd564a8f94cc89ea957ec35.exe,1,malware_database
61e6a93f43049712b5f2d949fd233fa8015fe4bef01b9e1285d3d87b12f894f2,malware/61e6a93f43049712b5f2d949fd233fa8015fe4bef01b9e1285d3d87b12f894f2.exe,1,malware_database
6209e6f6766f66f22558153fa26cb6aed5556ab11f0c8d87abd3767290669a3f,malware/6209e6f6766f66f22558153fa26cb6aed5556ab11f0c8d87abd3767290669a3f.exe,1,virusshare
6216148d58b0c595dc2c0b4f03e565e7e72d9fd1425c1efd283d211c89254083,malware/6216148d58b0c595dc2c0b4f03e565e7e72d9fd1425c1efd283d211c89254083.exe,1,virusshare
6227f2654d0f7658518171ec9d769f9d984e7ab5904e055a281c7fb425ccaa25,malware/6227f2654d0f7658518171ec9d769f9d984e7ab5904e055a281c7fb425ccaa25.exe,1,virusshare
6244d7ca5b3fc9534fdc1fc34308860ddc5e475bebd3bec8148d06bc44e74eee,malware/6244d7ca5b3fc9534fdc1fc34308860ddc5e475bebd3bec8148d06bc44e74eee.exe,1,virusshare
62d8b27274c8beb834ba12d491d0e8e0672b96fa093482a564808e29ef67e514,malware/62d8b27274c8beb834ba12d491d0e8e0672b96fa093482a564808e29ef67e514.dll,1,virusshare
62f8fa6928324ae776828a2afa73b660782cf09b091642515d0802868113057d,malware/62f8fa6928324ae776828a2afa73b660782cf09b091642515d0802868113057d.exe,1,virusshare
630325cac09ac3fab908f903e3b00d0dadd5fdaa0875ed8496fcbb97a558d0da,malware/630325cac09ac3fab908f903e3b00d0dadd5fdaa0875ed8496fcbb97a558d0da.exe,1,malware_database
6321eba69904f28a52b5dfe815a235ff4d67bbe01662e83930a08b5006c7d60b,malware/6321eba69904f28a52b5dfe815a235ff4d67bbe01662e83930a08b5006c7d60b.exe,1,virusshare
6350cbe5dedf3ae7164ea9fb8b33178298af15994c0092eb8de61942da4d2803,malware/6350cbe5dedf3ae7164ea9fb8b33178298af15994c0092eb8de61942da4d2803.exe,1,virusshare
63545fa195488ff51955f09833332b9660d18f8afb16bdf579134661962e548a,malware/63545fa195488ff51955f09833332b9660d18f8afb16bdf579134661962e548a.exe,1,malware_database
637d2b6fc5e75ca05ba536ed38a21598b3a03f593ab56caca45caf55dd9890f5,malware/637d2b6fc5e75ca05ba536ed38a21598b3a03f593ab56caca45caf55dd9890f5.exe,1,virusshare
63f8d128cd42d01e41fb31d9f599d603cbb2af07c55ab2447f3f23845db4cff9,malware/63f8d128cd42d01e41fb31d9f599d603cbb2af07c55ab2447f3f23845db4cff9.dll,1,virusshare
64174f12550ff7092513a0711cd67c14147480d90d9e98c5c8539b68f0403683,malware/64174f12550ff7092513a0711cd67c14147480d90d9e98c5c8539b68f0403683.exe,1,virusshare
643deb37af69e432b74fafc49a84f334dd89df4d6623aba4ccc1fedbae6a4eba,malware/643deb37af69e432b74fafc49a84f334dd89df4d6623aba4ccc1fedbae6a4eba.dll,1,virusshare
643f2c3b549f2220e9aeec4e84acd8211ad8f85779007942dbe50fbc59fbb6d7,malware/643f2c3b549f2220e9aeec4e84acd8211ad8f85779007942dbe50fbc59fbb6d7.exe,1,virusshare
65da2b865a6370733286b717975d444af2eb07490f4462fac77525044c16997e,malware/65da2b865a6370733286b717975d444af2eb07490f4462fac77525044c16997e.exe,1,virusshare
664a36a24f5c235f84afc489156a632bfc5e06ace6e32246abbeb73420c82923,malware/664a36a24f5c235f84afc489156a632bfc5e06ace6e32246abbeb73420c82923.exe,1,virusshare
6680317e6eaa04315b47aaadd986262cd485c8a4bd843902f4c779c858a3e31b,malware/6680317e6eaa04315b47aaadd986262cd485c8a4bd843902f4c779c858a3e31b.exe,1,malware_database
66e3bbe0904fc98d9200386f5ed048e78a5bc9d9e4269b3292aceae10e1edecf,malware/66e3bbe0904fc98d9200386f5ed048e78a5bc9d9e4269b3292aceae10e1edecf.exe,1,virusshare
6721f52b165e3529ef63563f83338c8560036292e3b550f56a695bb46a739119,malware/6721f52b165e3529ef63563f83338c8560036292e3b550f56a695bb46a739119.exe,1,virusshare
679aa0e161701e42704097290283a5bafb46e89664e4329d319f3c12d8435e1e,malware/679aa0e161701e42704097290283a5bafb46e89664e4329d319f3c12d8435e1e.exe,1,virusshare
69ad308e52910cd63615bdeeb11b58bffc9ff4282c2d511cf34822398f17aef0,malware/69ad308e52910cd63615bdeeb11b58bffc9ff4282c2d511cf34822398f17aef0.exe,1,virusshare
6a4c766916e2736596b4f8065de1382a8edf02a48d1ca958e7d3f245bdba55e8,malware/6a4c766916e2736596b4f8065de1382a8edf02a48d1ca958e7d3f245bdba55e8.exe,1,virusshare
6a8991e8a292826df4befb4df097266b4e86a310fda6e3e0a4cdb55a555127b7,malware/6a8991e8a292826df4befb4df097266b4e86a310fda6e3e0a4cdb55a555127b7.exe,1,virusshare
6ad1835f4a03f110b2094ede277a362ccb36bef8613bffb0a07380e3a666f18c,malware/6ad1835f4a03f110b2094ede277a362ccb36bef8613bffb0a07380e3a666f18c.exe,1,virusshare
6adbf879bb210a12ef0b36dfc1e21fda83dfdc89a716e183efbe1124d19806b4,malware/6adbf879bb210a12ef0b36dfc1e21fda83dfdc89a716e183efbe1124d19806b4.exe,1,virusshare
6ae86b289f2f785a370c3b718aac8e66037cd6f88af74972276723063df89208,malware/6ae86b289f2f785a370c3b718aac8e66037cd6f88af74972276723063df89208.exe,1,virusshare
6c602d6a6d6bb7ee65a269299d5d384e21eeb14b07c484e8b6cca201fa73347b,malware/6c602d6a6d6bb7ee65a269299d5d384e21eeb14b07c484e8b6cca201fa73347b.exe,1,virusshare
6c6bdb24f30ff690cef294499f4e1f846df8ec12c61ac3fd980a89f3bf8bd028,malware/6c6bdb24f30ff690cef294499f4e1f846df8ec12c61ac3fd980a89f3bf8bd028.exe,1,virusshare
6cd192480290d88053fbebeafc4f0924c6acec8ac0df668ded7f2e8c92602d93,malware/6cd192480290d88053fbebeafc4f0924c6acec8ac0df668ded7f2e8c92602d93.exe,1,virusshare
6ce6a4866258471edf4a7a8b22005039a87f1552b0b20e8dbc0249a41784b2f8,malware/6ce6a4866258471edf4a7a8b22005039a87f1552b0b20e8dbc0249a41784b2f8.exe,1,virusshare
6d5f433a1267783465e5677aa20a09c84dbb7ee8c9ad80409a8ccaf2c4c106be,malware/6d5f433a1267783465e5677aa20a09c84dbb7ee8c9ad80409a8ccaf2c4c106be.exe,1,virusshare
6d7c0eb61da2e44fef5ff7224372b4ad833bdc901abc298a6af9d2627337a46c,malware/6d7c0eb61da2e44fef5ff7224372b4ad833bdc901abc298a6af9d2627337a46c.exe,1,virusshare
6e14ff0adf638a87038f42442d6d15c65340dbcaa2b5dee5aabdf6a3392ff2c6,malware/6e14ff0adf638a87038f42442d6d15c65340dbcaa2b5dee5aabdf6a3392ff2c6.exe,1,virusshare
6e320d1924bd876bdc52f2b5dbe28e07394e40b0138b4fe3bb15e909430b6761,malware/6e320d1924bd876bdc52f2b5dbe28e07394e40b0138b4fe3bb15e909430b6761.exe,1,virusshare
6e7156d374a5991469888a4b0debff7bad1fd73589738a7a750abe28407ba30e,malware/6e7156d374a5991469888a4b0debff7bad1fd73589738a7a750abe28407ba30e.exe,1,virusshare
6f181434007bb198ecbcf267ea34aa104d617dba96a1130a51eeb6a57f7bbb33,malware/6f181434007bb198ecbcf267ea34aa104d617dba96a1130a51eeb6a57f7bbb33.exe,1,virusshare
6f3577c0a09ddd8e1cfd72a7b6942c32556a88dcc4f09a81e5fc945e42ecc223,malware/6f3577c0a09ddd8e1cfd72a7b6942c32556a88dcc4f09a81e5fc945e42ecc223.exe,1,virusshare
6f5f3e8cf7de3602c539312113fc822376ca189872f1dcf9df99ed11abfb6b23,malware/6f5f3e8cf7de3602c539312113fc822376ca189872f1dcf9df99ed11abfb6b23.exe,1,virusshare
6fa78441f39598fd48df6dff84cfd7b62ff12e3f01391cd7ab679ac4b1617625,malware/6fa78441f39598fd48df6dff84cfd7b62ff12e3f01391cd7ab679ac4b1617625.exe,1,virusshare
6fb303dd8ba36381948127d44bd8541e4a1ab8af07b46526ace08458f2498850,malware/6fb303dd8ba36381948127d44bd8541e4a1ab8af07b46526ace08458f2498850.exe,1,malware_database
6fc77f50835ac9c8218d5f222f584f92df82fcb329026a5faaa9bfb8270f6ce3,malware/6fc77f50835ac9c8218d5f222f584f92df82fcb329026a5faaa9bfb8270f6ce3.exe,1,virusshare
7008ce8a0c161f503909189c6d62c14d7ed3039f241ba51630834748b77c7e10,malware/7008ce8a0c161f503909189c6d62c14d7ed3039f241ba51630834748b77c7e10.dll,1,virusshare
7041c07a00fd7ccb8bfd7b9b197bced4659117bd6a353b20b3b8b56f9441ac8a,malware/7041c07a00fd7ccb8bfd7b9b197bced4659117bd6a353b20b3b8b56f9441ac8a.exe,1,virusshare
7067f6d063a1a6e519eeda6f5fd26d597778df72ff1e33942713eb394ad5f0ef,malware/7067f6d063a1a6e519eeda6f5fd26d597778df72ff1e33942713eb394ad5f0ef.exe,1,virusshare
706fce69fea67622b03fafb51ece076c1fdd38892318f8cce9f2ec80aabca822,malware/706fce69fea67622b03fafb51ece076c1fdd38892318f8cce9f2ec80aabca822.exe,1,malware_database
70f806a3186d0d22cb40857b6b6a4d0f871399434ad86527c164c9391e44adf7,malware/70f806a3186d0d22cb40857b6b6a4d0f871399434ad86527c164c9391e44adf7.exe,1,virusshare
70f95ad462a672da164641cfa90a43264511215a940a04cbbaea1f685e5d73a3,malware/70f95ad462a672da164641cfa90a43264511215a940a04cbbaea1f685e5d73a3.exe,1,virusshare
713643595220b8781ed2102415e8e0d3bf452b1060120820f3aced2bc879ed19,malware/713643595220b8781ed2102415e8e0d3bf452b1060120820f3aced2bc879ed19.exe,1,virusshare
7150c19e4ec18de2b26a92aaf09207f4ec82582be64057638fe5e8aac94ec547,malware/7150c19e4ec18de2b26a92aaf09207f4ec82582be64057638fe5e8aac94ec547.exe,1,virusshare
716b7711e136ec70b834628faf284d8e24984c448e07f48f2c6474bad2a1ff8a,malware/716b7711e136ec70b834628faf284d8e24984c448e07f48f2c6474bad2a1ff8a.exe,1,virusshare
720ded352177b5e83844a0ec40f0be2eb3f26bd591b49acf89b7a67b94688bd3,malware/720ded352177b5e83844a0ec40f0be2eb3f26bd591b49acf89b7a67b94688bd3.exe,1,virusshare
722e635b415f6162a667ea4a512d9f245b8d0a2843ba459826b475615e529028,malware/722e635b415f6162a667ea4a512d9f245b8d0a2843ba459826b475615e529028.exe,1,virusshare
723b87002377d5482454714155242eaad5ba1612240cefd1dd5a4dd749d0400e,malware/723b87002377d5482454714155242eaad5ba1612240cefd1dd5a4dd749d0400e.exe,1,virusshare
72e25a5b929930b7c068a428bceeeb40b556c845b3ee59c69e657dd14d25c192,malware/72e25a5b929930b7c068a428bceeeb40b556c845b3ee59c69e657dd14d25c192.exe,1,virusshare
731cc3aa942b382ec704b137ad4287df189234048fab829321d10081939a1ccc,malware/731cc3aa942b382ec704b137ad4287df189234048fab829321d10081939a1ccc.exe,1,virusshare
73b7b37dc53291a55c6a0bb0efd93898cb7273c9c217e2eedab7296f65c06a4d,malware/73b7b37dc53291a55c6a0bb0efd93898cb7273c9c217e2eedab7296f65c06a4d.exe,1,virusshare
7492b9dff2526605f2848608ceb7db06ec325a1bb61a3825c58e0d27b17e19ed,malware/7492b9dff2526605f2848608ceb7db06ec325a1bb61a3825c58e0d27b17e19ed.exe,1,virusshare
74ec2758356ff806fa452d0516461a87908ce3f3cde528f16a55f702ee7eb408,malware/74ec2758356ff806fa452d0516461a87908ce3f3cde528f16a55f702ee7eb408.exe,1,virusshare
752fd60959fe3fff08f0bb17b08f7ad26b371d44fc63f5b92aebd5c270685cb3,malware/752fd60959fe3fff08f0bb17b08f7ad26b371d44fc63f5b92aebd5c270685cb3.exe,1,virusshare
757e03d166a58db711b45d38f3edfa7fa2e6c448a1b185205b9b9ed89bb134c6,malware/757e03d166a58db711b45d38f3edfa7fa2e6c448a1b185205b9b9ed89bb134c6.exe,1,virusshare
7594860119ee244f7daf86fefc2740ca40fa6c5f08cb7c86037fb59e3a37641f,malware/7594860119ee244f7daf86fefc2740ca40fa6c5f08cb7c86037fb59e3a37641f.exe,1,virusshare
75fbdede5a2059a36086d44d94843283cd6dd7aee64ff8a2e0f0a85eec411fe5,malware/75fbdede5a2059a36086d44d94843283cd6dd7aee64ff8a2e0f0a85eec411fe5.exe,1,virusshare
772380ce7ccfa65bbe5d4d33eb8ba0a6390da6a1c99c472fa76dbc7717d93f57,malware/772380ce7ccfa65bbe5d4d33eb8ba0a6390da6a1c99c472fa76dbc7717d93f57.exe,1,virusshare
773747fd52a6279bdc194f12fb44f14fd0b1aa55ca90311e063d7aa3ce81762a,malware/773747fd52a6279bdc194f12fb44f14fd0b1aa55ca90311e063d7aa3ce81762a.exe,1,virusshare
7747ab15bee147952ab159f6f59f83c03c93b84e168548419abbde81ee5bdd98,malware/7747ab15bee147952ab159f6f59f83c03c93b84e168548419abbde81ee5bdd98.exe,1,virusshare
775ba68597507cf3c24663f5016d257446abeb66627f20f8f832c0860cad84de,malware/775ba68597507cf3c24663f5016d257446abeb66627f20f8f832c0860cad84de.exe,1,malware_database
7796ee6247111a0fdbedb639a2455e1dc166cee5a573b9f0f49f091c4299d33f,malware/7796ee6247111a0fdbedb639a2455e1dc166cee5a573b9f0f49f091c4299d33f.exe,1,virusshare
79d1eb83cf64a175543991dc843e843c895a6506a800c10c0a7ce6dc63beacb4,malware/79d1eb83cf64a175543991dc843e843c895a6506a800c10c0a7ce6dc63beacb4.exe,1,virusshare
79d3353d020c0f9adefe6626c7039d879f980b07930f84c86340c84c0d5147bc,malware/79d3353d020c0f9adefe6626c7039d879f980b07930f84c86340c84c0d5147bc.exe,1,virusshare
79fe8530492980c20470b59ace8728993720811a225abdc95f07ebe873d81dba,malware/79fe8530492980c20470b59ace8728993720811a225abdc95f07ebe873d81dba.exe,1,virusshare
7a0ccc49fe612fd5479be7b71d522a504ef0b78ffad76556b57b6e2efaa1207a,malware/7a0ccc49fe612fd5479be7b71d522a504ef0b78ffad76556b57b6e2efaa1207a.exe,1,virusshare
7a84dd83f4f00cf0723b76a6a56587bdce6d57bd8024cc9c55565a442806cf69,malware/7a84dd83f4f00cf0723b76a6a56587bdce6d57bd8024cc9c55565a442806cf69.exe,1,malware_database
7aac4f374a43c0eb144dfc8b7019fe42be9e3d2a5e1e5e901f21d374e1ae6428,malware/7aac4f374a43c0eb144dfc8b7019fe42be9e3d2a5e1e5e901f21d374e1ae6428.exe,1,virusshare
7ad9ed23a91643b517e82ad5740d24eca16bcae21cfe1c0da78ee80e0d1d3f02,malware/7ad9ed23a91643b517e82ad5740d24eca16bcae21cfe1c0da78ee80e0d1d3f02.exe,1,malware_database
7b5dec6a48ee2114c3056f4ccb6935f3e7418ef0b0bc4a58931f2c80fc94d705,malware/7b5dec6a48ee2114c3056f4ccb6935f3e7418ef0b0bc4a58931f2c80fc94d705.exe,1,malware_database
7befc6e1ef0c5e3579e3f8468d6d9297e5fdac571c7fc58ef35138234c8d437e,malware/7befc6e1ef0c5e3579e3f8468d6d9297e5fdac571c7fc58ef35138234c8d437e.exe,1,virusshare
7c08924350b845868fa7f08229144ec194ac978394cfeb5327a1cfc451069dab,malware/7c08924350b845868fa7f08229144ec194ac978394cfeb5327a1cfc451069dab.exe,1,virusshare
7cbd14b98249e09ed8bd1999058e467884e6e828fcb8a29997460ee5328d70d1,malware/7cbd14b98249e09ed8bd1999058e467884e6e828fcb8a29997460ee5328d70d1.exe,1,virusshare
7d0438b8bf9bf4bd0c4e78e84b9487542045870d3f2cda1d9319abc917707eed,malware/7d0438b8bf9bf4bd0c4e78e84b9487542045870d3f2cda1d9319abc917707eed.exe,1,virusshare
7d412f29c5fe69b4a889331b15591b93e452fac3f25a3cb84b38122b0942b62a,malware/7d412f29c5fe69b4a889331b15591b93e452fac3f25a3cb84b38122b0942b62a.exe,1,virusshare
7da923930787b46bcaf5d5854ccdd91b1d40452e76a1e881acdb77acfbcc1795,malware/7da923930787b46bcaf5d5854ccdd91b1d40452e76a1e881acdb77acfbcc1795.exe,1,virusshare
7df7857680c737512fc906b98ce1e3fb03b0bee2ca9f6866bbb2073c4ac929b8,malware/7df7857680c737512fc906b98ce1e3fb03b0bee2ca9f6866bbb2073c4ac929b8.exe,1,virusshare
7e290848076748943cb2393d3bb76e28d866fc53b1f0ddf4687fa80472c7f258,malware/7e290848076748943cb2393d3bb76e28d866fc53b1f0ddf4687fa80472c7f258.exe,1,virusshare
7e72e6788cdd14695202a48817baa43ef0e90ceafd7807a2dcc299c013116099,malware/7e72e6788cdd14695202a48817baa43ef0e90ceafd7807a2dcc299c013116099.exe,1,virusshare
7edd977301132daf2ada4ae3fde43dd685478caf171e56896d54f0e085067b71,malware/7edd977301132daf2ada4ae3fde43dd685478caf171e56896d54f0e085067b71.exe,1,virusshare
7fb9a6a997614eaf23ff457624253b1ae33cd2fb458d17bbff7a757d5f0e566a,malware/7fb9a6a997614eaf23ff457624253b1ae33cd2fb458d17bbff7a757d5f0e566a.exe,1,virusshare
81ea743b54d20e9c1ebbd93bdbbd3ada625989c366e1d4e40b7d68cb67e9b015,malware/81ea743b54d20e9c1ebbd93bdbbd3ada625989c366e1d4e40b7d68cb67e9b015.exe,1,virusshare
81f5059d1c53c55048cd0832d01ce1c406cba454f266bbcfcf4513fb4c09e39e,malware/81f5059d1c53c55048cd0832d01ce1c406cba454f266bbcfcf4513fb4c09e39e.exe,1,virusshare
82404cf523bba56f192d9cad76744b2f016cec961749a5683bdb4ec70a2e2f32,malware/82404cf523bba56f192d9cad76744b2f016cec961749a5683bdb4ec70a2e2f32.exe,1,virusshare
8243d6e958c81d51f44293bd63ebeca16ae9e184ddccbcd8924dd69e6b8f36e2,malware/8243d6e958c81d51f44293bd63ebeca16ae9e184ddccbcd8924dd69e6b8f36e2.dll,1,virusshare
82e29b2f3cfffa1114979437ee10b92160176ac9dc1070ab1b5cf2dcf6813a5a,malware/82e29b2f3cfffa1114979437ee10b92160176ac9dc1070ab1b5cf2dcf6813a5a.exe,1,virusshare
82f5db96b01a3193ea86f11d37c565cf263a927ac3eb718f706a54f976d76abe,malware/82f5db96b01a3193ea86f11d37c565cf263a927ac3eb718f706a54f976d76abe.exe,1,virusshare
833b5e1a8dbec77caecf1d2887a13dd27c10e41af326158ab9662dee01a201cd,malware/833b5e1a8dbec77caecf1d2887a13dd27c10e41af326158ab9662dee01a201cd.exe,1,virusshare
8348e03c0772205c9b979b8ed3350d0d2d357cf2c07a655bf1359148f0659d79,malware/8348e03c0772205c9b979b8ed3350d0d2d357cf2c07a655bf1359148f0659d79.exe,1,virusshare
8411d0583ba0034250c96d19960b4deb0e208579390302662b6a2c2d477f6176,malware/8411d0583ba0034250c96d19960b4deb0e208579390302662b6a2c2d477f6176.dll,1,virusshare
8439d30a74d2a51bf88a9dd324811aa8f12705d2a83df9c9b34604da6d562f61,malware/8439d30a74d2a51bf88a9dd324811aa8f12705d2a83df9c9b34604da6d562f61.dll,1,virusshare
8480c5c3f466b4ff40e633363f37bacfcef26111416511d31efcb7cb466044de,malware/8480c5c3f466b4ff40e633363f37bacfcef26111416511d31efcb7cb466044de.exe,1,virusshare
8490ebacbac69c0ba67b396a307ea39b44cf583f4c895ff85687a08dff78164a,malware/8490ebacbac69c0ba67b396a307ea39b44cf583f4c895ff85687a08dff78164a.exe,1,virusshare
849cb3b5c4b254afbe4a241d2b2cac97f5ed9ce745111f27bf4b658ff9419d6a,malware/849cb3b5c4b254afbe4a241d2b2cac97f5ed9ce745111f27bf4b658ff9419d6a.exe,1,virusshare
84de3728889f42aabb80b95a35cfc8eaf6d3f6145c96ad5267a9da46b9d54b2c,malware/84de3728889f42aabb80b95a35cfc8eaf6d3f6145c96ad5267a9da46b9d54b2c.exe,1,virusshare
856463dae9faf35ee67f170a72d2cd31df6b9068e4b4d19b664abf5e361f92c2,malware/856463dae9faf35ee67f170a72d2cd31df6b9068e4b4d19b664abf5e361f92c2.exe,1,virusshare
85b978999858ed540b78bc4e16c78fe0ebba579a0bd004798eb9dce87762ed28,malware/85b978999858ed540b78bc4e16c78fe0ebba579a0bd004798eb9dce87762ed28.exe,1,virusshare
85d5d04a7b00f85ef9c43106e263bbd8f81873e535061f61f306c3cce0a762d4,malware/85d5d04a7b00f85ef9c43106e263bbd8f81873e535061f61f306c3cce0a762d4.exe,1,virusshare
86e0eac8c5ce70c4b839ef18af5231b5f92e292b81e440193cdbdc7ed108049f,malware/86e0eac8c5ce70c4b839ef18af5231b5f92e292b81e440193cdbdc7ed108049f.exe,1,malware_database
87045d039f74423b424e4f0ca3f2318271e1a267649437c71099ce98f456f13c,malware/87045d039f74423b424e4f0ca3f2318271e1a267649437c71099ce98f456f13c.exe,1,virusshare
87eb75814043498c21f08d4e7a2205b565b88a290aba8b3832f82c04497ddf0f,malware/87eb75814043498c21f08d4e7a2205b565b88a290aba8b3832f82c04497ddf0f.exe,1,virusshare
87eb927c01148e26a8b91401111bd6f8776719c26d3a9d0d82b61fe2f5356bbc,malware/87eb927c01148e26a8b91401111bd6f8776719c26d3a9d0d82b61fe2f5356bbc.exe,1,virusshare
88216911be310872520fad2b9c087289dcc64d5d5b28a75367f4ec8e6bebf9e3,malware/88216911be310872520fad2b9c087289dcc64d5d5b28a75367f4ec8e6bebf9e3.exe,1,virusshare
88a05c7a7d24dd6edb26f92a8bcea01f9aa3ceb15f35740e3ebac3a733217414,malware/88a05c7a7d24dd6edb26f92a8bcea01f9aa3ceb15f35740e3ebac3a733217414.exe,1,virusshare
88cb43c61fed1cb9a79d01252b211fe35ac02e04d7a505baf4346b01e938ab43,malware/88cb43c61fed1cb9a79d01252b211fe35ac02e04d7a505baf4346b01e938ab43.exe,1,virusshare
88dd3fe0095d9b66b80c32cf44fd85374c04d98a7ec1c16bf08119c64c4fc57e,malware/88dd3fe0095d9b66b80c32cf44fd85374c04d98a7ec1c16bf08119c64c4fc57e.exe,1,virusshare
8945685ab24b43e2cb85e15b1e891b9b310fb2e3b57c9a9100c15adff0a021f0,malware/8945685ab24b43e2cb85e15b1e891b9b310fb2e3b57c9a9100c15adff0a021f0.exe,1,virusshare
8960f10056096b3724ad1261b6020adf0bfff889c5775dfbf1cb0e44f9a83af3,malware/8960f10056096b3724ad1261b6020adf0bfff889c5775dfbf1cb0e44f9a83af3.exe,1,virusshare
898b63395941dbba116130660c5b4753d6ae579d8e4d6eeb35f299dd01b78471,malware/898b63395941dbba116130660c5b4753d6ae579d8e4d6eeb35f299dd01b78471.dll,1,virusshare
8995543f43d90bf6f9f5d663089fa374e35d00bfe959831c596ce3d684bd93a7,malware/8995543f43d90bf6f9f5d663089fa374e35d00bfe959831c596ce3d684bd93a7.exe,1,virusshare
8ab640797baa3f890fa5e97611b0729900d2a4a1b740c0362b4d19236c99a20f,malware/8ab640797baa3f890fa5e97611b0729900d2a4a1b740c0362b4d19236c99a20f.exe,1,virusshare
8c6f3ce8bb4c7ee28b0de685af66f6edb001866ad1d64b9367f59c35b383cc63,malware/8c6f3ce8bb4c7ee28b0de685af66f6edb001866ad1d64b9367f59c35b383cc63.dll,1,virusshare
8cc5d246a580438f9c76d8ac20c4025c476ef7e8d1005a5f8e813557fcad30f4,malware/8cc5d246a580438f9c76d8ac20c4025c476ef7e8d1005a5f8e813557fcad30f4.exe,1,virusshare
8cd94f0c3a658c37a48c4ed129789a7200058a04497066c41452d31d01cc54a8,malware/8cd94f0c3a658c37a48c4ed129789a7200058a04497066c41452d31d01cc54a8.exe,1,virusshare
8d62b808898d9b8e437ad91d7ef8ca4c29cc5c8d08e24ebc4d9a193e950788e1,malware/8d62b808898d9b8e437ad91d7ef8ca4c29cc5c8d08e24ebc4d9a193e950788e1.exe,1,virusshare
8e28c470958462f85a7dc759022e2d5d137bf935c3395d01c6f41c45d1b5a4d7,malware/8e28c470958462f85a7dc759022e2d5d137bf935c3395d01c6f41c45d1b5a4d7.exe,1,virusshare
8e37bca48ea0b1991b8a24374a9d63042d605e8d0c9273be86ad0263c0dc558e,malware/8e37bca48ea0b1991b8a24374a9d63042d605e8d0c9273be86ad0263c0dc558e.exe,1,virusshare
8e730835be77328b2390e3854b1f66c08e7363c273668f33230c83dcf17f36c2,malware/8e730835be77328b2390e3854b1f66c08e7363c273668f33230c83dcf17f36c2.exe,1,virusshare
8ed2322dee79ef2155e787de6900cb6af85583022008d3d4a044fac471fd904b,malware/8ed2322dee79ef2155e787de6900cb6af85583022008d3d4a044fac471fd904b.exe,1,virusshare
8f08c8f63c077ad831e7b190735d88bbc20538aa3844854590ce2cd2d07d4d9e,malware/8f08c8f63c077ad831e7b190735d88bbc20538aa3844854590ce2cd2d07d4d9e.exe,1,virusshare
8f1d9d12b8a38787f45e44bd1ef6a72d532b0d4db63d894ba1a5e8d57d65b7aa,malware/8f1d9d12b8a38787f45e44bd1ef6a72d532b0d4db63d894ba1a5e8d57d65b7aa.exe,1,virusshare
8f56c095326f34f14c79b4314756915e6614c75bd50c5480328534495ca69bd4,malware/8f56c095326f34f14c79b4314756915e6614c75bd50c5480328534495ca69bd4.exe,1,virusshare
8f7adbea3ceb3f8548b6bba89f5da7308ae9c803d11fad0888f5083a3bc01e8d,malware/8f7adbea3ceb3f8548b6bba89f5da7308ae9c803d11fad0888f5083a3bc01e8d.exe,1,virusshare
8f90a1c9e5b95d98e0e1d177d4ba9306359067545b5a739f64c4557aeb04bf25,malware/8f90a1c9e5b95d98e0e1d177d4ba9306359067545b5a739f64c4557aeb04bf25.exe,1,virusshare
8f982355d1ffe752120f6eaeaa1dcc75ef8c42cf687c1ff28e42ee8717fcf028,malware/8f982355d1ffe752120f6eaeaa1dcc75ef8c42cf687c1ff28e42ee8717fcf028.exe,1,virusshare
91528dddd7014f2860d8a10a6cf3ea49da678728f8fda6c402ff9ced06140963,malware/91528dddd7014f2860d8a10a6cf3ea49da678728f8fda6c402ff9ced06140963.exe,1,virusshare
9156f9485f28050e73756cd4fddf1eb69fddd085085366dcf42e1c9988a6bec6,malware/9156f9485f28050e73756cd4fddf1eb69fddd085085366dcf42e1c9988a6bec6.exe,1,virusshare
919ab3a4595fedf950a15ce9e6fe0220633dd804b5e8afef8910e6a8a0fa16a2,malware/919ab3a4595fedf950a15ce9e6fe0220633dd804b5e8afef8910e6a8a0fa16a2.exe,1,virusshare
922be4c597bd565276941e649a8866493a14bb45a187a334c1980b3dfe35dce5,malware/922be4c597bd565276941e649a8866493a14bb45a187a334c1980b3dfe35dce5.exe,1,virusshare
92a9dd32ba81f9f1a863642677ad9535251181081854caa8f7ee909a5cf6d085,malware/92a9dd32ba81f9f1a863642677ad9535251181081854caa8f7ee909a5cf6d085.exe,1,virusshare
93497f88d8395f8910f2fae0cd315483ca628fc6eb99558ed67f458556f696bb,malware/93497f88d8395f8910f2fae0cd315483ca628fc6eb99558ed67f458556f696bb.exe,1,virusshare
937ccad21c0271169104539269b5f3faa43d6ca2e36d676fbf9b6fa6df41b40a,malware/937ccad21c0271169104539269b5f3faa43d6ca2e36d676fbf9b6fa6df41b40a.exe,1,malware_database
93f78d2bbb606d4e7777be768fec75e7028a0b9e0caed11c6cc0d618b8606870,malware/93f78d2bbb606d4e7777be768fec75e7028a0b9e0caed11c6cc0d618b8606870.exe,1,virusshare
9447c1a9e9daf498f0278b52ecefc4eb7100c98350fa8e5747adcc3830821e08,malware/9447c1a9e9daf498f0278b52ecefc4eb7100c98350fa8e5747adcc3830821e08.exe,1,virusshare
946df6b8090a61fb3ba86997d11ae9a8bc9a8f530723b9289d171e093b286ad7,malware/946df6b8090a61fb3ba86997d11ae9a8bc9a8f530723b9289d171e093b286ad7.exe,1,virusshare
94d2b1da2c4ce7db94ee9603bc2f81386032687e7c664aff6460ba0f5dac0022,malware/94d2b1da2c4ce7db94ee9603bc2f81386032687e7c664aff6460ba0f5dac0022.exe,1,malware_database
95643c2c19466b6e64d46f3f82e7a81689f0f22bb783e576e317ccc9be0e3a45,malware/95643c2c19466b6e64d46f3f82e7a81689f0f22bb783e576e317ccc9be0e3a45.exe,1,virusshare
95742b1f6482470ee4bebcecc89759876aab37faadc6a9e7523b959a0b9450e1,malware/95742b1f6482470ee4bebcecc89759876aab37faadc6a9e7523b959a0b9450e1.exe,1,virusshare
95b38c080079681e7b24e6ebd396a55d6a109471f9f7e8337116c02e565d392b,malware/95b38c080079681e7b24e6ebd396a55d6a109471f9f7e8337116c02e565d392b.exe,1,virusshare
95e6980993b669f194f5dd35abc146062dce06ed120417851304a894d0c484c3,malware/95e6980993b669f194f5dd35abc146062dce06ed120417851304a894d0c484c3.exe,1,virusshare
962997f5f9982497e9b1968fc7d866650592dfe842ef513532982854f2c00751,malware/962997f5f9982497e9b1968fc7d866650592dfe842ef513532982854f2c00751.exe,1,virusshare
96425ae53a5517b9f47e30f6b41fdc883831039e1faba02fe28b2d5f3efcdc29,malware/96425ae53a5517b9f47e30f6b41fdc883831039e1faba02fe28b2d5f3efcdc29.exe,1,malware_database
96d7daeccb22f6e897469859659d01dbdce9c9ae7fea35f4ebd4a0e3d9dc853a,malware/96d7daeccb22f6e897469859659d01dbdce9c9ae7fea35f4ebd4a0e3d9dc853a.exe,1,virusshare
972f2303d1020ed126cbb97c4c9ac9ef3e17d9fecfa5c4e3f919c1924692fc7b,malware/972f2303d1020ed126cbb97c4c9ac9ef3e17d9fecfa5c4e3f919c1924692fc7b.exe,1,virusshare
9742a8803ec41dc1c520784cc0957fa330ff5eacaaf20f7ace0ac33c144ca02f,malware/9742a8803ec41dc1c520784cc0957fa330ff5eacaaf20f7ace0ac33c144ca02f.exe,1,virusshare
974b8d27835c4f2e87bfd9b19a95122aa0aa15ee0a520392752817b48f033527,malware/974b8d27835c4f2e87bfd9b19a95122aa0aa15ee0a520392752817b48f033527.exe,1,virusshare
97807d20f15337952c7d0fa2f09e8416255aae3217d4f8d1013549a929c23710,malware/97807d20f15337952c7d0fa2f09e8416255aae3217d4f8d1013549a929c23710.exe,1,virusshare
979afc45d9c856a88df2438fab349c94614a82f0737f840fd5565b87e0197d16,malware/979afc45d9c856a88df2438fab349c94614a82f0737f840fd5565b87e0197d16.exe,1,virusshare
9800a6a1654ec4edc8fb64a1e6bd4b9ffd7750f083af9cecaafe168008688448,malware/9800a6a1654ec4edc8fb64a1e6bd4b9ffd7750f083af9cecaafe168008688448.exe,1,virusshare
9838cba9e7e00508dc05a84c7e9f3939a7db38b1741fef28ea6abf7b5dc1a682,malware/9838cba9e7e00508dc05a84c7e9f3939a7db38b1741fef28ea6abf7b5dc1a682.exe,1,virusshare
988950c3ae3e6e7fed8ef43915fb5f0c0552618a17fe387a241f1dda9ae55741,malware/988950c3ae3e6e7fed8ef43915fb5f0c0552618a17fe387a241f1dda9ae55741.exe,1,virusshare
98c56bbb88aa854f2c4c8e1e293eda5a5358b896b4ada90e146ccfd78ad07eda,malware/98c56bbb88aa854f2c4c8e1e293eda5a5358b896b4ada90e146ccfd78ad07eda.dll,1,virusshare
99d57a3c79120fb998b6b5d4ef843f291baf82accc2fb511bf06f4d0ff28109a,malware/99d57a3c79120fb998b6b5d4ef843f291baf82accc2fb511bf06f4d0ff28109a.exe,1,virusshare
9a8de2c10a334dd15ad7358da9dd83f43b4dc056da28cede093139bdd28ab62e,malware/9a8de2c10a334dd15ad7358da9dd83f43b4dc056da28cede093139bdd28ab62e.exe,1,virusshare
9ac53cd663a685eff59bfbe522dce91c3116b247054a528591a577b4c5f57e29,malware/9ac53cd663a685eff59bfbe522dce91c3116b247054a528591a577b4c5f57e29.exe,1,virusshare
9ae7d51b7c3e729d9fd0eb7b99811de3270e7b37931fff1f136efeb50d276a4c,malware/9ae7d51b7c3e729d9fd0eb7b99811de3270e7b37931fff1f136efeb50d276a4c.exe,1,malware_database
9b462800f1bef019d7ec00098682d3ea7fc60e6721555f616399228e4e3ad122,malware/9b462800f1bef019d7ec00098682d3ea7fc60e6721555f616399228e4e3ad122.exe,1,malware_database
9b597c092a1deab782ff2ecb2a9ee4568d2d13453f75cd08fae556b9af636903,malware/9b597c092a1deab782ff2ecb2a9ee4568d2d13453f75cd08fae556b9af636903.exe,1,virusshare
9b93d90668d49ed452921fda689b4eecbd3b4e4cc612b1d7207b076848c7d323,malware/9b93d90668d49ed452921fda689b4eecbd3b4e4cc612b1d7207b076848c7d323.exe,1,virusshare
9bff2261ae2481b3f6750d4bcc08cc2ee23c84a7cc0970cbbd008573442cb28a,malware/9bff2261ae2481b3f6750d4bcc08cc2ee23c84a7cc0970cbbd008573442cb28a.exe,1,virusshare
9c15a678953f21ae36de71a061d0b7df3b62ced2a347e51db49021ea2517af71,malware/9c15a678953f21ae36de71a061d0b7df3b62ced2a347e51db49021ea2517af71.exe,1,virusshare
9c3f8df80193c085912c9950c58051ae77c321975784cc069ceacd4f57d5861d,malware/9c3f8df80193c085912c9950c58051ae77c321975784cc069ceacd4f57d5861d.exe,1,malware_database
9c4ce99df59ecbaab9fc66957c95f2e8688cf5f9b2e00461eff739fea8cf566b,malware/9c4ce99df59ecbaab9fc66957c95f2e8688cf5f9b2e00461eff739fea8cf566b.exe,1,virusshare
9c5664f72fa1ca3fdb0e2c0a14d7f15cdbfcf143499d311df070397c80955dba,malware/9c5664f72fa1ca3fdb0e2c0a14d7f15cdbfcf143499d311df070397c80955dba.exe,1,virusshare
9cebc95c5078ba1fb55144564f05ae87961427565449ed18860652bbf5c4283f,malware/9cebc95c5078ba1fb55144564f05ae87961427565449ed18860652bbf5c4283f.exe,1,virusshare
9d355e4f9a51536b05269f696b304859155985957ba95eb575f3f38c599d913c,malware/9d355e4f9a51536b05269f696b304859155985957ba95eb575f3f38c599d913c.exe,1,malware_database
9d45ae1d8d3749efbe72b24bc20142e8c55b88a0733a45e5fe8579cf24981f33,malware/9d45ae1d8d3749efbe72b24bc20142e8c55b88a0733a45e5fe8579cf24981f33.exe,1,malware_database
9d5bc1bc9334a267b6b7a598a2d037d7a652aaf73795017d03a0c1df03c74739,malware/9d5bc1bc9334a267b6b7a598a2d037d7a652aaf73795017d03a0c1df03c74739.exe,1,virusshare
9dc858c1b743a31e00375c219a0b292b5f6b97301e2fa294377d5dac45780321,malware/9dc858c1b743a31e00375c219a0b292b5f6b97301e2fa294377d5dac45780321.exe,1,virusshare
9e77ba22a9920cf1e18f6860853537d2a994dd1e2d2f3e7aaa3c93ec2b6301c3,malware/9e77ba22a9920cf1e18f6860853537d2a994dd1e2d2f3e7aaa3c93ec2b6301c3.dll,1,virusshare
9ec94c01d6a9cf0bb7da720a5efda7818904fc7fa27ab703087ef8a91a192eb4,malware/9ec94c01d6a9cf0bb7da720a5efda7818904fc7fa27ab703087ef8a91a192eb4.exe,1,virusshare
9ee2d7f33696d165afd4f523cec03b74a8eb98f9b2faabaf398c72e8e3ccf6e1,malware/9ee2d7f33696d165afd4f523cec03b74a8eb98f9b2faabaf398c72e8e3ccf6e1.exe,1,virusshare
9ee39a6076ff15e0a07f8994f16aa9df9f5cbcd5bb507eeb96016386c04ff3f1,malware/9ee39a6076ff15e0a07f8994f16aa9df9f5cbcd5bb507eeb96016386c04ff3f1.exe,1,virusshare
9f16607f963507471b80589f00b758b6874c528ae5d9e1912ff356441ec9b1e3,malware/9f16607f963507471b80589f00b758b6874c528ae5d9e1912ff356441ec9b1e3.exe,1,virusshare
9f2225240e3036799a552926d6b48d1ecb771584fdce82aefaab414da39db64a,malware/9f2225240e3036799a552926d6b48d1ecb771584fdce82aefaab414da39db64a.exe,1,virusshare
9fc4d699cbf9f3f1f3f7a4a221ff22ddc8e75a4aa0fd8d6e3746b099434dc741,malware/9fc4d699cbf9f3f1f3f7a4a221ff22ddc8e75a4aa0fd8d6e3746b099434dc741.exe,1,virusshare
a035d913f6e7f10d8bd43a35cc2824812e4ac8bc2d3616d052ed480d8672f77d,malware/a035d913f6e7f10d8bd43a35cc2824812e4ac8bc2d3616d052ed480d8672f77d.exe,1,malware_database
a06846964c530993752ce75b571d275864b2bd912476565c6f74aae97fb71268,malware/a06846964c530993752ce75b571d275864b2bd912476565c6f74aae97fb71268.exe,1,virusshare
a078a89fbeaa673a99073ad656d699e260f3e379658fcf357803b3c107395e46,malware/a078a89fbeaa673a99073ad656d699e260f3e379658fcf357803b3c107395e46.exe,1,virusshare
a130e289e4a8ce9852bd1b9bb5d0c4728f23121ade20bd31fb04af9bd397ffd9,malware/a130e289e4a8ce9852bd1b9bb5d0c4728f23121ade20bd31fb04af9bd397ffd9.exe,1,virusshare
a180e6759f82ea9dd469cf63c803505e275726656ced66ba664a28ef663939e4,malware/a180e6759f82ea9dd469cf63c803505e275726656ced66ba664a28ef663939e4.exe,1,virusshare
a1880d46bc57b3b11300c3aef8e0f92ff2bb4003b4c79cd7270abe943acc2526,malware/a1880d46bc57b3b11300c3aef8e0f92ff2bb4003b4c79cd7270abe943acc2526.exe,1,virusshare
a2000b4c9e1847fe5701eaffc28444d0d5f95147074f5247bd79c71f3688d855,malware/a2000b4c9e1847fe5701eaffc28444d0d5f95147074f5247bd79c71f3688d855.exe,1,virusshare
a28f70d726d4f4ef5e674da31d683b4c11e8835b44462470a074be8c7edf0977,malware/a28f70d726d4f4ef5e674da31d683b4c11e8835b44462470a074be8c7edf0977.exe,1,virusshare
a2bd43a942b88793d0fa91f8950a7a95eaa7527f63bd5e9ffac0f01e1ab36327,malware/a2bd43a942b88793d0fa91f8950a7a95eaa7527f63bd5e9ffac0f01e1ab36327.dll,1,virusshare
a3d5715a81f2fbeb5f76c88c9c21eeee87142909716472f911ff6950c790c24d,malware/a3d5715a81f2fbeb5f76c88c9c21eeee87142909716472f911ff6950c790c24d.exe,1,malware_database
a44df6b51151fcd27a7169c2336e6ad0fbb7ce1a2d10dda1fe1165d3d9c6b95e,malware/a44df6b51151fcd27a7169c2336e6ad0fbb7ce1a2d10dda1fe1165d3d9c6b95e.exe,1,virusshare
a4658d43f538c54ec7da9b6f52a45257c196677d2b6ab042296db7d98a4f536b,malware/a4658d43f538c54ec7da9b6f52a45257c196677d2b6ab042296db7d98a4f536b.exe,1,virusshare
a4b3c17664aa640499565398d2c7cc35179353a1dc72ccb80f1d216849085479,malware/a4b3c17664aa640499565398d2c7cc35179353a1dc72ccb80f1d216849085479.exe,1,virusshare
a4cabdf50f5e9316dca54e790fb89c3ae2936cbfc862af66d12163aeadc5d82b,malware/a4cabdf50f5e9316dca54e790fb89c3ae2936cbfc862af66d12163aeadc5d82b.exe,1,virusshare
a5240e2ac95aee5abb9dafc314a6294d39f17f2ae77b5239884b07723f35534b,malware/a5240e2ac95aee5abb9dafc314a6294d39f17f2ae77b5239884b07723f35534b.exe,1,virusshare
a52c1e62a03f1904cbc724721fd07fafff37c284ed608df236edd4273290192a,malware/a52c1e62a03f1904cbc724721fd07fafff37c284ed608df236edd4273290192a.exe,1,virusshare
a5acca450dbd70c9cffb5e3eb61fa2d8799eda983895d99006f15ff3b3dec315,malware/a5acca450dbd70c9cffb5e3eb61fa2d8799eda983895d99006f15ff3b3dec315.dll,1,virusshare
a6b9f36c4a18081e1772ace56a81ff67e94d7a6bd6b6fc81a35237c40656810c,malware/a6b9f36c4a18081e1772ace56a81ff67e94d7a6bd6b6fc81a35237c40656810c.exe,1,virusshare
a6eb21b1d91f1076100aed14be5680c02f0772f50907057be63fdf115c44d6a4,malware/a6eb21b1d91f1076100aed14be5680c02f0772f50907057be63fdf115c44d6a4.exe,1,virusshare
a78c4d3d82d83560fb461dd32f64bbe27997bb95493b4f3942c893104691be55,malware/a78c4d3d82d83560fb461dd32f64bbe27997bb95493b4f3942c893104691be55.exe,1,virusshare
a806607264b3c33db1b26ac4864566bd13e4d01a39eafa35f60ae1a35ffbf2a6,malware/a806607264b3c33db1b26ac4864566bd13e4d01a39eafa35f60ae1a35ffbf2a6.exe,1,virusshare
a848bf24651421fbcd15c7e44f80bb87cbacd2599eb86508829537693359e032,malware/a848bf24651421fbcd15c7e44f80bb87cbacd2599eb86508829537693359e032.exe,1,malware_database
a862bfb4c36968ea3a15999d2812c6bfcbbba2bad2b0b5efdd315cb49303240f,malware/a862bfb4c36968ea3a15999d2812c6bfcbbba2bad2b0b5efdd315cb49303240f.exe,1,virusshare
a885b1f5377c2a1cead4e2d7261fab6199f83610ffdd35d20c653d52279d4683,malware/a885b1f5377c2a1cead4e2d7261fab6199f83610ffdd35d20c653d52279d4683.exe,1,malware_database
a8bf52cb3638a6830e836f31f234ad96cd8a453d10ffdf8f9f90e84028c62d0c,malware/a8bf52cb3638a6830e836f31f234ad96cd8a453d10ffdf8f9f90e84028c62d0c.exe,1,virusshare
a8f36f22a73e51c0334f65bce9ddbb92de7dbff13920f24b9cc661909645b508,malware/a8f36f22a73e51c0334f65bce9ddbb92de7dbff13920f24b9cc661909645b508.dll,1,virusshare
a9731a49d784abdfe35d01bd0492615f15dfc6b486b4e6fc00c3936efbb1f3b7,malware/a9731a49d784abdfe35d01bd0492615f15dfc6b486b4e6fc00c3936efbb1f3b7.exe,1,virusshare
a9d5e61206d380ac104ee712488c0d6b6bffa0fdbece42f71bddbf3172319af2,malware/a9d5e61206d380ac104ee712488c0d6b6bffa0fdbece42f71bddbf3172319af2.exe,1,virusshare
a9d9cfa389156a58fee9a7e54f2bcc5d98aa504c07e46def4c7c5045a588789f,malware/a9d9cfa389156a58fee9a7e54f2bcc5d98aa504c07e46def4c7c5045a588789f.exe,1,virusshare
aa350df5ae545be02593af319edebf5dd45093c14137b6407b924815dfeb8440,malware/aa350df5ae545be02593af319edebf5dd45093c14137b6407b924815dfeb8440.exe,1,virusshare
aa72563a1b7a9c57b6fd0a85962b3c53ae33816c0c26b5d7f2c47d2cdd6347c0,malware/aa72563a1b7a9c57b6fd0a85962b3c53ae33816c0c26b5d7f2c47d2cdd6347c0.exe,1,virusshare
aa84e8f0bd8dece02e35d7a37702ae0db2eca0967458501c46f026c9f039a3af,malware/aa84e8f0bd8dece02e35d7a37702ae0db2eca0967458501c46f026c9f039a3af.exe,1,virusshare
ab0f0272b96ac4d4d8378ab28f094ebc8d82a383456d941e68b2dda155fe4896,malware/ab0f0272b96ac4d4d8378ab28f094ebc8d82a383456d941e68b2dda155fe4896.exe,1,virusshare
ab3ae53b881c4f9bbbb828fa02ff594d1fa22d942780391b4da51db3917e78d3,malware/ab3ae53b881c4f9bbbb828fa02ff594d1fa22d942780391b4da51db3917e78d3.exe,1,virusshare
ab5384324046fc622831597af4565c297cd9092b764428a5ba6b4ef09cebd735,malware/ab5384324046fc622831597af4565c297cd9092b764428a5ba6b4ef09cebd735.exe,1,virusshare
abac285f290f0cfcd308071c9dfa9b7b4b48d10b4a3b4d75048804e59a447787,malware/abac285f290f0cfcd308071c9dfa9b7b4b48d10b4a3b4d75048804e59a447787.exe,1,malware_database
aca300269d8f75340612380b1ade6d718752e0b2f7780cfeaeeb638efd88a490,malware/aca300269d8f75340612380b1ade6d718752e0b2f7780cfeaeeb638efd88a490.exe,1,virusshare
ad74fd48dc60f5ceb46fec6240d3bfd3d4e83dd2ac8af9217f7238c4c34a8d9c,malware/ad74fd48dc60f5ceb46fec6240d3bfd3d4e83dd2ac8af9217f7238c4c34a8d9c.exe,1,virusshare
ae4b8cbbab7f065aced4da16d87a5869ac0eb87d7a9e6b9923d07e12974285df,malware/ae4b8cbbab7f065aced4da16d87a5869ac0eb87d7a9e6b9923d07e12974285df.exe,1,virusshare
ae704223a86f5da855f515f4696835008cd57f6c6daa440afe998125bc5b865c,malware/ae704223a86f5da855f515f4696835008cd57f6c6daa440afe998125bc5b865c.exe,1,virusshare
aebce766bdaf394b10a522cda6fa8aa314db1b9d8d1b210d67b77583cb8ca8a9,malware/aebce766bdaf394b10a522cda6fa8aa314db1b9d8d1b210d67b77583cb8ca8a9.exe,1,virusshare
af30e609e12befa7869cccf852b7592dece52f4bb87c659aec1380334d766685,malware/af30e609e12befa7869cccf852b7592dece52f4bb87c659aec1380334d766685.exe,1,virusshare
af61706dbb1330e925e6ddb0b40c68e723a5771e29f1d69e76a454e582c8d706,malware/af61706dbb1330e925e6ddb0b40c68e723a5771e29f1d69e76a454e582c8d706.exe,1,virusshare
af666fa8f5571ffbc15403d5d53ce87aec779056f1ad7c6feca0204f48311064,malware/af666fa8f5571ffbc15403d5d53ce87aec779056f1ad7c6feca0204f48311064.exe,1,virusshare
af79c1ad48c426e23e93fb377350f1a41921a26009d2b514fbef870f00b478c4,malware/af79c1ad48c426e23e93fb377350f1a41921a26009d2b514fbef870f00b478c4.exe,1,virusshare
afaba2400552c7032a5c4c6e6151df374d0e98dc67204066281e30e6699dbd18,malware/afaba2400552c7032a5c4c6e6151df374d0e98dc67204066281e30e6699dbd18.exe,1,malware_database
afd25e6936fa97a7d3bdd30b50b966605fefc4c27f452d7a9bb781b1f5cc8478,malware/afd25e6936fa97a7d3bdd30b50b966605fefc4c27f452d7a9bb781b1f5cc8478.exe,1,virusshare
afd6466f398e7b3d64009527077dd1e52be75d971fe4c40ca8ae8f75586e4c18,malware/afd6466f398e7b3d64009527077dd1e52be75d971fe4c40ca8ae8f75586e4c18.exe,1,virusshare
b0194707df5d7acf0b01c65d8e0d20d1af46b6d453adebb1849dc5093eba22e7,malware/b0194707df5d7acf0b01c65d8e0d20d1af46b6d453adebb1849dc5093eba22e7.exe,1,virusshare
b085b8e82fde0c16612f07d97be51ea3ae481c4dc704243d92525550f191951c,malware/b085b8e82fde0c16612f07d97be51ea3ae481c4dc704243d92525550f191951c.exe,1,virusshare
b0d2ef8e6af6eec236e7a859831901bd2d802c8f30347683a98d0a4dca76c699,malware/b0d2ef8e6af6eec236e7a859831901bd2d802c8f30347683a98d0a4dca76c699.exe,1,virusshare
b11f8065c37558a54799f1965283968f05754cd63328560148f59d54ed77351c,malware/b11f8065c37558a54799f1965283968f05754cd63328560148f59d54ed77351c.exe,1,virusshare
b18b982ce711ac080827e39d4af8bd2aaf7f4b6bb62669e378e32e0a19a5fea5,malware/b18b982ce711ac080827e39d4af8bd2aaf7f4b6bb62669e378e32e0a19a5fea5.exe,1,virusshare
b2c9f3b712a531894e11837a7a8fd3e9092cf8b592295b444064c5b1451eb14a,malware/b2c9f3b712a531894e11837a7a8fd3e9092cf8b592295b444064c5b1451eb14a.exe,1,virusshare
b2fa6edaa5ffc51d12150424355a0c86ac9f46d7ec772d35ab8d9f4fe7996d91,malware/b2fa6edaa5ffc51d12150424355a0c86ac9f46d7ec772d35ab8d9f4fe7996d91.exe,1,malware_database
b3ffe3c897b96e542cdaf2ecdb480719ab5272006441204e4b872fbc66a007c6,malware/b3ffe3c897b96e542cdaf2ecdb480719ab5272006441204e4b872fbc66a007c6.exe,1,virusshare
b4458b503f2dd86a54fda1fd4fbc2caab84b0d32344fa8d40a3ff1ed953b1298,malware/b4458b503f2dd86a54fda1fd4fbc2caab84b0d32344fa8d40a3ff1ed953b1298.exe,1,virusshare
b49f3cd06582cdc40edeb3dfe11f0bdb0337aab2e5891f9f4af451ec8241113d,malware/b49f3cd06582cdc40edeb3dfe11f0bdb0337aab2e5891f9f4af451ec8241113d.exe,1,virusshare
b4fbddb3420a4ed80838085b68e649857f64bb7d28e7c0be52ef7fb723631f22,malware/b4fbddb3420a4ed80838085b68e649857f64bb7d28e7c0be52ef7fb723631f22.exe,1,virusshare
b4fccb250c2d792e7bf6729ff536d62f10f15b411c4231389edad438766f0b5c,malware/b4fccb250c2d792e7bf6729ff536d62f10f15b411c4231389edad438766f0b5c.exe,1,virusshare
b5bf144bb5e4a5e262c4d1a9a8154f3e79ba036a7fc89e8428fd98f06f8e2202,malware/b5bf144bb5e4a5e262c4d1a9a8154f3e79ba036a7fc89e8428fd98f06f8e2202.exe,1,virusshare
b5dd9507293116c96829d02cad68632b9a15ec749f118fe40047ef300b416157,malware/b5dd9507293116c96829d02cad68632b9a15ec749f118fe40047ef300b416157.exe,1,virusshare
b5fc4fd50e4ba69f0c8c8e5c402813c107c605cab659960ac31b3c8356c4e0ec,malware/b5fc4fd50e4ba69f0c8c8e5c402813c107c605cab659960ac31b3c8356c4e0ec.exe,1,malware_database
b61c53f4137c41aa0a5538fc9a746034b3a903cc4b1b3c8b5f3d3118e1e2bd8f,malware/b61c53f4137c41aa0a5538fc9a746034b3a903cc4b1b3c8b5f3d3118e1e2bd8f.exe,1,malware_database
b629f4fa7fe93118ccc2996a853ef9a467cc7c54448caa5760b0e57335a24882,malware/b629f4fa7fe93118ccc2996a853ef9a467cc7c54448caa5760b0e57335a24882.exe,1,virusshare
b6f53529a987bfa0f3299a2a33f72d086977559c17cd96462148df0626ee0c5c,malware/b6f53529a987bfa0f3299a2a33f72d086977559c17cd96462148df0626ee0c5c.exe,1,virusshare
b71431526fe97e30808e96c22e0bb2ac9830bc181c59d08b0c02f9f7bcccb9f7,malware/b71431526fe97e30808e96c22e0bb2ac9830bc181c59d08b0c02f9f7bcccb9f7.exe,1,virusshare
b730451ec677b0ebd3c2b6074ec8b1aa4b792f99967f5a2390aad335b32c7443,malware/b730451ec677b0ebd3c2b6074ec8b1aa4b792f99967f5a2390aad335b32c7443.exe,1,virusshare
b79023a1618799468f5bf1d7deaca8c94ce1266704805f0d9417ee6d6fb6616f,malware/b79023a1618799468f5bf1d7deaca8c94ce1266704805f0d9417ee6d6fb6616f.dll,1,virusshare
b8c92009bc228319faecfc86c3864b6acb9a1cd587816bf58701011d88103561,malware/b8c92009bc228319faecfc86c3864b6acb9a1cd587816bf58701011d88103561.exe,1,virusshare
b8fc7fd4332fea6609c88748247cedb82464ecd7cc81c7ab53434078ebe737be,malware/b8fc7fd4332fea6609c88748247cedb82464ecd7cc81c7ab53434078ebe737be.dll,1,virusshare
b9ca48ef1c0610e2073c121a0695ef7b68fad0e50c6960298c851fb96c8d7214,malware/b9ca48ef1c0610e2073c121a0695ef7b68fad0e50c6960298c851fb96c8d7214.exe,1,virusshare
ba90cbab7d8f167d8e369ff8c5201f6710b7ada7660808fa519894a79380c538,malware/ba90cbab7d8f167d8e369ff8c5201f6710b7ada7660808fa519894a79380c538.exe,1,virusshare
bb359940f677b8395f3ce41e1034a4f908827e2108e21858e4a66981fc3b37d6,malware/bb359940f677b8395f3ce41e1034a4f908827e2108e21858e4a66981fc3b37d6.exe,1,virusshare
bb6ce03e9484b908a27392e95dd9b7a4573c1afe500e1dfc454a687a0dfd083a,malware/bb6ce03e9484b908a27392e95dd9b7a4573c1afe500e1dfc454a687a0dfd083a.exe,1,virusshare
bc27e9739b2562296f457853158641e093151f2608c5080615b3c40d294a9073,malware/bc27e9739b2562296f457853158641e093151f2608c5080615b3c40d294a9073.exe,1,virusshare
bc415d82e1f8bbfc11b290f427d3c04e5f8e26f6ab39f278d81ce79410a6b0af,malware/bc415d82e1f8bbfc11b290f427d3c04e5f8e26f6ab39f278d81ce79410a6b0af.exe,1,virusshare
bc83b5210f8a3974ef55b93e4d658b1603a24cb401ae6ea215f2402136702b6b,malware/bc83b5210f8a3974ef55b93e4d658b1603a24cb401ae6ea215f2402136702b6b.dll,1,virusshare
bcb348a569f984dcfc177dba0fc6844437643f23738d30afeab53d6abe389770,malware/bcb348a569f984dcfc177dba0fc6844437643f23738d30afeab53d6abe389770.exe,1,virusshare
be22645c61949ad6a077373a7d6cd85e3fae44315632f161adc4c99d5a8e6844,malware/be22645c61949ad6a077373a7d6cd85e3fae44315632f161adc4c99d5a8e6844.exe,1,malware_database
be72fe00d1c4e77252551f71fefbba1a37af0f83dfea673465c4153da8824c45,malware/be72fe00d1c4e77252551f71fefbba1a37af0f83dfea673465c4153da8824c45.exe,1,virusshare
beeebbd5be0bd733ba60d021912be86132275e2ee1aa05d00475490cdd70e371,malware/beeebbd5be0bd733ba60d021912be86132275e2ee1aa05d00475490cdd70e371.exe,1,virusshare
bf05b4f83c81923b54056b2a7435114d4b7ff12386fec5e28af11f04da6e7429,malware/bf05b4f83c81923b54056b2a7435114d4b7ff12386fec5e28af11f04da6e7429.exe,1,virusshare
c0e05b18eba41252efe272baf7c616b23f5fe0ceddbaba666c24e66dd7fd3d5f,malware/c0e05b18eba41252efe272baf7c616b23f5fe0ceddbaba666c24e66dd7fd3d5f.exe,1,virusshare
c20e78ce9028299d566684d35b1230d055e5ea0e9b94d0aff58f650e0468778a,malware/c20e78ce9028299d566684d35b1230d055e5ea0e9b94d0aff58f650e0468778a.exe,1,malware_database
c516d8a2e104a867673077028e4f1f7389d50f2ae90c88dd38337d5bc62d5c8f,malware/c516d8a2e104a867673077028e4f1f7389d50f2ae90c88dd38337d5bc62d5c8f.exe,1,virusshare
c5b6ff5f02a68d3c86118df7bb6ca0cebf8e477f95ceb12968c5c4cb968b92b8,malware/c5b6ff5f02a68d3c86118df7bb6ca0cebf8e477f95ceb12968c5c4cb968b92b8.exe,1,virusshare
c5ca75effcfa42a5450609be4e49fc207de9f1151e3b0f3d02c85776e10ecdff,malware/c5ca75effcfa42a5450609be4e49fc207de9f1151e3b0f3d02c85776e10ecdff.exe,1,virusshare
c6093276eab628be6eb786e1301c2cb286bde6316f4c54a7e2b21dbbc88d03ad,malware/c6093276eab628be6eb786e1301c2cb286bde6316f4c54a7e2b21dbbc88d03ad.exe,1,virusshare
c62c60191339f73e6e76b6b136f7ba74c2eb6f64ad79a266a761234fe3ecdcec,malware/c62c60191339f73e6e76b6b136f7ba74c2eb6f64ad79a266a761234fe3ecdcec.exe,1,virusshare
c6457a914eeb79127d6bb8acbad9d459422d2800a5ffe9a8f27c74e4ef34656d,malware/c6457a914eeb79127d6bb8acbad9d459422d2800a5ffe9a8f27c74e4ef34656d.exe,1,virusshare
c64d576a06733a5aef50951913dd3d27c86e3a38bf22ed7de6b86c7eaf5e10c6,malware/c64d576a06733a5aef50951913dd3d27c86e3a38bf22ed7de6b86c7eaf5e10c6.dll,1,virusshare
c733b0de9bc54722f8fc6ffb93889d08ae5bce6076e232729add8f8d2508e70d,malware/c733b0de9bc54722f8fc6ffb93889d08ae5bce6076e232729add8f8d2508e70d.exe,1,virusshare
c7a81e3ad0cb7ad0dcd8a767fcc76570954d5876608503875adaf7da196a1d3e,malware/c7a81e3ad0cb7ad0dcd8a767fcc76570954d5876608503875adaf7da196a1d3e.exe,1,virusshare
c83a38df8d5f46483732eb9600f7e7774e20309239f3fd51ed965aec0ac7053a,malware/c83a38df8d5f46483732eb9600f7e7774e20309239f3fd51ed965aec0ac7053a.exe,1,virusshare
c851749fd6c9fa19293d8ee2c5b45b3dc8561115ddfe7166fbaefcb9b353b7c4,malware/c851749fd6c9fa19293d8ee2c5b45b3dc8561115ddfe7166fbaefcb9b353b7c4.exe,1,malware_database
c8cea9e0539c595de982bff5226f5eaa2907ffdc523bb9715b0a33a702b9040d,malware/c8cea9e0539c595de982bff5226f5eaa2907ffdc523bb9715b0a33a702b9040d.exe,1,virusshare
c9255f2b042259f5620840d5a923e891a7dd324c90f200f500a62ac1aef4dcb4,malware/c9255f2b042259f5620840d5a923e891a7dd324c90f200f500a62ac1aef4dcb4.exe,1,virusshare
c95a802b0cf04991d9170ef2d9218dd8b70ce81fce499190591e520ac3780902,malware/c95a802b0cf04991d9170ef2d9218dd8b70ce81fce499190591e520ac3780902.exe,1,virusshare
c9661b2f5274b1835d64e6d58ea5a8ff58ffa8d9d19a9a31bd43f074c6e2eb69,malware/c9661b2f5274b1835d64e6d58ea5a8ff58ffa8d9d19a9a31bd43f074c6e2eb69.exe,1,malware_database
c96ff5c6548514ddc573e8770263e3c9b874e5c6094e05f23a2e5ff57ac9b17e,malware/c96ff5c6548514ddc573e8770263e3c9b874e5c6094e05f23a2e5ff57ac9b17e.exe,1,virusshare
c9790c6bbd9cb901b920beaf9fb6529419b55b6d1e9ff1534099d52309588e74,malware/c9790c6bbd9cb901b920beaf9fb6529419b55b6d1e9ff1534099d52309588e74.exe,1,virusshare
c9e778390a29b502ea71fc44cdff1930bd4e3ed82a617f9ba934a8364f97b776,malware/c9e778390a29b502ea71fc44cdff1930bd4e3ed82a617f9ba934a8364f97b776.exe,1,virusshare
ca803521048f06aa1645d59fdc54c0c174cfc595415e74cd1234815e3b6f1aa2,malware/ca803521048f06aa1645d59fdc54c0c174cfc595415e74cd1234815e3b6f1aa2.exe,1,virusshare
cae57a60c4d269cd1ca43ef143aedb8bfc4c09a7e4a689544883d05ce89406e7,malware/cae57a60c4d269cd1ca43ef143aedb8bfc4c09a7e4a689544883d05ce89406e7.exe,1,malware_database
cbc59f85f3d01fa03f45660ae27720f36f62f76a8038f398ed53a9bd4e52c4b3,malware/cbc59f85f3d01fa03f45660ae27720f36f62f76a8038f398ed53a9bd4e52c4b3.exe,1,virusshare
cc159dcc0a20820158ca361c73944a8d386f79da232e28abb6257e04b4d19f9f,malware/cc159dcc0a20820158ca361c73944a8d386f79da232e28abb6257e04b4d19f9f.exe,1,virusshare
cc6c506ca453e38c92befeb3466ec28080fbfc03fa31184647342a5b1beda418,malware/cc6c506ca453e38c92befeb3466ec28080fbfc03fa31184647342a5b1beda418.exe,1,virusshare
ccb9502bf8ba5becf8b758ca04a5625c30b79e2d10d2677cc43ae4253e1288ec,malware/ccb9502bf8ba5becf8b758ca04a5625c30b79e2d10d2677cc43ae4253e1288ec.exe,1,malware_database
cd8fe66ae7dbba247675dd49efdbb88e4b9fefcad91d20a82c10409bddeace03,malware/cd8fe66ae7dbba247675dd49efdbb88e4b9fefcad91d20a82c10409bddeace03.exe,1,virusshare
cdd7f55389cf29d2001331d158c83e8aa98ff217cf3d78d34ab4a4f878d67576,malware/cdd7f55389cf29d2001331d158c83e8aa98ff217cf3d78d34ab4a4f878d67576.exe,1,virusshare
cde188d6c4d6e64d6abfdea1e113314f9cdf9417bca36eb7201e6b766e5f5a7f,malware/cde188d6c4d6e64d6abfdea1e113314f9cdf9417bca36eb7201e6b766e5f5a7f.exe,1,malware_database
ce03ea2698e6dd96276193a6754643fdb17cd36d05f65e6848dbbaf9ee6fbd49,malware/ce03ea2698e6dd96276193a6754643fdb17cd36d05f65e6848dbbaf9ee6fbd49.exe,1,virusshare
ce2bc54df43720df9171001f2970320fb4e6eac47abb49233b42b0c5102be24e,malware/ce2bc54df43720df9171001f2970320fb4e6eac47abb49233b42b0c5102be24e.exe,1,virusshare
ce7a0c17c999b159756bac979a131c6a41c7a046222a2c4ad4298b241288226c,malware/ce7a0c17c999b159756bac979a131c6a41c7a046222a2c4ad4298b241288226c.exe,1,virusshare
cedc4b7f798fc5aca2283cb87ff8a9ad6317a5bb7a0063864a17276add823cd3,malware/cedc4b7f798fc5aca2283cb87ff8a9ad6317a5bb7a0063864a17276add823cd3.exe,1,virusshare
cf0ecef6b28bccee9534875c16d724fed19062344bb144395b53c34701637b2b,malware/cf0ecef6b28bccee9534875c16d724fed19062344bb144395b53c34701637b2b.exe,1,virusshare
cfc8a5c81c5e647f6a1a748cd49bbda2a77f315c099bbb26e6345f2d5c4e11ed,malware/cfc8a5c81c5e647f6a1a748cd49bbda2a77f315c099bbb26e6345f2d5c4e11ed.exe,1,virusshare
cfdaec800b39ad2e3b97d46c517e28fa40c1dabb4b76d89102873d053678b162,malware/cfdaec800b39ad2e3b97d46c517e28fa40c1dabb4b76d89102873d053678b162.exe,1,virusshare
cfdb9bb0d639621ab8a7821725981a3d7613ecbd15d81152b1ffd3c17e65061d,malware/cfdb9bb0d639621ab8a7821725981a3d7613ecbd15d81152b1ffd3c17e65061d.exe,1,virusshare
cfe2d7d12a7a90dbb72e1223ef5b2b486ddb2c4d4229e8b1eed3ee41fd219fee,malware/cfe2d7d12a7a90dbb72e1223ef5b2b486ddb2c4d4229e8b1eed3ee41fd219fee.dll,1,virusshare
d00dfb019250141e8c77610fee0d6db2a8548b0e01fcb6c7ecbcd50d46fe995f,malware/d00dfb019250141e8c77610fee0d6db2a8548b0e01fcb6c7ecbcd50d46fe995f.exe,1,virusshare
d06b6ac59e65ec467efa2c5567a25456fbbb2f66fd3738edef9c5fae6f400a88,malware/d06b6ac59e65ec467efa2c5567a25456fbbb2f66fd3738edef9c5fae6f400a88.dll,1,virusshare
d088cf9286a373ad682ccb4d757aaed03dcf46c94540d6b900610918f0c1cfc6,malware/d088cf9286a373ad682ccb4d757aaed03dcf46c94540d6b900610918f0c1cfc6.exe,1,virusshare
d0b8c203b099c04e5dae6995d2445a20d54249744730e47f0cff80bb765b8d19,malware/d0b8c203b099c04e5dae6995d2445a20d54249744730e47f0cff80bb765b8d19.exe,1,virusshare
d18f9437d1b993f4d0c8ffbc51bb1be377251133baaa25049f70940a9c0265ab,malware/d18f9437d1b993f4d0c8ffbc51bb1be377251133baaa25049f70940a9c0265ab.exe,1,virusshare
d210b5d8810480b4add37280a2e289a30142f16832823127a2a9afa104fdbb30,malware/d210b5d8810480b4add37280a2e289a30142f16832823127a2a9afa104fdbb30.exe,1,virusshare
d21eb439274bde72c706cc75142c38de742d652eb33e6220b9af954f85f9d9c6,malware/d21eb439274bde72c706cc75142c38de742d652eb33e6220b9af954f85f9d9c6.exe,1,virusshare
d274bf6dd02bb11f0666ff83243e8df026d8a6d54197b1a31203299412f06a62,malware/d274bf6dd02bb11f0666ff83243e8df026d8a6d54197b1a31203299412f06a62.exe,1,virusshare
d2e048ce846d9ff2ce50c41171a0b73bcbd6dae6e8aa42caf873165e5ac571b6,malware/d2e048ce846d9ff2ce50c41171a0b73bcbd6dae6e8aa42caf873165e5ac571b6.exe,1,virusshare
d34be5ffbf85b3c0f88c192b7fb61d4b5ec3f8fb826d77673b6de26cdbdd4187,malware/d34be5ffbf85b3c0f88c192b7fb61d4b5ec3f8fb826d77673b6de26cdbdd4187.exe,1,malware_database
d3830cdbad49a7c4f890216907b04d6c1715c5cfc39a0d11c52b6faf8316d38d,malware/d3830cdbad49a7c4f890216907b04d6c1715c5cfc39a0d11c52b6faf8316d38d.exe,1,virusshare
d444a2965590f9ca2d2c432efa248692e14114869136c600cf9df88380c6fe0f,malware/d444a2965590f9ca2d2c432efa248692e14114869136c600cf9df88380c6fe0f.exe,1,virusshare
d48c87c34606762d1dfd06cfc69ebd38d24f69aebdc236be6d37de018ef655d6,malware/d48c87c34606762d1dfd06cfc69ebd38d24f69aebdc236be6d37de018ef655d6.exe,1,virusshare
d4dc34f7c43c36a46538bfca7899be50c9b1c934e7e7270501dd750f56912863,malware/d4dc34f7c43c36a46538bfca7899be50c9b1c934e7e7270501dd750f56912863.exe,1,virusshare
d507a034c896c1aa25da07c08e7b8d25fd0476466e068f27fa47d1793169836c,malware/d507a034c896c1aa25da07c08e7b8d25fd0476466e068f27fa47d1793169836c.exe,1,virusshare
d5302265be55d50b766442a92248683b20a4cba70620d027e36fa834e37f5ff8,malware/d5302265be55d50b766442a92248683b20a4cba70620d027e36fa834e37f5ff8.dll,1,virusshare
d5436303e605ca95d3229a244728381c1c77965800a5bfed9e9dde98fe70e7c5,malware/d5436303e605ca95d3229a244728381c1c77965800a5bfed9e9dde98fe70e7c5.dll,1,virusshare
d5b962dfe37671b5134f0b741a662610b568c2b5374010ee92b5b7857d87872c,malware/d5b962dfe37671b5134f0b741a662610b568c2b5374010ee92b5b7857d87872c.exe,1,malware_database
d5e3cd558650601bcd3276f3b430e6ab18f4b559731352d0bc10b0641c73126a,malware/d5e3cd558650601bcd3276f3b430e6ab18f4b559731352d0bc10b0641c73126a.exe,1,virusshare
d5fe3000855354efc351e524acc0435487eea35bd89ab9533cb29e0197b6f778,malware/d5fe3000855354efc351e524acc0435487eea35bd89ab9533cb29e0197b6f778.exe,1,virusshare
d6fd3903e7739347fd45feb77fab557d5bee654a861649a8b8e360fe5f71bd2f,malware/d6fd3903e7739347fd45feb77fab557d5bee654a861649a8b8e360fe5f71bd2f.dll,1,virusshare
d6fe26ba8d9fef607f551d264d190ecf3cf700c6f2e20b4cd654492b285ed690,malware/d6fe26ba8d9fef607f551d264d190ecf3cf700c6f2e20b4cd654492b285ed690.exe,1,virusshare
d75a3d057a60605b24b1003192f35395fa43f990e08ba6ec8cc45e6125bdb4f2,malware/d75a3d057a60605b24b1003192f35395fa43f990e08ba6ec8cc45e6125bdb4f2.exe,1,virusshare
d7660df72ea85db82587cfc44ee69d0748108b671910cc3955be81fd9fbdce83,malware/d7660df72ea85db82587cfc44ee69d0748108b671910cc3955be81fd9fbdce83.dll,1,virusshare
d772c36328ea5cfb6c6b3678c441881094fae2b71e1dd10f37952dbeebe3e274,malware/d772c36328ea5cfb6c6b3678c441881094fae2b71e1dd10f37952dbeebe3e274.exe,1,virusshare
d773185115eb13ed1fae068381d65b621a206a2ebfb0a8fcb7f0965244640caf,malware/d773185115eb13ed1fae068381d65b621a206a2ebfb0a8fcb7f0965244640caf.exe,1,virusshare
d7b569d73f5e3ea119e2382f7b19e2cf92d03748210a881ed6f78171641122fa,malware/d7b569d73f5e3ea119e2382f7b19e2cf92d03748210a881ed6f78171641122fa.exe,1,virusshare
d7c5269c0ac73cc68ee4b5426b78bf1e3fcb322a16ab49bb5ac2818e1eea6ed1,malware/d7c5269c0ac73cc68ee4b5426b78bf1e3fcb322a16ab49bb5ac2818e1eea6ed1.exe,1,virusshare
d7d40e555285a5934fc225aca072bad8091776ebc054c18674e40d70374ba415,malware/d7d40e555285a5934fc225aca072bad8091776ebc054c18674e40d70374ba415.exe,1,virusshare
d7d4802fd9154cfe24102c17c5961b2b3efff18b9d5a952cc14537466eff8460,malware/d7d4802fd9154cfe24102c17c5961b2b3efff18b9d5a952cc14537466eff8460.exe,1,virusshare
d7de735cea6af46422bc1343a1ba43628e31d0a67f9bb5c61bc9240a26b1b2ee,malware/d7de735cea6af46422bc1343a1ba43628e31d0a67f9bb5c61bc9240a26b1b2ee.exe,1,virusshare
d863b373e5e45fa3cb28619743d7178d883f08fad2237b94d23d9e527bb20802,malware/d863b373e5e45fa3cb28619743d7178d883f08fad2237b94d23d9e527bb20802.dll,1,virusshare
d8c0d6e119a1a05f9ba28f99bea647ecfc2f240c4825ae609c0909672536db94,malware/d8c0d6e119a1a05f9ba28f99bea647ecfc2f240c4825ae609c0909672536db94.exe,1,virusshare
d8e61bbaf2dd16518b16c27b460125f96e24eb6c009de4281eebc3959cc76bae,malware/d8e61bbaf2dd16518b16c27b460125f96e24eb6c009de4281eebc3959cc76bae.exe,1,virusshare
d8e9091b959f8947598e47d7e34a377a3b50786f1dfa49a74974b9a4b7ba9675,malware/d8e9091b959f8947598e47d7e34a377a3b50786f1dfa49a74974b9a4b7ba9675.exe,1,virusshare
d9447c43c0b43c45b6e6bd037f0298ad326e2cfca9c02312c6d864ca19ec0cf6,malware/d9447c43c0b43c45b6e6bd037f0298ad326e2cfca9c02312c6d864ca19ec0cf6.exe,1,virusshare
d9bfc43e070326338e54c7ee9a3812fe94eb7c869f1b16572dd5633e6daa2f3c,malware/d9bfc43e070326338e54c7ee9a3812fe94eb7c869f1b16572dd5633e6daa2f3c.dll,1,virusshare
d9eca99785298fc0b9b5c63193ae8787cecda3e984cbfab6543ab2853469d9ef,malware/d9eca99785298fc0b9b5c63193ae8787cecda3e984cbfab6543ab2853469d9ef.exe,1,virusshare
da1798c0a49b991fbda674f02007b0a3be4703e2b07ee540539db7e5bf983278,malware/da1798c0a49b991fbda674f02007b0a3be4703e2b07ee540539db7e5bf983278.exe,1,malware_database
da1f706d8e4651ffa6860643451f273a5a6713955100cc2d977a74192d07d191,malware/da1f706d8e4651ffa6860643451f273a5a6713955100cc2d977a74192d07d191.exe,1,virusshare
da40bd4f7d22061e1f81bbed0d34dc53fa6770f0acb8f1ab8206d18e14645697,malware/da40bd4f7d22061e1f81bbed0d34dc53fa6770f0acb8f1ab8206d18e14645697.exe,1,virusshare
dad2d1ff923356695f5ae468c6bec0ac10ca1dd78f7b5ee4129688c6e34da8ad,malware/dad2d1ff923356695f5ae468c6bec0ac10ca1dd78f7b5ee4129688c6e34da8ad.exe,1,virusshare
daf8a88a35f24afa1db148234525650062492af42fa1c65cdbcf2a68d272d805,malware/daf8a88a35f24afa1db148234525650062492af42fa1c65cdbcf2a68d272d805.exe,1,virusshare
db11123c53145c83dbdb708708d759b8625545367e03ea7d8917fc0c4260461f,malware/db11123c53145c83dbdb708708d759b8625545367e03ea7d8917fc0c4260461f.exe,1,virusshare
db21c9e53d4bf1736e02a7e27afbc1b2e529c205231804a5d7afd0289e2f9dbd,malware/db21c9e53d4bf1736e02a7e27afbc1b2e529c205231804a5d7afd0289e2f9dbd.dll,1,virusshare
db3a2f6a0c6ca556c46e2d247294b447aa829a4ad5c1f864419626594581df18,malware/db3a2f6a0c6ca556c46e2d247294b447aa829a4ad5c1f864419626594581df18.exe,1,virusshare
db9fa3ea7715d5c988b20e581872c1076eb1da2f9cfb878163b9572cc62a3272,malware/db9fa3ea7715d5c988b20e581872c1076eb1da2f9cfb878163b9572cc62a3272.exe,1,virusshare
dc2057b13314257d34af45c27f9318b222d0257598fb77d497e20ac6b8886814,malware/dc2057b13314257d34af45c27f9318b222d0257598fb77d497e20ac6b8886814.exe,1,virusshare
dcf71e140644c822f6c386f3957d5005ac331ea2e7161d99927ccab8417bfe70,malware/dcf71e140644c822f6c386f3957d5005ac331ea2e7161d99927ccab8417bfe70.exe,1,virusshare
dd51d683386f7ab42078af7a826e5924eda4cc9a848ee4d60011b50fd9cec86d,malware/dd51d683386f7ab42078af7a826e5924eda4cc9a848ee4d60011b50fd9cec86d.dll,1,virusshare
ddae8423d62b7e35845294c6dbcdc847157c435c8cca7bb670864322b920ad5e,malware/ddae8423d62b7e35845294c6dbcdc847157c435c8cca7bb670864322b920ad5e.exe,1,virusshare
ddf5414a5059ccfcca27b90eedf1471aaec6d5772f6d6bff259cf1a8a1592687,malware/ddf5414a5059ccfcca27b90eedf1471aaec6d5772f6d6bff259cf1a8a1592687.exe,1,virusshare
de4bab92624629df081b5d8dade0ef38adbf0e231e5b35bf52e8b8f15a98e30c,malware/de4bab92624629df081b5d8dade0ef38adbf0e231e5b35bf52e8b8f15a98e30c.exe,1,virusshare
de7946cc43d370ce2590143ab52df4521e975eb617e6a5fda799d897878fae2d,malware/de7946cc43d370ce2590143ab52df4521e975eb617e6a5fda799d897878fae2d.exe,1,virusshare
de93351afab0209bb0da9810c771f635d0bccbcd9e3dff23ef405e52a55da58d,malware/de93351afab0209bb0da9810c771f635d0bccbcd9e3dff23ef405e52a55da58d.exe,1,virusshare
dea368d8f02ac972ba417e9ece69c23bff6861ba16324d9d7c5f46140542e563,malware/dea368d8f02ac972ba417e9ece69c23bff6861ba16324d9d7c5f46140542e563.exe,1,virusshare
df345317546db0071a00b3af40cb4cd7c03f79e3181b6dcd482421bceb27165c,malware/df345317546db0071a00b3af40cb4cd7c03f79e3181b6dcd482421bceb27165c.exe,1,virusshare
df75d66d3b28162f9261a8847b7c39de6d992bb266d13d977576ba6c72b02a1a,malware/df75d66d3b28162f9261a8847b7c39de6d992bb266d13d977576ba6c72b02a1a.exe,1,virusshare
e012f3f79c81c3969c3af3aa8ee1696923a2e1bc01013ac24b0b52d33134ffe8,malware/e012f3f79c81c3969c3af3aa8ee1696923a2e1bc01013ac24b0b52d33134ffe8.exe,1,virusshare
e03520794f00fb39ef3cfff012f72a5d03c60f89de28dbe69016f6ed151b5338,malware/e03520794f00fb39ef3cfff012f72a5d03c60f89de28dbe69016f6ed151b5338.exe,1,malware_database
e04c85cd4bffa1f5465ff62c9baf0b29b7b2faddf7362789013fbac8c90268bf,malware/e04c85cd4bffa1f5465ff62c9baf0b29b7b2faddf7362789013fbac8c90268bf.exe,1,malware_database
e0b5c4201ace1d6ae5fea50d6e04c264228f80e4afa3d9ffc6dcc29a3d63a1ba,malware/e0b5c4201ace1d6ae5fea50d6e04c264228f80e4afa3d9ffc6dcc29a3d63a1ba.exe,1,virusshare
e0c28ea28e4032299f9169317cbac69c41a0024b30c2196cc2f65b689796db69,malware/e0c28ea28e4032299f9169317cbac69c41a0024b30c2196cc2f65b689796db69.dll,1,virusshare
e0c39aa208ebcf46f251f80946523c37ec625bb2ca8d67b71e6289714e370d69,malware/e0c39aa208ebcf46f251f80946523c37ec625bb2ca8d67b71e6289714e370d69.exe,1,virusshare
e0d767c6e28067a96506bc4fafc5ae899b86d74d0e34987ca0c651f1bba028a0,malware/e0d767c6e28067a96506bc4fafc5ae899b86d74d0e34987ca0c651f1bba028a0.exe,1,virusshare
e0ebb7e8ac8881b708da1200eea20777d40bbc1c6f3d4c1f016f594ac8e97d75,malware/e0ebb7e8ac8881b708da1200eea20777d40bbc1c6f3d4c1f016f594ac8e97d75.dll,1,virusshare
e0f53d9c83f8c4eaaf642d94065fb3f314455940a472f2021cbbb7bdd1b73c79,malware/e0f53d9c83f8c4eaaf642d94065fb3f314455940a472f2021cbbb7bdd1b73c79.dll,1,virusshare
e108cef59b9481925f2dd5acd3c95eaf7a75a1509f0340ba8761c5e8d27e3b0f,malware/e108cef59b9481925f2dd5acd3c95eaf7a75a1509f0340ba8761c5e8d27e3b0f.exe,1,virusshare
e155a46687c2a5b7f0d6595f3610cfd484b1dfef57a28cb5d60e6e6a6d81850f,malware/e155a46687c2a5b7f0d6595f3610cfd484b1dfef57a28cb5d60e6e6a6d81850f.exe,1,malware_database
e188a50c61e68ccbc1d8866be576a6c2dadcf8ba95b1a912042eda015d36d1f1,malware/e188a50c61e68ccbc1d8866be576a6c2dadcf8ba95b1a912042eda015d36d1f1.exe,1,virusshare
e1a31f020e74770447d442eb704df9c6af8729ae089cfb6293f12d110fa849c5,malware/e1a31f020e74770447d442eb704df9c6af8729ae089cfb6293f12d110fa849c5.exe,1,virusshare
e1dfc005d5403fb2f356276f0abe19df68249ce10e5035450926d56c2f8d3652,malware/e1dfc005d5403fb2f356276f0abe19df68249ce10e5035450926d56c2f8d3652.exe,1,malware_database
e232cf51b8d3ce6fea832d0b40eb61b36616b77d97e744d03900689e14dbfde7,malware/e232cf51b8d3ce6fea832d0b40eb61b36616b77d97e744d03900689e14dbfde7.exe,1,virusshare
e24cdacf97ff26432238f10b4554eecc0c12ca5486d8089cd2726b986f1d41a5,malware/e24cdacf97ff26432238f10b4554eecc0c12ca5486d8089cd2726b986f1d41a5.exe,1,virusshare
e24d2924f0673c7d7ea0cc2105f8d355fe53b99a7bdb199de788db70b5643b42,malware/e24d2924f0673c7d7ea0cc2105f8d355fe53b99a7bdb199de788db70b5643b42.exe,1,virusshare
e2ac58365878a2dd819e030b5e004f81cc2cea1f3c163e5f6ae4d5e6b6e297dd,malware/e2ac58365878a2dd819e030b5e004f81cc2cea1f3c163e5f6ae4d5e6b6e297dd.exe,1,virusshare
e30b44e5580b864aa02797ced63a1c57529e51f6469bbc5d03cb7e5d3f44bf4e,malware/e30b44e5580b864aa02797ced63a1c57529e51f6469bbc5d03cb7e5d3f44bf4e.exe,1,virusshare
e38b16519e2b1a4aee0a70f659d8f661c5f4510bca08f7f14f33ac1ab4cb3b48,malware/e38b16519e2b1a4aee0a70f659d8f661c5f4510bca08f7f14f33ac1ab4cb3b48.exe,1,virusshare
e40e689535e6e81a216f2a9deb961afa23ae777ffc71c477f44f0e4487ce2bf4,malware/e40e689535e6e81a216f2a9deb961afa23ae777ffc71c477f44f0e4487ce2bf4.exe,1,virusshare
e49325473eaaa5923f76d2248dcf08de0fa965e38966c2ba77a720502e3a2772,malware/e49325473eaaa5923f76d2248dcf08de0fa965e38966c2ba77a720502e3a2772.exe,1,virusshare
e57b0099dffc98d81781e9304f486eb262cd235d4ae1ff03156a29f2a7ebd348,malware/e57b0099dffc98d81781e9304f486eb262cd235d4ae1ff03156a29f2a7ebd348.exe,1,virusshare
e68ebecd17bb8e91079bd4fe9bd24059a2bc007b4baac477127eda7c5d5c6706,malware/e68ebecd17bb8e91079bd4fe9bd24059a2bc007b4baac477127eda7c5d5c6706.exe,1,malware_database
e6adfa06ba269e75140c0cd1dae708332512ac942a3f2c95a40b8b9f7df6f50b,malware/e6adfa06ba269e75140c0cd1dae708332512ac942a3f2c95a40b8b9f7df6f50b.exe,1,virusshare
e6bea6e8724a814ec5af337e28bbd68db540490b5111a7d593e95e1b3d9be4dd,malware/e6bea6e8724a814ec5af337e28bbd68db540490b5111a7d593e95e1b3d9be4dd.exe,1,virusshare
e774b756c7bb0b6701763cd8a60b00664da1d85138eab419c9d3f3f9fe709ead,malware/e774b756c7bb0b6701763cd8a60b00664da1d85138eab419c9d3f3f9fe709ead.exe,1,virusshare
e77ae2795ab945554f17d5686bffdd9cda07305a0f382cf2496de9b581964353,malware/e77ae2795ab945554f17d5686bffdd9cda07305a0f382cf2496de9b581964353.exe,1,virusshare
e7add13a672b8d041177edb1c8283decba0ca1d53d6de500359a190fa47ca6a0,malware/e7add13a672b8d041177edb1c8283decba0ca1d53d6de500359a190fa47ca6a0.dll,1,virusshare
e864c5ad50c79ca894806abbf71361b30646c33db519025103edae879b88e2b6,malware/e864c5ad50c79ca894806abbf71361b30646c33db519025103edae879b88e2b6.exe,1,virusshare
e876429d53a967103595e559cbc7f26bb2f6f10d0fbc2f0b08a2f552d4c0cd2e,malware/e876429d53a967103595e559cbc7f26bb2f6f10d0fbc2f0b08a2f552d4c0cd2e.exe,1,virusshare
e91f6e83815a8daaa9bd0fd5869405cf7e79ec2af854f89ffca1231866e0a8bd,malware/e91f6e83815a8daaa9bd0fd5869405cf7e79ec2af854f89ffca1231866e0a8bd.dll,1,virusshare
e92ae67c6f79a10fcddeaf1a72ce543022877e6156e119480b8629e6a7f5eb65,malware/e92ae67c6f79a10fcddeaf1a72ce543022877e6156e119480b8629e6a7f5eb65.exe,1,virusshare
e92b9a61eb1ea05d7a96ed1420ef8be4613909f3df967ec4acb8c97053f12bf6,malware/e92b9a61eb1ea05d7a96ed1420ef8be4613909f3df967ec4acb8c97053f12bf6.exe,1,virusshare
e9db13e9d83da6a4f254dd07ac7848b6a99ec36b2be1430b0aa0a7c468d1f905,malware/e9db13e9d83da6a4f254dd07ac7848b6a99ec36b2be1430b0aa0a7c468d1f905.exe,1,virusshare
ea0a5854aa6e91ebe816d256f34f820697a92d86b4f81e8855c84daeed40b9d4,malware/ea0a5854aa6e91ebe816d256f34f820697a92d86b4f81e8855c84daeed40b9d4.exe,1,malware_database
ebf33f5393fee68689d188f6b75a1369033314993f8a28bd53c68f9578d8f828,malware/ebf33f5393fee68689d188f6b75a1369033314993f8a28bd53c68f9578d8f828.exe,1,virusshare
ece3cfdb75aaabc570bf38af6f4653f73101c1641ce78a4bb146e62d9ac0cd50,malware/ece3cfdb75aaabc570bf38af6f4653f73101c1641ce78a4bb146e62d9ac0cd50.dll,1,malware_database
ecf447d030354ae21c3523ca917de919154efba2e1b49ec812aa70c059525b55,malware/ecf447d030354ae21c3523ca917de919154efba2e1b49ec812aa70c059525b55.exe,1,virusshare
eda07d326202280d1bcf7e7e7d203e0f1364521eff8cb81c842b910a54ec7fa3,malware/eda07d326202280d1bcf7e7e7d203e0f1364521eff8cb81c842b910a54ec7fa3.exe,1,virusshare
edb2de551dc51028b5a051df826934e57351e18a100888a9d25c43ec6968cd7f,malware/edb2de551dc51028b5a051df826934e57351e18a100888a9d25c43ec6968cd7f.exe,1,virusshare
ee61c14d6293beb53819433d6ea5b6150066cadac62af44842eb5ca86a7d6201,malware/ee61c14d6293beb53819433d6ea5b6150066cadac62af44842eb5ca86a7d6201.exe,1,virusshare
ee9275bbf86f24419f44d4939c3734045dab253c482e2b10cf59f9ac1d576ce0,malware/ee9275bbf86f24419f44d4939c3734045dab253c482e2b10cf59f9ac1d576ce0.exe,1,virusshare
eef36061f59d054c5b4c570d90c4dfb8dcc9ecc640cce3f459c5a1ad1ac8c7cf,malware/eef36061f59d054c5b4c570d90c4dfb8dcc9ecc640cce3f459c5a1ad1ac8c7cf.exe,1,virusshare
ef5ed22911004b54f52a266e7dad2c401f011d1fcc11fa4fc48e2511b4a78022,malware/ef5ed22911004b54f52a266e7dad2c401f011d1fcc11fa4fc48e2511b4a78022.exe,1,virusshare
ef878461a149024f3065121ff4e165731ecabef1b94b0b3ed2eda010ad39202b,malware/ef878461a149024f3065121ff4e165731ecabef1b94b0b3ed2eda010ad39202b.exe,1,malware_database
efb67be90882ded2d3e53e463ae175a4b4b5229ca6929b835fa7dd4687801144,malware/efb67be90882ded2d3e53e463ae175a4b4b5229ca6929b835fa7dd4687801144.exe,1,malware_database
f00cbe4864705f83db12bc0c3a8abb487c5762bdc27bf705e7cc6440d040feff,malware/f00cbe4864705f83db12bc0c3a8abb487c5762bdc27bf705e7cc6440d040feff.exe,1,virusshare
f029ef40a2ce35fd5997ca702f82d2366cf0901b3a5a6b49a02e3d4326a03429,malware/f029ef40a2ce35fd5997ca702f82d2366cf0901b3a5a6b49a02e3d4326a03429.dll,1,virusshare
f0afa0d0d09fd95b91d3a0a1061952b75da5c2e31cd40881398af699e3f4afa3,malware/f0afa0d0d09fd95b91d3a0a1061952b75da5c2e31cd40881398af699e3f4afa3.exe,1,virusshare
f174f000ed7bc4c33955d76010c146ac6eaf16728445cc23f3712a23491ce35e,malware/f174f000ed7bc4c33955d76010c146ac6eaf16728445cc23f3712a23491ce35e.exe,1,virusshare
f18bd235461e9f9110f76033479ea2bf0c311f50e6068ffcf76f5e5fbadcec55,malware/f18bd235461e9f9110f76033479ea2bf0c311f50e6068ffcf76f5e5fbadcec55.exe,1,virusshare
f250a3c801ff5471f880794e3b7be38d31f34814e4128c7058acc29e6be5921f,malware/f250a3c801ff5471f880794e3b7be38d31f34814e4128c7058acc29e6be5921f.exe,1,virusshare
f260d7f0cfa965e03f4f9652ed9b9f8f94c7aaef52c261f4b568ea4b0464eaf0,malware/f260d7f0cfa965e03f4f9652ed9b9f8f94c7aaef52c261f4b568ea4b0464eaf0.dll,1,virusshare
f2a736ddcd13d95ef0f7e939cfbdb03de85dddb56f372df3b7645396f29e777e,malware/f2a736ddcd13d95ef0f7e939cfbdb03de85dddb56f372df3b7645396f29e777e.exe,1,virusshare
f334bbf1b031763ed94a6b5e4d87c1d15ac7e1253124b31e06a574808399d316,malware/f334bbf1b031763ed94a6b5e4d87c1d15ac7e1253124b31e06a574808399d316.exe,1,virusshare
f425721804178b47db3a5b9ef9636481d6b354511cc4652476e12a71ebdf3b72,malware/f425721804178b47db3a5b9ef9636481d6b354511cc4652476e12a71ebdf3b72.exe,1,virusshare
f46c2a577cbf57a73fb408055891ffa700a61f28746146c76dcdfc7db3544aad,malware/f46c2a577cbf57a73fb408055891ffa700a61f28746146c76dcdfc7db3544aad.exe,1,virusshare
f4a032268bcb1794cbd01cdb7438761f43f79966c751116beeaad8157b272ad6,malware/f4a032268bcb1794cbd01cdb7438761f43f79966c751116beeaad8157b272ad6.exe,1,virusshare
f4a87865ed0cd05ec21ba457f115ecf227dead3cc51faa519001f74133992c9b,malware/f4a87865ed0cd05ec21ba457f115ecf227dead3cc51faa519001f74133992c9b.exe,1,virusshare
f5c32acc2ebb67dd67068e84958ecd2915b7d0c578a8a1183516c1d2abd6f7e8,malware/f5c32acc2ebb67dd67068e84958ecd2915b7d0c578a8a1183516c1d2abd6f7e8.exe,1,virusshare
f5d002bfe80b48386a6c99c41528931b7f5df736cd34094463c3f85dde0180bf,malware/f5d002bfe80b48386a6c99c41528931b7f5df736cd34094463c3f85dde0180bf.exe,1,malware_database
f7caac4912b9c34a9dd0ce99c91899ce6a24d3ded02d0321d21ac85defc46c34,malware/f7caac4912b9c34a9dd0ce99c91899ce6a24d3ded02d0321d21ac85defc46c34.exe,1,virusshare
f8f7b5f20ca57c61df6dc8ff49f2f5f90276a378ec17397249fdc099a6e1dcd8,malware/f8f7b5f20ca57c61df6dc8ff49f2f5f90276a378ec17397249fdc099a6e1dcd8.exe,1,malware_database
f9a4b0207c03f903bb04a67f7dd132e9bea450a228109e450bf25f117b03812e,malware/f9a4b0207c03f903bb04a67f7dd132e9bea450a228109e450bf25f117b03812e.exe,1,virusshare
f9a69d6ea488ae0064d9de501d42680afbd2e72dbeaee0507816d46af6e68908,malware/f9a69d6ea488ae0064d9de501d42680afbd2e72dbeaee0507816d46af6e68908.exe,1,virusshare
f9f74763a29cf659a72ef9512e1aed002b8bb6dab752b9e63915cda5d84fdc00,malware/f9f74763a29cf659a72ef9512e1aed002b8bb6dab752b9e63915cda5d84fdc00.exe,1,virusshare
fa1784004f4b48fb14dbf77215b19127515eee9b01517488c4a095428a9c506b,malware/fa1784004f4b48fb14dbf77215b19127515eee9b01517488c4a095428a9c506b.exe,1,virusshare
fa2a9561a0cfc535908b8b39168391d4f87c685e8d95f52a51d194cc7264ba37,malware/fa2a9561a0cfc535908b8b39168391d4f87c685e8d95f52a51d194cc7264ba37.exe,1,malware_database
fa6e959fc28a59b39dac1137abc2226fa65fe1c89318ad06c7df278adf4a3866,malware/fa6e959fc28a59b39dac1137abc2226fa65fe1c89318ad06c7df278adf4a3866.exe,1,virusshare
fa83a8293d34c6b8f55c777534b7117391b8d907e2d716b6c3cca985087246bf,malware/fa83a8293d34c6b8f55c777534b7117391b8d907e2d716b6c3cca985087246bf.exe,1,virusshare
fb5b86bebdc509c90e659f1e0cc978beeef050212ebb48205ea42e2a69329e04,malware/fb5b86bebdc509c90e659f1e0cc978beeef050212ebb48205ea42e2a69329e04.exe,1,virusshare
fb66864441e02458fe969893291fe9ce5c1197e6178c85f1952d3e3eb42b09ac,malware/fb66864441e02458fe969893291fe9ce5c1197e6178c85f1952d3e3eb42b09ac.exe,1,virusshare
fb6794f6041a17e2d99c7181f9ad965ef5a7687ef7444dfae85aa7bceb2d6628,malware/fb6794f6041a17e2d99c7181f9ad965ef5a7687ef7444dfae85aa7bceb2d6628.exe,1,virusshare
fba4ac71da59e5d1d798ee12c851833c7a0b8ab1ac941ffdbf26bd5f068ba9ae,malware/fba4ac71da59e5d1d798ee12c851833c7a0b8ab1ac941ffdbf26bd5f068ba9ae.exe,1,virusshare
fbd909e536cabc95aa2949845caae33cfd56d3bf69fe342f10b0dab875f32e55,malware/fbd909e536cabc95aa2949845caae33cfd56d3bf69fe342f10b0dab875f32e55.exe,1,virusshare
fc2ced1d89845dcfae55b6e854cd0e622fdf98baeeb4a67a60852ecd1212f93b,malware/fc2ced1d89845dcfae55b6e854cd0e622fdf98baeeb4a67a60852ecd1212f93b.exe,1,malware_database
fc6ff4927f5e4e6be13c3f58425fea89b6087f50c6b6072175b9864c1a819c65,malware/fc6ff4927f5e4e6be13c3f58425fea89b6087f50c6b6072175b9864c1a819c65.exe,1,virusshare
fca34d32cb0351193b0fda84ca1b2539e905fddcb0d99375d04b3a3f09322f84,malware/fca34d32cb0351193b0fda84ca1b2539e905fddcb0d99375d04b3a3f09322f84.exe,1,virusshare
fca50ad3008ee31104cbbf42306e28f6f480f37a0c298db54ad46f0291a0d1f6,malware/fca50ad3008ee31104cbbf42306e28f6f480f37a0c298db54ad46f0291a0d1f6.exe,1,virusshare
fdd0b8bec60555f6b911f1ef5df846d92ffdded18a4bb735cb9b260c019d5629,malware/fdd0b8bec60555f6b911f1ef5df846d92ffdded18a4bb735cb9b260c019d5629.exe,1,virusshare
fe01b3f4c376de35fe9603636c862462940d5a8ae3f2f561fed09388c56d060c,malware/fe01b3f4c376de35fe9603636c862462940d5a8ae3f2f561fed09388c56d060c.exe,1,virusshare
fe8d19b219e7ea3cf17d747932ecba2a45ca5fe0573870f7f0fe31c7726b074c,malware/fe8d19b219e7ea3cf17d747932ecba2a45ca5fe0573870f7f0fe31c7726b074c.exe,1,malware_database
ff06ffa2a58f5ceb87276966210f9d74894de71fc314a614e8972d43bc436630,malware/ff06ffa2a58f5ceb87276966210f9d74894de71fc314a614e8972d43bc436630.exe,1,virusshare
ff95e48207996444fe6ae81f3906bc2de97e43a3511bc4600c34075592b12ece,malware/ff95e48207996444fe6ae81f3906bc2de97e43a3511bc4600c34075592b12ece.exe,1,virusshare
005032cbc39e610b3e2e99239bc685279ddc806a97318f05fbe749c3c071095c,benign/005032cbc39e610b3e2e99239bc685279ddc806a97318f05fbe749c3c071095c.dll,0,existing_benign
0178719aa0855ee5be07df71d86122dab245131778a32b3a2ffc8768b67fde79,benign/0178719aa0855ee5be07df71d86122dab245131778a32b3a2ffc8768b67fde79.exe,0,existing_benign
01d6f2d8b3e5fd79e00e386925f7905851a6cd39dc808d42d18035ec6019e790,benign/01d6f2d8b3e5fd79e00e386925f7905851a6cd39dc808d42d18035ec6019e790.dll,0,existing_benign
0259a17efcc59513ff9d3a45a78aad511ce547b5c3b544c4a713cdf331d93fe5,benign/0259a17efcc59513ff9d3a45a78aad511ce547b5c3b544c4a713cdf331d93fe5.exe,0,existing_benign
02b70950accb922a66593f33c9ba6f6e85ec77e413a608cdc55fdbb7b73b0a03,benign/02b70950accb922a66593f33c9ba6f6e85ec77e413a608cdc55fdbb7b73b0a03.exe,0,generated_win32_api
049663fb8b8d85e77abd010ce7dae83c5f10f1d9de4413f508260bf37dc4dc15,benign/049663fb8b8d85e77abd010ce7dae83c5f10f1d9de4413f508260bf37dc4dc15.exe,0,existing_benign
05f038082bc62017078c4183d147551d1695cf326d8ffecf74960ca270fa480d,benign/05f038082bc62017078c4183d147551d1695cf326d8ffecf74960ca270fa480d.exe,0,existing_benign
05fe039ae69830159feeb1ef2695344d132d2509ac5b712ee6b9d56f9a0ec76d,benign/05fe039ae69830159feeb1ef2695344d132d2509ac5b712ee6b9d56f9a0ec76d.exe,0,existing_benign
06099ff2cd3c07315e1d47d1e6c1bb7caa6166c079af2265674f0dce3a2e8294,benign/06099ff2cd3c07315e1d47d1e6c1bb7caa6166c079af2265674f0dce3a2e8294.exe,0,existing_benign
064303cb048db01e3b233a501392ce6ed158e34c75e8202b58ca553a3c18f497,benign/064303cb048db01e3b233a501392ce6ed158e34c75e8202b58ca553a3c18f497.exe,0,existing_benign
0697a4aac682e2256aad447e21646967dfa1da574173779e77208fdf5d9f699b,benign/0697a4aac682e2256aad447e21646967dfa1da574173779e77208fdf5d9f699b.exe,0,existing_benign
07140635c6db7e963b9726b47aa480f2367745ed66190f517a6ef700bccad68c,benign/07140635c6db7e963b9726b47aa480f2367745ed66190f517a6ef700bccad68c.exe,0,existing_benign
077a5c96cfd8644425f870444b604bfe3aa62587073fd85a4dc75244775b99ab,benign/077a5c96cfd8644425f870444b604bfe3aa62587073fd85a4dc75244775b99ab.exe,0,dike_batch7
077f6a102329e2a1da967fd3350981d2eb9c169a3c00408fe0c6ed9c0a8d1a7c,benign/077f6a102329e2a1da967fd3350981d2eb9c169a3c00408fe0c6ed9c0a8d1a7c.exe,0,dike_batch7
08108ba453bc6222f93d236b3f29265aebd8b286b2f7d29de588db6a23dce550,benign/08108ba453bc6222f93d236b3f29265aebd8b286b2f7d29de588db6a23dce550.exe,0,dike_batch7
081529ae6785cf10838b4e9417c42935f10793f8acab6277b5c4821b390585e3,benign/081529ae6785cf10838b4e9417c42935f10793f8acab6277b5c4821b390585e3.exe,0,dike_batch7
081aade59f3bb97e12670d29c486ae14c0b38884618863266526d1b9ef5dbfda,benign/081aade59f3bb97e12670d29c486ae14c0b38884618863266526d1b9ef5dbfda.exe,0,generated_win32_api
084a953b081ce37c5992a950f0cacbb37d2ef249027d58f7a984b0ca4993671b,benign/084a953b081ce37c5992a950f0cacbb37d2ef249027d58f7a984b0ca4993671b.exe,0,existing_benign
085022d4c07b38e1cd0f2d08e91869ccbf4e896c1618b26053f08fb60b515bb9,benign/085022d4c07b38e1cd0f2d08e91869ccbf4e896c1618b26053f08fb60b515bb9.exe,0,existing_benign
0870427abd1abed648dc11a26ca4c8024bfff75cc23194bc115a9a98c32e7915,benign/0870427abd1abed648dc11a26ca4c8024bfff75cc23194bc115a9a98c32e7915.exe,0,existing_benign
08805d42f83cab69e6b93d9717da43d4d61892942b2573e45ec0e97adc6b506e,benign/08805d42f83cab69e6b93d9717da43d4d61892942b2573e45ec0e97adc6b506e.exe,0,dike_batch7
089509b99abf743c2553d15db963caf73aab03103fa613ccdd2c86c8bc015a92,benign/089509b99abf743c2553d15db963caf73aab03103fa613ccdd2c86c8bc015a92.exe,0,existing_benign
08acd0896b4a7f7b725c09cbf8200a519eb70bf816d2aa04ff499c4497281de7,benign/08acd0896b4a7f7b725c09cbf8200a519eb70bf816d2aa04ff499c4497281de7.exe,0,existing_benign
08bda12a7e429856243c725f256ff02f3e0c2a7dd6e81ac9fd4239c9c7771627,benign/08bda12a7e429856243c725f256ff02f3e0c2a7dd6e81ac9fd4239c9c7771627.exe,0,existing_benign
08bf892562a748f1582b00283d8f15ec6f9a2f252c7ba95c2b55fbc60abfbd49,benign/08bf892562a748f1582b00283d8f15ec6f9a2f252c7ba95c2b55fbc60abfbd49.exe,0,dike_batch7
0901808e159e5451c16dadf667f3654ff20c17ff04f37d9ce034e3b66e05cb73,benign/0901808e159e5451c16dadf667f3654ff20c17ff04f37d9ce034e3b66e05cb73.exe,0,existing_benign
09406b91378fc3c678027e59620f8feab844edefa3c0a2b045f6ffa3d526742f,benign/09406b91378fc3c678027e59620f8feab844edefa3c0a2b045f6ffa3d526742f.exe,0,existing_benign
0945da9d00b2629379df481a2be0d9d420c05a727ec2dcbc16255acfd76a8cb3,benign/0945da9d00b2629379df481a2be0d9d420c05a727ec2dcbc16255acfd76a8cb3.exe,0,dike_batch3
09555a61fdb2c8a00399c0739279365caae9840f3608addda6637386d4264378,benign/09555a61fdb2c8a00399c0739279365caae9840f3608addda6637386d4264378.exe,0,existing_benign
09ad453c92297ac4ff61ec8508a0ae8a267fb1b5ca314b42871b61884b91b599,benign/09ad453c92297ac4ff61ec8508a0ae8a267fb1b5ca314b42871b61884b91b599.exe,0,existing_benign
0a2027ea20fd995fd41fbe1a6e6a361dbdc09a83741f1d9e928eddf50030c6b3,benign/0a2027ea20fd995fd41fbe1a6e6a361dbdc09a83741f1d9e928eddf50030c6b3.exe,0,dike_batch3
0a464a3765ffc0c23cf47345bf1185426af8e6b5711e015ca18027afcac2f2e0,benign/0a464a3765ffc0c23cf47345bf1185426af8e6b5711e015ca18027afcac2f2e0.exe,0,dike_batch3
0a5f73ef16805bfcad0c75b7edb3e850420d884ef12da80aaa21f5ce028b4e0b,benign/0a5f73ef16805bfcad0c75b7edb3e850420d884ef12da80aaa21f5ce028b4e0b.exe,0,existing_benign
0a8deb24eef193e13c691190758c349776eab1cd65fba7b5dae77c7ee9fcc906,benign/0a8deb24eef193e13c691190758c349776eab1cd65fba7b5dae77c7ee9fcc906.exe,0,dike_batch3
0b2b6d0830356c9e5d17196220d7638859e1839d9c44327652f6d618b639ca00,benign/0b2b6d0830356c9e5d17196220d7638859e1839d9c44327652f6d618b639ca00.exe,0,existing_benign
0b65c9b63092c96fc737ef39a1f05e437d5bbe57f0ca2bc634a14a34a92ebcb4,benign/0b65c9b63092c96fc737ef39a1f05e437d5bbe57f0ca2bc634a14a34a92ebcb4.exe,0,dike_batch3
0b832ebbd0d324e28292d883ad532fd64a344c82360cf7fa052b4028559b4427,benign/0b832ebbd0d324e28292d883ad532fd64a344c82360cf7fa052b4028559b4427.exe,0,dike_batch3
0baad631c2f9eddb6e7d6b9abb43a5ce950515b9569c5d15aadbd1ba5725e131,benign/0baad631c2f9eddb6e7d6b9abb43a5ce950515b9569c5d15aadbd1ba5725e131.exe,0,existing_benign
0baff73e1c19bc77c5f594656fc3fb972727f4872be2825081fc79bf5fc679f4,benign/0baff73e1c19bc77c5f594656fc3fb972727f4872be2825081fc79bf5fc679f4.exe,0,existing_benign
0be00b72a65e558aa92a4f197663f3496b2a3ceaa5f77bafe309727141ad77af,benign/0be00b72a65e558aa92a4f197663f3496b2a3ceaa5f77bafe309727141ad77af.exe,0,dike_batch3
0bf9cfc88d56b52982655b56d577f69d2ee4b136908684015001c52c64f0a84b,benign/0bf9cfc88d56b52982655b56d577f69d2ee4b136908684015001c52c64f0a84b.exe,0,dike_batch3
0c1134c20c7f2a20eeda30f998c5e70336e56fa1fde05434028d97f3eeb31c33,benign/0c1134c20c7f2a20eeda30f998c5e70336e56fa1fde05434028d97f3eeb31c33.exe,0,dike_batch3
0c8af4bbf3e29c4ab7dd8372725a931985b669d15b82615ab05838ed348bf558,benign/0c8af4bbf3e29c4ab7dd8372725a931985b669d15b82615ab05838ed348bf558.exe,0,dike_batch3
0c94a7f27f960762b45f93b42a6af4e1b14c2eea0fa9c893cd437abe85e97f1b,benign/0c94a7f27f960762b45f93b42a6af4e1b14c2eea0fa9c893cd437abe85e97f1b.exe,0,existing_benign
0c9baed0badb2431a9b173609d3990ccbba7cba4455ba0e8ebe6267d8b4ae3ef,benign/0c9baed0badb2431a9b173609d3990ccbba7cba4455ba0e8ebe6267d8b4ae3ef.exe,0,dike_batch3
0d23b6f46e848a65911518e6658488070a7462cd605cfc3737a6bb1ef71cceac,benign/0d23b6f46e848a65911518e6658488070a7462cd605cfc3737a6bb1ef71cceac.exe,0,dike_batch3
0d8d47b0b0bf9291e01f426782ba721d5be30ea9b2547f315c7ca48c367b2aa9,benign/0d8d47b0b0bf9291e01f426782ba721d5be30ea9b2547f315c7ca48c367b2aa9.exe,0,dike_batch3
0db49b91804cdc30b301e0cb42ac19b1db4d13467bbd66444abfcdac2da4f6b6,benign/0db49b91804cdc30b301e0cb42ac19b1db4d13467bbd66444abfcdac2da4f6b6.exe,0,dike_batch3
0de494067cae74fe857afe2a514c23f6edf4ec34f5a0c8bb386746193dc82a80,benign/0de494067cae74fe857afe2a514c23f6edf4ec34f5a0c8bb386746193dc82a80.exe,0,existing_benign
0dfd9b9733913d7e1fc1ca19798b9ed57c2d4138ae5fa1ad9c6e12f1dee7062c,benign/0dfd9b9733913d7e1fc1ca19798b9ed57c2d4138ae5fa1ad9c6e12f1dee7062c.exe,0,dike_batch3
0e24d83a815a402b65e84073f0c28fcb58372def459a1a0e35099e53253a6fbd,benign/0e24d83a815a402b65e84073f0c28fcb58372def459a1a0e35099e53253a6fbd.exe,0,existing_benign
0e3de1806def011049d011b07a3a012cecce53cac8ff49f52ecf6db96aa0dcdc,benign/0e3de1806def011049d011b07a3a012cecce53cac8ff49f52ecf6db96aa0dcdc.exe,0,dike_batch3
0e69c9e8e2447ea2c355e3daa30c1697427fe40748a0daabf2d996ab254e89cf,benign/0e69c9e8e2447ea2c355e3daa30c1697427fe40748a0daabf2d996ab254e89cf.exe,0,dike_batch3
0e73886d15f788471581cbf3864703206fd96eb79e4683ffa332463507fdcda4,benign/0e73886d15f788471581cbf3864703206fd96eb79e4683ffa332463507fdcda4.exe,0,dike_batch3
0eb2c59554203af473bc77aa31c9a9d3c94dd73b89f8b729f4d740486daa5e6b,benign/0eb2c59554203af473bc77aa31c9a9d3c94dd73b89f8b729f4d740486daa5e6b.exe,0,existing_benign
0fb36938fee6711d0b729f44df4ef1292706f856c47ae5d2b301ee1b5a844dce,benign/0fb36938fee6711d0b729f44df4ef1292706f856c47ae5d2b301ee1b5a844dce.exe,0,existing_benign
0fbcedf08d9e262137afba702687b2de15822149e4a282b9249907134e5ef151,benign/0fbcedf08d9e262137afba702687b2de15822149e4a282b9249907134e5ef151.exe,0,dike_batch3
0fbe33fb688bc8b21db405ffc08f696f5eea215264952fb41027be527da384e7,benign/0fbe33fb688bc8b21db405ffc08f696f5eea215264952fb41027be527da384e7.exe,0,dike_batch3
0fe87602f6f2a6dd5acf209eea81ec0555fe1e02d6f781299724238b4cb2e2c1,benign/0fe87602f6f2a6dd5acf209eea81ec0555fe1e02d6f781299724238b4cb2e2c1.exe,0,dike_batch3
0ff0a7429ebd5f19eac9fef4504d12c2b2b66a2b060de1c25d6e8fd08262f6d9,benign/0ff0a7429ebd5f19eac9fef4504d12c2b2b66a2b060de1c25d6e8fd08262f6d9.exe,0,dike_batch3
103359c8ceb3fb7753e22f1b953a5ad7717eb89ecf699fe6fa827d2bca56f7c0,benign/103359c8ceb3fb7753e22f1b953a5ad7717eb89ecf699fe6fa827d2bca56f7c0.exe,0,dike_batch3
10ca3ab7ad3a1a39fc0e56287a16a0a69bbfc3ef2770761f54c46108685962bd,benign/10ca3ab7ad3a1a39fc0e56287a16a0a69bbfc3ef2770761f54c46108685962bd.dll,0,existing_benign
10cfee2da8c02724184a60a0bf386df8ac988ca498dd39a64cdca65a58dd320a,benign/10cfee2da8c02724184a60a0bf386df8ac988ca498dd39a64cdca65a58dd320a.exe,0,dike_batch3
10ddc91db7463138fee1d01c97d4b540168557dad58e2dfee8cb1393497bde3a,benign/10ddc91db7463138fee1d01c97d4b540168557dad58e2dfee8cb1393497bde3a.exe,0,dike_batch3
10f8f6bd0af6f336c65d42a69cb40ce1df2ad888e2cbda6e9d4abdbef1693720,benign/10f8f6bd0af6f336c65d42a69cb40ce1df2ad888e2cbda6e9d4abdbef1693720.exe,0,existing_benign
10feeb1b0fde32e0d3699bb8bb8558fafb03da45b7d204dd5b7200439a39cf2f,benign/10feeb1b0fde32e0d3699bb8bb8558fafb03da45b7d204dd5b7200439a39cf2f.exe,0,dike_batch3
11a1f22cc5614d2f8c58e698da5616f94805b5f9a4cd24d5433ea3d9aa3cfe02,benign/11a1f22cc5614d2f8c58e698da5616f94805b5f9a4cd24d5433ea3d9aa3cfe02.exe,0,dike_batch3
11bee4871c645e47398ce5601beae7971aa1f1223cd56a6a55d3791bb37e2649,benign/11bee4871c645e47398ce5601beae7971aa1f1223cd56a6a55d3791bb37e2649.exe,0,generated_win32_api
120278154abac09fdcbb30fa6444dc13224373bf8d42d2c3fa40ecdf5c308757,benign/120278154abac09fdcbb30fa6444dc13224373bf8d42d2c3fa40ecdf5c308757.exe,0,dike_batch3
1217e3eeceb14ec67b66f0af056733efd7f9ea00213c420bded8d76d6ca80184,benign/1217e3eeceb14ec67b66f0af056733efd7f9ea00213c420bded8d76d6ca80184.exe,0,dike_batch3
12282bd600cb9546b2b59fc21ef5ce6e457f65714a12eecc81c827d6d30ed0d7,benign/12282bd600cb9546b2b59fc21ef5ce6e457f65714a12eecc81c827d6d30ed0d7.exe,0,existing_benign
1232ef4c8b3eb1e38cd6df07d609470f8efe129625ad29dc27aa93848e7dfb8c,benign/1232ef4c8b3eb1e38cd6df07d609470f8efe129625ad29dc27aa93848e7dfb8c.exe,0,dike_batch3
12583e6a823028d30f25a31bf950a22281e8fe0e751df565bdb82545ba787533,benign/12583e6a823028d30f25a31bf950a22281e8fe0e751df565bdb82545ba787533.exe,0,dike_batch3
127982e6d3fb69fff13152b20d3f87f922821140b588c0d4571557e641fcbcbf,benign/127982e6d3fb69fff13152b20d3f87f922821140b588c0d4571557e641fcbcbf.exe,0,existing_benign
1296acd35b7b7c0754e887430518b65c3a9efb89f111961a852806a07055d344,benign/1296acd35b7b7c0754e887430518b65c3a9efb89f111961a852806a07055d344.exe,0,dike_batch3
12ad04a7c16daf4830bd62659a74eb237edca55c90e7a67f63e47d37398bc52b,benign/12ad04a7c16daf4830bd62659a74eb237edca55c90e7a67f63e47d37398bc52b.exe,0,existing_benign
12d3e106489c6a0e0dcda41643bb3d9c4e3399a7bd77dcb24b14a0b3f3c05e78,benign/12d3e106489c6a0e0dcda41643bb3d9c4e3399a7bd77dcb24b14a0b3f3c05e78.exe,0,existing_benign
132b4047c9e4ff510b3bbd9db9c1a716f7adf2643cd69d379c6caefc4768c66e,benign/132b4047c9e4ff510b3bbd9db9c1a716f7adf2643cd69d379c6caefc4768c66e.exe,0,existing_benign
1341f06c94f78bbcdf95ee91d7ad34a2bc9e4b745c3f82b5b406d1e11122e8fb,benign/1341f06c94f78bbcdf95ee91d7ad34a2bc9e4b745c3f82b5b406d1e11122e8fb.exe,0,existing_benign
135dc9f5bb1d8d0db8eef35388d5e2342c1cfbb4922322bc4f183b553717a23c,benign/135dc9f5bb1d8d0db8eef35388d5e2342c1cfbb4922322bc4f183b553717a23c.exe,0,existing_benign
1427a1fbdc06e9942fccb80431261c4d145a53978f4c466a1ad6373b828a863a,benign/1427a1fbdc06e9942fccb80431261c4d145a53978f4c466a1ad6373b828a863a.exe,0,dike_batch3
146c84dd9ac5971be48fb0683b6f3c52fcad3a45d3ef241c9aa608bb0916289e,benign/146c84dd9ac5971be48fb0683b6f3c52fcad3a45d3ef241c9aa608bb0916289e.exe,0,existing_benign
147192b01741bc0862d13b7d9c47345d04962e9b26a9abb5a606256131f85a0d,benign/147192b01741bc0862d13b7d9c47345d04962e9b26a9abb5a606256131f85a0d.exe,0,dike_batch3
14e64436677fdd74a0e1923f7b2a10d191620e16f1fa6069805ab034b8ff09df,benign/14e64436677fdd74a0e1923f7b2a10d191620e16f1fa6069805ab034b8ff09df.exe,0,dike_batch3
152fd67b64bd389629406fb8cd1caf0d20b4581eb4a7ace00b987337b06590cd,benign/152fd67b64bd389629406fb8cd1caf0d20b4581eb4a7ace00b987337b06590cd.exe,0,existing_benign
154c8fa7838ebe26a3dd69f092c7a28073f6b3ee7fdcda1e7bb1d95932ee2c02,benign/154c8fa7838ebe26a3dd69f092c7a28073f6b3ee7fdcda1e7bb1d95932ee2c02.exe,0,existing_benign
155375bf02e4cf36dbe0db6eec3e39f35958fb13283d09a20b758539f490a780,benign/155375bf02e4cf36dbe0db6eec3e39f35958fb13283d09a20b758539f490a780.exe,0,dike_batch3
1566460d4c89f8a26fcde4b0fd4f70d7ccbf873dbeaf5f52e44f96a45c0e3807,benign/1566460d4c89f8a26fcde4b0fd4f70d7ccbf873dbeaf5f52e44f96a45c0e3807.exe,0,dike_batch3
1629630cf717f6abe87bd15813ff693441ea6ea32785c08eb88fe82c9e05f45f,benign/1629630cf717f6abe87bd15813ff693441ea6ea32785c08eb88fe82c9e05f45f.exe,0,dike_batch3
1677d160b38b55b8e27e0c012a5ebb1a2ac34d87e515ca82412d9d3465507d80,benign/1677d160b38b55b8e27e0c012a5ebb1a2ac34d87e515ca82412d9d3465507d80.exe,0,dike_batch3
17159e21d4927bcb1e249a0f6cade3934488af0717ee007bc78a0e5b13e46595,benign/17159e21d4927bcb1e249a0f6cade3934488af0717ee007bc78a0e5b13e46595.dll,0,existing_benign
17512c151cb3bc1416320d18e30dc9acb67c64b4a0b59fee89f1d3c954b5d84f,benign/17512c151cb3bc1416320d18e30dc9acb67c64b4a0b59fee89f1d3c954b5d84f.exe,0,existing_benign
1771601050b34a7ba4c3815c1f382091fee8b3831159919349e5bc57b8d16e34,benign/1771601050b34a7ba4c3815c1f382091fee8b3831159919349e5bc57b8d16e34.exe,0,existing_benign
17bbf89e686da7e0ec6afc47109a3288691fe8bf47651eae561450a652ef6c2e,benign/17bbf89e686da7e0ec6afc47109a3288691fe8bf47651eae561450a652ef6c2e.exe,0,dike_batch3
17e88c51e6086df7eb89a14584d0e21120442f30764e61080549bd281286f42b,benign/17e88c51e6086df7eb89a14584d0e21120442f30764e61080549bd281286f42b.exe,0,dike_batch3
17e977e2f4d8f9a3de8e01eaa1c82ccca63789cacc135859f665046a4a990dc8,benign/17e977e2f4d8f9a3de8e01eaa1c82ccca63789cacc135859f665046a4a990dc8.exe,0,dike_batch3
18022c4ca43d2b4a0e2fcdabbc25e134d930bbe357011b24c74a0ac3770fcc7f,benign/18022c4ca43d2b4a0e2fcdabbc25e134d930bbe357011b24c74a0ac3770fcc7f.exe,0,generated_win32_api
182479f3c4f75b00bd4ec4b2e044e7233706659290d9e0ece512431561c4ea33,benign/182479f3c4f75b00bd4ec4b2e044e7233706659290d9e0ece512431561c4ea33.exe,0,existing_benign
18259795953a4cf4e880e40c8c87927704d89c11299cb5e2a626609febd9e321,benign/18259795953a4cf4e880e40c8c87927704d89c11299cb5e2a626609febd9e321.exe,0,existing_benign
182b76c6236027029d3afd9482e5c0e4bb89116dd214c11897c56517fc25a87b,benign/182b76c6236027029d3afd9482e5c0e4bb89116dd214c11897c56517fc25a87b.exe,0,dike_batch3
1838738d252ac24ba52a695fc5eb847363c1d694b21be09bf93a0dcf88c3999f,benign/1838738d252ac24ba52a695fc5eb847363c1d694b21be09bf93a0dcf88c3999f.exe,0,dike_batch3
187821ce11c317d6a4749168e2434b29576854d0fe8b63339d907218f0bfe222,benign/187821ce11c317d6a4749168e2434b29576854d0fe8b63339d907218f0bfe222.exe,0,dike_batch3
1886a62166292a1a4460a31d02f0891e4a8259102de78754217ed8b9e0c80656,benign/1886a62166292a1a4460a31d02f0891e4a8259102de78754217ed8b9e0c80656.exe,0,existing_benign
18e6d3d96fcd39ba069c0e6ebc108881ec5bb07e29a24b0177688ce391dac526,benign/18e6d3d96fcd39ba069c0e6ebc108881ec5bb07e29a24b0177688ce391dac526.exe,0,existing_benign
18ef1715677de1aee41945784481cbcaa16c4e99753340b8844d2f9ad4c60b36,benign/18ef1715677de1aee41945784481cbcaa16c4e99753340b8844d2f9ad4c60b36.exe,0,dike_batch3
18efffb6a3a228249a15988315ad56418ff4636f72f0ce5c27bcb45060fbd035,benign/18efffb6a3a228249a15988315ad56418ff4636f72f0ce5c27bcb45060fbd035.exe,0,existing_benign
193cd70a73e750a178eb91b05b8a15f988b1499cb77c37c9a9f2e2e22d98ce59,benign/193cd70a73e750a178eb91b05b8a15f988b1499cb77c37c9a9f2e2e22d98ce59.exe,0,dike_batch3
197d0ad8e3f6591e4493daaee9e52e53ecf192e32f9d167c67f2ffb408c76f2c,benign/197d0ad8e3f6591e4493daaee9e52e53ecf192e32f9d167c67f2ffb408c76f2c.exe,0,dike_batch3
19d36aabe344cae70a3658db4752c0c604d226b69fabf6cd07fe467884fccf84,benign/19d36aabe344cae70a3658db4752c0c604d226b69fabf6cd07fe467884fccf84.exe,0,dike_batch3
19d4bf06db1d8e6eddf17deb439534bdd04f32a4d0bbd66758bfbb851687a992,benign/19d4bf06db1d8e6eddf17deb439534bdd04f32a4d0bbd66758bfbb851687a992.exe,0,dike_batch3
19d574967f0d5612621810f928d27fd1218f8286c401901ec5c7fef75284f2b9,benign/19d574967f0d5612621810f928d27fd1218f8286c401901ec5c7fef75284f2b9.exe,0,dike_batch3
1a3a61d9feb1e29e9c3594081aa712741d26d749217e3093d3b3dd44fd6c0fd9,benign/1a3a61d9feb1e29e9c3594081aa712741d26d749217e3093d3b3dd44fd6c0fd9.exe,0,existing_benign
1a6955d26907b3c83f10ede259494ff2d68ab210e1090cb6806e05d1dca36869,benign/1a6955d26907b3c83f10ede259494ff2d68ab210e1090cb6806e05d1dca36869.exe,0,dike_batch3
1a6b0ccc16974c3edd98687ece68beb45b75b8684719e764fd16b3c296acef39,benign/1a6b0ccc16974c3edd98687ece68beb45b75b8684719e764fd16b3c296acef39.exe,0,dike_batch3
1a874a2a9cc4a7196438cf7a734265940cc5ea27b2882298e847b45df0aa851a,benign/1a874a2a9cc4a7196438cf7a734265940cc5ea27b2882298e847b45df0aa851a.exe,0,existing_benign
1a89748813b4bb8abc58c933f3484017522d74c0d1b7f6b7f14dae111c6f913d,benign/1a89748813b4bb8abc58c933f3484017522d74c0d1b7f6b7f14dae111c6f913d.exe,0,existing_benign
1aa177b92c99b9458b270907d65d5687af48385fbbf42c3aef9b69d61d284721,benign/1aa177b92c99b9458b270907d65d5687af48385fbbf42c3aef9b69d61d284721.exe,0,dike_batch3
1aca9c35bc4dcd047cccfd6a0769dd07f5c373f777c4f8b1bd9c1a5301da4d94,benign/1aca9c35bc4dcd047cccfd6a0769dd07f5c373f777c4f8b1bd9c1a5301da4d94.exe,0,existing_benign
1accf6605bf18e60fb0bf11087a21417eddfb26e16d396dbca7658ec4d6e7c88,benign/1accf6605bf18e60fb0bf11087a21417eddfb26e16d396dbca7658ec4d6e7c88.exe,0,dike_batch3
1b1bb4f05a7e83576d14d7a910115292ea9a739919d3b5bd9d5472da091feddf,benign/1b1bb4f05a7e83576d14d7a910115292ea9a739919d3b5bd9d5472da091feddf.exe,0,existing_benign
1b399f61e57266427a5fceb4f3df6a337304832e24579c43385b59cfd660e068,benign/1b399f61e57266427a5fceb4f3df6a337304832e24579c43385b59cfd660e068.exe,0,dike_batch3
1b62269bcbd95334003b4dd59476753e382ba164a1443f27edb4df0f55317753,benign/1b62269bcbd95334003b4dd59476753e382ba164a1443f27edb4df0f55317753.exe,0,dike_batch3
1b67441f080adf23da22736c557813d3bb459c915a1b84d8253b8e9599df2708,benign/1b67441f080adf23da22736c557813d3bb459c915a1b84d8253b8e9599df2708.exe,0,dike_batch3
1b8342c0048e13b323224c48caa9aec2952f3a93ed732c85f160916475910675,benign/1b8342c0048e13b323224c48caa9aec2952f3a93ed732c85f160916475910675.exe,0,dike_batch3
1c2fba06cc7e47dceb2a2670f6fcfbec90a24d053b9bb3715698202afdb03b97,benign/1c2fba06cc7e47dceb2a2670f6fcfbec90a24d053b9bb3715698202afdb03b97.exe,0,dike_batch3
1c309be2afef0bcdba3f3df8a7649127b898987ddac6fb6c69b25fd617f421d9,benign/1c309be2afef0bcdba3f3df8a7649127b898987ddac6fb6c69b25fd617f421d9.exe,0,dike_batch3
1c344888c75ef573d259b23a96f8e1869094ebab109ede37cb6a9d0cdc8d186e,benign/1c344888c75ef573d259b23a96f8e1869094ebab109ede37cb6a9d0cdc8d186e.exe,0,dike_batch3
1c388c074aca5a896609775c0314fef5945ce0aa6c23af1fd4ee4f36ab844649,benign/1c388c074aca5a896609775c0314fef5945ce0aa6c23af1fd4ee4f36ab844649.exe,0,existing_benign
1c639fbba837b57f28691e7f210a034dd1b55380a13649a64e47be55bb8308a0,benign/1c639fbba837b57f28691e7f210a034dd1b55380a13649a64e47be55bb8308a0.exe,0,dike_batch3
1c7c07802af60cddfbe62ce037135297417517f3751729bd02ce65d50f4e715d,benign/1c7c07802af60cddfbe62ce037135297417517f3751729bd02ce65d50f4e715d.exe,0,dike_batch3
1cbd8392245043f3ed1308af2af90366f92dfc40624f42b24e12b72e109a6375,benign/1cbd8392245043f3ed1308af2af90366f92dfc40624f42b24e12b72e109a6375.exe,0,existing_benign
1ccd046515c63e8bdb1874918d2fa02edb5ab5b1722a36a969d5dfce6f052d9d,benign/1ccd046515c63e8bdb1874918d2fa02edb5ab5b1722a36a969d5dfce6f052d9d.exe,0,existing_benign
1d083467cb9fbd7d2b21fcd4f8f9cb0c36718d0a327052313f46a2a83bd715e2,benign/1d083467cb9fbd7d2b21fcd4f8f9cb0c36718d0a327052313f46a2a83bd715e2.exe,0,dike_batch3
1d09e2c68ee9ec134763fe17a2a963a0e7618c43d4432f2f8ce2e4b0e5525d9a,benign/1d09e2c68ee9ec134763fe17a2a963a0e7618c43d4432f2f8ce2e4b0e5525d9a.exe,0,existing_benign
1d2b8e3bbfcd7546b402c2f379e40d850fd4eceaf20c45fdbfcba0b859e0a7fb,benign/1d2b8e3bbfcd7546b402c2f379e40d850fd4eceaf20c45fdbfcba0b859e0a7fb.exe,0,dike_batch3
1d2d450742e4ed4fb8486fd7e3892828dd97bbf63f0e23b0975725bdc18ce766,benign/1d2d450742e4ed4fb8486fd7e3892828dd97bbf63f0e23b0975725bdc18ce766.exe,0,dike_batch3
1d5c91e66fe8b36df266ce8fe12d05519ca2d21172b350709db875eb4ce9d552,benign/1d5c91e66fe8b36df266ce8fe12d05519ca2d21172b350709db875eb4ce9d552.exe,0,existing_benign
1d720ca43b54420dc297a0c40a4541017feb6bdc10765197867818d1810d21bf,benign/1d720ca43b54420dc297a0c40a4541017feb6bdc10765197867818d1810d21bf.exe,0,dike_batch3
1d9284fd7818d17f4aa4d07b6497735ed8522f9925b348a3fa5ba96a976a5927,benign/1d9284fd7818d17f4aa4d07b6497735ed8522f9925b348a3fa5ba96a976a5927.exe,0,dike_batch3
1ded7f9ffa6a526b471716f511fd6ac696bd2d4479cab209e414d7e31e016cce,benign/1ded7f9ffa6a526b471716f511fd6ac696bd2d4479cab209e414d7e31e016cce.exe,0,existing_benign
1e171264f1310680b03bb9122633db660378bc411b28ae25c2bfab9f0f06da51,benign/1e171264f1310680b03bb9122633db660378bc411b28ae25c2bfab9f0f06da51.exe,0,dike_batch3
1e1c2280b90b3f01ad84cd8df4858b1b1995012814f3ca8893bcc3ba3848edec,benign/1e1c2280b90b3f01ad84cd8df4858b1b1995012814f3ca8893bcc3ba3848edec.exe,0,existing_benign
1e464e3bc59ac049a3d1ae5563b63ec3a2c780db3dff75a59f129b2fa673fc08,benign/1e464e3bc59ac049a3d1ae5563b63ec3a2c780db3dff75a59f129b2fa673fc08.exe,0,existing_benign
1e83c1a2f6f2b7080c7fefccff1fde4bb14aa8a57e851817c92a6f1c946ca17a,benign/1e83c1a2f6f2b7080c7fefccff1fde4bb14aa8a57e851817c92a6f1c946ca17a.dll,0,dike_batch3
1eb074b2ab9574aece8d05c3ccfe69e6c7ae0b620e30319f2f292d2ce9c41be6,benign/1eb074b2ab9574aece8d05c3ccfe69e6c7ae0b620e30319f2f292d2ce9c41be6.exe,0,existing_benign
1f0b07f4b5e5e64d1fa97583f4486f5825dab86dbcdaccdef767ee382411c274,benign/1f0b07f4b5e5e64d1fa97583f4486f5825dab86dbcdaccdef767ee382411c274.exe,0,existing_benign
1f49ba3bc8f2f78a2d683c02b34023b61b3bf3464fc15b629dd30b184e49306b,benign/1f49ba3bc8f2f78a2d683c02b34023b61b3bf3464fc15b629dd30b184e49306b.exe,0,dike_batch3
1f7a2d419df3b95ade7f400446abeefaf3c872e8e6033a7e6ac413b17addbaf4,benign/1f7a2d419df3b95ade7f400446abeefaf3c872e8e6033a7e6ac413b17addbaf4.exe,0,dike_batch3
1f81d3b756ec1430f476a5ae7af7b360b4acd923d4baceb91be49ab6515459fc,benign/1f81d3b756ec1430f476a5ae7af7b360b4acd923d4baceb91be49ab6515459fc.exe,0,dike_batch3
1fa3bb9680b457aa11bfed328171172a477813b281f78b43243f9dc3c6afdeba,benign/1fa3bb9680b457aa11bfed328171172a477813b281f78b43243f9dc3c6afdeba.exe,0,dike_batch3
1fcbe5d51360bee55f55c791a95df8c61f73e117bda89b9439d74df5cee7aa71,benign/1fcbe5d51360bee55f55c791a95df8c61f73e117bda89b9439d74df5cee7aa71.exe,0,dike_batch3
1fe78298f8fa9d9da3fab32c57975101ea3ff5dcebeedc2cde5bea6c8df9a7ef,benign/1fe78298f8fa9d9da3fab32c57975101ea3ff5dcebeedc2cde5bea6c8df9a7ef.exe,0,dike_batch3
2054e6ab74cbb9a89f0fd30857b911e9157e5231764bc8011f791610ecb88a92,benign/2054e6ab74cbb9a89f0fd30857b911e9157e5231764bc8011f791610ecb88a92.exe,0,existing_benign
20601ed7e2bfc85362f090f0f5b72366f213c191e93b0c756acd98fef626e5e0,benign/20601ed7e2bfc85362f090f0f5b72366f213c191e93b0c756acd98fef626e5e0.exe,0,dike_batch3
2077697b6a82084ec982209fb3c4150c048ba1a3d3bc88e058067c33485253fa,benign/2077697b6a82084ec982209fb3c4150c048ba1a3d3bc88e058067c33485253fa.dll,0,existing_benign
20a80b9d290223a304c752287ea4ac7371f928c4455fcb29bf5224f1096f8530,benign/20a80b9d290223a304c752287ea4ac7371f928c4455fcb29bf5224f1096f8530.exe,0,dike_batch3
20d29a34b44fb9ea9a82e60a4b4118cf541eb86f04f69309ef6bf67c42f2272d,benign/20d29a34b44fb9ea9a82e60a4b4118cf541eb86f04f69309ef6bf67c42f2272d.exe,0,dike_batch3
20e3dc90a3e83b6202e2a7f4603b60e5e859639cb68693426c400b13aaeabd78,benign/20e3dc90a3e83b6202e2a7f4603b60e5e859639cb68693426c400b13aaeabd78.exe,0,dike_batch3
21a5414969559912f303002b46fc33297ff47be9659162990057fbba720c25b0,benign/21a5414969559912f303002b46fc33297ff47be9659162990057fbba720c25b0.exe,0,dike_batch3
21bb6e1d71c646bebf4a3a55f8e6b1a9b2461c53b98db97fceec5a237c8fd41c,benign/21bb6e1d71c646bebf4a3a55f8e6b1a9b2461c53b98db97fceec5a237c8fd41c.exe,0,existing_benign
21e5b7204197f05f1ba6dbb2698521d89d8ddab40a219d9ebaf8c5918db40f8d,benign/21e5b7204197f05f1ba6dbb2698521d89d8ddab40a219d9ebaf8c5918db40f8d.exe,0,dike_batch3
21e796161a49b6dcdabb5e86906d69eb34f61bcb43e9722e815b3c491be43840,benign/21e796161a49b6dcdabb5e86906d69eb34f61bcb43e9722e815b3c491be43840.exe,0,dike_batch3
22126cdc249d0346cdf5ed400e02a0bd3b7ccdedc7781e878f08b3ca294ec290,benign/22126cdc249d0346cdf5ed400e02a0bd3b7ccdedc7781e878f08b3ca294ec290.exe,0,existing_benign
226c062632c3efca237814978b0443bdeb43fe5418ad508716f671f19f56c051,benign/226c062632c3efca237814978b0443bdeb43fe5418ad508716f671f19f56c051.exe,0,dike_batch3
22db23e22f47c6ecae717888a7a32f80883daad29989e599401ab022f95a3ed4,benign/22db23e22f47c6ecae717888a7a32f80883daad29989e599401ab022f95a3ed4.exe,0,dike_batch3
22ddabf71254d873f6aef02b12e5c4923bbafe67a9c7e2f394fcf863813230be,benign/22ddabf71254d873f6aef02b12e5c4923bbafe67a9c7e2f394fcf863813230be.exe,0,dike_batch3
2312612e0004201cc5231565d3ed57c7c3bb84ec439b120370fb5e27e3602e49,benign/2312612e0004201cc5231565d3ed57c7c3bb84ec439b120370fb5e27e3602e49.exe,0,dike_batch3
2338514a304a341b2ee7c1de696bf01e9179805da2c4edbdecf040adecfe8ab3,benign/2338514a304a341b2ee7c1de696bf01e9179805da2c4edbdecf040adecfe8ab3.exe,0,dike_batch3
23386407de894b70cb13e825420b7add88856cef0a2481883b79068cc4276369,benign/23386407de894b70cb13e825420b7add88856cef0a2481883b79068cc4276369.exe,0,dike_batch3
2367031635d27b6dd8645d914beb88600b1183d5fe87a04e1766ebb230cbc588,benign/2367031635d27b6dd8645d914beb88600b1183d5fe87a04e1766ebb230cbc588.exe,0,dike_batch3
238a9de495ddb87555913ec5d1f67bcc22b5d754b21b7ae9da3158461547da00,benign/238a9de495ddb87555913ec5d1f67bcc22b5d754b21b7ae9da3158461547da00.exe,0,dike_batch3
23e307174ac5c0ecf419b1a727ad499e1d939a8d2142d1245b7a61e70242ec6e,benign/23e307174ac5c0ecf419b1a727ad499e1d939a8d2142d1245b7a61e70242ec6e.exe,0,dike_batch3
2435160716bd06b96d62408c6be1a5b2224d6e6e44a64888e614518666fa517a,benign/2435160716bd06b96d62408c6be1a5b2224d6e6e44a64888e614518666fa517a.exe,0,existing_benign
24a6678b15c92e069a575dc2c584e2665cb98867b9e6823dff288a47644d1fb5,benign/24a6678b15c92e069a575dc2c584e2665cb98867b9e6823dff288a47644d1fb5.exe,0,dike_batch3
2513eb274a9507ee598af02dd9338ec08da908971a19f470d704cc3cc6234daa,benign/2513eb274a9507ee598af02dd9338ec08da908971a19f470d704cc3cc6234daa.exe,0,dike_batch3
255ef9288394de9307866208c65b3a2e1c7b0d30d9fb27c7572439a1bdab677b,benign/255ef9288394de9307866208c65b3a2e1c7b0d30d9fb27c7572439a1bdab677b.exe,0,dike_batch3
256125aa18a03ce9dd77811091d8e16a6a0f6dba3d3efe285f1242c8c2240769,benign/256125aa18a03ce9dd77811091d8e16a6a0f6dba3d3efe285f1242c8c2240769.exe,0,dike_batch3
2592f9dcd49ce5ed29515f316cab806a1561b240da5dd34d8e0755ac073a1bac,benign/2592f9dcd49ce5ed29515f316cab806a1561b240da5dd34d8e0755ac073a1bac.exe,0,existing_benign
25975c1618ea62819ee7654a1ed64ef80fe466f69a8568facec235a2f462a35f,benign/25975c1618ea62819ee7654a1ed64ef80fe466f69a8568facec235a2f462a35f.exe,0,dike_batch3
25cbdded3eae9a3629a77634029463a4ab42372cb28c6e55aa6b1c635ff5fb95,benign/25cbdded3eae9a3629a77634029463a4ab42372cb28c6e55aa6b1c635ff5fb95.exe,0,existing_benign
25d554a4f84aee5e94033dd3ee0fa2d32021b704423e824fbc4bac0c253416fd,benign/25d554a4f84aee5e94033dd3ee0fa2d32021b704423e824fbc4bac0c253416fd.exe,0,existing_benign
26181987d137f76c514616a1ac52e806fc474f6afbeb0c10b2d33c939205bf92,benign/26181987d137f76c514616a1ac52e806fc474f6afbeb0c10b2d33c939205bf92.exe,0,existing_benign
262aa82cfd43744433d44228d12c28b322970afd382587ad82f6bb07b903a501,benign/262aa82cfd43744433d44228d12c28b322970afd382587ad82f6bb07b903a501.exe,0,dike_batch3
2653daafcf471d82e362572216b8b11ac37dc44c3baefc3c30a0c0c88f882af3,benign/2653daafcf471d82e362572216b8b11ac37dc44c3baefc3c30a0c0c88f882af3.exe,0,dike_batch7
2698883aacafe56979083ccf3e253bb933a085a3d6dfb0bf14240df56497e249,benign/2698883aacafe56979083ccf3e253bb933a085a3d6dfb0bf14240df56497e249.exe,0,existing_benign
26f2e577524304ed552d8665b44963eae8453a962de1a9cc093a16e84ed2a527,benign/26f2e577524304ed552d8665b44963eae8453a962de1a9cc093a16e84ed2a527.exe,0,dike_batch7
26fa2a7473445e296ebb56322d8ea2f5653eb9050b058032b9dc5cd33a690d13,benign/26fa2a7473445e296ebb56322d8ea2f5653eb9050b058032b9dc5cd33a690d13.exe,0,dike_batch7
270192196cb5dc6b0fc987e19c99701acce994ee826447e8ae011eb70681ff9f,benign/270192196cb5dc6b0fc987e19c99701acce994ee826447e8ae011eb70681ff9f.exe,0,dike_batch7
270f6e7751d9866ca0334ce84e955f2789cd7a07c2a765e90539016b071fd950,benign/270f6e7751d9866ca0334ce84e955f2789cd7a07c2a765e90539016b071fd950.exe,0,dike_batch7
271cea763d37667f86b7b1513b47f3942e9ba8b406a25f13545488c9c676a159,benign/271cea763d37667f86b7b1513b47f3942e9ba8b406a25f13545488c9c676a159.exe,0,generated_win32_api
27442c2dbdef8c0cb2ff118773a0c1d90ce619139c0d4bdb20e799f6ec421853,benign/27442c2dbdef8c0cb2ff118773a0c1d90ce619139c0d4bdb20e799f6ec421853.exe,0,dike_batch7
2761ae5bfae0ea811c7bf7001553949c4cbca5c792e56998742b537e5ca8e322,benign/2761ae5bfae0ea811c7bf7001553949c4cbca5c792e56998742b537e5ca8e322.exe,0,dike_batch7
278e13a6cdcb60a35ca63f7a1ea5808d5b393b9298484dc618dda38276dee5e8,benign/278e13a6cdcb60a35ca63f7a1ea5808d5b393b9298484dc618dda38276dee5e8.exe,0,existing_benign
27f1277673d83f49d757265db319753cb6c2b497df3b9f4007ff81bd56cc930b,benign/27f1277673d83f49d757265db319753cb6c2b497df3b9f4007ff81bd56cc930b.exe,0,dike_batch7
282bfca7e0d52f4d3f0bbd443a56e52b0b7a5444a489ff51478e5cbc91aa2c94,benign/282bfca7e0d52f4d3f0bbd443a56e52b0b7a5444a489ff51478e5cbc91aa2c94.exe,0,dike_batch7
282f6f7fb0c5b0de73b72301646791901ae28c8c69cc25cf47b2ff773cb5dc20,benign/282f6f7fb0c5b0de73b72301646791901ae28c8c69cc25cf47b2ff773cb5dc20.exe,0,dike_batch7
2843b864289b254a57ede8ccebc41f77ca02f058c401ce6863a2a40a681247ac,benign/2843b864289b254a57ede8ccebc41f77ca02f058c401ce6863a2a40a681247ac.exe,0,dike_batch7
2844b24385ae3e9ed11105b02ca87b7bc0e49ee5086739138640ca42b6b60df3,benign/2844b24385ae3e9ed11105b02ca87b7bc0e49ee5086739138640ca42b6b60df3.exe,0,dike_batch7
28459a2c987a74c96c8339a11fbd7c4fa4b12653b1047f5fc08939eaed4beea6,benign/28459a2c987a74c96c8339a11fbd7c4fa4b12653b1047f5fc08939eaed4beea6.exe,0,existing_benign
287a035d8dba018674e675325cfed18abd5d4115723e3543caa21b94d534b403,benign/287a035d8dba018674e675325cfed18abd5d4115723e3543caa21b94d534b403.exe,0,existing_benign
2889b601d0a0bbee5951f47adc2ae627708b9004ee4aed08ce70bfef492a2f84,benign/2889b601d0a0bbee5951f47adc2ae627708b9004ee4aed08ce70bfef492a2f84.exe,0,dike_batch7
289f3da8f5828169b24ae1ab20a4e6adf00168cd93ba8ad1da9832626c6a2651,benign/289f3da8f5828169b24ae1ab20a4e6adf00168cd93ba8ad1da9832626c6a2651.exe,0,existing_benign
28bd547512a2617e4cbdf5b729135ec04e677a52081fbbd61fd51a5e64c68474,benign/28bd547512a2617e4cbdf5b729135ec04e677a52081fbbd61fd51a5e64c68474.exe,0,existing_benign
2947737e6a5da755a0046304543b353f11aabd4b021e0578094cbd98048074f2,benign/2947737e6a5da755a0046304543b353f11aabd4b021e0578094cbd98048074f2.exe,0,existing_benign
2947757db8135ac19893707e98680aa279ec99eddbad267d8f20ffd9e4e2feec,benign/2947757db8135ac19893707e98680aa279ec99eddbad267d8f20ffd9e4e2feec.exe,0,dike_batch7
29478b14f561d34e25328403fdef5f158ee88c6d3cc0daf83fe476ba09257742,benign/29478b14f561d34e25328403fdef5f158ee88c6d3cc0daf83fe476ba09257742.exe,0,existing_benign
2959c295d8505b6e8bdbc2fc82d998ddf32d3613c1a50cc3dfb2f43b2f440717,benign/2959c295d8505b6e8bdbc2fc82d998ddf32d3613c1a50cc3dfb2f43b2f440717.exe,0,dike_batch7
2962c9278abe150b1075f04a3d36fee6e547563d97c1787774294a94a70295ab,benign/2962c9278abe150b1075f04a3d36fee6e547563d97c1787774294a94a70295ab.exe,0,existing_benign
2999b0709f50ed5026039496142254af172990a50e2a6e1d327b7cb94b072f7c,benign/2999b0709f50ed5026039496142254af172990a50e2a6e1d327b7cb94b072f7c.exe,0,dike_batch7
29ae907901b116a8d656672706e9f3f9467c84c914c47a65176c6a2e9a428ffe,benign/29ae907901b116a8d656672706e9f3f9467c84c914c47a65176c6a2e9a428ffe.exe,0,dike_batch7
29b946238beb2a8c557a8a883b6666f3fe7314254fe61e067037d650fad88a3d,benign/29b946238beb2a8c557a8a883b6666f3fe7314254fe61e067037d650fad88a3d.exe,0,dike_batch7
29f465a5a8a791d2aba88de33e84e74b7fd8c47c753747ca7b45b24d7121a9e6,benign/29f465a5a8a791d2aba88de33e84e74b7fd8c47c753747ca7b45b24d7121a9e6.exe,0,dike_batch7
2a053f32b1d48539e3e2807f86754be87ce95b08378467e66cab2bac0e67a825,benign/2a053f32b1d48539e3e2807f86754be87ce95b08378467e66cab2bac0e67a825.exe,0,dike_batch7
2a1c7574a5c42eb8c9348d9dba505ce49f2c88231d7ea6edd3715a39a5decd94,benign/2a1c7574a5c42eb8c9348d9dba505ce49f2c88231d7ea6edd3715a39a5decd94.exe,0,dike_batch7
2a1d8692f445791dc9dc9700e11f2ce68fce9ac5ad2abd56aa0f41f1047b38f1,benign/2a1d8692f445791dc9dc9700e11f2ce68fce9ac5ad2abd56aa0f41f1047b38f1.exe,0,dike_batch7
2a922ebe7edb08480baa1721ce1b5185fb5af7f64ec0f128d6a7a37711784815,benign/2a922ebe7edb08480baa1721ce1b5185fb5af7f64ec0f128d6a7a37711784815.exe,0,dike_batch7
2acf8f6f068976f75dd70e6195f8a94c3e623a0137c99d78f9055a5dbbbf75bf,benign/2acf8f6f068976f75dd70e6195f8a94c3e623a0137c99d78f9055a5dbbbf75bf.exe,0,dike_batch7
2adbc2a2227756286fb140ca5877a00cee7fedc0d4ae3af098d9b2530c3648f8,benign/2adbc2a2227756286fb140ca5877a00cee7fedc0d4ae3af098d9b2530c3648f8.exe,0,dike_batch7
2b0756545a16477b255a241a78d244191163a27ae3ad61d0493d378f4f26c092,benign/2b0756545a16477b255a241a78d244191163a27ae3ad61d0493d378f4f26c092.exe,0,existing_benign
2b672dd0e086dd4196087712ba0e34af205f518231545646c81d01411fe9bda8,benign/2b672dd0e086dd4196087712ba0e34af205f518231545646c81d01411fe9bda8.exe,0,dike_batch7
2b70c56855937a6f0ff82113f8d934641ad9e829b976a4435c805f42b349bdd0,benign/2b70c56855937a6f0ff82113f8d934641ad9e829b976a4435c805f42b349bdd0.exe,0,dike_batch7
2b8f77719ff7528fc7147d381d98f0171390b94b85f84f9b4483e9322f140726,benign/2b8f77719ff7528fc7147d381d98f0171390b94b85f84f9b4483e9322f140726.exe,0,dike_batch7
2bc23027b1441c01a2bd9023c018b75ebcee65fc5de0bc366128d2fb26ff8f90,benign/2bc23027b1441c01a2bd9023c018b75ebcee65fc5de0bc366128d2fb26ff8f90.dll,0,existing_benign
2bfebbe3c2b994e92112a8bd81d944e2904ebbfeb6fc6c74c3f84ab799732790,benign/2bfebbe3c2b994e92112a8bd81d944e2904ebbfeb6fc6c74c3f84ab799732790.exe,0,existing_benign
2c0537b91ea3df61f7dd353ecf98d80201f2276c1e9c6135b031b0f4cb14e163,benign/2c0537b91ea3df61f7dd353ecf98d80201f2276c1e9c6135b031b0f4cb14e163.exe,0,dike_batch7
2c1049909ea2288527d4ed08001c8056f4bf9c38336a6a2955c33e8de95e9973,benign/2c1049909ea2288527d4ed08001c8056f4bf9c38336a6a2955c33e8de95e9973.exe,0,dike_batch7
2c4f57ff428faed0caed6308c48a9918873a382f29633a3a928c36ad3be87add,benign/2c4f57ff428faed0caed6308c48a9918873a382f29633a3a928c36ad3be87add.exe,0,existing_benign
2c8b6b0497ac12ab7641342e07eca16b661b31e81444798799d4b186306a9a77,benign/2c8b6b0497ac12ab7641342e07eca16b661b31e81444798799d4b186306a9a77.exe,0,dike_batch7
2cf15fce80ab449592da0b458489d88c8daa83d562dc79d32b0df1bbddd018de,benign/2cf15fce80ab449592da0b458489d88c8daa83d562dc79d32b0df1bbddd018de.exe,0,existing_benign
2d09798210455d443e62351b7b9f02fe7412930623a6bcf6b009c94da3f0fb94,benign/2d09798210455d443e62351b7b9f02fe7412930623a6bcf6b009c94da3f0fb94.exe,0,dike_batch7
2d5f01d3634dc458b8606f9f089f0a159d7bebe3de00378609665b98fceb0340,benign/2d5f01d3634dc458b8606f9f089f0a159d7bebe3de00378609665b98fceb0340.exe,0,existing_benign
2d788c47831cb7923f1d78ebe2ee23bea561a02d2a94c5d44141b2cef8e6ac6e,benign/2d788c47831cb7923f1d78ebe2ee23bea561a02d2a94c5d44141b2cef8e6ac6e.dll,0,existing_benign
2d901bf0cb31995d596329a8406471c6e82671811c0d16255cfa02154e6dd90b,benign/2d901bf0cb31995d596329a8406471c6e82671811c0d16255cfa02154e6dd90b.exe,0,dike_batch7
2d9861d0185e05d493c8d5bbae368263f15c0fa66fc7e70c9eae8bba1b43be26,benign/2d9861d0185e05d493c8d5bbae368263f15c0fa66fc7e70c9eae8bba1b43be26.exe,0,dike_batch7
2db10930c59a7e3cc26be1e8bae834a875221072f9571ccd1d8e3fd6b9a1b52e,benign/2db10930c59a7e3cc26be1e8bae834a875221072f9571ccd1d8e3fd6b9a1b52e.exe,0,dike_batch7
2de6f802400d6673a5a6e175ee47b2537950f70e847041b9bbd27b5931cc1637,benign/2de6f802400d6673a5a6e175ee47b2537950f70e847041b9bbd27b5931cc1637.exe,0,dike_batch7
2debeb3bd8ee05e342aec360134d65f6f3e637145ebc001f243e21e58d8503f2,benign/2debeb3bd8ee05e342aec360134d65f6f3e637145ebc001f243e21e58d8503f2.exe,0,dike_batch7
2df7b0d6ed9d2ad1dba3a9ba6b4d44bc4d7667b25b78b02b81cb0fa5b04fb9dd,benign/2df7b0d6ed9d2ad1dba3a9ba6b4d44bc4d7667b25b78b02b81cb0fa5b04fb9dd.exe,0,dike_batch7
2e22a99a5cadccbf19a4914e0c18aaea1082d7b79b937d2bdb74e3a9d915d370,benign/2e22a99a5cadccbf19a4914e0c18aaea1082d7b79b937d2bdb74e3a9d915d370.exe,0,existing_benign
2e2a40d004346e95cdb0a91dcd881be1f2ee6d9eef16f239c40f6b4e2383c656,benign/2e2a40d004346e95cdb0a91dcd881be1f2ee6d9eef16f239c40f6b4e2383c656.exe,0,dike_batch7
2e61d617c9dd82eff01ebcfe392b6dcf5ba9b66f5c48b4b0147ab016b5d66340,benign/2e61d617c9dd82eff01ebcfe392b6dcf5ba9b66f5c48b4b0147ab016b5d66340.exe,0,existing_benign
2e7b459f7c57f287f59f382f5d37d29b4c7889c82ea012bf3837b0b732de3c49,benign/2e7b459f7c57f287f59f382f5d37d29b4c7889c82ea012bf3837b0b732de3c49.exe,0,dike_batch7
2edf7c8fd59cd5fcd19fa528f60cbd6ddb9a8076ae0280b11d8ea8eaf7d39958,benign/2edf7c8fd59cd5fcd19fa528f60cbd6ddb9a8076ae0280b11d8ea8eaf7d39958.exe,0,dike_batch7
2f031a1752f7067fb9f483ae0ac5f3036c9b66cc4af40e6ae609c0aba7c886d0,benign/2f031a1752f7067fb9f483ae0ac5f3036c9b66cc4af40e6ae609c0aba7c886d0.exe,0,dike_batch7
2f21494955b17b1767c787fdfe51ce616f7456c4467e8aee6c438143bcdd2907,benign/2f21494955b17b1767c787fdfe51ce616f7456c4467e8aee6c438143bcdd2907.exe,0,existing_benign
2f319ab076f8694f6966beb2a353d98688438d4dbb44f5b669cf562409437b47,benign/2f319ab076f8694f6966beb2a353d98688438d4dbb44f5b669cf562409437b47.exe,0,dike_batch7
2f704841e249afba35c103fcfbf537951101734bd6848a90908d2a8f90711f8a,benign/2f704841e249afba35c103fcfbf537951101734bd6848a90908d2a8f90711f8a.exe,0,existing_benign
2f78b11eb0d4d5567da02971ff921f5c40ea3ab0d040219af9ab10684a637173,benign/2f78b11eb0d4d5567da02971ff921f5c40ea3ab0d040219af9ab10684a637173.exe,0,existing_benign
2f980c56d81f42ba47dc871a04406976dc490ded522131ce9a2e35c40ca8616e,benign/2f980c56d81f42ba47dc871a04406976dc490ded522131ce9a2e35c40ca8616e.exe,0,existing_benign
3006221cb8c23a1d3c9f059445a3c9df96fda1df7bae1b808b76dd453fc8db35,benign/3006221cb8c23a1d3c9f059445a3c9df96fda1df7bae1b808b76dd453fc8db35.exe,0,dike_batch7
301e462228860e3522b51bc22aca0878fcdeeb82e2fc85b59b0a222e066301ff,benign/301e462228860e3522b51bc22aca0878fcdeeb82e2fc85b59b0a222e066301ff.exe,0,existing_benign
303b238312b9a5de8399a0f4037b53f02627646a3cbb99b37f383e903f3cd7f9,benign/303b238312b9a5de8399a0f4037b53f02627646a3cbb99b37f383e903f3cd7f9.exe,0,dike_batch7
304f34f5a9d1c1c7a3fd894dd93d8b6616a615600d475923443bca4e7587c9b8,benign/304f34f5a9d1c1c7a3fd894dd93d8b6616a615600d475923443bca4e7587c9b8.exe,0,dike_batch7
3069656c32874d84e7cad06b4c0c39fb43393bfa8c57c1afe806eb9990f91c07,benign/3069656c32874d84e7cad06b4c0c39fb43393bfa8c57c1afe806eb9990f91c07.exe,0,dike_batch7
3088b3479bf282bffbb9929a6acc9f61fe993f7ad51cfb2917205d2dbfa1fbc9,benign/3088b3479bf282bffbb9929a6acc9f61fe993f7ad51cfb2917205d2dbfa1fbc9.exe,0,dike_batch7
308e8bb2e8a3b67607d2454370e0b50147b42049bda8130ee519e0de86b8a9ff,benign/308e8bb2e8a3b67607d2454370e0b50147b42049bda8130ee519e0de86b8a9ff.exe,0,dike_batch7
30974043bb0db1d658faadaa10f51b8ab92d2b53c4c511323fea54f9a4d865db,benign/30974043bb0db1d658faadaa10f51b8ab92d2b53c4c511323fea54f9a4d865db.exe,0,existing_benign
30c24839efbc36aa77d135ce9440a0b7da7a0b1bc23bfa0d04ed9e57df156211,benign/30c24839efbc36aa77d135ce9440a0b7da7a0b1bc23bfa0d04ed9e57df156211.exe,0,existing_benign
30cf13377fc9fa9252c194acfbf7e9458f4625f4754da5ccb625f98de62b6782,benign/30cf13377fc9fa9252c194acfbf7e9458f4625f4754da5ccb625f98de62b6782.exe,0,dike_batch7
30e76f37938413ff5ffcd80ec35bc4ca353a64a5aa3a197a00cc23eb11ad8f8b,benign/30e76f37938413ff5ffcd80ec35bc4ca353a64a5aa3a197a00cc23eb11ad8f8b.exe,0,dike_batch7
30fa3790d2049953b8063d77689133c712e58df4cc4f9cbbbddaa96bf79941ee,benign/30fa3790d2049953b8063d77689133c712e58df4cc4f9cbbbddaa96bf79941ee.exe,0,dike_batch7
311129b9debdb192020e2038697de1f23bc8572d02dfbfeb742b3f603df950da,benign/311129b9debdb192020e2038697de1f23bc8572d02dfbfeb742b3f603df950da.exe,0,dike_batch7
311d9e10ce189e0c873befec3e8c2277ad8dafe522af2d25648e987d024a4920,benign/311d9e10ce189e0c873befec3e8c2277ad8dafe522af2d25648e987d024a4920.exe,0,existing_benign
317bad4e1c85573a0ed69433dc4be1055d61adfba88b18fbdd2289d64183fa6c,benign/317bad4e1c85573a0ed69433dc4be1055d61adfba88b18fbdd2289d64183fa6c.exe,0,dike_batch7
31a079b5bdd155cb58860afa1e068f8564d7a4a9492aab347e35a724db1849e9,benign/31a079b5bdd155cb58860afa1e068f8564d7a4a9492aab347e35a724db1849e9.exe,0,dike_batch7
31aaba443b9869e6e68c17125f8d7989cbd762fb38ae3a10e58f4759548a7745,benign/31aaba443b9869e6e68c17125f8d7989cbd762fb38ae3a10e58f4759548a7745.exe,0,dike_batch7
31b66a5adc670b9b89162560b5725c473a7d03f204e3539f25f2353c4627b2ea,benign/31b66a5adc670b9b89162560b5725c473a7d03f204e3539f25f2353c4627b2ea.exe,0,existing_benign
322faaaa59d1a8290462dcb75abd05deb645689b4516040a9f0e848e57b92577,benign/322faaaa59d1a8290462dcb75abd05deb645689b4516040a9f0e848e57b92577.dll,0,dike_batch7
32b52e6d9366292f8664518b887d37b551d9fc911689e5c0e89d33a69f526e5d,benign/32b52e6d9366292f8664518b887d37b551d9fc911689e5c0e89d33a69f526e5d.exe,0,dike_batch7
33a11c2adc469d72cfde0bb6a4c1147b6bb478122ead14259866a28bc3d17fe5,benign/33a11c2adc469d72cfde0bb6a4c1147b6bb478122ead14259866a28bc3d17fe5.exe,0,existing_benign
33a45bead245f716e93ae77c358205ad7de5eaaaa3ca3f975bedc7772a20e94b,benign/33a45bead245f716e93ae77c358205ad7de5eaaaa3ca3f975bedc7772a20e94b.dll,0,existing_benign
33a5b015af1ecd057057eada64b2f8fe3633b467bd43454f5278f76b94cd09ab,benign/33a5b015af1ecd057057eada64b2f8fe3633b467bd43454f5278f76b94cd09ab.exe,0,dike_batch7
33aaf68843e2936dfd3665e5cdb76a3d5372fff42fe66f4f2b35886066a0380e,benign/33aaf68843e2936dfd3665e5cdb76a3d5372fff42fe66f4f2b35886066a0380e.exe,0,dike_batch7
33ef240641d31617eb6ca7e78257b41300669610baf703bf4e0a84254e8264be,benign/33ef240641d31617eb6ca7e78257b41300669610baf703bf4e0a84254e8264be.exe,0,existing_benign
341e757fe21e236ff2162c678f940558196ae1988a5f5efc4a4b25e425fa0ea0,benign/341e757fe21e236ff2162c678f940558196ae1988a5f5efc4a4b25e425fa0ea0.exe,0,dike_batch7
3422f2fbef0b4135b4e85c7bcfeaccc2a399ab2681080bc53733628af6b215b6,benign/3422f2fbef0b4135b4e85c7bcfeaccc2a399ab2681080bc53733628af6b215b6.exe,0,dike_batch7
3432b52dffcbb380c081d04554bb3d972d7809c7226713cc27ac04e9df27d362,benign/3432b52dffcbb380c081d04554bb3d972d7809c7226713cc27ac04e9df27d362.exe,0,dike_batch7
343564ae7b089278180f139230e02a587598bbc10ceb2ace00268c63127a792d,benign/343564ae7b089278180f139230e02a587598bbc10ceb2ace00268c63127a792d.exe,0,dike_batch7
343883df0625d9ab21c3de31c2c5fbcc24c6d0c151d2dcacd2ba1f04e6a40ad6,benign/343883df0625d9ab21c3de31c2c5fbcc24c6d0c151d2dcacd2ba1f04e6a40ad6.exe,0,dike_batch7
346fb6819d138bee09beb553c8ea03c46418f963acae909997e365c07e0d6519,benign/346fb6819d138bee09beb553c8ea03c46418f963acae909997e365c07e0d6519.exe,0,dike_batch7
348d9c32eb6e000fa5975fe815c327ed87c65c067e817375f3301a29bbf41e64,benign/348d9c32eb6e000fa5975fe815c327ed87c65c067e817375f3301a29bbf41e64.exe,0,generated_win32_api
34e718e7c5644f147bec3af69f9fa789be1220e56a7bf827bf1c11afc9c3b0d0,benign/34e718e7c5644f147bec3af69f9fa789be1220e56a7bf827bf1c11afc9c3b0d0.exe,0,dike_batch7
34ee1cd2123160df33864289316af7152106cb49ecf21c3c26d65d87b4375d09,benign/34ee1cd2123160df33864289316af7152106cb49ecf21c3c26d65d87b4375d09.exe,0,existing_benign
35a2d73b7a196673c4056e18c44729cf65806f55763aa6c026776f77509b3344,benign/35a2d73b7a196673c4056e18c44729cf65806f55763aa6c026776f77509b3344.dll,0,dike_batch7
3686c09b2a7755811095196bd155757b5316883d27266ca2d808ba38b410163a,benign/3686c09b2a7755811095196bd155757b5316883d27266ca2d808ba38b410163a.exe,0,dike_batch7
373d0778d083a04943032826a3571e5e8d450a9535f5a901db43c791200a774d,benign/373d0778d083a04943032826a3571e5e8d450a9535f5a901db43c791200a774d.exe,0,dike_batch7
3761eae0826620eec810160afff2e6a2f505d718a9ca1f89ffda5bf6e2ccfda3,benign/3761eae0826620eec810160afff2e6a2f505d718a9ca1f89ffda5bf6e2ccfda3.exe,0,existing_benign
3777466cacecedcab6f2e7adc82cfc5f18c0c7f41bea1c68192c4027d53c0d0e,benign/3777466cacecedcab6f2e7adc82cfc5f18c0c7f41bea1c68192c4027d53c0d0e.exe,0,dike_batch7
377841a596ba8b4349c949ca88cea353bc5874f5ecfc9045f49dead6976a5071,benign/377841a596ba8b4349c949ca88cea353bc5874f5ecfc9045f49dead6976a5071.exe,0,generated_win32_api
377c0e34938c5c87ce613c5f2ea64c702baa55d2368c20ab375ecc8b605d0a76,benign/377c0e34938c5c87ce613c5f2ea64c702baa55d2368c20ab375ecc8b605d0a76.exe,0,dike_batch7
378587f1cc6696191fb64c404f18e2b82b5d160bc50e5d008c7adc7b68c426ce,benign/378587f1cc6696191fb64c404f18e2b82b5d160bc50e5d008c7adc7b68c426ce.exe,0,existing_benign
37ad74048035735bda661eec2bf47e117c9819698c73546f4ab4eae78fe660ac,benign/37ad74048035735bda661eec2bf47e117c9819698c73546f4ab4eae78fe660ac.exe,0,dike_batch7
37aedf901bbaf660a25f56446f57e9323871c9b7e2e5b834ea92d55bc9762924,benign/37aedf901bbaf660a25f56446f57e9323871c9b7e2e5b834ea92d55bc9762924.exe,0,existing_benign
37df0036b3a3d49c4d2d717ae8cff0576811b9a2726fa3b044af5934a48f48f9,benign/37df0036b3a3d49c4d2d717ae8cff0576811b9a2726fa3b044af5934a48f48f9.exe,0,dike_batch7
380616b38e867f0d99ef4666f8d551e97ce56e83be29fcd4567e68b95d707d01,benign/380616b38e867f0d99ef4666f8d551e97ce56e83be29fcd4567e68b95d707d01.exe,0,dike_batch7
3843c5c9bca551b23f77a20345ca7cbf42839abe48245fec5c726fe720aa6ae4,benign/3843c5c9bca551b23f77a20345ca7cbf42839abe48245fec5c726fe720aa6ae4.exe,0,existing_benign
38515483413002d884d7354be2a724117ca9e6b0baecfc9d47292a194996f72b,benign/38515483413002d884d7354be2a724117ca9e6b0baecfc9d47292a194996f72b.exe,0,dike_batch7
387d26467015fe41d1a694b0dc9f3a4a52e7e57f4ec0cfc63d636bef1d9f4df7,benign/387d26467015fe41d1a694b0dc9f3a4a52e7e57f4ec0cfc63d636bef1d9f4df7.exe,0,dike_batch7
389d6d810ad2804e2652bc36142697324692f54d47b7b9338649f763d821791d,benign/389d6d810ad2804e2652bc36142697324692f54d47b7b9338649f763d821791d.exe,0,existing_benign
38ab81f14e8ab7caff79f62a6800c59d7b53c307794547a9c9882fdb432b5cd9,benign/38ab81f14e8ab7caff79f62a6800c59d7b53c307794547a9c9882fdb432b5cd9.dll,0,existing_benign
391dcd411883d5958d50768705801892f109fc729b18b2dba7e2b21e7e1954f7,benign/391dcd411883d5958d50768705801892f109fc729b18b2dba7e2b21e7e1954f7.exe,0,existing_benign
392b91d6f81850708be8fe0cd10ba983a50d0ffb51ec40af56008333fc43af89,benign/392b91d6f81850708be8fe0cd10ba983a50d0ffb51ec40af56008333fc43af89.exe,0,dike_batch7
39bbaf0755a1f571d03a1e77a578f59bc5a11635270ad758757abbe55bad8e30,benign/39bbaf0755a1f571d03a1e77a578f59bc5a11635270ad758757abbe55bad8e30.exe,0,dike_batch7
3a001b8c4d0e52362bba32d326158c4fbdbf48cefd49e5b1ac23d77bca98093f,benign/3a001b8c4d0e52362bba32d326158c4fbdbf48cefd49e5b1ac23d77bca98093f.exe,0,dike_batch7
3a26e84b22e7665a55f0857da23a05e3ef3ed430242b6f7635909981cdbeba94,benign/3a26e84b22e7665a55f0857da23a05e3ef3ed430242b6f7635909981cdbeba94.exe,0,dike_batch7
3a44fa455ada6aede5098355efc22825ac336a3faa18d7695054fcf3a7bbffc0,benign/3a44fa455ada6aede5098355efc22825ac336a3faa18d7695054fcf3a7bbffc0.exe,0,dike_batch7
3ab8a33f13e39f6067b29ae24886f68067b41adaf09ba8613aee65fcf42eb813,benign/3ab8a33f13e39f6067b29ae24886f68067b41adaf09ba8613aee65fcf42eb813.exe,0,existing_benign
3abd5dca193d98004cd585301bd6fe0107075f027a69e170cd8e137a4b318779,benign/3abd5dca193d98004cd585301bd6fe0107075f027a69e170cd8e137a4b318779.exe,0,existing_benign
3aeec86e232b09526dc62362f3d37c010bdb962eb31e5a18f2e781aa25423033,benign/3aeec86e232b09526dc62362f3d37c010bdb962eb31e5a18f2e781aa25423033.exe,0,dike_batch7
3b0003545a5fcd94deb8027e1ba887c04a85e5918a4bf6d01f978ed879e55c1c,benign/3b0003545a5fcd94deb8027e1ba887c04a85e5918a4bf6d01f978ed879e55c1c.exe,0,existing_benign
3b120c2b06afd93fc3c84a98c497afff4d93e64168ad809498f86568600b38f3,benign/3b120c2b06afd93fc3c84a98c497afff4d93e64168ad809498f86568600b38f3.exe,0,dike_batch7
3b75edcd62e74645d0b7407dcb6dace4e9e3fe5072396729f767455a99f74b7f,benign/3b75edcd62e74645d0b7407dcb6dace4e9e3fe5072396729f767455a99f74b7f.exe,0,existing_benign
3b812075fee45f45ae2d9801c25eb4cadef412b703a1df9c29060bad61fbb039,benign/3b812075fee45f45ae2d9801c25eb4cadef412b703a1df9c29060bad61fbb039.exe,0,dike_batch7
3bc5906d625e95dfb4744c2baa1e1a5d1b3f73ee663cc149f02ef7eaf23986c0,benign/3bc5906d625e95dfb4744c2baa1e1a5d1b3f73ee663cc149f02ef7eaf23986c0.exe,0,dike_batch7
3be77cde3fe49040e294b6e4b4fceb284fcfb65279fcdcad9dc087d2d4406058,benign/3be77cde3fe49040e294b6e4b4fceb284fcfb65279fcdcad9dc087d2d4406058.exe,0,dike_batch7
3ca96b622f4af8cfdf1d65b9c1c2ee118bc924753ad95d3376b97c6f08153a54,benign/3ca96b622f4af8cfdf1d65b9c1c2ee118bc924753ad95d3376b97c6f08153a54.exe,0,dike_batch7
3ccc132059602cbf7dc3acf61a7f83d443a8379a784cc660575858bdb455e6cc,benign/3ccc132059602cbf7dc3acf61a7f83d443a8379a784cc660575858bdb455e6cc.exe,0,dike_batch7
3cccf40d984007ee8b64fdb0216efa50e850306531dd3f4ac7710a6dc155351b,benign/3cccf40d984007ee8b64fdb0216efa50e850306531dd3f4ac7710a6dc155351b.exe,0,dike_batch7
3ce6f5e9aee5a3f921d1a21144ae5b7b557dbfc7999f282adcc2fc522fc787bb,benign/3ce6f5e9aee5a3f921d1a21144ae5b7b557dbfc7999f282adcc2fc522fc787bb.exe,0,dike_batch7
3cf5d70fea57e7ce0365d99801d55caf930ef38115aafda4eab207fc06cf0c55,benign/3cf5d70fea57e7ce0365d99801d55caf930ef38115aafda4eab207fc06cf0c55.exe,0,existing_benign
3d16a046b9d35ac46c5b14535c50cfeb5b9d786051abb7eda68a291833c52019,benign/3d16a046b9d35ac46c5b14535c50cfeb5b9d786051abb7eda68a291833c52019.exe,0,existing_benign
3d2927c3a9b010400d932a214f371769847d5bcb6aafbb13184e7d5e47b35935,benign/3d2927c3a9b010400d932a214f371769847d5bcb6aafbb13184e7d5e47b35935.exe,0,existing_benign
3d48e4148b66383cc71127c338a05eb0f04ec85bc151a0810210368737acf8c1,benign/3d48e4148b66383cc71127c338a05eb0f04ec85bc151a0810210368737acf8c1.exe,0,existing_benign
3da5e362d98ca43f1307b1ebc93cd7a0c541ebbce77be231d47e5e8056d60c61,benign/3da5e362d98ca43f1307b1ebc93cd7a0c541ebbce77be231d47e5e8056d60c61.exe,0,generated_win32_api
3dcfb6df663ca55ebda28f44b5d1bce23b59285970dff48751895c41a920b39f,benign/3dcfb6df663ca55ebda28f44b5d1bce23b59285970dff48751895c41a920b39f.exe,0,existing_benign
3e12ecedfea2d323662b66a0d49675a65bcab66f3df9f88fa0bdec70b5057b95,benign/3e12ecedfea2d323662b66a0d49675a65bcab66f3df9f88fa0bdec70b5057b95.exe,0,existing_benign
3fa4b2e9bbdbdd3617109eafeaf22b9862b6e7f1f0c3421bbc313d90af0fcd71,benign/3fa4b2e9bbdbdd3617109eafeaf22b9862b6e7f1f0c3421bbc313d90af0fcd71.exe,0,existing_benign
3faf656a511c43178ad5c152f53dc60ba0cd456a5d457a82d8a7eca30d287b53,benign/3faf656a511c43178ad5c152f53dc60ba0cd456a5d457a82d8a7eca30d287b53.exe,0,existing_benign
40f107873fa1c348fe42230e7c4517a13f01f114a8b2c2721099f72380d8a2f1,benign/40f107873fa1c348fe42230e7c4517a13f01f114a8b2c2721099f72380d8a2f1.exe,0,existing_benign
41da28628a3ecb9deb547543ee22190e2039ab44426a55f45ea74e5490eeefc5,benign/41da28628a3ecb9deb547543ee22190e2039ab44426a55f45ea74e5490eeefc5.dll,0,existing_benign
42167403ed27f1f61e02a6a73dad01a66093283943e59d59174608f20572897b,benign/42167403ed27f1f61e02a6a73dad01a66093283943e59d59174608f20572897b.exe,0,existing_benign
430dde4bb653c0ea5fd93a10ddf2e60a0cca4ae3987cd7ee1be564367d69a90c,benign/430dde4bb653c0ea5fd93a10ddf2e60a0cca4ae3987cd7ee1be564367d69a90c.exe,0,existing_benign
43dc2c35f736ecec0cf53d129a38ae6afe9b302bac54845d0abe9df77ae9947c,benign/43dc2c35f736ecec0cf53d129a38ae6afe9b302bac54845d0abe9df77ae9947c.dll,0,existing_benign
445aab2eb325476ae64d43989aff0ffc1fca1c1784070fe9baefef97bee3574e,benign/445aab2eb325476ae64d43989aff0ffc1fca1c1784070fe9baefef97bee3574e.exe,0,existing_benign
44cfbf1927a6b8060dfa310720244496a375b72854ad07acc397e595d3511e70,benign/44cfbf1927a6b8060dfa310720244496a375b72854ad07acc397e595d3511e70.exe,0,existing_benign
45e1c65de931551c10f3cdb95aa90247ba5bbc3bac50cf90119c410ea187aa33,benign/45e1c65de931551c10f3cdb95aa90247ba5bbc3bac50cf90119c410ea187aa33.exe,0,existing_benign
462343a8d28aaad83a4fe979fd556b8a2453d779cb6b40df8266b31c2783071c,benign/462343a8d28aaad83a4fe979fd556b8a2453d779cb6b40df8266b31c2783071c.exe,0,existing_benign
4670e1ecb4b136d81148401cd71737ccf1376c772fa513a3e176b8ce8b8f982d,benign/4670e1ecb4b136d81148401cd71737ccf1376c772fa513a3e176b8ce8b8f982d.exe,0,existing_benign
469dd254a87042202bc4a019f4a1ee7024480b0eca237633e7e7f38117330e30,benign/469dd254a87042202bc4a019f4a1ee7024480b0eca237633e7e7f38117330e30.exe,0,existing_benign
46c434c68612370ff97ebfe2658edd9dfa2d6437fca1088476bcc94454129647,benign/46c434c68612370ff97ebfe2658edd9dfa2d6437fca1088476bcc94454129647.exe,0,existing_benign
46c5ec48c7a46ecc7fac689cc88843b51a8b615b5c4439e2f3d13ef4d4413a5a,benign/46c5ec48c7a46ecc7fac689cc88843b51a8b615b5c4439e2f3d13ef4d4413a5a.exe,0,generated_win32_api
4763e395b7be3d6b2e254333646c373622d909272712539912fce1b4eccbd2d5,benign/4763e395b7be3d6b2e254333646c373622d909272712539912fce1b4eccbd2d5.exe,0,existing_benign
479dd2af412e8ca0f9e37a8f03d073b1345c2363ef3a7c04ae69d299e2168863,benign/479dd2af412e8ca0f9e37a8f03d073b1345c2363ef3a7c04ae69d299e2168863.exe,0,existing_benign
48ab342a6f04d82b4a5dc91e0d5c26236e8830edb59e8b7d18db5acbefb1cf9c,benign/48ab342a6f04d82b4a5dc91e0d5c26236e8830edb59e8b7d18db5acbefb1cf9c.exe,0,existing_benign
49582fedbe13bafe4501183534919eca30a79dd3375718cf9d4e51317e22df8e,benign/49582fedbe13bafe4501183534919eca30a79dd3375718cf9d4e51317e22df8e.exe,0,existing_benign
49a769bfb4d665f329a9a5753286679aa34343240a2b43148d7d7fcea6e9fad1,benign/49a769bfb4d665f329a9a5753286679aa34343240a2b43148d7d7fcea6e9fad1.exe,0,existing_benign
4bd935e81b19b1e131761f907109abc2bd272d3a877b1496e1a8c17da38b1149,benign/4bd935e81b19b1e131761f907109abc2bd272d3a877b1496e1a8c17da38b1149.exe,0,existing_benign
4cc4f132d5140e563ecf8aac209ff2c8a7d769982d607231a86082974535637d,benign/4cc4f132d5140e563ecf8aac209ff2c8a7d769982d607231a86082974535637d.exe,0,existing_benign
4cdf95ef7bec023fed416ea34905055132374407d565bf242b69159352ad546f,benign/4cdf95ef7bec023fed416ea34905055132374407d565bf242b69159352ad546f.exe,0,existing_benign
4d03ba56c05461b1ac9c388c0ed115109fb4216592ef01dbd43b58321e1cf0e3,benign/4d03ba56c05461b1ac9c388c0ed115109fb4216592ef01dbd43b58321e1cf0e3.exe,0,existing_benign
4db5d733cba3430eb5d7c484cda492f0d639e5fa8f5b07a0eebb2905d0c49c06,benign/4db5d733cba3430eb5d7c484cda492f0d639e5fa8f5b07a0eebb2905d0c49c06.exe,0,existing_benign
4dff4c148526b3cb946c6660cac910a381c65f0227903770b2a5271c8c871b1f,benign/4dff4c148526b3cb946c6660cac910a381c65f0227903770b2a5271c8c871b1f.exe,0,existing_benign
4e61919259b73d8359ff0e926aab11706b7e927330c6a75c63dbd8284a3c64ac,benign/4e61919259b73d8359ff0e926aab11706b7e927330c6a75c63dbd8284a3c64ac.exe,0,existing_benign
4eb4044e7fab74349fe1228398a4b2240889d17ebf7286b48b7c5442abb9bb9e,benign/4eb4044e7fab74349fe1228398a4b2240889d17ebf7286b48b7c5442abb9bb9e.exe,0,existing_benign
4efb7163544aaac98b79b40b728f19c44db8ebec9f7617853da1400f5045f72f,benign/4efb7163544aaac98b79b40b728f19c44db8ebec9f7617853da1400f5045f72f.exe,0,generated_win32_api
4feba038022d214e276ac0d13a56c3b14cb4560e3355531fe8339f5355b4bb24,benign/4feba038022d214e276ac0d13a56c3b14cb4560e3355531fe8339f5355b4bb24.exe,0,existing_benign
5026241aae54c69ee6332b0ce52c716e7b86dae3db7dbfe2509ca1a0954fe3be,benign/5026241aae54c69ee6332b0ce52c716e7b86dae3db7dbfe2509ca1a0954fe3be.exe,0,existing_benign
504994a3a8943e9ad96a9034291ccd4007ce467df980f7f6e18fd4a2573f3056,benign/504994a3a8943e9ad96a9034291ccd4007ce467df980f7f6e18fd4a2573f3056.exe,0,existing_benign
507bdc3ab5a6d9ddba2df68aff6f59572180134252f5eb8cb46f9bb23006b496,benign/507bdc3ab5a6d9ddba2df68aff6f59572180134252f5eb8cb46f9bb23006b496.exe,0,existing_benign
509337b9fff00aa0c143cceae30b045557912847f508b31ad1de674a6cd61a0a,benign/509337b9fff00aa0c143cceae30b045557912847f508b31ad1de674a6cd61a0a.exe,0,existing_benign
51f8d936fbda8408b9d04a591f3d8a6ca6663b38d5c60a8ee6a232a847f804ff,benign/51f8d936fbda8408b9d04a591f3d8a6ca6663b38d5c60a8ee6a232a847f804ff.exe,0,existing_benign
52d697336e86e9063d82edca959c7a322eb121a27d2f4091375deb1690b3706e,benign/52d697336e86e9063d82edca959c7a322eb121a27d2f4091375deb1690b3706e.exe,0,existing_benign
53757c0b9e805692c0180a01807c087f8c018414e1d12c9f1e208280215ea7d1,benign/53757c0b9e805692c0180a01807c087f8c018414e1d12c9f1e208280215ea7d1.exe,0,existing_benign
53d329298562d9e7c53bb0e03c6f447447ffdd89df8b77b6a01ee7d05fe757b6,benign/53d329298562d9e7c53bb0e03c6f447447ffdd89df8b77b6a01ee7d05fe757b6.exe,0,existing_benign
53f28b2c38987fec975be8ec75e9b5485ed208e20719ef75e861aa903fddb1c1,benign/53f28b2c38987fec975be8ec75e9b5485ed208e20719ef75e861aa903fddb1c1.exe,0,existing_benign
5436682899d320786d49e9c87f260cb52fdc0c9cf13114769fcdc7fdb7843c40,benign/5436682899d320786d49e9c87f260cb52fdc0c9cf13114769fcdc7fdb7843c40.exe,0,existing_benign
54d19cf0eccc9e9664610ab2d90eb145b78551b3c5ebe79c608d20e08ce40775,benign/54d19cf0eccc9e9664610ab2d90eb145b78551b3c5ebe79c608d20e08ce40775.exe,0,existing_benign
55021c62c298ddd2f8974993c52267d424fa4982e5177a9169f6e0b5e5ed7c5b,benign/55021c62c298ddd2f8974993c52267d424fa4982e5177a9169f6e0b5e5ed7c5b.exe,0,existing_benign
55387d1e61a96762d68efc88fe70ec37fde3fecd43a7bb16a66e1c98b1a97e1d,benign/55387d1e61a96762d68efc88fe70ec37fde3fecd43a7bb16a66e1c98b1a97e1d.exe,0,generated_win32_api
557309778a3924d38496db50e5c263285fc979a49ca3ae30d520d26f940bbfd3,benign/557309778a3924d38496db50e5c263285fc979a49ca3ae30d520d26f940bbfd3.exe,0,existing_benign
56ced923d20597fb2fdcfc337a77fece81874c32319c8c06ed95e5150e6d7aa4,benign/56ced923d20597fb2fdcfc337a77fece81874c32319c8c06ed95e5150e6d7aa4.exe,0,existing_benign
582bf41989350cae68a150d228b99ba052960e4be5e7466abc7dcbf7e93c24e7,benign/582bf41989350cae68a150d228b99ba052960e4be5e7466abc7dcbf7e93c24e7.exe,0,existing_benign
5971f09ede06634f7326cc5fe4b700920ce30520df1f5f1365fe09bfa21f5c59,benign/5971f09ede06634f7326cc5fe4b700920ce30520df1f5f1365fe09bfa21f5c59.exe,0,existing_benign
59809cda447f6745b4a74c40a6ca5cbf9d2b5d6c63cbfca2845ff9ba013c376a,benign/59809cda447f6745b4a74c40a6ca5cbf9d2b5d6c63cbfca2845ff9ba013c376a.exe,0,existing_benign
59e47e56dc39ece4a4685cd67075d4f4887cdfad3c9bef12f1908948f186dcb3,benign/59e47e56dc39ece4a4685cd67075d4f4887cdfad3c9bef12f1908948f186dcb3.exe,0,existing_benign
5a871fac6b6279aa13109aee69e92a637468eb517de3b17734843e645e632cec,benign/5a871fac6b6279aa13109aee69e92a637468eb517de3b17734843e645e632cec.exe,0,existing_benign
5aa640b813d008a978a69780e27db7a4d709cd22bb51d4c196e05b36a03a2b82,benign/5aa640b813d008a978a69780e27db7a4d709cd22bb51d4c196e05b36a03a2b82.dll,0,existing_benign
5b376d8176b7f06091bd49da5b32e0c61a94eab5340b4054cf08c57bcf30f3e5,benign/5b376d8176b7f06091bd49da5b32e0c61a94eab5340b4054cf08c57bcf30f3e5.exe,0,generated_win32_api
5bd02c10d12d613e3ab39c75e89d6070f954351092fad0c6c78674171d0937b1,benign/5bd02c10d12d613e3ab39c75e89d6070f954351092fad0c6c78674171d0937b1.exe,0,existing_benign
5bd289a819ff8403de08b9eaaf2fab5a323ba8e2e7311c5af59a35b35d852b03,benign/5bd289a819ff8403de08b9eaaf2fab5a323ba8e2e7311c5af59a35b35d852b03.exe,0,existing_benign
5bdebbe46b6d76bf7a93551ab70d940974194e8c0638f9237cf7630e98ef05bb,benign/5bdebbe46b6d76bf7a93551ab70d940974194e8c0638f9237cf7630e98ef05bb.dll,0,existing_benign
5bf6824cd0d2b3af1c2caab86f5fbd5b13674a7ec1257f6535dd66a00300e1bb,benign/5bf6824cd0d2b3af1c2caab86f5fbd5b13674a7ec1257f6535dd66a00300e1bb.exe,0,existing_benign
5c45e20e9c49ba4331ccec6350b8314f37d9b7136906fbe2caa1ffdd1a0ca906,benign/5c45e20e9c49ba4331ccec6350b8314f37d9b7136906fbe2caa1ffdd1a0ca906.exe,0,existing_benign
5c61db6bf2f8c6d9f8bf69e11564c894eae0ee656803f145a1629e5cd464db4a,benign/5c61db6bf2f8c6d9f8bf69e11564c894eae0ee656803f145a1629e5cd464db4a.exe,0,existing_benign
5c8e8ae90ff9ed01e08b8278a66d2b80bb773de2b9cf1905529c6a8dc81923b0,benign/5c8e8ae90ff9ed01e08b8278a66d2b80bb773de2b9cf1905529c6a8dc81923b0.exe,0,existing_benign
5d6c155caf5f6be300041cbb0db4db7671d6ec3247696cf2a2ec796c176934ad,benign/5d6c155caf5f6be300041cbb0db4db7671d6ec3247696cf2a2ec796c176934ad.exe,0,existing_benign
5d924b83a390be0042ae845e4679bba98f426f5abba3774869c2e25ef8c6104b,benign/5d924b83a390be0042ae845e4679bba98f426f5abba3774869c2e25ef8c6104b.exe,0,existing_benign
5f1471ba6e65560fba1e997f2c2c968d8a50afb9e050d740aa5f5b15d5bc2ce7,benign/5f1471ba6e65560fba1e997f2c2c968d8a50afb9e050d740aa5f5b15d5bc2ce7.dll,0,existing_benign
5fb426d8367cbdc83986ca9603fbd159ca28bfe19efb11fde5683455ac1474fe,benign/5fb426d8367cbdc83986ca9603fbd159ca28bfe19efb11fde5683455ac1474fe.exe,0,existing_benign
5fd44b3705acfddc015248aafaee2fafa2c4a4cf77c9f46b6690b238475c54a5,benign/5fd44b3705acfddc015248aafaee2fafa2c4a4cf77c9f46b6690b238475c54a5.exe,0,existing_benign
6046ebe2dd2a39626dfb8c383ded37ea27ef96186cbe3af31c7757ac28e1bd60,benign/6046ebe2dd2a39626dfb8c383ded37ea27ef96186cbe3af31c7757ac28e1bd60.exe,0,existing_benign
609eb88a5e965bc3d0bcebef73ed04c58dd43309a3abb29c929ff42ecbeda5f3,benign/609eb88a5e965bc3d0bcebef73ed04c58dd43309a3abb29c929ff42ecbeda5f3.exe,0,existing_benign
60abe902eff08bfa4a65515a9b54ee8d7c09877395507598dbb04b13cb6f9a06,benign/60abe902eff08bfa4a65515a9b54ee8d7c09877395507598dbb04b13cb6f9a06.exe,0,existing_benign
61d0862fd4edfd0f3b647d559e6b8fbe78761b8c6af13d1277a86b6366d93f16,benign/61d0862fd4edfd0f3b647d559e6b8fbe78761b8c6af13d1277a86b6366d93f16.exe,0,generated_win32_api
628304b7daf3608a560d26b97c783103960eb65c0473ec2765449b37861d3dea,benign/628304b7daf3608a560d26b97c783103960eb65c0473ec2765449b37861d3dea.exe,0,existing_benign
62a49e281de39f00ba7bffd231773e6d9349da6aff0ad65931a775e2ed13d5af,benign/62a49e281de39f00ba7bffd231773e6d9349da6aff0ad65931a775e2ed13d5af.exe,0,existing_benign
63e87e91c139727878e7e8faaf0de233ca294718370db6cd8824fe9197608477,benign/63e87e91c139727878e7e8faaf0de233ca294718370db6cd8824fe9197608477.exe,0,existing_benign
6401cc6be823cbbbc7822d02784c6b0ebc4ec8fd602467c9031d32eb68dc0744,benign/6401cc6be823cbbbc7822d02784c6b0ebc4ec8fd602467c9031d32eb68dc0744.exe,0,existing_benign
642ab8c7ca9bc34b2ae642d2e49c69812b440dcbec9ef95cb09693353fa93186,benign/642ab8c7ca9bc34b2ae642d2e49c69812b440dcbec9ef95cb09693353fa93186.exe,0,existing_benign
643c886807d3f9c2a85ef52d24d0a43952d699100dd800a7622ab5777ec3adaf,benign/643c886807d3f9c2a85ef52d24d0a43952d699100dd800a7622ab5777ec3adaf.exe,0,existing_benign
650c65812ed5a3a2e3a6f346e4b6a5f9309405ea48014ec4d3e853df5537ef2f,benign/650c65812ed5a3a2e3a6f346e4b6a5f9309405ea48014ec4d3e853df5537ef2f.exe,0,existing_benign
65475ba417c2f35b823aef2c17204ac1b3fb60fd57060a0a2820c748ef8e7aa6,benign/65475ba417c2f35b823aef2c17204ac1b3fb60fd57060a0a2820c748ef8e7aa6.exe,0,existing_benign
65a6b0690e2abee081a62bd9afc5afb78f8420c25a0562da5bc37cb308cbf922,benign/65a6b0690e2abee081a62bd9afc5afb78f8420c25a0562da5bc37cb308cbf922.exe,0,existing_benign
65dd80dad939ef49adb533db5fcdd79ff4d6272ac6c7c42619cde54585ce2af8,benign/65dd80dad939ef49adb533db5fcdd79ff4d6272ac6c7c42619cde54585ce2af8.exe,0,existing_benign
65f028ade53b79d22fdb7b6ae008de52b853245569aa2becc2b746656acbf8bd,benign/65f028ade53b79d22fdb7b6ae008de52b853245569aa2becc2b746656acbf8bd.exe,0,existing_benign
6647819a42a48b341292532c59c9082f33ad9c38d5cd14d28865bd05b47d717f,benign/6647819a42a48b341292532c59c9082f33ad9c38d5cd14d28865bd05b47d717f.exe,0,existing_benign
6686d1a489fb245dddb2b49a067f44caada56ed0ceaf66192b9b2419b8486a50,benign/6686d1a489fb245dddb2b49a067f44caada56ed0ceaf66192b9b2419b8486a50.exe,0,existing_benign
673bb0dcba0fc07251f8706d7cdcf4b42a79a9f80a06628cc274e73d62b23632,benign/673bb0dcba0fc07251f8706d7cdcf4b42a79a9f80a06628cc274e73d62b23632.exe,0,existing_benign
678a9f5494ac0909e92b41f06023cdcb2fc8822f683d30c83d373c7340123220,benign/678a9f5494ac0909e92b41f06023cdcb2fc8822f683d30c83d373c7340123220.exe,0,existing_benign
67b7fa534e8c9469125115ba1a450dd714537cdb6d4e8a262f9cad7ef498cf80,benign/67b7fa534e8c9469125115ba1a450dd714537cdb6d4e8a262f9cad7ef498cf80.dll,0,existing_benign
68165265cc86e3f5d93aa3b6112bed963b57bb353755104facc5c42bbb319816,benign/68165265cc86e3f5d93aa3b6112bed963b57bb353755104facc5c42bbb319816.exe,0,existing_benign
6902a39b3419f12a9630946866822b4129893787171d5e66ff9f46916eb80e09,benign/6902a39b3419f12a9630946866822b4129893787171d5e66ff9f46916eb80e09.exe,0,existing_benign
693ddec9fc4e5cddd4e34c3171bbca4c47bb3d02457b0b5f8a28eb95f8741e88,benign/693ddec9fc4e5cddd4e34c3171bbca4c47bb3d02457b0b5f8a28eb95f8741e88.exe,0,existing_benign
698a0a9d06570e2001a2244481d2e31983dec883c53cc99377f3442efd461d9f,benign/698a0a9d06570e2001a2244481d2e31983dec883c53cc99377f3442efd461d9f.exe,0,existing_benign
69b70f6270c3007aae06bc22d184b68979d556ca61b15d8ae963ef18580f1cbe,benign/69b70f6270c3007aae06bc22d184b68979d556ca61b15d8ae963ef18580f1cbe.exe,0,existing_benign
69b96c84e4db3ba1a56c21f54d59ed39625de0dd57e05cb99a1790c1c0db1b14,benign/69b96c84e4db3ba1a56c21f54d59ed39625de0dd57e05cb99a1790c1c0db1b14.dll,0,existing_benign
6a47021ef6567ea799adfb3b109c8deda98c676f5c55d0fe61ca5ec6948d2ab4,benign/6a47021ef6567ea799adfb3b109c8deda98c676f5c55d0fe61ca5ec6948d2ab4.exe,0,existing_benign
6a8698c074df5136a08c1ec1cd12efa23b709c23e89269a1fb0a78eed9d3adc6,benign/6a8698c074df5136a08c1ec1cd12efa23b709c23e89269a1fb0a78eed9d3adc6.exe,0,existing_benign
6a879a51866dad34a36957160600a65951294a8aa495bd608661599756290864,benign/6a879a51866dad34a36957160600a65951294a8aa495bd608661599756290864.exe,0,existing_benign
6aa85ae46789f6cf6b2f6edd83f376ce13f9575cbc1ac0ee787780bcbd6d5865,benign/6aa85ae46789f6cf6b2f6edd83f376ce13f9575cbc1ac0ee787780bcbd6d5865.exe,0,existing_benign
6ae162ca49c19b0fe32932b105d1aba46c24c8f135f98ca508821d15dd3b9ec3,benign/6ae162ca49c19b0fe32932b105d1aba46c24c8f135f98ca508821d15dd3b9ec3.exe,0,existing_benign
6b3fe599379ae4202ff43116b1e64f27b2a99dc8e3c0be7692c3b3e2e70596a8,benign/6b3fe599379ae4202ff43116b1e64f27b2a99dc8e3c0be7692c3b3e2e70596a8.exe,0,existing_benign
6b86f22d00f1526ae8d346a984ef899612ca00a226738c777c427f61c09a726a,benign/6b86f22d00f1526ae8d346a984ef899612ca00a226738c777c427f61c09a726a.exe,0,existing_benign
6c85391b489629284ee6f0103c79c2790f159ec9f0a7f34e5c9c9d68a4c8cb1e,benign/6c85391b489629284ee6f0103c79c2790f159ec9f0a7f34e5c9c9d68a4c8cb1e.exe,0,existing_benign
6d1c5ee66c823a8b0bc2fc65dc757db868009315207d3ecbd3c72417d9fa16f5,benign/6d1c5ee66c823a8b0bc2fc65dc757db868009315207d3ecbd3c72417d9fa16f5.exe,0,existing_benign
6d704d4089c919e44d6da0c2d1876cd4d9e90366de066b1e7d245c326fcdac11,benign/6d704d4089c919e44d6da0c2d1876cd4d9e90366de066b1e7d245c326fcdac11.exe,0,existing_benign
6dfb7b5170f97cf5e35080954227106038678258c80105e8997d600f1c270dde,benign/6dfb7b5170f97cf5e35080954227106038678258c80105e8997d600f1c270dde.exe,0,existing_benign
6fe2e6431b45cf32b9b2f3e50a8efae046a2366eb34d0fb36da027cf56102aec,benign/6fe2e6431b45cf32b9b2f3e50a8efae046a2366eb34d0fb36da027cf56102aec.exe,0,existing_benign
7065b5a7b6e66a2d66afe6c1cef38f1221b787b9470574262c9b89bb32154f11,benign/7065b5a7b6e66a2d66afe6c1cef38f1221b787b9470574262c9b89bb32154f11.exe,0,existing_benign
7067cd6639fa4d49a86dd6eb24d8c4cca2a51ba44b7ad3053663163928c37330,benign/7067cd6639fa4d49a86dd6eb24d8c4cca2a51ba44b7ad3053663163928c37330.exe,0,existing_benign
7086f2e11ebf8f80ff442eeada0b9b47eec45aa80456e8ccc6a8e803f13a0df7,benign/7086f2e11ebf8f80ff442eeada0b9b47eec45aa80456e8ccc6a8e803f13a0df7.exe,0,existing_benign
711ee1648675dd4871e3ca586db3dd1f8d513a0b6115302fc1d8b04e3a3cc6c8,benign/711ee1648675dd4871e3ca586db3dd1f8d513a0b6115302fc1d8b04e3a3cc6c8.exe,0,existing_benign
7138fea085e1550a28e13d92ea7fc2f96039b586501e205c25be56e0498cc96d,benign/7138fea085e1550a28e13d92ea7fc2f96039b586501e205c25be56e0498cc96d.exe,0,existing_benign
71479e6bdee39ea477dec5ce74f9e10337de15140f055f83af34ce7519b6b003,benign/71479e6bdee39ea477dec5ce74f9e10337de15140f055f83af34ce7519b6b003.dll,0,existing_benign
714e7b87efbeaa9b56670c841e30f436922905b168c372d7a252a161f104a815,benign/714e7b87efbeaa9b56670c841e30f436922905b168c372d7a252a161f104a815.exe,0,existing_benign
7207775c31b72d3e86ecd5e8e28fd92e4d61a98d11bb3e69a965f8c83f41b1d4,benign/7207775c31b72d3e86ecd5e8e28fd92e4d61a98d11bb3e69a965f8c83f41b1d4.exe,0,existing_benign
72084e28ff6b2a8df8ec93f4e5296e43a0a4441a445eaaa5446c0ab09107603b,benign/72084e28ff6b2a8df8ec93f4e5296e43a0a4441a445eaaa5446c0ab09107603b.exe,0,existing_benign
729087441e8f784cd8e061c8e121a1220e913368fe9111fd2e0ce3b9e1922a3b,benign/729087441e8f784cd8e061c8e121a1220e913368fe9111fd2e0ce3b9e1922a3b.exe,0,existing_benign
733e73002c64ea288719eb78b7dce695cf4a32c1c6eccf72963d02b2b4b6fe96,benign/733e73002c64ea288719eb78b7dce695cf4a32c1c6eccf72963d02b2b4b6fe96.exe,0,existing_benign
739a9a4788a43f9b79ef4ccc1c270ab5cdc363d49c2d9ec2295246d9a64a0387,benign/739a9a4788a43f9b79ef4ccc1c270ab5cdc363d49c2d9ec2295246d9a64a0387.exe,0,existing_benign
73d95f268452e18f7aed407eb57c491858ab9d58647e7e7436b55dffc3d25979,benign/73d95f268452e18f7aed407eb57c491858ab9d58647e7e7436b55dffc3d25979.exe,0,existing_benign
7443215246a8bbbd85eb512ee01301c272a04ecc73713558a7f71b397dce991a,benign/7443215246a8bbbd85eb512ee01301c272a04ecc73713558a7f71b397dce991a.exe,0,existing_benign
748f40c3f11e63f23b3a9ff995de7d08915e4df7258e075b63c2f340b75f7e2a,benign/748f40c3f11e63f23b3a9ff995de7d08915e4df7258e075b63c2f340b75f7e2a.exe,0,existing_benign
74d5471785856875183c8c8a2aa4c9220731e8e15462f610287910b34f4a889c,benign/74d5471785856875183c8c8a2aa4c9220731e8e15462f610287910b34f4a889c.exe,0,existing_benign
753fdc04803637ee6d058812c79d27397064c2be9de56de943b15cd94e05c7a2,benign/753fdc04803637ee6d058812c79d27397064c2be9de56de943b15cd94e05c7a2.exe,0,generated_win32_api
75adc91bc9effcc58ec4ffa53b3c5cff29736182593b2be5ea7f23c7e88be74f,benign/75adc91bc9effcc58ec4ffa53b3c5cff29736182593b2be5ea7f23c7e88be74f.exe,0,existing_benign
76c1e721761f359d49625950e6f968e8acbebdafbdffd69d1f222d05acb0a5c0,benign/76c1e721761f359d49625950e6f968e8acbebdafbdffd69d1f222d05acb0a5c0.exe,0,existing_benign
76c7c6898f7d50a0caf6103c255b223bcf396fb97058f91474563b29bc6e867e,benign/76c7c6898f7d50a0caf6103c255b223bcf396fb97058f91474563b29bc6e867e.exe,0,existing_benign
77b58044774b33f0b34ac0442f7b7aedac007d08fd964461fc590428d6906a00,benign/77b58044774b33f0b34ac0442f7b7aedac007d08fd964461fc590428d6906a00.exe,0,existing_benign
77f6a0e91924845cbe3e25c6efd28cb1470e9f8f3bdd66a42565a362dacbb0e4,benign/77f6a0e91924845cbe3e25c6efd28cb1470e9f8f3bdd66a42565a362dacbb0e4.exe,0,existing_benign
7858b52ca7c39c515cd6af84448403ac74c27293a9d36d0c76f4f9a04853b4cc,benign/7858b52ca7c39c515cd6af84448403ac74c27293a9d36d0c76f4f9a04853b4cc.exe,0,existing_benign
787197d1f382d2017087585601a44b383a4875692cab00cb5d947500108643e0,benign/787197d1f382d2017087585601a44b383a4875692cab00cb5d947500108643e0.exe,0,existing_benign
78ea2ef615a3b11bdc10d339f8b5722919eaf49427de09f9b76b063a8ee3a1ce,benign/78ea2ef615a3b11bdc10d339f8b5722919eaf49427de09f9b76b063a8ee3a1ce.exe,0,existing_benign
790e895edc047bf1e525084e7bd6ca3d496117af0d393b8cfd2f96ec11763000,benign/790e895edc047bf1e525084e7bd6ca3d496117af0d393b8cfd2f96ec11763000.exe,0,existing_benign
7975c00645f4e338d7c7b4de8d3f5ad16e94f82010df4fbd759e7964ff6de003,benign/7975c00645f4e338d7c7b4de8d3f5ad16e94f82010df4fbd759e7964ff6de003.exe,0,existing_benign
79ae3531383ad05bd2fab5af5b604dcef486a8e09c3f95facecf2ae9aa65d729,benign/79ae3531383ad05bd2fab5af5b604dcef486a8e09c3f95facecf2ae9aa65d729.dll,0,existing_benign
79d8ed1e363b38b8612f02302ca088a4344acbe77496be0a798cc92f5f4dc7ec,benign/79d8ed1e363b38b8612f02302ca088a4344acbe77496be0a798cc92f5f4dc7ec.exe,0,existing_benign
7a821b2d84a3a224b214fa56fe04af8b269169d2e2290791fe9547593d3a6b22,benign/7a821b2d84a3a224b214fa56fe04af8b269169d2e2290791fe9547593d3a6b22.exe,0,generated_win32_api
7b5d9b4c1438c218d8330fa092f97950bea6142ed424b052ce8e9936d4b50152,benign/7b5d9b4c1438c218d8330fa092f97950bea6142ed424b052ce8e9936d4b50152.exe,0,existing_benign
7b844cfa31184ede3987e9cca681a1a9a8b8015ed3ced294b8307dbc5bcf564f,benign/7b844cfa31184ede3987e9cca681a1a9a8b8015ed3ced294b8307dbc5bcf564f.exe,0,existing_benign
7db593529a95e02fe91be17a631a2f764bcc783dcc1ddffee8ff323eefb718cf,benign/7db593529a95e02fe91be17a631a2f764bcc783dcc1ddffee8ff323eefb718cf.exe,0,generated_win32_api
7ea7a99db4e9e75b052d55991beb0a644cf2c0ac9a018a5abec704d5a4799236,benign/7ea7a99db4e9e75b052d55991beb0a644cf2c0ac9a018a5abec704d5a4799236.exe,0,existing_benign
7eeaa150414dca2704b124a88057a1b44e3d2291d889974931ff68aac787dd91,benign/7eeaa150414dca2704b124a88057a1b44e3d2291d889974931ff68aac787dd91.exe,0,generated_win32_api
806e6252db45be78bfc064eb9a774dd1320d8f9aa70dd746996a1d9ddf9b8fd4,benign/806e6252db45be78bfc064eb9a774dd1320d8f9aa70dd746996a1d9ddf9b8fd4.exe,0,existing_benign
806fcd3ba14d4d7d9c5c0e4eb6cb75cf87d6ef2f8593f379ca3617de3715209c,benign/806fcd3ba14d4d7d9c5c0e4eb6cb75cf87d6ef2f8593f379ca3617de3715209c.exe,0,existing_benign
8278b580d4333791ef110db782c710354c69f914b18db93d45fa9d8d02b99bbc,benign/8278b580d4333791ef110db782c710354c69f914b18db93d45fa9d8d02b99bbc.exe,0,existing_benign
832bbb5c83ee9cf00db93e9f3bdf4e390226a3201a08ea55013cefa09c925667,benign/832bbb5c83ee9cf00db93e9f3bdf4e390226a3201a08ea55013cefa09c925667.exe,0,existing_benign
83c858ee15edb5147cb34254bd80bb564efaf85a55177db20609bac2d6ebdba0,benign/83c858ee15edb5147cb34254bd80bb564efaf85a55177db20609bac2d6ebdba0.exe,0,existing_benign
8418c1156dc2c7d29ddd69a33376d679ea13d1a75b57ce75a17042781a7f896f,benign/8418c1156dc2c7d29ddd69a33376d679ea13d1a75b57ce75a17042781a7f896f.exe,0,existing_benign
842b659649f1e049b056ed9f536df61d6dfad603bbc9ec522393fe6ad386ee53,benign/842b659649f1e049b056ed9f536df61d6dfad603bbc9ec522393fe6ad386ee53.dll,0,existing_benign
843419dd1ebe4177025bb00f2f028c2b9dff5c25842a8210b9f11fc05e153d3a,benign/843419dd1ebe4177025bb00f2f028c2b9dff5c25842a8210b9f11fc05e153d3a.exe,0,existing_benign
8437f1f90371dca4c31e373094448c12707f56dfef8bd2300ed1d2629b3b1572,benign/8437f1f90371dca4c31e373094448c12707f56dfef8bd2300ed1d2629b3b1572.exe,0,existing_benign
85c352b9ba29cced75f22a186a9c1564b170ac529ae8b63db0509665861ac9be,benign/85c352b9ba29cced75f22a186a9c1564b170ac529ae8b63db0509665861ac9be.exe,0,existing_benign
85e0a4277d4ee84add09589f0fb07491024478a419ed02025ce3ca681a0ecb0b,benign/85e0a4277d4ee84add09589f0fb07491024478a419ed02025ce3ca681a0ecb0b.exe,0,existing_benign
861a8bfa7ee801d63e45d22cfb46f4e425108a56aed1441964925a8910d13261,benign/861a8bfa7ee801d63e45d22cfb46f4e425108a56aed1441964925a8910d13261.exe,0,existing_benign
86349cb4d3efc5ed16eff2d194fdbd74b19eaf862d4d3190c84c737fc829ebd1,benign/86349cb4d3efc5ed16eff2d194fdbd74b19eaf862d4d3190c84c737fc829ebd1.dll,0,existing_benign
866422d290a270998c885d5b3956db9df18773b7655469df2f176dbf08e3c02b,benign/866422d290a270998c885d5b3956db9df18773b7655469df2f176dbf08e3c02b.exe,0,existing_benign
86a0a0ec8ec9d22d02cc508cee3fa1fcbf8f6c59cca175cc3ae5017f121645c9,benign/86a0a0ec8ec9d22d02cc508cee3fa1fcbf8f6c59cca175cc3ae5017f121645c9.exe,0,existing_benign
86b5ab623a01ef5d7c42ff4300f7ddba3a65a9f90e9d2fb6b668b4ed1cb1c1e5,benign/86b5ab623a01ef5d7c42ff4300f7ddba3a65a9f90e9d2fb6b668b4ed1cb1c1e5.exe,0,existing_benign
86c83e603936df21e1c7a2e6fe6a371145277431f496e973f524fa87f4683777,benign/86c83e603936df21e1c7a2e6fe6a371145277431f496e973f524fa87f4683777.exe,0,existing_benign
876538f643da1d21cdab5d4920a75d93c1b9c696b8a0de1620eacdaadcdc226a,benign/876538f643da1d21cdab5d4920a75d93c1b9c696b8a0de1620eacdaadcdc226a.exe,0,existing_benign
8790a27fd109241c005aff1a11cb271c7d2eef9a3837c5532f3eba1aace50e2b,benign/8790a27fd109241c005aff1a11cb271c7d2eef9a3837c5532f3eba1aace50e2b.exe,0,existing_benign
87db07381436ce1f1c33155e13ef2b81787494f5b79d175f2fd041f4f2271036,benign/87db07381436ce1f1c33155e13ef2b81787494f5b79d175f2fd041f4f2271036.exe,0,existing_benign
8809265003cc78cc7bfe708d0140f4045c86b2379b49b1b772eb25df1a27e1be,benign/8809265003cc78cc7bfe708d0140f4045c86b2379b49b1b772eb25df1a27e1be.dll,0,existing_benign
885198add8218b84d89e7ad1a5e661e311b4ae5d7eac9a3d23c2d79677fc24da,benign/885198add8218b84d89e7ad1a5e661e311b4ae5d7eac9a3d23c2d79677fc24da.exe,0,existing_benign
88905430a60ab29d66f0b900f6092261a6901a97848fccb75ada789e68ec7619,benign/88905430a60ab29d66f0b900f6092261a6901a97848fccb75ada789e68ec7619.exe,0,generated_win32_api
8898ac53e7379dfd5b3464eb72205acd3b8a485eee8f2a871dd240eefd307a51,benign/8898ac53e7379dfd5b3464eb72205acd3b8a485eee8f2a871dd240eefd307a51.exe,0,existing_benign
88a6760ec9c3767fedbb2ab57b9995515700133408b25e87a7ba02aed5a1f8c2,benign/88a6760ec9c3767fedbb2ab57b9995515700133408b25e87a7ba02aed5a1f8c2.dll,0,existing_benign
88b6fdf0414555688c94e6c3998580ab765523cbd0f5a00c0fbad411d244b59e,benign/88b6fdf0414555688c94e6c3998580ab765523cbd0f5a00c0fbad411d244b59e.exe,0,existing_benign
894b4701462ff994a7f7227baae0c3fe4d360df501a641f2b396831625113a7b,benign/894b4701462ff994a7f7227baae0c3fe4d360df501a641f2b396831625113a7b.exe,0,existing_benign
8a212c190f2e0612eeb6541138eaf5965752d745487415dd85d54b5b695361a4,benign/8a212c190f2e0612eeb6541138eaf5965752d745487415dd85d54b5b695361a4.exe,0,existing_benign
8a21d2bdf8bd07646bf5f935c21f7954094aedc13deb98ccf88445aac4d98506,benign/8a21d2bdf8bd07646bf5f935c21f7954094aedc13deb98ccf88445aac4d98506.exe,0,existing_benign
8a9bdfc5f3b8234309d1a4fda44298f9ccd64cb5d72e6e5eb546f3d76a528a22,benign/8a9bdfc5f3b8234309d1a4fda44298f9ccd64cb5d72e6e5eb546f3d76a528a22.exe,0,existing_benign
8b1128e18107ce39e27a90669dc33e538485fb02f5d39877b184c5f2e60b2298,benign/8b1128e18107ce39e27a90669dc33e538485fb02f5d39877b184c5f2e60b2298.exe,0,existing_benign
8b5ee17acc1e111b07b8e04ba0ee0b857bd9b34d213175371b74d5fd7ca0cdd8,benign/8b5ee17acc1e111b07b8e04ba0ee0b857bd9b34d213175371b74d5fd7ca0cdd8.exe,0,generated_win32_api
8c3f849c2900f520ba6df93d3c8753579c6f91153e42851f08dfb6ba1d72d2ce,benign/8c3f849c2900f520ba6df93d3c8753579c6f91153e42851f08dfb6ba1d72d2ce.exe,0,existing_benign
8c8543023fdf4def9ff87485199ca2ca6d02bbe8ba18d1c1670c121abbd230b1,benign/8c8543023fdf4def9ff87485199ca2ca6d02bbe8ba18d1c1670c121abbd230b1.dll,0,existing_benign
8cc474d89e436458882fe72ca1ece40eadfb2c19c3b3788f72c8df926b5f7813,benign/8cc474d89e436458882fe72ca1ece40eadfb2c19c3b3788f72c8df926b5f7813.exe,0,existing_benign
8d46eb608912578ee35039a2fc2903cd8a2d785901e44e3cc40f551464203fd2,benign/8d46eb608912578ee35039a2fc2903cd8a2d785901e44e3cc40f551464203fd2.exe,0,existing_benign
8db8ab30f1bfe0895b9caf7a5006490a6be3066f0a50656b749cf58252025892,benign/8db8ab30f1bfe0895b9caf7a5006490a6be3066f0a50656b749cf58252025892.exe,0,existing_benign
8e3d34e16f2d3d76222db3aa1e1605ea97541c341ce767149cb106127ac8ee14,benign/8e3d34e16f2d3d76222db3aa1e1605ea97541c341ce767149cb106127ac8ee14.exe,0,existing_benign
8f50b321a69ff28c2dee055c5879a7fe8d46237cf1f4c21f9d135d511273c232,benign/8f50b321a69ff28c2dee055c5879a7fe8d46237cf1f4c21f9d135d511273c232.exe,0,existing_benign
8f6604857bf5ea6fc8f096947653e7b87f5033b92ca053d17f3bf30dd7bbb5d4,benign/8f6604857bf5ea6fc8f096947653e7b87f5033b92ca053d17f3bf30dd7bbb5d4.exe,0,existing_benign
90063343c3b563d2cd0f476ba5fed094743b8b679c3dbc33cd1cb2b4ac12a329,benign/90063343c3b563d2cd0f476ba5fed094743b8b679c3dbc33cd1cb2b4ac12a329.exe,0,existing_benign
90860a1666e72d76402cd46fed20cc185ca1ef355c0365c4809b63ee74f5a7e6,benign/90860a1666e72d76402cd46fed20cc185ca1ef355c0365c4809b63ee74f5a7e6.dll,0,existing_benign
90b7e193fc11a7f8d2dc6867a92b8b310503c376cf93bef4c51a53320cfc584d,benign/90b7e193fc11a7f8d2dc6867a92b8b310503c376cf93bef4c51a53320cfc584d.exe,0,existing_benign
911108b9c6dd2bcd93dc4c204d2e1905f10083202908b802921579cf83394caf,benign/911108b9c6dd2bcd93dc4c204d2e1905f10083202908b802921579cf83394caf.exe,0,existing_benign
913a4732c8596e32f45baa887bcfe2058ca81bcdec54f73bc1b598562359ed72,benign/913a4732c8596e32f45baa887bcfe2058ca81bcdec54f73bc1b598562359ed72.exe,0,existing_benign
91b607a875e9e2798adf4709d020e4694fa01a89c52ada9b2aa828c477c37a6b,benign/91b607a875e9e2798adf4709d020e4694fa01a89c52ada9b2aa828c477c37a6b.exe,0,existing_benign
91e847eeada566267bae51a6bab8237a584ec13bbe2673702ec891d09256281a,benign/91e847eeada566267bae51a6bab8237a584ec13bbe2673702ec891d09256281a.exe,0,existing_benign
91f426e9d19b5e697d2a264a51a3c37579d773559f5c8809a5829e0e93bd4838,benign/91f426e9d19b5e697d2a264a51a3c37579d773559f5c8809a5829e0e93bd4838.exe,0,existing_benign
91f5568b952a1a23eaf3c52e07d2b0354586e83bbaffdf28c9ba10009108f576,benign/91f5568b952a1a23eaf3c52e07d2b0354586e83bbaffdf28c9ba10009108f576.exe,0,generated_win32_api
920552a6b2e1233141f7297b2dfcb39d5af7767fc9d67ae8ffc0eef7294e4ec5,benign/920552a6b2e1233141f7297b2dfcb39d5af7767fc9d67ae8ffc0eef7294e4ec5.exe,0,generated_win32_api
922a22ef828af116fa26a62c8f578a23b5b2db43cd557c57dbceec9edba29855,benign/922a22ef828af116fa26a62c8f578a23b5b2db43cd557c57dbceec9edba29855.exe,0,existing_benign
93a81120d3f675c94f7eb9cf08daf33a0afdcd908b66619ed150c56e92d037e9,benign/93a81120d3f675c94f7eb9cf08daf33a0afdcd908b66619ed150c56e92d037e9.exe,0,existing_benign
93c2e64d7941c4669e1caa70c019cf8f23ce52236c9f24de47b1805c3cf4e281,benign/93c2e64d7941c4669e1caa70c019cf8f23ce52236c9f24de47b1805c3cf4e281.exe,0,generated_win32_api
94344d788c63cc602856aadb5fb94e8ec09a6b6dee4ebfe8f961c346f8a5691b,benign/94344d788c63cc602856aadb5fb94e8ec09a6b6dee4ebfe8f961c346f8a5691b.exe,0,existing_benign
94534b4635daa68574939b0d240d36967037604e9e2e7e964a91bb93b26fb80b,benign/94534b4635daa68574939b0d240d36967037604e9e2e7e964a91bb93b26fb80b.exe,0,generated_win32_api
94c5e30e9236025eaad311d26748ead21c0b7468d9f1aa1e0caa6f8496bdae93,benign/94c5e30e9236025eaad311d26748ead21c0b7468d9f1aa1e0caa6f8496bdae93.exe,0,existing_benign
956e3b3f28761ebe93e0995dbfd8443af7ac05af337750afb2a831a8755e4cb9,benign/956e3b3f28761ebe93e0995dbfd8443af7ac05af337750afb2a831a8755e4cb9.exe,0,existing_benign
967e9db08fc0b95f3da339404ce2205a840d54f6cfdcf0335e8f9d3d4cf7027d,benign/967e9db08fc0b95f3da339404ce2205a840d54f6cfdcf0335e8f9d3d4cf7027d.exe,0,existing_benign
96b99e7378209e46ca404fe3daa075c585b1810deab1711f11e1b1212b883227,benign/96b99e7378209e46ca404fe3daa075c585b1810deab1711f11e1b1212b883227.exe,0,existing_benign
976d4dfc187432c448c5ded48ae255833ec10d9cf5586a0b8b8b4ee3d756d18f,benign/976d4dfc187432c448c5ded48ae255833ec10d9cf5586a0b8b8b4ee3d756d18f.exe,0,existing_benign
9792b6492b5fa75bea193cf6d044089d26d1db24b5fa915bc84e1d8c27884dd4,benign/9792b6492b5fa75bea193cf6d044089d26d1db24b5fa915bc84e1d8c27884dd4.exe,0,existing_benign
986d13ef2a398a542d724e9d4c52fdb1078b47914236b0fe4fceb432a6f377a5,benign/986d13ef2a398a542d724e9d4c52fdb1078b47914236b0fe4fceb432a6f377a5.exe,0,existing_benign
9abaa114aa66a14bbbcd007bd6d1a230840ec4b4f60c85a76d5f6471b59f7ab7,benign/9abaa114aa66a14bbbcd007bd6d1a230840ec4b4f60c85a76d5f6471b59f7ab7.exe,0,existing_benign
9ae6c1c2f82fa7b7bf0fe8a32e0e8b5d3fbfaf82dc01c1a900ca33ec63b4f60f,benign/9ae6c1c2f82fa7b7bf0fe8a32e0e8b5d3fbfaf82dc01c1a900ca33ec63b4f60f.dll,0,existing_benign
9aeb0e139bb2490acd41772213f700c884ba617ed2612d66f6044495a759dba4,benign/9aeb0e139bb2490acd41772213f700c884ba617ed2612d66f6044495a759dba4.exe,0,generated_win32_api
9b9b2ead05acec70ac4ac9eec4f203aab17d1031887df25195c01e65af596989,benign/9b9b2ead05acec70ac4ac9eec4f203aab17d1031887df25195c01e65af596989.exe,0,existing_benign
9bc771dfac00c2660b65a835f8da2ff2743cd8a9c9cbb1d46179998eca5051e0,benign/9bc771dfac00c2660b65a835f8da2ff2743cd8a9c9cbb1d46179998eca5051e0.exe,0,generated_win32_api
9ccbb4d758e332faf3060fda8e31d22f74224fee86612c0455e9daeb9c629b79,benign/9ccbb4d758e332faf3060fda8e31d22f74224fee86612c0455e9daeb9c629b79.exe,0,existing_benign
9f8eb875afb4a84bea1982241a140aa6db717fca83d791f8d3e0c751f9e2788d,benign/9f8eb875afb4a84bea1982241a140aa6db717fca83d791f8d3e0c751f9e2788d.exe,0,existing_benign
9faacc3226c981a444d055a76c0ad3865fbb75b3dd6b01b6b3c14d155f70f3da,benign/9faacc3226c981a444d055a76c0ad3865fbb75b3dd6b01b6b3c14d155f70f3da.exe,0,existing_benign
a02445dbd6a37c0d83d814f6fcd59d2ddf37b18aac50b853a0eb87a63d6fb805,benign/a02445dbd6a37c0d83d814f6fcd59d2ddf37b18aac50b853a0eb87a63d6fb805.exe,0,existing_benign
a04a0b0b3ae42194df1b8c8d24f450e5fa359bbd6de5356132034120087804bd,benign/a04a0b0b3ae42194df1b8c8d24f450e5fa359bbd6de5356132034120087804bd.exe,0,existing_benign
a04f6603839d52bc4c498648a3128d9175908a968d7723162e7afbc6b4a6b6d2,benign/a04f6603839d52bc4c498648a3128d9175908a968d7723162e7afbc6b4a6b6d2.exe,0,existing_benign
a2f4c239d77003dee95cabb0291a3f58697db75d12b2105e4ce430de28c7823b,benign/a2f4c239d77003dee95cabb0291a3f58697db75d12b2105e4ce430de28c7823b.exe,0,existing_benign
a41c5dc3a3f545e988039522bb355f0f0633ee6c8b128dbdf67b47874340ecd0,benign/a41c5dc3a3f545e988039522bb355f0f0633ee6c8b128dbdf67b47874340ecd0.exe,0,existing_benign
a42cfe174a3febb904d7ca6639e4567d88aded3d2d01533da1387d348142a07e,benign/a42cfe174a3febb904d7ca6639e4567d88aded3d2d01533da1387d348142a07e.exe,0,existing_benign
a460078cc5e92a3d7ead574e86ca918d47024342fffc0045ce7c7630b7e2c3b0,benign/a460078cc5e92a3d7ead574e86ca918d47024342fffc0045ce7c7630b7e2c3b0.exe,0,existing_benign
a5538789d76fa7e7d674b96d21092acaf3d37e5affebc2148a74dce1cb01f2ef,benign/a5538789d76fa7e7d674b96d21092acaf3d37e5affebc2148a74dce1cb01f2ef.exe,0,existing_benign
a5952baf68dd025516c53c47b398dd594408053455c295de46367296ab6c40c0,benign/a5952baf68dd025516c53c47b398dd594408053455c295de46367296ab6c40c0.exe,0,existing_benign
a5b23e63b2603c6f5957f26b685cef2aa8513f88334d3cf6bf50ca5c27bc1b0a,benign/a5b23e63b2603c6f5957f26b685cef2aa8513f88334d3cf6bf50ca5c27bc1b0a.dll,0,existing_benign
a6d1659595c06228e5657c47455ad4c7277f014efacf913655085cf010f59c31,benign/a6d1659595c06228e5657c47455ad4c7277f014efacf913655085cf010f59c31.exe,0,existing_benign
a6df71b8bbd35c2b69e90dfc082b35120dabd4e347832fb7576291f91bf40464,benign/a6df71b8bbd35c2b69e90dfc082b35120dabd4e347832fb7576291f91bf40464.exe,0,generated_win32_api
a82480bf7a6d962e3137dfc847b63ebfe7b698b1f85f19d65b2f1d7c88d4e833,benign/a82480bf7a6d962e3137dfc847b63ebfe7b698b1f85f19d65b2f1d7c88d4e833.exe,0,existing_benign
a84ade7a2ca59ecfc7341416f569fac4bd372b088c4fdbe55748d5fe6cba6687,benign/a84ade7a2ca59ecfc7341416f569fac4bd372b088c4fdbe55748d5fe6cba6687.dll,0,existing_benign
a8569f19efc47fb358cdad1d78c734e15a5f860e1442575a761ea3eb2b897993,benign/a8569f19efc47fb358cdad1d78c734e15a5f860e1442575a761ea3eb2b897993.exe,0,existing_benign
a8f4aebba033814cf5a7cb3bc0805284ba749404d0a7804093c3b517559aee4a,benign/a8f4aebba033814cf5a7cb3bc0805284ba749404d0a7804093c3b517559aee4a.exe,0,existing_benign
a932759b9190a1c544e9c33fc72ffb3f72840d9c9fadbf34fb69eb5926d450b1,benign/a932759b9190a1c544e9c33fc72ffb3f72840d9c9fadbf34fb69eb5926d450b1.exe,0,existing_benign
a9dfcec0e55551534cc82ce47755c832620087da22d80eef3e098249ebb0d115,benign/a9dfcec0e55551534cc82ce47755c832620087da22d80eef3e098249ebb0d115.exe,0,existing_benign
aa8372d01f61d666798e7d68569c664326082d1299af81ca1024ab8e46cadb76,benign/aa8372d01f61d666798e7d68569c664326082d1299af81ca1024ab8e46cadb76.exe,0,existing_benign
ab24cbb371a0a9a1654f62009cdc2f54be6c561670d8d79909ab56ce73aaae16,benign/ab24cbb371a0a9a1654f62009cdc2f54be6c561670d8d79909ab56ce73aaae16.exe,0,existing_benign
abd923cf3850bd934f36e31290ba82328806429a7acf8dce5215dc0b8c5d9678,benign/abd923cf3850bd934f36e31290ba82328806429a7acf8dce5215dc0b8c5d9678.exe,0,existing_benign
ac85c42f0994797b83f8491c56dbb83b7a4292de00bd75a0b113036cb3a5be04,benign/ac85c42f0994797b83f8491c56dbb83b7a4292de00bd75a0b113036cb3a5be04.exe,0,existing_benign
ac9b1f4261a07f890764920f3acc51782e3cb74797b35a72a8420b123e5b5153,benign/ac9b1f4261a07f890764920f3acc51782e3cb74797b35a72a8420b123e5b5153.exe,0,existing_benign
ad2b108a1b46f93127599c939e733d0995d34d3b7b887992e807e73569510c57,benign/ad2b108a1b46f93127599c939e733d0995d34d3b7b887992e807e73569510c57.exe,0,existing_benign
ad49c165fcc5ddc392379d80f5480364cf369e87cab09374af1b4f315e3b0f9a,benign/ad49c165fcc5ddc392379d80f5480364cf369e87cab09374af1b4f315e3b0f9a.exe,0,existing_benign
ad7c418e8084fd6e3d6206a2deb29bff40db6f8ab064cad770825cc0427b0ff3,benign/ad7c418e8084fd6e3d6206a2deb29bff40db6f8ab064cad770825cc0427b0ff3.exe,0,existing_benign
ae57dd7b7f3c140625533df0bd614dfc4c8408d91db652ac4cba45daf72741a6,benign/ae57dd7b7f3c140625533df0bd614dfc4c8408d91db652ac4cba45daf72741a6.exe,0,existing_benign
ae7c81981ed90e3bb4449532e382b7354d0daf0f8af65fdf6953b22f9dbd58a9,benign/ae7c81981ed90e3bb4449532e382b7354d0daf0f8af65fdf6953b22f9dbd58a9.dll,0,existing_benign
affe806a35994b3006d87e2e6ae18ef80d46742e4a697f2e478e70a0f54b22a4,benign/affe806a35994b3006d87e2e6ae18ef80d46742e4a697f2e478e70a0f54b22a4.exe,0,existing_benign
b01364cf109a21ec9267d6de3596c76b070687f3e68ee5f2832be25b98884c35,benign/b01364cf109a21ec9267d6de3596c76b070687f3e68ee5f2832be25b98884c35.exe,0,existing_benign
b09997d6da86ae913039327a1ca291a405d741722be660046db75e9b76b3176c,benign/b09997d6da86ae913039327a1ca291a405d741722be660046db75e9b76b3176c.exe,0,existing_benign
b0c07825290ccdaf7a3ac3ddc8299a22970eb810718d4c940f33b8b1fb736627,benign/b0c07825290ccdaf7a3ac3ddc8299a22970eb810718d4c940f33b8b1fb736627.exe,0,existing_benign
b1c1df5bcfabdb054bcd613836dbd8e0395d885d44b07eea83fd5a3dd16e7020,benign/b1c1df5bcfabdb054bcd613836dbd8e0395d885d44b07eea83fd5a3dd16e7020.exe,0,existing_benign
b203f82814a18c61a07de4c5011bde72ed9a7214e203ca9cd8282d76c732560d,benign/b203f82814a18c61a07de4c5011bde72ed9a7214e203ca9cd8282d76c732560d.exe,0,existing_benign
b210f2a6c3efaf9d193382f34932d6093b53abab1ea6693034398cf85fd64b3e,benign/b210f2a6c3efaf9d193382f34932d6093b53abab1ea6693034398cf85fd64b3e.exe,0,existing_benign
b23fd0fcef80a6755feda2b3491f7bb13627f3e17006efcf97cb2e1c0cc080fd,benign/b23fd0fcef80a6755feda2b3491f7bb13627f3e17006efcf97cb2e1c0cc080fd.exe,0,existing_benign
b268a435937602186f41c10180929d86f07259fbce58dd730cbc2333aff76fc1,benign/b268a435937602186f41c10180929d86f07259fbce58dd730cbc2333aff76fc1.exe,0,existing_benign
b2cf0f39e9e2d0867a899a7fd4a889ee6ad3cc6ed48a7079b28502d7c808a73e,benign/b2cf0f39e9e2d0867a899a7fd4a889ee6ad3cc6ed48a7079b28502d7c808a73e.dll,0,existing_benign
b2f87ff0d0ec517d1672a3f82c337c940d7a2b127b36dc0cc648d09bee89630f,benign/b2f87ff0d0ec517d1672a3f82c337c940d7a2b127b36dc0cc648d09bee89630f.exe,0,existing_benign
b31dcd18c509741884cb0a8d69bd28d132b803230c509771b68f59ebb2c799df,benign/b31dcd18c509741884cb0a8d69bd28d132b803230c509771b68f59ebb2c799df.exe,0,existing_benign
b38efd3dd1ab3b6a1aea6f00dac802c9090f1417840c6a22c707627ddcb9855e,benign/b38efd3dd1ab3b6a1aea6f00dac802c9090f1417840c6a22c707627ddcb9855e.exe,0,existing_benign
b4c7a6bcb61ba37ce7d3f5b641c2356174230ffc1d7213453dbbca7d72285787,benign/b4c7a6bcb61ba37ce7d3f5b641c2356174230ffc1d7213453dbbca7d72285787.exe,0,existing_benign
b5721f3149c62bfcb38e54a4fa5f2cbbec799876a91a4d8eb11a63cdf7582ff2,benign/b5721f3149c62bfcb38e54a4fa5f2cbbec799876a91a4d8eb11a63cdf7582ff2.exe,0,existing_benign
b5d8812e103c2463589147c8800eb4a8398a7b53b5d65e00db1260f1c521f36d,benign/b5d8812e103c2463589147c8800eb4a8398a7b53b5d65e00db1260f1c521f36d.exe,0,existing_benign
b6f6f9f0a39939e3718bf0336f147f0335edd29bc7492c5b177c4493d8c37ce0,benign/b6f6f9f0a39939e3718bf0336f147f0335edd29bc7492c5b177c4493d8c37ce0.exe,0,existing_benign
b71b2081906133f5e748b3f32155c73d25248e2fedc7675b876293b128c6d932,benign/b71b2081906133f5e748b3f32155c73d25248e2fedc7675b876293b128c6d932.exe,0,existing_benign
b7e296134312397ee207afd2a541ec728feff52304cabb27cf63e8d059d4089b,benign/b7e296134312397ee207afd2a541ec728feff52304cabb27cf63e8d059d4089b.exe,0,existing_benign
b8662d664ffd4e9c0fc4ff0ae83cacf995444d8f0f3c94d1f1d0a71f10242487,benign/b8662d664ffd4e9c0fc4ff0ae83cacf995444d8f0f3c94d1f1d0a71f10242487.exe,0,existing_benign
b89f03f570ac9c2768e3e32cb4d1fba793822b47bb77cdf1d5f7956d73353483,benign/b89f03f570ac9c2768e3e32cb4d1fba793822b47bb77cdf1d5f7956d73353483.exe,0,existing_benign
bab5956547685b06873b564779e9ee50bb692e8452cd344083de269276d15d32,benign/bab5956547685b06873b564779e9ee50bb692e8452cd344083de269276d15d32.exe,0,existing_benign
bad525a84a8288bec7926d0aa9f14484a35b6b7a65300ba45463786d5454b48c,benign/bad525a84a8288bec7926d0aa9f14484a35b6b7a65300ba45463786d5454b48c.dll,0,existing_benign
bafd5474eaebb124ab1c102fcae0befa8a1657de6704e4e5cfe579cc57bf1a43,benign/bafd5474eaebb124ab1c102fcae0befa8a1657de6704e4e5cfe579cc57bf1a43.exe,0,existing_benign
bb5e0cc7bae39baf9cef82ac88769d90a562f7a23fe6b97dc98dfbc8b7340cd6,benign/bb5e0cc7bae39baf9cef82ac88769d90a562f7a23fe6b97dc98dfbc8b7340cd6.exe,0,existing_benign
bbbdec72bc373fc114656d461bb5b5af830e24b9878cbdacca53bd6e004f1840,benign/bbbdec72bc373fc114656d461bb5b5af830e24b9878cbdacca53bd6e004f1840.exe,0,existing_benign
bc8068165f87b0111c94414c261e74e28fc2c3f4612a1a610f40aafe8feeccbd,benign/bc8068165f87b0111c94414c261e74e28fc2c3f4612a1a610f40aafe8feeccbd.exe,0,existing_benign
bc9f6e92e1fadb979ed0b605f6e247ed2cf50e00ea59c2c6de90b25b558750db,benign/bc9f6e92e1fadb979ed0b605f6e247ed2cf50e00ea59c2c6de90b25b558750db.exe,0,existing_benign
bd63cc290a8a407721953008c8a3c438f2839fc3227a22f48959d51fb2b49412,benign/bd63cc290a8a407721953008c8a3c438f2839fc3227a22f48959d51fb2b49412.exe,0,existing_benign
bd8a808a1a19f935ba2d37c39a34df0eabfab1952d8509a6d0534a147a1219a5,benign/bd8a808a1a19f935ba2d37c39a34df0eabfab1952d8509a6d0534a147a1219a5.exe,0,existing_benign
bdb8a368842a9ca914b8dd26697907e8048d8dab5c567594abcd46c7677cbb8d,benign/bdb8a368842a9ca914b8dd26697907e8048d8dab5c567594abcd46c7677cbb8d.dll,0,existing_benign
be7e84500ef26fd57f25d13b900b8d9550e84b03ee6f7284e7ed36121785a329,benign/be7e84500ef26fd57f25d13b900b8d9550e84b03ee6f7284e7ed36121785a329.exe,0,existing_benign
bea3c223abe9eb135efd4f5cdab98c75f928db22c59ac79824802bd5bc945868,benign/bea3c223abe9eb135efd4f5cdab98c75f928db22c59ac79824802bd5bc945868.exe,0,existing_benign
bea6e19c76bf7fccdf23816fe67383e6604de5f1845d7a8fb93a3b5b2daee0b4,benign/bea6e19c76bf7fccdf23816fe67383e6604de5f1845d7a8fb93a3b5b2daee0b4.exe,0,existing_benign
bf2b96d756eb59f01f587fe58589e68fb9ad536a6569d6d29a48172f55625367,benign/bf2b96d756eb59f01f587fe58589e68fb9ad536a6569d6d29a48172f55625367.exe,0,existing_benign
bf803e9a7a7f4499c5b4e8b59756905de8a238c5aed3ad6c93665e047c473e01,benign/bf803e9a7a7f4499c5b4e8b59756905de8a238c5aed3ad6c93665e047c473e01.exe,0,existing_benign
c057a07766e6972249af5713ee1adedbceef8bc3ba20d3a12f685af4cf4a0c2a,benign/c057a07766e6972249af5713ee1adedbceef8bc3ba20d3a12f685af4cf4a0c2a.exe,0,existing_benign
c0b6da4b58dd9507cb6a28fd8eb4ac3cfd490efecf78bd8de64c214ad0d58ebb,benign/c0b6da4b58dd9507cb6a28fd8eb4ac3cfd490efecf78bd8de64c214ad0d58ebb.exe,0,existing_benign
c180e5e247f96ab1d4c694a4ca287da02e18a3dbec0d4caea6b230d1b596bd54,benign/c180e5e247f96ab1d4c694a4ca287da02e18a3dbec0d4caea6b230d1b596bd54.exe,0,existing_benign
c2570eb87907127a5a3537ba58cd9044f1453e478d2e23274f9d338b13a736ad,benign/c2570eb87907127a5a3537ba58cd9044f1453e478d2e23274f9d338b13a736ad.exe,0,existing_benign
c2d5abb486cda892f0ff74d42edbb55120ea3c57ecda17f1de630e217ff231b0,benign/c2d5abb486cda892f0ff74d42edbb55120ea3c57ecda17f1de630e217ff231b0.exe,0,existing_benign
c315876037b00ae5896a2e277c18e4d09d508039b68268ab0e07a375ff61bc04,benign/c315876037b00ae5896a2e277c18e4d09d508039b68268ab0e07a375ff61bc04.exe,0,existing_benign
c3deb82010ac4ca33e19fbdebebc67b2b6f59afcb6f11c0732bf2fc5f7f9e471,benign/c3deb82010ac4ca33e19fbdebebc67b2b6f59afcb6f11c0732bf2fc5f7f9e471.exe,0,existing_benign
c47382d683050431c4967488dae232d0e5c3de7a53722df1b514a5b26bbe59ae,benign/c47382d683050431c4967488dae232d0e5c3de7a53722df1b514a5b26bbe59ae.exe,0,existing_benign
c48850be1a8f35c4e783f1aa90d9c1d7007890b24827ec280fce480e6c3caf26,benign/c48850be1a8f35c4e783f1aa90d9c1d7007890b24827ec280fce480e6c3caf26.exe,0,generated_win32_api
c55e68a1eed92dea487773c53d077f5127c5e9baa3b71fc3b90f79a6f432989d,benign/c55e68a1eed92dea487773c53d077f5127c5e9baa3b71fc3b90f79a6f432989d.exe,0,existing_benign
c57236f1b7c351d7e01876e5f0c6b73fa059210cb822df7a16ef9a56667485e3,benign/c57236f1b7c351d7e01876e5f0c6b73fa059210cb822df7a16ef9a56667485e3.exe,0,existing_benign
c5a119ec89471194b505140fba13001fa05f81c4b4725b80bb63ccb4e1408c1e,benign/c5a119ec89471194b505140fba13001fa05f81c4b4725b80bb63ccb4e1408c1e.dll,0,existing_benign
c6e722137ce90db346bda7d4fa126c4adc30ce21af48cc535113e5c37c370746,benign/c6e722137ce90db346bda7d4fa126c4adc30ce21af48cc535113e5c37c370746.dll,0,existing_benign
c7154aa751bf09eea9c9682c0881c050bee79a02a030667821edc39d6b803155,benign/c7154aa751bf09eea9c9682c0881c050bee79a02a030667821edc39d6b803155.exe,0,existing_benign
c91876a61674c4446c78f5df8fc658feb1f9bd9c06557f7a63ab29024db7b6bc,benign/c91876a61674c4446c78f5df8fc658feb1f9bd9c06557f7a63ab29024db7b6bc.exe,0,existing_benign
ca1d9bcbba17340b4e511d13c766d751b25f5adcadfdc59c228b3ad6591420fd,benign/ca1d9bcbba17340b4e511d13c766d751b25f5adcadfdc59c228b3ad6591420fd.exe,0,existing_benign
ca667a1546b881ac2fc0e54138a6f4e0005b4aa3320b586504ffa14e25d4eaed,benign/ca667a1546b881ac2fc0e54138a6f4e0005b4aa3320b586504ffa14e25d4eaed.exe,0,generated_win32_api
cac9fdc6553d22bf284a6660980c9459fb88e73b5aeccf0939de67d20c1436ca,benign/cac9fdc6553d22bf284a6660980c9459fb88e73b5aeccf0939de67d20c1436ca.exe,0,existing_benign
caf5fe83f4eccefc44d4e390b1da3841cb4dc33d62ac259ee99d532d0cd5e884,benign/caf5fe83f4eccefc44d4e390b1da3841cb4dc33d62ac259ee99d532d0cd5e884.exe,0,existing_benign
cb616ae0e1f1efdfa0133f62e0c5b46a0caaa64dc176a2f551431d03169fffa3,benign/cb616ae0e1f1efdfa0133f62e0c5b46a0caaa64dc176a2f551431d03169fffa3.exe,0,existing_benign
cb62827708f2a7d4346b08ea7124f9fa5a78a72f5edcf5d758952dc677e113df,benign/cb62827708f2a7d4346b08ea7124f9fa5a78a72f5edcf5d758952dc677e113df.exe,0,existing_benign
cb6d46565468dd7f2109d4f7a910a3d11d3476ecbc51dd4b49acd80d637134c0,benign/cb6d46565468dd7f2109d4f7a910a3d11d3476ecbc51dd4b49acd80d637134c0.exe,0,existing_benign
cb6f9b4ef926d4b62a33cba78ac1c581733f49a8f4255e9a0518589263e89a32,benign/cb6f9b4ef926d4b62a33cba78ac1c581733f49a8f4255e9a0518589263e89a32.exe,0,existing_benign
cbcf0640613baa2dc8f787f09f038c9ae4dd3c341a1210752568ce46e1abd1ac,benign/cbcf0640613baa2dc8f787f09f038c9ae4dd3c341a1210752568ce46e1abd1ac.exe,0,existing_benign
cbe83ad463a6974e488af8e841c8c02f42cebd16e5f36d5fdb8f7c4d04409515,benign/cbe83ad463a6974e488af8e841c8c02f42cebd16e5f36d5fdb8f7c4d04409515.exe,0,generated_win32_api
cc8d7408c98e6b6ba7a79800bd80dda99d4ebbce2c1f5484222dd10e6bcf194e,benign/cc8d7408c98e6b6ba7a79800bd80dda99d4ebbce2c1f5484222dd10e6bcf194e.exe,0,existing_benign
cca7bcb48efb620494b6cafcebc3e6159dee7c69739da255d1e4f8aec020d387,benign/cca7bcb48efb620494b6cafcebc3e6159dee7c69739da255d1e4f8aec020d387.exe,0,existing_benign
ccd6f2fd8a3178ea69f9d2b599d88e662cdd76fce44d30daa895dd50a6546d63,benign/ccd6f2fd8a3178ea69f9d2b599d88e662cdd76fce44d30daa895dd50a6546d63.exe,0,existing_benign
cd6c278c84aa44d6f1e39c357f50114089ccf1979a7aa7ac5e5783475a09c6c1,benign/cd6c278c84aa44d6f1e39c357f50114089ccf1979a7aa7ac5e5783475a09c6c1.exe,0,existing_benign
cd6e3a1998d8cb2c31f594f09f7b4c5d11dd44dc300376da03a71be8fb964212,benign/cd6e3a1998d8cb2c31f594f09f7b4c5d11dd44dc300376da03a71be8fb964212.exe,0,existing_benign
ce6c6a16a527082519a35c754ec8bcc5ae1ec06b23594010e9d120d8b274efb6,benign/ce6c6a16a527082519a35c754ec8bcc5ae1ec06b23594010e9d120d8b274efb6.exe,0,existing_benign
cec6a1bbb792bcc3e4f70ed97012fbe54bb9d97f1d9004e619f9df15c4da2178,benign/cec6a1bbb792bcc3e4f70ed97012fbe54bb9d97f1d9004e619f9df15c4da2178.exe,0,existing_benign
cfbf84fa3eeb504f8d59a2e60779a8f650db6a447a268cad728eccecfdd97cc1,benign/cfbf84fa3eeb504f8d59a2e60779a8f650db6a447a268cad728eccecfdd97cc1.exe,0,generated_win32_api
cff1d741e8dac3e356b4034392151471b135e36765e55fbedc6c8dd6997397d7,benign/cff1d741e8dac3e356b4034392151471b135e36765e55fbedc6c8dd6997397d7.exe,0,existing_benign
d0c14e51c3375f4812667a208d74dd6de4b0c86931b1978e55f5fd282203335c,benign/d0c14e51c3375f4812667a208d74dd6de4b0c86931b1978e55f5fd282203335c.exe,0,existing_benign
d128f54e549631d56a4ba0a7bee95afec257a8e98e67ed7f3a2fe2e90696c7d0,benign/d128f54e549631d56a4ba0a7bee95afec257a8e98e67ed7f3a2fe2e90696c7d0.exe,0,existing_benign
d16e0dd2bbfa2daea52082b2824c8f6e0e3d6219c9cf283560f4e4ac0791b129,benign/d16e0dd2bbfa2daea52082b2824c8f6e0e3d6219c9cf283560f4e4ac0791b129.exe,0,existing_benign
d198bb10ac0ce2d0b5ebbb882c159ad63cfec66cf62a47dc7af691287243cf27,benign/d198bb10ac0ce2d0b5ebbb882c159ad63cfec66cf62a47dc7af691287243cf27.exe,0,existing_benign
d1cede6575db4530858534cf618bd28f357a22a976dc3f9bb56a4efdca94bfa8,benign/d1cede6575db4530858534cf618bd28f357a22a976dc3f9bb56a4efdca94bfa8.dll,0,existing_benign
d2eec114e42b9ee6aa596990555abdd70d2cd1b6992175d4cd54a7d7f06a79d9,benign/d2eec114e42b9ee6aa596990555abdd70d2cd1b6992175d4cd54a7d7f06a79d9.exe,0,existing_benign
d36888abf251f80a702e7ef507a639a91d16927511564b46fcc1033e486e5102,benign/d36888abf251f80a702e7ef507a639a91d16927511564b46fcc1033e486e5102.exe,0,existing_benign
d3dadcce11610e6f99a94cd83e8050506d2b9d44bccbddb1dcf67188ddd9c6ff,benign/d3dadcce11610e6f99a94cd83e8050506d2b9d44bccbddb1dcf67188ddd9c6ff.exe,0,existing_benign
d41405853f06e3501765ec069a2adaeee8e2ce155009cacf78bb139e4370f151,benign/d41405853f06e3501765ec069a2adaeee8e2ce155009cacf78bb139e4370f151.dll,0,existing_benign
d42d0928d98df27691da14c04af11789ddeb87a70d722f0db5b3beb3da060c80,benign/d42d0928d98df27691da14c04af11789ddeb87a70d722f0db5b3beb3da060c80.exe,0,existing_benign
d483169601b7e14f9976f0e35b704697cb805c403c46055e92a24a17e4b35722,benign/d483169601b7e14f9976f0e35b704697cb805c403c46055e92a24a17e4b35722.exe,0,existing_benign
d495351d66073922f036fa51cbf2314916bf6eee7568855556e35cbb98ff35fb,benign/d495351d66073922f036fa51cbf2314916bf6eee7568855556e35cbb98ff35fb.exe,0,existing_benign
d559344d6783f334190157f2df332fdb55164d1d361803012a8cd03501f25bdb,benign/d559344d6783f334190157f2df332fdb55164d1d361803012a8cd03501f25bdb.exe,0,existing_benign
d5692b2a2b7fe3bee39e1806be4ecc2d00cbb4df9b02f85ee97a78cb8abd7cbb,benign/d5692b2a2b7fe3bee39e1806be4ecc2d00cbb4df9b02f85ee97a78cb8abd7cbb.exe,0,existing_benign
d579651150b0fede4f27eee7e987e9ae73d4dd8cc0c6f2a7e4553c64b8e18a6b,benign/d579651150b0fede4f27eee7e987e9ae73d4dd8cc0c6f2a7e4553c64b8e18a6b.exe,0,existing_benign
d5db61a899e0a80cd2c0f2f1cb24c5b43ee395207f02c51c11bb050053c61b6f,benign/d5db61a899e0a80cd2c0f2f1cb24c5b43ee395207f02c51c11bb050053c61b6f.exe,0,existing_benign
d5e5a1fe43f8f17f6bea29106f56e2311448d6d71c86a529bf1efd2aa783e5af,benign/d5e5a1fe43f8f17f6bea29106f56e2311448d6d71c86a529bf1efd2aa783e5af.exe,0,existing_benign
d5fd8ff56e8497d8a14a3e129a14135f72905ef479f5008217e368baa1afa20f,benign/d5fd8ff56e8497d8a14a3e129a14135f72905ef479f5008217e368baa1afa20f.exe,0,existing_benign
d65ae38a8782d5aebf0c05daca0657678be0477e1f057f3179bd41b6a80c7f9b,benign/d65ae38a8782d5aebf0c05daca0657678be0477e1f057f3179bd41b6a80c7f9b.exe,0,generated_win32_api
d69efd61e9436b5341951322f35d8ff03a97691c3c5c42f8ad29d85f920a5d49,benign/d69efd61e9436b5341951322f35d8ff03a97691c3c5c42f8ad29d85f920a5d49.exe,0,existing_benign
d6aaa563144385544b54d12fe1214dc874eb957bc340bd439d17cd3118a01858,benign/d6aaa563144385544b54d12fe1214dc874eb957bc340bd439d17cd3118a01858.dll,0,existing_benign
d6b611a76934e9d9976543eb7e2f0d6acd2192fd7befad736395c8b2d46e3ae2,benign/d6b611a76934e9d9976543eb7e2f0d6acd2192fd7befad736395c8b2d46e3ae2.exe,0,existing_benign
d7b5d34731d81cc18b4957c932b67a81518088ab72f7c2220ab1ee3b0d24936f,benign/d7b5d34731d81cc18b4957c932b67a81518088ab72f7c2220ab1ee3b0d24936f.exe,0,existing_benign
d81a80fe838790e3a1bc7daf3bde666c71d4a8aba8b4f8a371b2db2ff236a72e,benign/d81a80fe838790e3a1bc7daf3bde666c71d4a8aba8b4f8a371b2db2ff236a72e.exe,0,existing_benign
d8b7e30b404fb7a2060585f2dac25ef6a210a7ca009e4dd140290e07996e28ba,benign/d8b7e30b404fb7a2060585f2dac25ef6a210a7ca009e4dd140290e07996e28ba.exe,0,existing_benign
d8ec368c33cd2cc3fa910f2f82a2c7a089d98eff205c00f376d6d303a1752ea3,benign/d8ec368c33cd2cc3fa910f2f82a2c7a089d98eff205c00f376d6d303a1752ea3.exe,0,generated_win32_api
d9a6e6dc8a74eddf800f01d8ae6a23bb34436d65acb28a1d1f9b9a70de5d18db,benign/d9a6e6dc8a74eddf800f01d8ae6a23bb34436d65acb28a1d1f9b9a70de5d18db.dll,0,existing_benign
daa2e35615ad3b138003d150096c27dd03bd754c434657031e64c33376eddb40,benign/daa2e35615ad3b138003d150096c27dd03bd754c434657031e64c33376eddb40.exe,0,existing_benign
daaf0229e624d95e0ca1cddd89ed502418bec60fa511207cbc76d7e94afc4e26,benign/daaf0229e624d95e0ca1cddd89ed502418bec60fa511207cbc76d7e94afc4e26.exe,0,existing_benign
dacdca56480d9adb121c9f4e9b99a71d7ee9b311409801c2da50d0c0893b8a94,benign/dacdca56480d9adb121c9f4e9b99a71d7ee9b311409801c2da50d0c0893b8a94.exe,0,existing_benign
daeee58bb05b613f5bcccedcd97be1fae4898cd9d26bd232f3ee331c3517e578,benign/daeee58bb05b613f5bcccedcd97be1fae4898cd9d26bd232f3ee331c3517e578.exe,0,existing_benign
db174c8eea176956330f6aa8b48c47dd206027b7039fa8c71824819af02831ab,benign/db174c8eea176956330f6aa8b48c47dd206027b7039fa8c71824819af02831ab.dll,0,existing_benign
dba322c09ce57b8d6217238d925a63dea9b4b3c29d94ca6b7fb1b65627e8ae24,benign/dba322c09ce57b8d6217238d925a63dea9b4b3c29d94ca6b7fb1b65627e8ae24.exe,0,existing_benign
dbb17e9c5a28d3a4022b3c640067f1386a68bb33788a7b6c9e720b8e6df1943f,benign/dbb17e9c5a28d3a4022b3c640067f1386a68bb33788a7b6c9e720b8e6df1943f.exe,0,existing_benign
dbcf7891a7245f5b1afc588f3f3f92ec1d6fb8ca93799b7ada6c79102e1b243c,benign/dbcf7891a7245f5b1afc588f3f3f92ec1d6fb8ca93799b7ada6c79102e1b243c.exe,0,generated_win32_api
dc0b15596021ac956789a1b7bd27fcb48262ce53310b77599b1e1777ec346068,benign/dc0b15596021ac956789a1b7bd27fcb48262ce53310b77599b1e1777ec346068.exe,0,existing_benign
de0f9340e867a8bd0c977bb8a68fd02f379c405cfe1a0738ba7abd50cbfd7abb,benign/de0f9340e867a8bd0c977bb8a68fd02f379c405cfe1a0738ba7abd50cbfd7abb.dll,0,existing_benign
deebdbaca8eb0115e853275ade9cc39d64c7c483e2dcb1d5c316754ff4fdf3ba,benign/deebdbaca8eb0115e853275ade9cc39d64c7c483e2dcb1d5c316754ff4fdf3ba.exe,0,existing_benign
df9bc01446b78233c07e04dbe956dc3116ec4b0e72d1134ce2d5be206591d1e7,benign/df9bc01446b78233c07e04dbe956dc3116ec4b0e72d1134ce2d5be206591d1e7.exe,0,existing_benign
dfd123956a6235025fb5f910ea5cf9a142974bed1a1ed99659314eca3797b740,benign/dfd123956a6235025fb5f910ea5cf9a142974bed1a1ed99659314eca3797b740.exe,0,existing_benign
e0f88dfaf1f9db57b323063ebe881048225fc840a1e05e23b4033e4be1cd0469,benign/e0f88dfaf1f9db57b323063ebe881048225fc840a1e05e23b4033e4be1cd0469.exe,0,existing_benign
e15a3ba57f092cab2c09e6892e92d1d50d61f4c3714c6c0e0bdb6ef51c04a12b,benign/e15a3ba57f092cab2c09e6892e92d1d50d61f4c3714c6c0e0bdb6ef51c04a12b.exe,0,existing_benign
e16f0ef226e204fb5fb80e3687159fbbf4d386766d8a0dd3c57ead3677756f67,benign/e16f0ef226e204fb5fb80e3687159fbbf4d386766d8a0dd3c57ead3677756f67.exe,0,existing_benign
e1dafecdb81c1bc83c45bf3d8df80fdbc977bef51e06e2c785ce3fa73884bebc,benign/e1dafecdb81c1bc83c45bf3d8df80fdbc977bef51e06e2c785ce3fa73884bebc.exe,0,existing_benign
e1fbb97ff3607d569d584f78ce77a9dd2cf64dca05aebdbf3e55c9711e07b3be,benign/e1fbb97ff3607d569d584f78ce77a9dd2cf64dca05aebdbf3e55c9711e07b3be.dll,0,existing_benign
e26086822e240da318dd20187a098b16a00b5898748a45b8ca1018b7e4b75c26,benign/e26086822e240da318dd20187a098b16a00b5898748a45b8ca1018b7e4b75c26.exe,0,generated_win32_api
e2613ad26721b3a3160eb847773bb3945c240c92a94d9e5fbb31cfbe37c59eb6,benign/e2613ad26721b3a3160eb847773bb3945c240c92a94d9e5fbb31cfbe37c59eb6.exe,0,existing_benign
e2e0f6d1baa577260dd27ca929e74dd1cebf6fca0adaee6476eed1d9a41dae6f,benign/e2e0f6d1baa577260dd27ca929e74dd1cebf6fca0adaee6476eed1d9a41dae6f.exe,0,existing_benign
e2ef1a6a5e58b4530c52dca7ba024af71d058d58dcaf327e6db38c37b669994e,benign/e2ef1a6a5e58b4530c52dca7ba024af71d058d58dcaf327e6db38c37b669994e.exe,0,existing_benign
e3329b1661cebabc84b382806df8ac6256988cbc7cbfaf129a75974c64421245,benign/e3329b1661cebabc84b382806df8ac6256988cbc7cbfaf129a75974c64421245.dll,0,existing_benign
e3349532d3260fb0bf1a539dd9e4b66b24ac9794b6fc08e3e618d9d28f55458e,benign/e3349532d3260fb0bf1a539dd9e4b66b24ac9794b6fc08e3e618d9d28f55458e.exe,0,generated_win32_api
e342811b0cfc1116af1c3ddd1cb3d164bc6c40a1b6cfe6b73a659b26a1f59edf,benign/e342811b0cfc1116af1c3ddd1cb3d164bc6c40a1b6cfe6b73a659b26a1f59edf.exe,0,existing_benign
e3fda226f2d29d7bcde5eddd5fdfb8a6104c65e28222e16a27945edb59a2a5f7,benign/e3fda226f2d29d7bcde5eddd5fdfb8a6104c65e28222e16a27945edb59a2a5f7.exe,0,existing_benign
e4048a4ca2ed02470be77b3852a73a98623e97523abb28247baa38d2e2d3023b,benign/e4048a4ca2ed02470be77b3852a73a98623e97523abb28247baa38d2e2d3023b.exe,0,existing_benign
e4a64091b889c2257111765323ed598e824881144947b14d28e9893fbf907227,benign/e4a64091b889c2257111765323ed598e824881144947b14d28e9893fbf907227.exe,0,existing_benign
e50f459672125e7f3c692b9003ca980ed5276528790b88061a17195fc968bf11,benign/e50f459672125e7f3c692b9003ca980ed5276528790b88061a17195fc968bf11.dll,0,existing_benign
e53af979ce4da5a7bb0d019399410fc280392192892549f3b8a59cee2e6a6b9b,benign/e53af979ce4da5a7bb0d019399410fc280392192892549f3b8a59cee2e6a6b9b.exe,0,existing_benign
e5a3037f172d9c34d5d2cce267339db3a62e81fe443d261405f5d38c8dbd770c,benign/e5a3037f172d9c34d5d2cce267339db3a62e81fe443d261405f5d38c8dbd770c.exe,0,existing_benign
e7a3a04db13f7d5e65db45dbed99b80c9ad9907beeba3416e2e5428e1efb791e,benign/e7a3a04db13f7d5e65db45dbed99b80c9ad9907beeba3416e2e5428e1efb791e.exe,0,existing_benign
e8579de483c058775693ad544994302a3ed4243c64d6c8ed560ab3a40796bd0a,benign/e8579de483c058775693ad544994302a3ed4243c64d6c8ed560ab3a40796bd0a.exe,0,existing_benign
e87844846c483ad1915b829dc27de62d4597bb018144785367dce71d1777cb09,benign/e87844846c483ad1915b829dc27de62d4597bb018144785367dce71d1777cb09.exe,0,existing_benign
e884d0d1eea8fb6bb746058bc1229d33cd92b277ce69e64460c6686a88e532f8,benign/e884d0d1eea8fb6bb746058bc1229d33cd92b277ce69e64460c6686a88e532f8.exe,0,existing_benign
e8966caafed127a980e5168c688dc6d5d820b5ed0d9217bf1339f931edd72e72,benign/e8966caafed127a980e5168c688dc6d5d820b5ed0d9217bf1339f931edd72e72.exe,0,generated_win32_api
e8cc8f121e6761a786622ec51705f45fae29bc3936f19e8bca144356dd1f6947,benign/e8cc8f121e6761a786622ec51705f45fae29bc3936f19e8bca144356dd1f6947.exe,0,existing_benign
e99321905432a48952bf8adc4cf48105aad10baf6b1819fdacd15e5d88fada7b,benign/e99321905432a48952bf8adc4cf48105aad10baf6b1819fdacd15e5d88fada7b.exe,0,existing_benign
ea08ea7ed55a1ef1528f22db4fbf2a6ca4524eb45bed8e424b27fee2fb093696,benign/ea08ea7ed55a1ef1528f22db4fbf2a6ca4524eb45bed8e424b27fee2fb093696.dll,0,existing_benign
ea55912234a6273bb26f7b18563f79cfc173e6325ff5c6f8ab37fa88c9f030a8,benign/ea55912234a6273bb26f7b18563f79cfc173e6325ff5c6f8ab37fa88c9f030a8.exe,0,existing_benign
ead6c802a8384a3923a4b06aebd6cb9b3265729d3118c4b8d6288f6ae83cd9d1,benign/ead6c802a8384a3923a4b06aebd6cb9b3265729d3118c4b8d6288f6ae83cd9d1.exe,0,existing_benign
eb00126123d7b602ce2405552480ded8dfb3073f2cc76bf3f02cae84f1cf130e,benign/eb00126123d7b602ce2405552480ded8dfb3073f2cc76bf3f02cae84f1cf130e.exe,0,generated_win32_api
eb68e9094f1feb8ec97f49539f2c6eb8e49be662bb0bb400e4d18de58d1b3f6d,benign/eb68e9094f1feb8ec97f49539f2c6eb8e49be662bb0bb400e4d18de58d1b3f6d.dll,0,existing_benign
ec380b8c0f942f69e4a6d7cc48503e9c57e6d78d5fa7f6341714f905b52f7d47,benign/ec380b8c0f942f69e4a6d7cc48503e9c57e6d78d5fa7f6341714f905b52f7d47.exe,0,existing_benign
ece6af38c373a0dacc97fdbad6b356af464b045dd52c983cf498f5c41ca451c1,benign/ece6af38c373a0dacc97fdbad6b356af464b045dd52c983cf498f5c41ca451c1.exe,0,existing_benign
ed1a76b3f289f76cb2ded261f9448fc5e334bd25e8bf1b5bdbb044decf899931,benign/ed1a76b3f289f76cb2ded261f9448fc5e334bd25e8bf1b5bdbb044decf899931.exe,0,existing_benign
ed893cfb6b59ac7328b7b6955208eb6a6ee31c813f2965cb12d6140e225acfe3,benign/ed893cfb6b59ac7328b7b6955208eb6a6ee31c813f2965cb12d6140e225acfe3.exe,0,generated_win32_api
edfe489f77e8f8c265c15ba7a98e64dca543b958815afbe2bb3bee4cd03a7d92,benign/edfe489f77e8f8c265c15ba7a98e64dca543b958815afbe2bb3bee4cd03a7d92.exe,0,existing_benign
ee76938ed3e28e79dab6dafd28a689547e29cea1f33b6535039b325c283f277e,benign/ee76938ed3e28e79dab6dafd28a689547e29cea1f33b6535039b325c283f277e.exe,0,existing_benign
eeac8416fa1874f66f0a384cfdbd9a37e970dce90ff26dea2ebdade0abe77f53,benign/eeac8416fa1874f66f0a384cfdbd9a37e970dce90ff26dea2ebdade0abe77f53.exe,0,existing_benign
efbc36af3ddcd5423f1d3a13237f831d91ee45cdd8951c111f335717729316d8,benign/efbc36af3ddcd5423f1d3a13237f831d91ee45cdd8951c111f335717729316d8.exe,0,existing_benign
f034dec52aaaa2327295c33993fbf2b5767faad82ffabe0c4abaa29d527e12b7,benign/f034dec52aaaa2327295c33993fbf2b5767faad82ffabe0c4abaa29d527e12b7.exe,0,existing_benign
f063d73214e27ca6caf871966d9335ab770893b73482c89c8dd0f993dcc4bae0,benign/f063d73214e27ca6caf871966d9335ab770893b73482c89c8dd0f993dcc4bae0.exe,0,existing_benign
f0961e43d1ccba0e7abddf08bdcd72a2da61c6054fb4cfb14f3702b143a4d9e9,benign/f0961e43d1ccba0e7abddf08bdcd72a2da61c6054fb4cfb14f3702b143a4d9e9.exe,0,existing_benign
f0a95b4babea0ef2ed6b2511c1fb93942fdf060e157c458097816adb0f39deb8,benign/f0a95b4babea0ef2ed6b2511c1fb93942fdf060e157c458097816adb0f39deb8.exe,0,existing_benign
f0b45ca2f356c1fdc29dec467accbd0049dc4a7bddae11a8c4e0426efb83de0c,benign/f0b45ca2f356c1fdc29dec467accbd0049dc4a7bddae11a8c4e0426efb83de0c.dll,0,existing_benign
f0d3547cbbcc24bc82b2ef6dede25008a3adf55abc8e109213fb1862714d757f,benign/f0d3547cbbcc24bc82b2ef6dede25008a3adf55abc8e109213fb1862714d757f.exe,0,existing_benign
f0e46c0f9b2991fa6d187c6b2bed28139c67804cc58cc45c77f06a6f217cb21a,benign/f0e46c0f9b2991fa6d187c6b2bed28139c67804cc58cc45c77f06a6f217cb21a.exe,0,existing_benign
f0fd4b31b71763db92cbcf72d9b7398d9f1242f04653e7b328f202f1af3ed7fe,benign/f0fd4b31b71763db92cbcf72d9b7398d9f1242f04653e7b328f202f1af3ed7fe.exe,0,generated_win32_api
f1dde3ee9bc734c5bcd54228b1dab83d9b6a8b4896e1e372ede7f61a28a85d5a,benign/f1dde3ee9bc734c5bcd54228b1dab83d9b6a8b4896e1e372ede7f61a28a85d5a.exe,0,existing_benign
f1fa91ef20c922a91e99a34fde3d57808c7ba223bea6658f6708a93e0fd429fb,benign/f1fa91ef20c922a91e99a34fde3d57808c7ba223bea6658f6708a93e0fd429fb.dll,0,existing_benign
f2aa2641c6f1f9b295a1b65e663ffdeb58ebc41768da48740c8535eed2036974,benign/f2aa2641c6f1f9b295a1b65e663ffdeb58ebc41768da48740c8535eed2036974.exe,0,existing_benign
f4b92720a3e566a238cfbcde862a02cd07f7b27053765c04aeb867833a7e9aeb,benign/f4b92720a3e566a238cfbcde862a02cd07f7b27053765c04aeb867833a7e9aeb.exe,0,generated_win32_api
f4e7bf44466098583d3b4dec35065a71e9154e6481181e7077e4c10c7cb13214,benign/f4e7bf44466098583d3b4dec35065a71e9154e6481181e7077e4c10c7cb13214.dll,0,existing_benign
f510ad842d36a20d1253f5e043d7a907612419e96fb90c2fbf83f8a13d5d6aa1,benign/f510ad842d36a20d1253f5e043d7a907612419e96fb90c2fbf83f8a13d5d6aa1.exe,0,existing_benign
f562694bd40378c102906572108ae9cc6441e51e75c1185bd450fe9adc7f77d0,benign/f562694bd40378c102906572108ae9cc6441e51e75c1185bd450fe9adc7f77d0.exe,0,existing_benign
f56701783d22d0e17e126d09aca62b1969259d4b7b00dedd9a0001c6d1abead2,benign/f56701783d22d0e17e126d09aca62b1969259d4b7b00dedd9a0001c6d1abead2.exe,0,existing_benign
f5eddf7b93173185b98dd63e65bd084cd0fd1b78915492a9fb16258b153973cf,benign/f5eddf7b93173185b98dd63e65bd084cd0fd1b78915492a9fb16258b153973cf.exe,0,existing_benign
f81343ae00b44e14a919173ba0cb73ffd25144845b34cfc8b362e27a567cc160,benign/f81343ae00b44e14a919173ba0cb73ffd25144845b34cfc8b362e27a567cc160.exe,0,existing_benign
f914a6cd1bd7118e4bff0741a60a541699072112461888132f202fee3cbe0217,benign/f914a6cd1bd7118e4bff0741a60a541699072112461888132f202fee3cbe0217.exe,0,existing_benign
f951dbf205254642ce2c101e8fa3b95a46e6c6010fa3410eac42dd8603dda85a,benign/f951dbf205254642ce2c101e8fa3b95a46e6c6010fa3410eac42dd8603dda85a.exe,0,existing_benign
fa5cbd1cdf8f398d9a03adafc1c5f88933a0fba36fa32ce13e4f0c68f33d3d10,benign/fa5cbd1cdf8f398d9a03adafc1c5f88933a0fba36fa32ce13e4f0c68f33d3d10.exe,0,existing_benign
fa69a5d4c04e81356290f79bef8887dbfd0a599828571fba1cf1a6deafdc132a,benign/fa69a5d4c04e81356290f79bef8887dbfd0a599828571fba1cf1a6deafdc132a.exe,0,existing_benign
fa7646a4b3c818361c5fe68d09d1632ce10cff58519020e1d813c74bfefea7eb,benign/fa7646a4b3c818361c5fe68d09d1632ce10cff58519020e1d813c74bfefea7eb.exe,0,existing_benign
fbc8b21ab087a9dbe03fb161fd3251d567bf8d5db636fa68e49455916cb9681b,benign/fbc8b21ab087a9dbe03fb161fd3251d567bf8d5db636fa68e49455916cb9681b.exe,0,existing_benign
fc0caab076aa41d52a3b433fbd72cfd091b619964f2847514402f1c721662def,benign/fc0caab076aa41d52a3b433fbd72cfd091b619964f2847514402f1c721662def.exe,0,existing_benign
fc8cc3eb5f4b6985405e75cdc411901f14aa04f88493a5ed1493662d09542898,benign/fc8cc3eb5f4b6985405e75cdc411901f14aa04f88493a5ed1493662d09542898.exe,0,existing_benign
fc923de253d6952f9ebe0eb86bf14ff5a5781c880a243c67760418a8e37e1ab0,benign/fc923de253d6952f9ebe0eb86bf14ff5a5781c880a243c67760418a8e37e1ab0.exe,0,existing_benign
fc9d12a26ffb60cd8c588d065103acee5392b6b69bd0cb6a605f0c72070200b5,benign/fc9d12a26ffb60cd8c588d065103acee5392b6b69bd0cb6a605f0c72070200b5.exe,0,existing_benign
fcc783a1ac51a277be4652dc6fc7b281630c3298b991882c96e8ee3d41c629ea,benign/fcc783a1ac51a277be4652dc6fc7b281630c3298b991882c96e8ee3d41c629ea.dll,0,existing_benign
fd2caa28493ea76021b93641958238b7a933f4f6db1a2070be03cc81d87d8307,benign/fd2caa28493ea76021b93641958238b7a933f4f6db1a2070be03cc81d87d8307.dll,0,existing_benign
fdebc6e25d6e7bbef549c100aa81483bb8e4a2cbc76c70181a1368e79ce4345d,benign/fdebc6e25d6e7bbef549c100aa81483bb8e4a2cbc76c70181a1368e79ce4345d.exe,0,existing_benign
fdefd77d98ca16963a1fcd359bbb7efd772e22a85e296ebbb4ca36631938045b,benign/fdefd77d98ca16963a1fcd359bbb7efd772e22a85e296ebbb4ca36631938045b.exe,0,existing_benign
fe34cc47104f214e52d1ba2ce435c4e1d05bec8a039a6631ad3788be2516d00c,benign/fe34cc47104f214e52d1ba2ce435c4e1d05bec8a039a6631ad3788be2516d00c.exe,0,existing_benign
fe7b85020085aa77fcdc20509c2fda85e295012439ade6f8d3dc338f9b99ba74,benign/fe7b85020085aa77fcdc20509c2fda85e295012439ade6f8d3dc338f9b99ba74.dll,0,existing_benign
ff5d1dd7578d84311bc9d57f5d54ae25308ea805c8073fdf7873660bf024a28c,benign/ff5d1dd7578d84311bc9d57f5d54ae25308ea805c8073fdf7873660bf024a28c.exe,0,existing_benign
ff6102554f7af5c0194a1b001d38b9e59cebf3be10bb9ef4c40cb08ccdcdb3f9,benign/ff6102554f7af5c0194a1b001d38b9e59cebf3be10bb9ef4c40cb08ccdcdb3f9.dll,0,existing_benign
ff7f1987c01e211128baa2ffe70c8335e5c74960c00bb8448f038772db506b59,benign/ff7f1987c01e211128baa2ffe70c8335e5c74960c00bb8448f038772db506b59.exe,0,existing_benign
ffc996bcfa86bbd46ccffdb8fbbfb34ff8f24abddb9040bbff1c2a84377d4001,benign/ffc996bcfa86bbd46ccffdb8fbbfb34ff8f24abddb9040bbff1c2a84377d4001.exe,0,existing_benign
