sha256,source,label,analysis_variant,analysis_sha256,file_size,file_entropy,dos_e_lfanew,coff_number_of_sections,coff_timestamp_year,coff_number_of_symbols,coff_size_of_optional_header,linker_major_version,linker_minor_version,os_major_version,os_minor_version,image_major_version,image_minor_version,subsystem_major_version,subsystem_minor_version,size_of_code,size_of_initialized_data,size_of_uninitialized_data,entry_point_rva,entry_point_relative,image_base,section_alignment,file_alignment,size_of_image,size_of_headers,headers_to_image_ratio,code_to_image_ratio,initialized_data_to_image_ratio,checksum,number_of_rva_and_sizes,stack_reserve,stack_commit,heap_reserve,heap_commit,section_total_raw_size,section_total_virtual_size,section_max_raw_size,section_max_virtual_size,executable_section_count,writable_section_count,rwx_section_count,zero_raw_section_count,nonstandard_section_name_count,empty_section_name_count,entry_section_index,entry_section_raw_size,entry_section_virtual_size,section_entropy_mean,section_entropy_max,entry_section_entropy,high_entropy_section_count,overlay_size,import_dll_count,import_symbol_count,ordinal_import_count,export_symbol_count,resource_leaf_count,debug_entry_count,directory_export_size,directory_import_size,directory_resource_size,directory_exception_size,directory_security_size,directory_basereloc_size,directory_debug_size,directory_architecture_size,directory_globalptr_size,directory_tls_size,directory_load_config_size,directory_bound_import_size,directory_iat_size,directory_delay_import_size,directory_com_descriptor_size,directory_reserved_size,packing_detected,is_pe32_plus,is_dll,is_executable_image,relocations_stripped,large_address_aware,timestamp_zero,timestamp_implausible,symbol_table_present,checksum_zero,dynamic_base_aslr,nx_compatible,control_flow_guard,high_entropy_va,force_integrity,terminal_server_aware,entry_point_in_section,entry_section_executable,entry_section_writable,entry_section_rwx,has_rwx_section,has_nonstandard_section_name,has_empty_section_name,has_high_entropy_section,has_overlay,has_imports,has_exports,has_resources,has_ordinal_import,pe_structure_parse_ok,directory_export_present,directory_import_present,directory_resource_present,directory_exception_present,directory_security_present,directory_basereloc_present,directory_debug_present,directory_architecture_present,directory_globalptr_present,directory_tls_present,directory_load_config_present,directory_bound_import_present,directory_iat_present,directory_delay_import_present,directory_com_descriptor_present,directory_reserved_present,machine,optional_magic,subsystem,entry_section_name
000077419ead44800537b34f5c2137e572c472698a13c39151f90eaabde7c94e,dike_batch5,1,original,000077419ead44800537b34f5c2137e572c472698a13c39151f90eaabde7c94e,356352,7.7321452280593315,216,4,2012,0,224,7,0,4,0,0,0,4,0,4096,333616,585728,4564,0.004844599184782608,4194304,4096,4096,942080,4096,0.004347826086956522,0.004347826086956522,0.3541270380434783,420840,16,1048576,4096,1048576,4096,352256,937836,188416,773996,1,1,0,0,0,0,0,4096,4096,5.930351072018734,7.87037433335434,2.135370777062167,2,0,4,12,0,0,0,0,0,100,137050,0,0,0,0,0,0,0,0,0,64,0,0,0,1,0,0,1,1,0,0,0,0,0,0,0,0,0,0,0,1,1,0,0,0,0,0,1,0,1,0,0,0,1,0,1,1,0,0,0,0,0,0,0,0,0,1,0,0,0,0x014c,0x010b,0x0002,.text
0004b6ce277aa1a259359ee0400bf7cb3f2aafdeeae291f0be2a3750b0c87ee2,dike_batch5,1,original,0004b6ce277aa1a259359ee0400bf7cb3f2aafdeeae291f0be2a3750b0c87ee2,409600,7.682869267864116,224,4,2012,0,224,6,0,4,0,0,0,4,0,12288,393216,0,6328,0.007648128094059406,4194304,4096,4096,827392,4096,0.0049504950495049506,0.01485148514851485,0.4752475247524752,0,16,1048576,4096,1048576,4096,405504,819800,335872,430680,1,1,0,0,0,0,0,12288,12288,6.085177413725876,7.9852746580599065,6.335851037668361,1,0,5,49,0,0,0,0,0,120,333272,0,0,0,0,0,0,0,0,0,216,0,0,0,1,0,0,1,1,0,0,0,0,1,0,0,0,0,0,0,1,1,0,0,0,0,0,1,0,1,0,0,0,1,0,1,1,0,0,0,0,0,0,0,0,0,1,0,0,0,0x014c,0x010b,0x0002,.text
0008d6d1dcbe359dab5780be87005be659ea93eae5878a5b6e6ba4ed2d889b09,dike_batch5,1,original,0008d6d1dcbe359dab5780be87005be659ea93eae5878a5b6e6ba4ed2d889b09,364032,7.908297453347164,124,4,2011,0,224,10,0,4,0,0,0,4,0,5632,357376,0,5204,0.006320934390547264,4194304,4096,512,823296,1024,0.0012437810945273632,0.006840796019900498,0.43407960199004975,0,16,1048576,4096,1048576,4096,363008,812032,354304,450560,1,2,0,0,0,0,0,5632,5632,4.525678589756774,7.944215474218621,6.118740287732017,1,0,4,39,0,0,0,0,0,100,353956,0,0,0,0,0,0,0,0,0,176,0,0,0,1,0,0,1,1,0,0,0,0,1,0,0,0,0,0,0,1,1,0,0,0,0,0,1,0,1,0,0,0,1,0,1,1,0,0,0,0,0,0,0,0,0,1,0,0,0,0x014c,0x010b,0x0002,.text
000bd8b072994238a0716e6011d85bbbb5d745d921809a31030fd9e39dcdea51,virusshare,1,original,000bd8b072994238a0716e6011d85bbbb5d745d921809a31030fd9e39dcdea51,2811681,6.636553632926447,224,6,2012,0,224,6,0,4,0,0,0,4,0,36864,2629632,0,19899,0.007485599841101695,4194304,4096,4096,2658304,4096,0.0015408320493066256,0.01386748844375963,0.9892141756548536,0,16,1048576,4096,1048576,4096,880640,2654208,561152,2334720,1,3,0,0,0,0,0,36864,36864,5.909483743936496,7.255090583813753,5.920560594007203,2,1926945,8,83,0,0,0,0,0,180,32616,0,0,0,28,0,0,24,0,0,740,0,0,0,0,0,0,1,0,0,0,0,0,1,0,0,0,0,0,1,1,1,0,0,0,0,0,1,1,1,0,0,0,1,0,1,1,0,0,0,1,0,0,1,0,0,1,0,0,0,0x014c,0x010b,0x0002,.text
000d1bab5fa789f2d3b120bccb5452c7c3fe52073bd88d7d651b27dc68eb5423,dike_batch5,1,original,000d1bab5fa789f2d3b120bccb5452c7c3fe52073bd88d7d651b27dc68eb5423,208896,6.387780070535898,264,5,2012,0,224,8,0,4,0,0,0,4,0,143360,61440,0,77738,0.34507279829545456,1677721600,4096,4096,225280,4096,0.01818181818181818,0.6363636363636364,0.2727272727272727,242874,16,1048576,4096,1048576,4096,204800,218500,143360,143360,1,1,0,0,0,0,0,143360,143360,4.6345267356200255,6.643661752884311,6.643661752884311,0,0,7,114,0,0,0,0,106,160,1364,0,0,7656,0,0,0,0,64,0,484,0,0,0,0,0,1,0,0,0,0,0,0,0,1,1,0,0,0,0,1,1,0,0,0,0,0,0,0,1,0,0,0,1,1,1,1,0,0,1,0,0,0,0,1,0,1,0,0,0,0x014c,0x010b,0x0002,.text
000d6230792fefff601c0e5e87369196fdd5cfb484fdd87916a080d8b9ffc1c6,dike_batch7,1,original,000d6230792fefff601c0e5e87369196fdd5cfb484fdd87916a080d8b9ffc1c6,390144,7.843802479760122,124,4,0,0,224,11,0,4,0,0,0,4,0,5632,383488,0,5392,0.006549284825870647,4194304,4096,512,823296,1024,0.0012437810945273632,0.006840796019900498,0.4657960199004975,0,16,1048576,4096,1048576,4096,389120,813568,379904,425984,1,2,0,0,0,0,0,5632,5632,6.039037204115893,7.8841997759166995,6.281856451044929,1,0,4,39,0,0,0,0,0,120,379396,0,0,0,0,92,0,0,0,0,0,0,0,0,1,0,0,1,1,0,1,0,0,1,0,0,0,0,0,0,1,1,0,0,0,0,0,1,0,1,0,0,0,1,0,1,1,0,0,0,0,1,0,0,0,0,0,0,0,0,0x014c,0x010b,0x0002,.text
000e731440308f57fde3cf58626ec77edd4f3f89a9d9e964ea170d18fdef9069,dike_batch7,1,original,000e731440308f57fde3cf58626ec77edd4f3f89a9d9e964ea170d18fdef9069,345088,7.847945889359391,124,4,2012,0,224,10,0,4,0,0,0,4,0,8704,335360,0,6304,0.00810032894736842,4194304,4096,512,778240,1024,0.0013157894736842105,0.01118421052631579,0.4309210526315789,0,16,1048576,4096,1048576,4096,344064,764416,332288,421888,1,2,0,0,0,0,0,8704,8704,4.146026889800934,7.92010731187582,4.552767381882553,1,0,4,39,0,0,0,0,0,100,331962,0,0,0,0,0,0,0,0,0,0,28,0,0,1,0,0,1,1,0,0,0,0,1,0,0,0,0,0,0,1,1,0,0,0,0,0,1,0,1,0,0,0,1,0,1,1,0,0,0,0,0,0,0,0,0,0,1,0,0,0x014c,0x010b,0x0002,.text
0011ff95aeb4e78b6e5c0187bb2ee422d2a70bc33beb5716bdcaf2b844b52324,virusshare,1,original,0011ff95aeb4e78b6e5c0187bb2ee422d2a70bc33beb5716bdcaf2b844b52324,155648,6.75515360025132,272,6,2006,0,224,7,10,4,0,0,0,4,0,53248,40960,0,98304,0.631578947368421,1833697280,4096,4096,155648,4096,0.02631578947368421,0.34210526315789475,0.2631578947368421,203028,16,1048576,4096,1048576,4096,151552,151552,57344,57344,2,2,1,0,1,0,5,57344,57344,4.321263730321239,7.583822770105159,7.583822770105159,1,0,8,143,0,0,0,0,1696,180,984,0,0,4568,28,0,0,0,72,0,604,0,0,0,1,0,1,0,0,0,0,0,0,0,0,0,0,0,0,0,1,1,1,1,1,1,0,1,0,1,0,0,0,1,1,1,1,0,0,1,1,0,0,0,1,0,1,0,0,0,0x014c,0x010b,0x0002,.rmnet
00145e98e0394c0ad3f0e1fc801676f426ed657d0640764c96b380e00f81a3cf,dike_batch8,1,original,00145e98e0394c0ad3f0e1fc801676f426ed657d0640764c96b380e00f81a3cf,503808,6.834427836357436,224,4,2012,0,224,6,0,4,0,0,0,4,0,20480,479232,0,6355,0.007680760751856436,4194304,4096,4096,827392,4096,0.0049504950495049506,0.024752475247524754,0.5792079207920792,0,16,1048576,4096,1048576,4096,499712,819704,339968,339968,1,1,0,0,0,0,0,20480,20480,5.3733299731553945,7.976838273924671,6.18664488241582,1,0,4,45,0,0,0,0,0,100,336706,0,0,0,0,0,0,0,0,0,196,0,0,0,1,0,0,1,1,0,0,0,0,1,0,0,0,0,0,0,1,1,0,0,0,0,0,1,0,1,0,0,0,1,0,1,1,0,0,0,0,0,0,0,0,0,1,0,0,0,0x014c,0x010b,0x0002,.text
00189f62e6863904cadfccaf81dc271f1a099a377567531ea43ddb0cc2fd205e,dike_batch8,1,original,00189f62e6863904cadfccaf81dc271f1a099a377567531ea43ddb0cc2fd205e,433664,7.872557607885358,608,6,2008,0,224,9,0,6,1,6,1,5,1,60928,371200,0,427070,0.9847946797520661,65536,512,512,433664,1536,0.0035419126328217238,0.14049586776859505,0.8559622195985832,457650,16,262144,4096,1048576,4096,432128,432128,361472,361472,2,2,1,0,1,0,3,1024,1024,4.509799013912143,7.988432041297227,4.459762819161562,1,0,2,25,0,0,0,0,0,60,768,0,0,3136,0,0,0,0,64,0,108,0,0,0,1,0,0,1,0,0,0,0,0,0,0,0,0,0,0,0,1,1,1,1,1,1,0,1,0,1,0,0,0,1,0,1,1,0,0,1,0,0,0,0,1,0,1,0,0,0,0x014c,0x010b,0x0001,INIT
00255bab3a31b108a9de13b0944a50b5fa866dc53c139c2da04007b952b719ad,dike_batch8,1,original,00255bab3a31b108a9de13b0944a50b5fa866dc53c139c2da04007b952b719ad,263680,7.803499383495759,128,9,2008,0,224,8,0,4,0,0,0,5,0,18432,244224,1069948,8192,0.006006006006006006,4194304,4096,512,1363968,1024,0.0007507507507507507,0.013513513513513514,0.17905405405405406,915826985,16,1048576,4096,1048576,4096,262656,1344892,146432,633252,1,1,0,0,3,0,1,18432,18432,6.324374948651201,7.980779434491255,5.919482436757645,3,0,7,35,0,0,0,0,0,160,2572,0,0,0,0,0,0,0,0,0,0,0,0,0,1,0,0,1,1,0,0,0,0,0,0,0,0,0,0,0,1,1,0,0,0,1,0,1,0,1,0,0,0,1,0,1,1,0,0,0,0,0,0,0,0,0,0,0,0,0,0x014c,0x010b,0x0002,.text
004e748a8fc88507e7c640e72e856062ae87d6e581f3142a10a13726202c8a3b,virusshare,1,original,004e748a8fc88507e7c640e72e856062ae87d6e581f3142a10a13726202c8a3b,703279,7.929945653703699,208,4,2009,0,224,8,0,4,0,0,0,4,0,24576,32768,0,7510,0.12223307291666667,4194304,4096,4096,61440,4096,0.06666666666666667,0.4,0.5333333333333333,0,16,1048576,4096,1048576,4096,57344,57344,24576,24576,1,1,0,0,0,0,0,24576,24576,4.4946195925315395,6.36864982071888,6.36864982071888,0,641839,6,65,0,0,0,0,0,140,8000,0,0,0,28,0,0,0,0,0,284,0,0,0,0,0,0,1,1,0,0,0,0,1,0,0,0,0,0,0,1,1,0,0,0,0,0,0,1,1,0,0,0,1,0,1,1,0,0,0,1,0,0,0,0,0,1,0,0,0,0x014c,0x010b,0x0002,.text
00e2059a8f529999784b68ed5561864fc3b38db68d01555568c0ab1a77c3222f,virusshare,1,original,00e2059a8f529999784b68ed5561864fc3b38db68d01555568c0ab1a77c3222f,92176,7.883339231000742,232,3,2008,0,224,8,0,4,0,0,0,4,0,94208,45056,0,26752,0.18660714285714286,4194304,4096,4096,143360,4096,0.02857142857142857,0.6571428571428571,0.3142857142857143,123198,16,1048576,4096,1048576,4096,88064,133470,66560,91914,1,1,0,0,0,0,0,66560,91914,7.101441769704679,7.997391327028543,7.997391327028543,2,16,2,7,0,0,0,0,0,60,0,0,0,0,0,0,0,0,0,0,0,0,0,0,1,0,0,1,1,0,0,0,0,0,0,0,0,0,0,0,1,1,0,0,0,0,0,1,1,1,0,0,0,1,0,1,0,0,0,0,0,0,0,0,0,0,0,0,0,0,0x014c,0x010b,0x0002,.text
012a50629c3cf1e2a2e5133b729c2ac7765cf4115187b1da36303b91a1f7da7a,dike_batch1,1,original,012a50629c3cf1e2a2e5133b729c2ac7765cf4115187b1da36303b91a1f7da7a,421888,7.663263650108461,224,4,2012,0,224,6,0,4,0,0,0,4,0,36864,380928,0,5616,0.006821361940298507,4194304,4096,4096,823296,4096,0.004975124378109453,0.04477611940298507,0.4626865671641791,0,16,1048576,4096,1048576,4096,417792,814118,360448,402506,1,1,0,0,0,0,0,36864,36864,4.8047505626519,7.904653700358761,6.129686086467242,1,0,4,62,0,0,0,0,0,100,5194,0,0,0,0,0,0,0,0,0,264,0,0,0,1,0,0,1,1,0,0,0,0,1,0,0,0,0,0,0,1,1,0,0,0,0,0,1,0,1,0,0,0,1,0,1,1,0,0,0,0,0,0,0,0,0,1,0,0,0,0x014c,0x010b,0x0002,.text
01593ba550e99f0e9fa4d93355230806668859ba62d2994f7553c250ec9852d1,dike_batch1,1,original,01593ba550e99f0e9fa4d93355230806668859ba62d2994f7553c250ec9852d1,436224,7.871360306540294,616,6,2008,0,224,9,0,6,1,6,1,5,1,61952,372736,0,429630,0.9848839128521126,65536,512,512,436224,1536,0.0035211267605633804,0.142018779342723,0.8544600938967136,441594,16,262144,4096,1048576,4096,434688,434688,363008,363008,2,2,1,0,1,0,3,1024,1024,4.408264680120275,7.98910518484461,3.8652013392821676,1,0,2,21,0,0,0,0,0,60,768,0,0,3160,0,0,0,0,64,0,92,0,0,0,1,0,0,1,0,0,0,0,0,0,0,0,0,0,0,0,1,1,1,1,1,1,0,1,0,1,0,0,0,1,0,1,1,0,0,1,0,0,0,0,1,0,1,0,0,0,0x014c,0x010b,0x0001,INIT
0160648dbaa4af29349fc9d2f903a7842e30c313264c4edced2acf5dc53c7ac9,dike_batch1,1,original,0160648dbaa4af29349fc9d2f903a7842e30c313264c4edced2acf5dc53c7ac9,215552,7.792064331329914,216,10,2011,0,224,73,0,5,1,0,0,5,1,174080,40448,0,150987,0.61436767578125,4194304,4096,512,245760,1024,0.004166666666666667,0.7083333333333334,0.16458333333333333,256773,16,1048576,4096,1048576,4096,214528,214528,174080,174080,1,1,0,0,6,0,1,174080,174080,3.4040521671616046,7.909594892653514,7.909594892653514,1,0,4,45,0,0,0,0,135,100,3904,0,0,2564,28,0,0,0,0,0,196,0,0,0,1,0,0,1,0,0,0,0,0,0,0,0,0,0,0,0,1,1,0,0,0,1,0,1,0,1,0,0,0,1,1,1,1,0,0,1,1,0,0,0,0,0,1,0,0,0,0x014c,0x010b,0x0002,.text
0162bd2d2668a414cc16a33c8240dbcb2cb10e41b99d01f6362789be9537e25e,dike_batch1,1,original,0162bd2d2668a414cc16a33c8240dbcb2cb10e41b99d01f6362789be9537e25e,454656,7.488295969736054,216,4,2012,0,224,7,0,4,0,0,0,4,0,28672,421888,245760,7002,0.007093247536307054,4259840,4096,4096,987136,4096,0.004149377593360996,0.029045643153526972,0.42738589211618255,500863,16,1048576,4096,1048576,4096,450560,980500,245760,775700,1,1,0,0,0,0,0,28672,28672,6.46201016356789,7.82830945661226,6.475341937882916,2,0,5,88,0,0,0,0,0,120,167581,0,0,0,0,0,0,0,0,0,372,0,0,0,1,0,0,1,1,0,0,0,0,0,0,0,0,0,0,0,1,1,0,0,0,0,0,1,0,1,0,0,0,1,0,1,1,0,0,0,0,0,0,0,0,0,1,0,0,0,0x014c,0x010b,0x0002,.text
0168379699c667b34d232f91fbaf630a3bcd139508ef34af734b4860d9e66c6a,dike_batch1,1,original,0168379699c667b34d232f91fbaf630a3bcd139508ef34af734b4860d9e66c6a,208896,6.395326749742773,264,5,2012,0,224,8,0,4,0,0,0,4,0,143360,61440,0,77738,0.34507279829545456,1677721600,4096,4096,225280,4096,0.01818181818181818,0.6363636363636364,0.2727272727272727,240078,16,1048576,4096,1048576,4096,204800,218500,143360,143360,1,1,0,0,0,0,0,143360,143360,4.642778800012103,6.6441407968086885,6.6441407968086885,0,0,7,114,0,0,0,0,106,160,1364,0,0,7660,0,0,0,0,64,0,484,0,0,0,0,0,1,0,0,0,0,0,0,0,1,1,0,0,0,0,1,1,0,0,0,0,0,0,0,1,0,0,0,1,1,1,1,0,0,1,0,0,0,0,1,0,1,0,0,0,0x014c,0x010b,0x0002,.text
01710327f5cae9376e5b5b74628fbcac25f3873b33468b7e0b00089bcbfada81,dike_batch1,1,original,01710327f5cae9376e5b5b74628fbcac25f3873b33468b7e0b00089bcbfada81,417792,7.666669077174079,232,4,2012,0,224,7,0,4,0,0,0,4,0,94208,307678,491520,76217,0.08344244850056054,4259840,4096,4096,913408,4096,0.004484304932735426,0.1031390134529148,0.33684618483744394,432934,16,1048576,4096,1048576,4096,413696,905848,208896,701048,1,1,0,0,0,0,0,94208,94208,6.722704483373167,7.770352162372832,7.770352162372832,3,0,2,60,0,0,0,0,0,60,98559,0,0,0,0,0,0,0,0,0,248,0,0,0,1,0,0,1,1,0,0,0,0,0,0,0,0,0,0,0,1,1,0,0,0,0,0,1,0,1,0,0,0,1,0,1,1,0,0,0,0,0,0,0,0,0,1,0,0,0,0x014c,0x010b,0x0002,.text
017846a206ca24bfef6532753df95e607e5f54e13a45a3f4dc7573f40e11aaf6,dike_batch1,1,original,017846a206ca24bfef6532753df95e607e5f54e13a45a3f4dc7573f40e11aaf6,284184,7.66410163423831,128,5,2012,0,224,2,50,4,0,0,0,4,0,4096,278016,0,4976,0.016872829861111112,4194304,4096,512,294912,1024,0.003472222222222222,0.013888888888888888,0.9427083333333334,292154,16,1048576,4096,1048576,4096,282112,282112,264192,264192,1,1,0,0,1,0,0,4096,4096,5.489185288709917,7.718328717006636,5.203159521597494,1,1048,7,337,7,0,0,0,0,160,1716,0,1047,1784,0,0,0,0,0,0,1376,0,0,0,1,0,0,1,0,0,0,0,0,0,0,0,0,0,0,0,1,1,0,0,0,1,0,1,1,1,0,0,1,1,0,1,1,0,1,1,0,0,0,0,0,0,1,0,0,0,0x014c,0x010b,0x0002,.text
018030ca511a930052a5cf1111b78f39ea941f8a41e08179fc938f98862b6c62,dike_batch1,1,original,018030ca511a930052a5cf1111b78f39ea941f8a41e08179fc938f98862b6c62,94760,7.589650939346954,128,3,2012,0,224,2,50,4,0,0,0,4,0,91648,1536,0,4720,0.044320913461538464,4194304,4096,512,106496,512,0.004807692307692308,0.8605769230769231,0.014423076923076924,154377,16,1048576,4096,1048576,4096,93184,93184,91648,91648,1,1,0,0,0,0,0,91648,91648,4.339136418409438,7.637134450542466,7.637134450542466,1,1064,3,8,0,0,0,0,0,80,0,0,1063,132,0,0,0,0,0,0,44,0,0,0,1,0,0,1,0,0,0,0,0,0,0,0,0,0,0,0,1,1,0,0,0,0,0,1,1,1,0,0,0,1,0,1,0,0,1,1,0,0,0,0,0,0,1,0,0,0,0x014c,0x010b,0x0002,.text
018b4029f46e529da8dc57b8bc6245644ed59f63b4f8eafe7317cfe7589176e7,dike_batch1,1,original,018b4029f46e529da8dc57b8bc6245644ed59f63b4f8eafe7317cfe7589176e7,454656,7.413150017247301,232,4,2012,0,224,7,0,4,0,0,0,4,0,24576,420539,397312,6469,0.007556678005382775,4259840,4096,4096,856064,4096,0.004784688995215311,0.028708133971291867,0.4912471497458134,518968,16,1048576,4096,1048576,4096,450560,849336,376832,415160,1,1,0,0,0,0,0,24576,24576,5.768972723881398,7.637938561628474,6.085599882437964,1,0,5,85,0,0,0,0,0,120,32422,0,0,0,0,0,0,0,0,0,360,0,0,0,1,0,0,1,1,0,0,0,0,0,0,0,0,0,0,0,1,1,0,0,0,0,0,1,0,1,0,0,0,1,0,1,1,0,0,0,0,0,0,0,0,0,1,0,0,0,0x014c,0x010b,0x0002,.text
019ad39a9350b4e19b5699389110c3d71573d0864649e300e1659adc84796917,dike_batch1,1,original,019ad39a9350b4e19b5699389110c3d71573d0864649e300e1659adc84796917,425984,7.675102128687133,216,4,2012,0,224,6,0,4,0,0,0,4,0,36864,385024,0,5600,0.006801927860696518,4194304,4096,4096,823296,4096,0.004975124378109453,0.04477611940298507,0.46766169154228854,0,16,1048576,4096,1048576,4096,421888,816390,360448,403786,1,1,0,0,0,0,0,36864,36864,5.140093086734797,7.9035099832813795,6.1306709876612375,1,0,3,58,0,0,0,0,0,80,10570,0,0,0,0,0,0,0,0,0,244,0,0,0,1,0,0,1,1,0,0,0,0,1,0,0,0,0,0,0,1,1,0,0,0,0,0,1,0,1,0,0,0,1,0,1,1,0,0,0,0,0,0,0,0,0,1,0,0,0,0x014c,0x010b,0x0002,.text
019c1e95430a67b5bf3491512b108111560a0bd3f3d6b829456feec520826da8,dike_batch1,1,original,019c1e95430a67b5bf3491512b108111560a0bd3f3d6b829456feec520826da8,458752,7.45329954145568,216,4,2012,0,224,7,0,4,0,0,0,4,0,28672,425984,249856,6970,0.007060830523858921,4259840,4096,4096,987136,4096,0.004149377593360996,0.029045643153526972,0.4315352697095436,507153,16,1048576,4096,1048576,4096,454656,980180,249856,775380,1,1,0,0,0,0,0,28672,28672,6.4382009135084965,7.847242029681966,6.4805186570425155,2,0,4,85,0,0,0,0,0,100,167581,0,0,0,0,0,0,0,0,0,356,0,0,0,1,0,0,1,1,0,0,0,0,0,0,0,0,0,0,0,1,1,0,0,0,0,0,1,0,1,0,0,0,1,0,1,1,0,0,0,0,0,0,0,0,0,1,0,0,0,0x014c,0x010b,0x0002,.text
01a0bea806384827759ae032031516bfe843285cac39800bdd1845e36cb5f003,dike_batch1,1,original,01a0bea806384827759ae032031516bfe843285cac39800bdd1845e36cb5f003,421888,7.735858455753602,232,4,2012,0,224,7,0,4,0,0,0,4,0,20480,390466,430080,5873,0.006860468376196172,4259840,4096,4096,856064,4096,0.004784688995215311,0.023923444976076555,0.45611776689593303,437261,16,1048576,4096,1048576,4096,417792,848056,262144,532664,1,1,0,0,0,0,0,20480,20480,7.212979033046739,7.876911107391847,6.6442923190778584,2,0,4,63,0,0,0,0,0,100,31947,0,0,0,0,0,0,0,0,0,268,0,0,0,1,0,0,1,1,0,0,0,0,0,0,0,0,0,0,0,1,1,0,0,0,0,0,1,0,1,0,0,0,1,0,1,1,0,0,0,0,0,0,0,0,0,1,0,0,0,0x014c,0x010b,0x0002,.text
01a4da1f41a3a527776752434ee49b607d032eaacf8264a53ef833433e584d75,virusshare,1,original,01a4da1f41a3a527776752434ee49b607d032eaacf8264a53ef833433e584d75,623645,6.940750353650691,64,4,2012,0,224,9,0,5,0,0,0,5,0,118784,705536,0,4096,0.004484304932735426,4194304,4096,512,913408,512,0.0005605381165919282,0.13004484304932734,0.7724215246636771,553865,16,1048576,28672,1048576,4096,503296,902144,449024,847872,3,3,2,0,4,0,0,449024,847872,5.918914495109192,7.999529688355332,7.999529688355332,1,119837,7,8,0,0,0,0,0,448,49596,0,0,0,0,0,0,0,0,0,56,0,0,0,1,0,0,1,0,0,0,0,0,0,0,0,0,0,0,1,1,1,1,1,1,1,0,1,1,1,0,0,0,1,0,1,1,0,0,0,0,0,0,0,0,0,1,0,0,0,0x014c,0x010b,0x0002,.MPRESS1
01a795638fe5829264455b8efe4c1dbb52d74b8fadf17c9af965c0f302be627c,dike_batch1,1,original,01a795638fe5829264455b8efe4c1dbb52d74b8fadf17c9af965c0f302be627c,421888,7.664111694586733,224,4,2012,0,224,6,0,4,0,0,0,4,0,36864,380928,0,5616,0.006821361940298507,4194304,4096,4096,823296,4096,0.004975124378109453,0.04477611940298507,0.4626865671641791,0,16,1048576,4096,1048576,4096,417792,814118,360448,402506,1,1,0,0,0,0,0,36864,36864,4.804191229502528,7.904686474457177,6.129890375974838,1,0,4,62,0,0,0,0,0,100,5194,0,0,0,0,0,0,0,0,0,264,0,0,0,1,0,0,1,1,0,0,0,0,1,0,0,0,0,0,0,1,1,0,0,0,0,0,1,0,1,0,0,0,1,0,1,1,0,0,0,0,0,0,0,0,0,1,0,0,0,0x014c,0x010b,0x0002,.text
01c1a9179258495d08e017d721fc82c7fa8e09f29fa34411b590763e14312dc5,dike_batch1,1,original,01c1a9179258495d08e017d721fc82c7fa8e09f29fa34411b590763e14312dc5,368640,7.69101231006166,224,4,2012,0,224,7,0,4,0,0,0,4,0,98304,254687,434176,83039,0.10290961096129442,4259840,4096,4096,806912,4096,0.005076142131979695,0.1218274111675127,0.31563169217956855,407707,16,1048576,4096,1048576,4096,364544,799352,208896,643704,1,1,0,0,0,0,0,98304,98304,6.731381534005253,7.881104886307528,7.881104886307528,3,0,4,69,0,0,0,0,0,100,47200,0,0,0,0,0,0,0,0,0,292,0,0,0,1,0,0,1,1,0,0,0,0,0,0,0,0,0,0,0,1,1,0,0,0,0,0,1,0,1,0,0,0,1,0,1,1,0,0,0,0,0,0,0,0,0,1,0,0,0,0x014c,0x010b,0x0002,.text
01ca2135cdc41c49a873dbcb4299658480b85475b43ca56c66be7bc1c1886ff4,dike_batch1,1,original,01ca2135cdc41c49a873dbcb4299658480b85475b43ca56c66be7bc1c1886ff4,208896,6.394402934678681,264,5,2012,0,224,8,0,4,0,0,0,4,0,143360,61440,0,77738,0.34507279829545456,1677721600,4096,4096,225280,4096,0.01818181818181818,0.6363636363636364,0.2727272727272727,268692,16,1048576,4096,1048576,4096,204800,218500,143360,143360,1,1,0,0,0,0,0,143360,143360,4.640248293632179,6.644363543432543,6.644363543432543,0,0,7,114,0,0,0,0,106,160,1364,0,0,7660,0,0,0,0,64,0,484,0,0,0,0,0,1,0,0,0,0,0,0,0,1,1,0,0,0,0,1,1,0,0,0,0,0,0,0,1,0,0,0,1,1,1,1,0,0,1,0,0,0,0,1,0,1,0,0,0,0x014c,0x010b,0x0002,.text
01d0e53c6a9eac73e4cc4436d273ade93452b497ec939741060d14a272eaa6ae,dike_batch1,1,original,01d0e53c6a9eac73e4cc4436d273ade93452b497ec939741060d14a272eaa6ae,262696,7.684244607788934,128,8,2012,0,224,2,50,4,0,0,0,4,0,2048,258560,0,4640,0.016183035714285716,4194304,4096,512,286720,1024,0.0035714285714285713,0.007142857142857143,0.9017857142857143,317528,16,1048576,4096,1048576,4096,260608,260608,251904,251904,1,5,0,0,4,0,0,2048,2048,4.096241272619608,7.769435976415894,5.499481964014729,1,1064,3,6,0,0,0,0,0,80,1636,0,1024,132,0,0,0,0,0,0,36,0,0,0,1,0,0,1,0,0,0,0,0,0,0,0,0,0,0,0,1,1,0,0,0,1,0,1,1,1,0,0,0,1,0,1,1,0,1,1,0,0,0,0,0,0,1,0,0,0,0x014c,0x010b,0x0002,.text
01d1a520538ae81d760dfc8736b05b5a7528989a7a65e985454860e98d50e58f,dike_batch1,1,original,01d1a520538ae81d760dfc8736b05b5a7528989a7a65e985454860e98d50e58f,425984,7.762007641890286,216,4,2012,0,224,7,0,4,0,0,0,4,0,28672,393216,217088,6523,0.006608005381224066,4259840,4096,4096,987136,4096,0.004149377593360996,0.029045643153526972,0.3983402489626556,480219,16,1048576,4096,1048576,4096,421888,981332,217088,776532,1,1,0,0,0,0,0,28672,28672,6.520279049991412,7.839922437179902,6.419423494818951,2,0,4,69,0,0,0,0,0,100,167581,0,0,0,0,0,0,0,0,0,292,0,0,0,1,0,0,1,1,0,0,0,0,0,0,0,0,0,0,0,1,1,0,0,0,0,0,1,0,1,0,0,0,1,0,1,1,0,0,0,0,0,0,0,0,0,1,0,0,0,0x014c,0x010b,0x0002,.text
01e6b4dcc05ac8c7dc82efecf339be213ad92bff57d01fbc434b3e53b0a36edd,dike_batch1,1,original,01e6b4dcc05ac8c7dc82efecf339be213ad92bff57d01fbc434b3e53b0a36edd,430080,7.657812254570161,224,4,2012,0,224,7,0,4,0,0,0,4,0,20480,405504,229376,5544,0.005616247406639004,4259840,4096,4096,987136,4096,0.004149377593360996,0.02074688796680498,0.4107883817427386,484796,16,1048576,4096,1048576,4096,425984,980216,229376,783608,1,1,0,0,0,0,0,20480,20480,6.47199832522671,7.865622111255116,6.497627635975142,2,0,5,74,0,0,0,0,0,120,167536,0,0,0,0,0,0,0,0,0,316,0,0,0,1,0,0,1,1,0,0,0,0,0,0,0,0,0,0,0,1,1,0,0,0,0,0,1,0,1,0,0,0,1,0,1,1,0,0,0,0,0,0,0,0,0,1,0,0,0,0x014c,0x010b,0x0002,.text
01ee8378b6cfffa6abf1477b57ec0f11c25812bda89e79643665713dae160141,dike_batch1,1,original,01ee8378b6cfffa6abf1477b57ec0f11c25812bda89e79643665713dae160141,179200,7.794850991032784,216,4,2011,0,224,10,0,5,1,0,0,5,1,140288,37888,0,115148,0.5737205038265306,4194304,4096,512,200704,1024,0.00510204081632653,0.6989795918367347,0.18877551020408162,216573,16,1048576,4096,1048576,4096,178176,185951,140288,148063,1,1,0,0,0,0,0,140288,148063,6.35518926206766,7.876707580832909,7.876707580832909,2,0,5,25,0,0,0,0,95,120,4170,0,0,2548,28,0,0,0,0,0,120,0,0,0,1,0,0,1,0,0,0,0,0,0,0,0,0,0,0,0,1,1,0,0,0,0,0,1,0,1,0,0,0,1,1,1,1,0,0,1,1,0,0,0,0,0,1,0,0,0,0x014c,0x010b,0x0002,.text
02137a839aaec764236e42cf1e944139184ce81d3c89e722fd5b99e94a6146c9,dike_batch1,1,original,02137a839aaec764236e42cf1e944139184ce81d3c89e722fd5b99e94a6146c9,471040,7.045701916788745,248,5,2008,0,224,8,0,4,0,0,0,4,0,176128,290816,0,57568,0.11910752118644068,268435456,4096,4096,483328,4096,0.00847457627118644,0.3644067796610169,0.6016949152542372,484370,16,1048576,4096,1048576,4096,466944,475328,192512,192512,1,1,0,0,0,0,0,176128,176128,5.164685425227555,7.744424849903235,6.641228939680955,1,0,5,59,0,0,0,0,1160,120,31648,0,0,13156,0,0,0,0,64,0,596,0,0,0,1,0,1,0,0,0,0,0,0,0,0,0,0,0,0,0,1,1,0,0,0,0,0,1,0,1,0,0,0,1,1,1,1,0,0,1,0,0,0,0,1,0,1,0,0,0,0x014c,0x010b,0x0002,.text
0222aeb7073e11206a8ef5890552c0a644b21feeecb2d1b9c05a5d9a6595d6fe,dike_batch1,1,original,0222aeb7073e11206a8ef5890552c0a644b21feeecb2d1b9c05a5d9a6595d6fe,195232,4.925062435089058,128,8,2012,0,224,2,50,4,0,0,0,4,0,145408,46592,0,5248,0.024174528301886794,4194304,4096,512,217088,1024,0.0047169811320754715,0.6698113207547169,0.21462264150943397,243683,16,1048576,4096,1048576,4096,192000,192000,145408,145408,1,6,0,0,5,0,0,145408,145408,3.1505032123701273,6.050037710046677,6.050037710046677,0,2208,3,10,0,0,0,0,0,80,0,0,2208,220,0,0,0,0,0,0,52,0,0,0,0,0,0,1,0,0,0,0,0,0,0,0,0,0,0,0,1,1,0,0,0,1,0,0,1,1,0,0,0,1,0,1,0,0,1,1,0,0,0,0,0,0,1,0,0,0,0x014c,0x010b,0x0002,.text
023e0e5c3b01aa9d636fb529f4a453ff508ae7c984c4bb596284766d7e7ef158,dike_batch1,1,original,023e0e5c3b01aa9d636fb529f4a453ff508ae7c984c4bb596284766d7e7ef158,226304,7.126408800578598,208,5,2011,0,224,10,0,5,1,0,0,5,1,190976,0,0,146979,0.6081956766419492,4194304,4096,512,241664,1024,0.00423728813559322,0.7902542372881356,0.0,231811,16,1048576,4096,1048576,4096,225280,225280,190976,190976,1,1,0,0,1,0,0,190976,190976,6.449307279833924,6.848694937798642,6.848694937798642,0,0,4,250,0,0,0,0,102,100,9666,0,0,1996,28,0,0,0,0,0,1016,0,0,0,0,0,0,1,0,0,0,0,0,0,0,0,0,0,0,0,1,1,0,0,0,1,0,0,0,1,0,0,0,1,1,1,1,0,0,1,1,0,0,0,0,0,1,0,0,0,0x014c,0x010b,0x0002,.text
02492e111817e0680c6b9d1acc067d6a667ab1e41e4b2a965c932d727419ba21,dike_batch1,1,original,02492e111817e0680c6b9d1acc067d6a667ab1e41e4b2a965c932d727419ba21,208896,6.176207778058116,264,5,2012,0,224,8,0,4,0,0,0,4,0,143360,61440,0,77738,0.34507279829545456,1677721600,4096,4096,225280,4096,0.01818181818181818,0.6363636363636364,0.2727272727272727,211640,16,1048576,4096,1048576,4096,204800,218500,143360,143360,1,1,0,0,0,0,0,143360,143360,4.2999365046463,6.643844233661677,6.643844233661677,0,0,7,114,0,0,0,0,106,160,1364,0,0,7660,0,0,0,0,64,0,484,0,0,0,0,0,1,0,0,0,0,0,0,0,1,1,0,0,0,0,1,1,0,0,0,0,0,0,0,1,0,0,0,1,1,1,1,0,0,1,0,0,0,0,1,0,1,0,0,0,0x014c,0x010b,0x0002,.text
024bc401f1983d741d8cb3811e7383db3c90a6117cde521425eeaf3a6a7f5f3b,dike_batch1,1,original,024bc401f1983d741d8cb3811e7383db3c90a6117cde521425eeaf3a6a7f5f3b,149504,6.28354316368388,208,4,2105,0,224,6,0,1,0,0,0,4,0,9216,512,0,12464,0.07421875,4194304,4096,512,167936,1024,0.006097560975609756,0.054878048780487805,0.003048780487804878,0,16,1048576,4096,1048576,4096,147968,151564,137728,137728,1,1,0,0,0,0,0,9216,9216,3.0635156111578805,6.270137761624731,5.922750791516834,0,512,2,35,0,0,0,0,0,60,4,0,0,0,0,0,0,0,0,0,148,0,0,0,0,0,0,1,1,0,0,1,0,1,0,0,0,0,0,0,1,1,0,0,0,0,0,0,1,1,0,0,0,1,0,1,1,0,0,0,0,0,0,0,0,0,1,0,0,0,0x014c,0x010b,0x0002,.text
024ee04fc3b7f3b66f83ddaf92a9e6b732cd1e1ffafdc8bdbf590bbb3405a7d0,dike_batch1,1,original,024ee04fc3b7f3b66f83ddaf92a9e6b732cd1e1ffafdc8bdbf590bbb3405a7d0,405504,7.584428072036946,224,4,2012,0,224,6,0,4,0,0,0,4,0,20480,380928,0,5560,0.007106920811518325,4194304,4096,4096,782336,4096,0.005235602094240838,0.02617801047120419,0.4869109947643979,0,16,1048576,4096,1048576,4096,401408,778120,331776,393096,1,1,0,0,0,0,0,20480,20480,6.144123103452269,7.8768009554069645,6.06090199497046,1,0,3,48,0,0,0,0,0,80,31456,0,0,0,0,0,0,0,0,0,204,0,0,0,1,0,0,1,1,0,0,0,0,1,0,0,0,0,0,0,1,1,0,0,0,0,0,1,0,1,0,0,0,1,0,1,1,0,0,0,0,0,0,0,0,0,1,0,0,0,0x014c,0x010b,0x0002,.text
02511b8dd58a94bff958ab319b21ef0f0bdbb5d1f10c525e440a4b43d12e3418,dike_batch1,1,original,02511b8dd58a94bff958ab319b21ef0f0bdbb5d1f10c525e440a4b43d12e3418,409600,7.445232026801057,208,4,2012,0,224,6,0,4,0,0,0,4,0,12288,393216,0,6096,0.007792048429319372,4194304,4096,4096,782336,4096,0.005235602094240838,0.015706806282722512,0.5026178010471204,0,16,1048576,4096,1048576,4096,405504,777852,339968,396924,1,1,0,0,0,0,0,12288,12288,4.6143311857246765,7.956777377999292,6.324903696421209,1,0,3,47,0,0,0,0,0,80,336550,0,0,0,0,0,0,0,0,0,200,0,0,0,1,0,0,1,1,0,0,0,0,1,0,0,0,0,0,0,1,1,0,0,0,0,0,1,0,1,0,0,0,1,0,1,1,0,0,0,0,0,0,0,0,0,1,0,0,0,0x014c,0x010b,0x0002,.text
025447539157d6b1057fd217753f66448817a2a20c1aaf7f8844eb81ab02a66c,virusshare,1,original,025447539157d6b1057fd217753f66448817a2a20c1aaf7f8844eb81ab02a66c,83460,7.952681163544796,64,3,1992,0,224,2,25,4,0,0,0,4,0,0,77824,167936,192384,0.7575604838709677,4194304,4096,512,253952,1024,0.004032258064516129,0.0,0.3064516129032258,0,16,0,0,1048576,4096,82948,249018,80896,163840,2,3,2,1,3,3,1,80896,81920,7.933351581798009,7.963748140793548,7.963748140793548,2,0,1,3,0,0,0,0,209,40,4096,0,0,8,0,0,0,0,0,0,0,0,0,0,1,0,1,0,0,0,0,0,0,1,0,0,0,0,0,0,1,1,1,1,1,1,1,1,0,1,0,0,0,1,1,1,1,0,0,1,0,0,0,0,0,0,0,0,0,0,0x014c,0x010b,0x0002,
02593c6592d9fe499c0cfcfd1e2fdeea9ab23365f9535d85655180cf44650a62,dike_batch1,1,original,02593c6592d9fe499c0cfcfd1e2fdeea9ab23365f9535d85655180cf44650a62,466944,7.568087018249063,232,4,2012,0,224,6,0,4,0,0,0,4,0,61440,401408,0,7536,0.009153451492537313,4194304,4096,4096,823296,4096,0.004975124378109453,0.07462686567164178,0.48756218905472637,0,16,1048576,4096,1048576,4096,462848,816768,217088,522016,1,1,0,0,0,0,0,61440,61440,6.923702579402695,7.914957252238607,6.28366835222669,2,0,4,70,0,0,0,0,75,100,169760,0,0,0,0,0,0,0,0,0,296,0,0,0,1,0,0,1,1,0,0,0,0,1,0,0,0,0,0,0,1,1,0,0,0,0,0,1,0,1,0,0,0,1,1,1,1,0,0,0,0,0,0,0,0,0,1,0,0,0,0x014c,0x010b,0x0002,.text
0267600d677c7b36aa0bcc2fc100fa251f4c294d796e45b785b8bf28efc7fbe0,dike_batch1,1,original,0267600d677c7b36aa0bcc2fc100fa251f4c294d796e45b785b8bf28efc7fbe0,405504,7.68136394675757,208,4,2012,0,224,6,0,4,0,0,0,4,0,12288,389120,0,5560,0.0067533426616915426,4194304,4096,4096,823296,4096,0.004975124378109453,0.014925373134328358,0.472636815920398,0,16,1048576,4096,1048576,4096,401408,815280,258048,515316,1,1,0,0,0,0,0,12288,12288,6.410194210859219,7.921185080803921,6.382460547340529,2,0,2,41,0,0,0,0,0,60,101620,0,0,0,0,0,0,0,0,0,172,0,0,0,1,0,0,1,1,0,0,0,0,1,0,0,0,0,0,0,1,1,0,0,0,0,0,1,0,1,0,0,0,1,0,1,1,0,0,0,0,0,0,0,0,0,1,0,0,0,0x014c,0x010b,0x0002,.text
026967352af78171380898429267bd1e6b11263055b0a198812ff779d3238592,dike_batch1,1,original,026967352af78171380898429267bd1e6b11263055b0a198812ff779d3238592,413696,7.532871928516094,216,4,2012,0,224,6,0,4,0,0,0,4,0,20480,389120,0,6279,0.008025963268979058,4194304,4096,4096,782336,4096,0.005235602094240838,0.02617801047120419,0.4973821989528796,0,16,1048576,4096,1048576,4096,409600,774856,344064,389832,1,1,0,0,0,0,0,20480,20480,4.624132935506078,7.963609189423963,6.072533185816189,1,0,2,47,0,0,0,0,0,60,341342,0,0,0,0,0,0,0,0,0,196,0,0,0,1,0,0,1,1,0,0,0,0,1,0,0,0,0,0,0,1,1,0,0,0,0,0,1,0,1,0,0,0,1,0,1,1,0,0,0,0,0,0,0,0,0,1,0,0,0,0x014c,0x010b,0x0002,.text
026a69b4ebef3b11f819aa5d0745ad703185f9b28466f8c0ce88fd2352f84ade,dike_batch1,1,original,026a69b4ebef3b11f819aa5d0745ad703185f9b28466f8c0ce88fd2352f84ade,169984,7.831278177363887,216,6,2011,0,224,10,0,5,1,0,0,5,1,77312,91648,0,4096,0.016666666666666666,4194304,4096,512,245760,1024,0.004166666666666667,0.3145833333333333,0.3729166666666667,206985,16,1048576,4096,1048576,4096,168960,228263,85504,144807,1,3,1,0,2,0,0,77312,77312,4.749361985325799,7.880353951215926,7.880353951215926,2,0,2,20,0,0,0,0,88,60,3872,0,0,2052,28,0,0,0,0,0,88,0,0,0,1,0,0,1,0,0,0,0,0,0,0,0,0,0,0,0,1,1,1,1,1,1,0,1,0,1,0,0,0,1,1,1,1,0,0,1,1,0,0,0,0,0,1,0,0,0,0x014c,0x010b,0x0002,.text
02700487456f8dd942037bbfd4d1ea3f0343d0dbd7ec859e34afa3e162bc1c10,dike_batch1,1,original,02700487456f8dd942037bbfd4d1ea3f0343d0dbd7ec859e34afa3e162bc1c10,438272,7.578898462598495,224,4,2012,0,224,7,0,4,0,0,0,4,0,20480,402754,417792,6137,0.007168856534090909,4259840,4096,4096,856064,4096,0.004784688995215311,0.023923444976076555,0.4704718338815789,493393,16,1048576,4096,1048576,4096,434176,850392,274432,690648,1,1,0,0,0,0,0,20480,20480,7.1394740714808185,7.698464582407261,6.711180283365824,2,0,6,75,0,0,0,0,0,140,31947,0,0,0,0,0,0,0,0,0,324,0,0,0,1,0,0,1,1,0,0,0,0,0,0,0,0,0,0,0,1,1,0,0,0,0,0,1,0,1,0,0,0,1,0,1,1,0,0,0,0,0,0,0,0,0,1,0,0,0,0x014c,0x010b,0x0002,.text
027703a7d9952464429dfc7b8d985d6cc63f69959c4e0d954bea9463bb0ae60e,dike_batch1,1,original,027703a7d9952464429dfc7b8d985d6cc63f69959c4e0d954bea9463bb0ae60e,372736,7.973875654724568,64,4,2011,0,224,10,0,4,0,0,0,4,0,4608,367104,0,787528,0.6746230811403509,4259840,4096,512,1167360,786432,0.6736842105263158,0.003947368421052632,0.3144736842105263,436250,16,1048576,4096,1048576,4096,371712,371712,364544,364544,1,2,0,0,0,0,0,4608,4608,5.374671248493547,7.988005495919221,6.7149783052724175,1,0,4,39,0,0,0,0,0,100,14146,0,0,0,0,0,0,0,0,0,204,0,0,0,1,0,0,1,1,0,0,0,0,0,0,0,0,0,0,0,1,1,0,0,0,0,0,1,0,1,0,0,0,1,0,1,1,0,0,0,0,0,0,0,0,0,1,0,0,0,0x014c,0x010b,0x0002,.text
02785de4895b877afdf5baea3cca3a3e30bd6b4c7998d8facc4b7cb12153fefa,dike_batch1,1,original,02785de4895b877afdf5baea3cca3a3e30bd6b4c7998d8facc4b7cb12153fefa,348160,7.82076262415271,216,4,2012,0,224,7,0,4,0,0,0,4,0,94208,237306,499712,92382,0.10895748414855072,4194304,4096,4096,847872,4096,0.004830917874396135,0.1111111111111111,0.279884227807971,356702,16,1048576,4096,1048576,4096,344064,843380,200704,700020,1,1,0,0,0,0,0,94208,94208,5.928697518320368,7.994341452748602,7.994341452748602,3,0,3,8,0,0,0,0,0,80,44137,0,0,0,0,0,0,0,0,0,44,0,0,0,1,0,0,1,1,0,0,0,0,0,0,0,0,0,0,0,1,1,0,0,0,0,0,1,0,1,0,0,0,1,0,1,1,0,0,0,0,0,0,0,0,0,1,0,0,0,0x014c,0x010b,0x0002,.text
0281bcdc415c96250b44b319d91330af978be803689690404e19c41fc115e327,dike_batch1,1,original,0281bcdc415c96250b44b319d91330af978be803689690404e19c41fc115e327,208896,6.398405069832659,264,5,2012,0,224,8,0,4,0,0,0,4,0,143360,61440,0,77738,0.34507279829545456,1677721600,4096,4096,225280,4096,0.01818181818181818,0.6363636363636364,0.2727272727272727,213841,16,1048576,4096,1048576,4096,204800,218500,143360,143360,1,1,0,0,0,0,0,143360,143360,4.646561018302104,6.643716243363028,6.643716243363028,0,0,7,114,0,0,0,0,106,160,1364,0,0,7656,0,0,0,0,64,0,484,0,0,0,0,0,1,0,0,0,0,0,0,0,1,1,0,0,0,0,1,1,0,0,0,0,0,0,0,1,0,0,0,1,1,1,1,0,0,1,0,0,0,0,1,0,1,0,0,0,0x014c,0x010b,0x0002,.text
02834a1cda0b0b26e66c6b5ea20df217e0d10bba24e2d45f65f8d89e8e4502db,dike_batch1,1,original,02834a1cda0b0b26e66c6b5ea20df217e0d10bba24e2d45f65f8d89e8e4502db,471040,7.044350705229715,248,5,2008,0,224,8,0,4,0,0,0,4,0,176128,290816,0,57568,0.11910752118644068,268435456,4096,4096,483328,4096,0.00847457627118644,0.3644067796610169,0.6016949152542372,505513,16,1048576,4096,1048576,4096,466944,475328,192512,192512,1,1,0,0,0,0,0,176128,176128,5.166067194915624,7.742423804707627,6.641209161915963,1,0,5,59,0,0,0,0,1160,120,31648,0,0,13156,0,0,0,0,64,0,596,0,0,0,1,0,1,0,0,0,0,0,0,0,0,0,0,0,0,0,1,1,0,0,0,0,0,1,0,1,0,0,0,1,1,1,1,0,0,1,0,0,0,0,1,0,1,0,0,0,0x014c,0x010b,0x0002,.text
028e21137fab4d6828a48cabe96b0b991438ce13b0fc9f43b0a4b7f9830e0ff2,dike_batch1,1,original,028e21137fab4d6828a48cabe96b0b991438ce13b0fc9f43b0a4b7f9830e0ff2,208896,6.166954649389417,264,5,2012,0,224,8,0,4,0,0,0,4,0,143360,61440,0,77738,0.34507279829545456,1677721600,4096,4096,225280,4096,0.01818181818181818,0.6363636363636364,0.2727272727272727,270773,16,1048576,4096,1048576,4096,204800,218500,143360,143360,1,1,0,0,0,0,0,143360,143360,4.2865522991821905,6.64419896944634,6.64419896944634,0,0,7,114,0,0,0,0,106,160,1364,0,0,7656,0,0,0,0,64,0,484,0,0,0,0,0,1,0,0,0,0,0,0,0,1,1,0,0,0,0,1,1,0,0,0,0,0,0,0,1,0,0,0,1,1,1,1,0,0,1,0,0,0,0,1,0,1,0,0,0,0x014c,0x010b,0x0002,.text
029278b8f482f6bea5a20a04bdf2d089d954eaf61e91242e623ef53aa45801ff,dike_batch1,1,original,029278b8f482f6bea5a20a04bdf2d089d954eaf61e91242e623ef53aa45801ff,397312,7.247772156936905,216,5,2012,0,224,7,0,4,0,0,0,4,0,4096,378216,421888,4768,0.0058203125,4194304,4096,4096,819200,4096,0.005,0.005,0.461689453125,435756,16,1048576,4096,1048576,4096,393216,811379,348160,430451,1,2,0,0,0,0,0,4096,4096,3.667850425361518,7.6057559919482,2.403306679626952,1,0,8,31,0,0,0,0,0,180,14146,0,0,0,0,0,0,0,0,0,156,0,0,0,1,0,0,1,1,0,0,0,0,0,0,0,0,0,0,0,1,1,0,0,0,0,0,1,0,1,0,0,0,1,0,1,1,0,0,0,0,0,0,0,0,0,1,0,0,0,0x014c,0x010b,0x0002,.text
029754020244831ed1ef2dbac3a57123c7a69e82023b4d575dedd2e2208d6251,dike_batch1,1,original,029754020244831ed1ef2dbac3a57123c7a69e82023b4d575dedd2e2208d6251,409600,7.682682831538429,216,4,2012,0,224,6,0,4,0,0,0,4,0,12288,393216,0,6292,0.007604617883663367,4194304,4096,4096,827392,4096,0.0049504950495049506,0.01485148514851485,0.4752475247524752,0,16,1048576,4096,1048576,4096,405504,819800,335872,430680,1,1,0,0,0,0,0,12288,12288,6.0828488282978235,7.985091620171358,6.346310711297071,1,0,3,48,0,0,0,0,0,80,333340,0,0,0,0,0,0,0,0,0,204,0,0,0,1,0,0,1,1,0,0,0,0,1,0,0,0,0,0,0,1,1,0,0,0,0,0,1,0,1,0,0,0,1,0,1,1,0,0,0,0,0,0,0,0,0,1,0,0,0,0x014c,0x010b,0x0002,.text
0298f363cbff57ed12a4a1f4168c1b9a2668e391f5fef48200532cc35001fd3e,dike_batch1,1,original,0298f363cbff57ed12a4a1f4168c1b9a2668e391f5fef48200532cc35001fd3e,458752,7.481496021186368,240,4,2012,0,224,6,0,4,0,0,0,4,0,45056,409600,0,5952,0.0072294776119402986,4194304,4096,4096,823296,4096,0.004975124378109453,0.05472636815920398,0.4975124378109453,0,16,1048576,4096,1048576,4096,454656,813468,364544,379092,1,1,0,0,0,0,0,45056,45056,5.973927663189431,7.731223324549473,6.188552874013394,1,0,4,71,0,0,0,0,75,100,22740,0,0,0,0,0,0,0,0,0,300,0,0,0,1,0,0,1,1,0,0,0,0,1,0,0,0,0,0,0,1,1,0,0,0,0,0,1,0,1,0,0,0,1,1,1,1,0,0,0,0,0,0,0,0,0,1,0,0,0,0x014c,0x010b,0x0002,.text
029d4fa427d821bcb8c12d4f19dd99403a8c0356a096d854dd09c1c51a0c53fc,dike_batch1,1,original,029d4fa427d821bcb8c12d4f19dd99403a8c0356a096d854dd09c1c51a0c53fc,177152,7.817624999373789,208,4,2011,0,224,10,0,5,1,0,0,5,1,158720,17408,0,123874,0.6720594618055555,4194304,4096,512,184320,1024,0.005555555555555556,0.8611111111111112,0.09444444444444444,180095,16,1048576,4096,1048576,4096,176128,176128,158720,158720,1,1,0,0,0,0,0,158720,158720,6.191128418477547,7.891617137568232,7.891617137568232,2,0,3,20,0,0,0,0,95,80,2690,0,0,2540,28,0,0,0,0,0,92,0,0,0,1,0,0,1,0,0,0,0,0,0,0,0,0,0,0,0,1,1,0,0,0,0,0,1,0,1,0,0,0,1,1,1,1,0,0,1,1,0,0,0,0,0,1,0,0,0,0x014c,0x010b,0x0002,.text
02b329186cd2d0a0107e3b9292f86e86bcf41c7403473b63d818e6825d80f9f0,dike_batch1,1,original,02b329186cd2d0a0107e3b9292f86e86bcf41c7403473b63d818e6825d80f9f0,413696,7.806243535751726,216,4,2012,0,224,7,0,4,0,0,0,4,0,20480,389120,212992,5363,0.005432888679979253,4259840,4096,4096,987136,4096,0.004149377593360996,0.02074688796680498,0.3941908713692946,439524,16,1048576,4096,1048576,4096,409600,980536,212992,783928,1,1,0,0,0,0,0,20480,20480,6.4718938867552565,7.897062566815416,6.4786799782956965,2,0,2,58,0,0,0,0,0,60,167536,0,0,0,0,0,0,0,0,0,240,0,0,0,1,0,0,1,1,0,0,0,0,0,0,0,0,0,0,0,1,1,0,0,0,0,0,1,0,1,0,0,0,1,0,1,1,0,0,0,0,0,0,0,0,0,1,0,0,0,0x014c,0x010b,0x0002,.text
02b6cfb2427f427acb2aba544ed7c6262fb6841297f83c6f0dfe93a6022edf2e,dike_batch1,1,original,02b6cfb2427f427acb2aba544ed7c6262fb6841297f83c6f0dfe93a6022edf2e,409600,7.212551390929509,224,4,2012,0,224,7,0,4,0,0,0,4,0,94208,298478,401408,76383,0.09370951436871859,4259840,4096,4096,815104,4096,0.005025125628140704,0.11557788944723618,0.36618394707914576,460575,16,1048576,4096,1048576,4096,405504,808120,245760,648376,1,1,0,0,0,0,0,94208,94208,6.509743733298868,7.775706863872789,7.775706863872789,2,0,6,73,0,0,0,0,0,140,53605,0,0,0,0,0,0,0,0,0,316,0,0,0,1,0,0,1,1,0,0,0,0,0,0,0,0,0,0,0,1,1,0,0,0,0,0,1,0,1,0,0,0,1,0,1,1,0,0,0,0,0,0,0,0,0,1,0,0,0,0x014c,0x010b,0x0002,.text
02b85dc0c316c1765c9bfe59b552eed9c32cc02497b645d4fbc309842ed50673,dike_batch1,1,original,02b85dc0c316c1765c9bfe59b552eed9c32cc02497b645d4fbc309842ed50673,313384,7.483654688029361,128,6,2012,0,224,2,50,4,0,0,0,4,0,284672,26624,0,282192,0.8720826740506329,4194304,4096,512,323584,1024,0.0031645569620253164,0.879746835443038,0.08227848101265822,325499,16,1048576,4096,1048576,4096,311296,311296,282624,282624,1,1,0,0,2,0,0,282624,282624,4.044428531636888,7.5671026285341565,7.5671026285341565,1,1064,4,584,1,0,0,0,0,100,7132,0,1063,2792,0,0,0,0,0,0,2352,0,0,0,1,0,0,1,0,0,0,0,0,0,0,0,0,0,0,0,1,1,0,0,0,1,0,1,1,1,0,0,1,1,0,1,1,0,1,1,0,0,0,0,0,0,1,0,0,0,0x014c,0x010b,0x0002,.text
02ccb04d1f6ab5c6fdb81d00fffcf2ad6abfb45b114e308f7944a1a00619820e,dike_batch1,1,original,02ccb04d1f6ab5c6fdb81d00fffcf2ad6abfb45b114e308f7944a1a00619820e,195232,4.925186414248539,128,8,2012,0,224,2,50,4,0,0,0,4,0,145408,46592,0,5248,0.024174528301886794,4194304,4096,512,217088,1024,0.0047169811320754715,0.6698113207547169,0.21462264150943397,254822,16,1048576,4096,1048576,4096,192000,192000,145408,145408,1,6,0,0,5,0,0,145408,145408,3.150494207523479,6.0500106955067325,6.0500106955067325,0,2208,3,10,0,0,0,0,0,80,0,0,2208,220,0,0,0,0,0,0,52,0,0,0,0,0,0,1,0,0,0,0,0,0,0,0,0,0,0,0,1,1,0,0,0,1,0,0,1,1,0,0,0,1,0,1,0,0,1,1,0,0,0,0,0,0,1,0,0,0,0x014c,0x010b,0x0002,.text
02cfabd2e684c8acc3694af40167b6b72001b8afdf1cae970094c64eadd70a07,dike_batch1,1,original,02cfabd2e684c8acc3694af40167b6b72001b8afdf1cae970094c64eadd70a07,442880,7.551474397500185,124,4,2011,0,224,10,0,4,0,0,0,4,0,8704,433152,0,6124,0.0074755859375,4194304,4096,512,819200,1024,0.00125,0.010625,0.52875,0,16,1048576,4096,1048576,4096,441856,808960,430080,430080,1,2,0,0,0,0,0,8704,8704,4.0359674918550255,7.618773519971257,4.524766113821681,1,0,4,39,0,0,0,0,0,100,429904,0,0,0,0,0,0,0,0,0,0,28,0,0,1,0,0,1,1,0,0,0,0,1,0,0,0,0,0,0,1,1,0,0,0,0,0,1,0,1,0,0,0,1,0,1,1,0,0,0,0,0,0,0,0,0,0,1,0,0,0x014c,0x010b,0x0002,.text
02d6ce57d0a26f24518763187e7f21dbf855a8d8a389b3b93e01e85f12e88502,dike_batch1,1,original,02d6ce57d0a26f24518763187e7f21dbf855a8d8a389b3b93e01e85f12e88502,434176,7.872245057088385,608,6,2008,0,224,9,0,6,1,6,1,5,1,60928,371712,0,427582,0.9848126105542453,65536,512,512,434176,1536,0.003537735849056604,0.1403301886792453,0.8561320754716981,447691,16,262144,4096,1048576,4096,432640,432640,361984,361984,2,2,1,0,1,0,3,1024,1024,4.51554399102576,7.987786775628266,4.467988999510339,1,0,2,25,0,0,0,0,0,60,768,0,0,3144,0,0,0,0,64,0,108,0,0,0,1,0,0,1,0,0,0,0,0,0,0,0,0,0,0,0,1,1,1,1,1,1,0,1,0,1,0,0,0,1,0,1,1,0,0,1,0,0,0,0,1,0,1,0,0,0,0x014c,0x010b,0x0001,INIT
02dce9c797720514c556ccdd7ab1ea25eab5c21512f9f7e0da4c74d3c8e7aff7,dike_batch1,1,original,02dce9c797720514c556ccdd7ab1ea25eab5c21512f9f7e0da4c74d3c8e7aff7,221184,6.252429390138181,264,5,2012,0,224,8,0,4,0,0,0,4,0,151552,65536,0,84506,0.355712890625,1677721600,4096,4096,237568,4096,0.017241379310344827,0.6379310344827587,0.27586206896551724,234061,16,1048576,4096,1048576,4096,217088,231012,151552,151552,1,1,0,0,0,0,0,151552,151552,3.519760381390354,6.667055416444809,6.667055416444809,0,0,7,114,0,0,0,0,106,160,1364,0,0,8980,0,0,0,0,64,0,484,0,0,0,0,0,1,0,0,0,0,0,0,0,1,1,0,0,0,0,1,1,0,0,0,0,0,0,0,1,0,0,0,1,1,1,1,0,0,1,0,0,0,0,1,0,1,0,0,0,0x014c,0x010b,0x0002,.text
02e4f6da42813c531c55fe1aa43628e0c4dbb231959f6de8c2ca8454bd674644,dike_batch1,1,original,02e4f6da42813c531c55fe1aa43628e0c4dbb231959f6de8c2ca8454bd674644,376832,7.877659500286201,124,4,0,0,224,11,0,4,0,0,0,4,0,5632,370176,0,5124,0.005764868951612903,4194304,4096,512,888832,1024,0.001152073732718894,0.006336405529953917,0.41647465437788017,0,16,1048576,4096,1048576,4096,375808,878080,366592,503808,1,2,0,0,0,0,0,5632,5632,6.038932192893352,7.91822028944913,6.217294265762702,1,0,4,39,0,0,0,0,0,120,366430,92,0,0,0,0,0,0,0,0,176,0,0,0,1,0,0,1,1,0,1,0,0,1,0,0,0,0,0,0,1,1,0,0,0,0,0,1,0,1,0,0,0,1,0,1,1,1,0,0,0,0,0,0,0,0,1,0,0,0,0x014c,0x010b,0x0002,.text
02faf705803294e6e12dc58b23a1cc7481eb160ada8c212f5ac45fdc740f0855,dike_batch1,1,original,02faf705803294e6e12dc58b23a1cc7481eb160ada8c212f5ac45fdc740f0855,208896,6.395318823188649,264,5,2012,0,224,8,0,4,0,0,0,4,0,143360,61440,0,77738,0.34507279829545456,1677721600,4096,4096,225280,4096,0.01818181818181818,0.6363636363636364,0.2727272727272727,240078,16,1048576,4096,1048576,4096,204800,218500,143360,143360,1,1,0,0,0,0,0,143360,143360,4.642587785322286,6.6441407968086885,6.6441407968086885,0,0,7,114,0,0,0,0,106,160,1364,0,0,7660,0,0,0,0,64,0,484,0,0,0,0,0,1,0,0,0,0,0,0,0,1,1,0,0,0,0,1,1,0,0,0,0,0,0,0,1,0,0,0,1,1,1,1,0,0,1,0,0,0,0,1,0,1,0,0,0,0x014c,0x010b,0x0002,.text
02fbc59091a54f1f39890d4372d8784cbc8f8df5a5052123e34113e2d74aa1c1,dike_batch1,1,original,02fbc59091a54f1f39890d4372d8784cbc8f8df5a5052123e34113e2d74aa1c1,159232,7.7582659164222365,208,8,2012,0,224,17,0,5,1,0,0,5,1,22528,135680,0,16184,0.061737060546875,4194304,4096,512,262144,1024,0.00390625,0.0859375,0.517578125,215070,16,1048576,4096,1048576,4096,158208,236102,102912,103494,1,1,0,0,4,0,0,22528,22528,4.54817536487037,7.995687039395629,6.29882107959775,1,0,4,101,0,0,0,0,85,100,16,0,0,2300,28,0,0,0,0,0,420,0,0,0,1,0,0,1,0,0,0,0,0,0,0,1,0,0,0,1,1,1,0,0,0,1,0,1,0,1,0,0,0,1,1,1,1,0,0,1,1,0,0,0,0,0,1,0,0,0,0x014c,0x010b,0x0002,.text
02fe6cfd1d8c2e88fb8183413d2f14590464e283e2e51c7fef5df672adca7664,dike_batch1,1,original,02fe6cfd1d8c2e88fb8183413d2f14590464e283e2e51c7fef5df672adca7664,176128,7.785879103810569,224,9,2011,0,224,10,0,5,1,0,0,5,1,161792,13312,0,4096,0.015384615384615385,4194304,4096,512,266240,1024,0.0038461538461538464,0.6076923076923076,0.05,214074,16,1048576,4096,1048576,4096,175104,240436,161792,161792,1,6,0,0,5,0,0,161792,161792,2.904824280878919,7.8903975052205935,7.8903975052205935,1,0,2,19,0,0,0,0,88,60,3948,0,0,2500,28,0,0,0,0,0,84,0,0,0,1,0,0,1,0,0,0,0,0,0,0,0,0,0,0,0,1,1,0,0,0,1,0,1,0,1,0,0,0,1,1,1,1,0,0,1,1,0,0,0,0,0,1,0,0,0,0x014c,0x010b,0x0002,.text
03096d2859243b354a2a0378dfabb65768dff113dba7a97b26ccf4a2220ee8f5,dike_batch1,1,original,03096d2859243b354a2a0378dfabb65768dff113dba7a97b26ccf4a2220ee8f5,166912,7.066763362081975,240,6,2013,0,224,9,0,5,0,0,0,5,0,5120,160768,0,7344,0.03897758152173913,4194304,4096,512,188416,1024,0.005434782608695652,0.02717391304347826,0.8532608695652174,233146,16,1048576,4096,1048576,4096,165888,165888,100352,100352,2,1,0,0,3,0,0,4608,4608,6.168730134918314,7.723579071996353,5.653943625932848,1,0,4,74,0,0,0,0,0,100,59256,0,13064,0,0,0,0,0,0,0,312,0,0,0,1,0,0,1,1,0,0,0,0,0,0,0,0,0,0,1,1,1,0,0,0,1,0,1,0,1,0,0,0,1,0,1,1,0,1,0,0,0,0,0,0,0,1,0,0,0,0x014c,0x010b,0x0002,.text
0311023b604442bcb971e8ca4fb5489f78c67ccc9dca638052b974b653377ec0,dike_batch1,1,original,0311023b604442bcb971e8ca4fb5489f78c67ccc9dca638052b974b653377ec0,614400,6.749265460565198,264,5,2008,0,224,8,0,4,0,0,0,4,0,434176,176128,0,303005,0.483502157373366,268435456,4096,4096,626688,4096,0.006535947712418301,0.6928104575163399,0.28104575163398693,634644,16,1048576,4096,1048576,4096,610304,620544,434176,434176,1,1,0,0,0,0,0,434176,434176,5.873331801784506,7.952633874729167,6.692818654093396,1,0,9,270,0,0,0,0,54,200,31700,0,0,22440,28,0,0,0,0,0,1116,0,0,0,1,0,1,0,0,0,0,0,0,0,0,0,0,0,0,0,1,1,0,0,0,0,0,1,0,1,0,0,0,1,1,1,1,0,0,1,1,0,0,0,0,0,1,0,0,0,0x014c,0x010b,0x0002,.text
031ee31921dc121fceae66c8fcfaf60f0bd4d7ea2d65d8394f6e23288897e5f0,dike_batch1,1,original,031ee31921dc121fceae66c8fcfaf60f0bd4d7ea2d65d8394f6e23288897e5f0,348160,7.819293604194106,216,4,2012,0,224,7,0,4,0,0,0,4,0,94208,237306,499712,92382,0.10895748414855072,4194304,4096,4096,847872,4096,0.004830917874396135,0.1111111111111111,0.279884227807971,403282,16,1048576,4096,1048576,4096,344064,843380,200704,700020,1,1,0,0,0,0,0,94208,94208,5.923648817795232,7.993564179973957,7.993564179973957,3,0,3,8,0,0,0,0,0,80,44137,0,0,0,0,0,0,0,0,0,44,0,0,0,1,0,0,1,1,0,0,0,0,0,0,0,0,0,0,0,1,1,0,0,0,0,0,1,0,1,0,0,0,1,0,1,1,0,0,0,0,0,0,0,0,0,1,0,0,0,0x014c,0x010b,0x0002,.text
031f7fed1bac11ee81db1494883badc191549dc66d63849ae129f5f83f64e089,dike_batch1,1,original,031f7fed1bac11ee81db1494883badc191549dc66d63849ae129f5f83f64e089,159232,7.758052372949894,208,8,2012,0,224,17,0,5,1,0,0,5,1,22528,135680,0,16184,0.061737060546875,4194304,4096,512,262144,1024,0.00390625,0.0859375,0.517578125,192392,16,1048576,4096,1048576,4096,158208,236102,102912,103494,1,1,0,0,4,0,0,22528,22528,4.548192552639042,7.995840932174048,6.29882107959775,1,0,4,101,0,0,0,0,85,100,16,0,0,2300,28,0,0,0,0,0,420,0,0,0,1,0,0,1,0,0,0,0,0,0,0,1,0,0,0,1,1,1,0,0,0,1,0,1,0,1,0,0,0,1,1,1,1,0,0,1,1,0,0,0,0,0,1,0,0,0,0x014c,0x010b,0x0002,.text
033edf114d8480b58d56050a6c78ea645746d274b65a6eafabb9dd7d8dc39a4c,dike_batch8,1,original,033edf114d8480b58d56050a6c78ea645746d274b65a6eafabb9dd7d8dc39a4c,425984,7.773641310588501,216,4,2012,0,224,7,0,4,0,0,0,4,0,28672,393216,16384,7003,0.007064945441632231,4259840,4096,4096,991232,4096,0.004132231404958678,0.028925619834710745,0.39669421487603307,480761,16,1048576,4096,1048576,4096,421888,986228,208896,580724,1,1,0,0,0,0,0,28672,28672,6.467970183344933,7.9468749683696025,6.492918853898258,2,0,5,76,0,0,0,0,0,120,167512,0,0,0,0,0,0,0,0,0,324,0,0,0,1,0,0,1,1,0,0,0,0,0,0,0,0,0,0,0,1,1,0,0,0,0,0,1,0,1,0,0,0,1,0,1,1,0,0,0,0,0,0,0,0,0,1,0,0,0,0x014c,0x010b,0x0002,.text
03429878ea1d8b5a01a99d6133dac52c03e130ae1003152cccf1efc8c4baa6c5,dike_batch2,1,original,03429878ea1d8b5a01a99d6133dac52c03e130ae1003152cccf1efc8c4baa6c5,208896,6.41590959995011,264,5,2012,0,224,8,0,4,0,0,0,4,0,143360,61440,0,78314,0.34762961647727275,1694498816,4096,4096,225280,4096,0.01818181818181818,0.6363636363636364,0.2727272727272727,229802,16,1048576,4096,1048576,4096,204800,218500,143360,143360,1,1,0,0,0,0,0,143360,143360,4.654478018123306,6.664905465728141,6.664905465728141,0,0,7,114,0,0,0,0,106,160,1356,0,0,7652,0,0,0,0,64,0,484,0,0,0,0,0,1,0,0,0,0,0,0,0,1,1,0,0,0,0,1,1,0,0,0,0,0,0,0,1,0,0,0,1,1,1,1,0,0,1,0,0,0,0,1,0,1,0,0,0,0x014c,0x010b,0x0002,.text
0342a05b2ff232d52b94953aaec3108dc6554d0eb85ebad9ab3d70f4663b4bfe,dike_batch2,1,original,0342a05b2ff232d52b94953aaec3108dc6554d0eb85ebad9ab3d70f4663b4bfe,409600,7.302010518388111,208,4,2012,0,224,6,0,4,0,0,0,4,0,12288,393216,0,6248,0.00798633835078534,4194304,4096,4096,782336,4096,0.005235602094240838,0.015706806282722512,0.5026178010471204,0,16,1048576,4096,1048576,4096,405504,775740,266240,484924,1,1,0,0,0,0,0,12288,12288,6.4934576010037715,7.8119942270432015,6.315256313341775,2,0,4,47,0,0,0,0,0,100,10308,0,0,0,0,0,0,0,0,0,204,0,0,0,1,0,0,1,1,0,0,0,0,1,0,0,0,0,0,0,1,1,0,0,0,0,0,1,0,1,0,0,0,1,0,1,1,0,0,0,0,0,0,0,0,0,1,0,0,0,0x014c,0x010b,0x0002,.text
036e96ed69e4c67a0e6e7bb04d44557bd3082cce11afc6ddc920740e8914389e,dike_batch2,1,original,036e96ed69e4c67a0e6e7bb04d44557bd3082cce11afc6ddc920740e8914389e,471040,7.430933796128439,232,4,2012,0,224,7,0,4,0,0,0,4,0,28672,438272,253952,7012,0.00704491383744856,4259840,4096,4096,995328,4096,0.00411522633744856,0.02880658436213992,0.4403292181069959,506725,16,1048576,4096,1048576,4096,466944,991060,253952,778068,1,1,0,0,0,0,0,28672,28672,6.421297834674428,7.874640368542439,6.482418611644275,2,0,4,84,0,0,0,0,0,100,175828,0,0,0,0,0,0,0,0,0,352,0,0,0,1,0,0,1,1,0,0,0,0,0,0,0,0,0,0,0,1,1,0,0,0,0,0,1,0,1,0,0,0,1,0,1,1,0,0,0,0,0,0,0,0,0,1,0,0,0,0x014c,0x010b,0x0002,.text
03783bff64d6ad40114914902705c7dc88b7ef9b7d48f8b112f41b79c9eadbfb,dike_batch2,1,original,03783bff64d6ad40114914902705c7dc88b7ef9b7d48f8b112f41b79c9eadbfb,129632,6.886682750203581,128,8,2012,0,224,2,50,4,0,0,0,4,0,112128,15872,0,109760,0.7242398648648649,4194304,4096,512,151552,1024,0.006756756756756757,0.7398648648648649,0.10472972972972973,169964,16,1048576,4096,1048576,4096,127488,127700,108032,108032,1,1,0,0,4,0,0,108032,108032,2.898858784589235,7.079924065398528,7.079924065398528,1,1120,4,237,0,0,0,0,0,100,7132,0,1119,1112,0,0,0,0,0,0,964,0,0,0,0,0,0,1,0,0,0,0,0,0,0,0,0,0,0,0,1,1,0,0,0,1,0,1,1,1,0,0,0,1,0,1,1,0,1,1,0,0,0,0,0,0,1,0,0,0,0x014c,0x010b,0x0002,.text
038139e5d1cc8a300eb4b54ac391318eba11ef28550c2892fbee5c0d1e41bfdd,dike_batch2,1,original,038139e5d1cc8a300eb4b54ac391318eba11ef28550c2892fbee5c0d1e41bfdd,142432,6.058225959740387,128,6,2012,0,224,2,50,4,0,0,0,4,0,126464,14336,0,5472,0.03515625,4194304,4096,512,155648,1024,0.006578947368421052,0.8125,0.09210526315789473,193653,16,1048576,4096,1048576,4096,140288,140408,126464,126464,3,1,0,0,2,0,0,126464,126464,4.699258473588952,6.244942527577185,6.244942527577185,0,1120,6,104,0,0,0,0,0,140,7304,0,1120,528,0,0,0,0,0,0,440,0,0,0,0,0,0,1,0,0,0,0,0,0,0,0,0,0,0,0,1,1,0,0,0,1,0,0,1,1,0,0,0,1,0,1,1,0,1,1,0,0,0,0,0,0,1,0,0,0,0x014c,0x010b,0x0002,.text
038224c3a6baa698ea2992912e9124c996b0c94cc03eb987267eff6d33ee5e8c,dike_batch2,1,original,038224c3a6baa698ea2992912e9124c996b0c94cc03eb987267eff6d33ee5e8c,394240,7.819944573255029,124,4,2012,0,224,10,0,4,0,0,0,4,0,5632,387584,0,5180,0.0062917832711442785,4194304,4096,512,823296,1024,0.0012437810945273632,0.006840796019900498,0.47077114427860695,0,16,1048576,4096,1048576,4096,393216,813568,384512,421888,1,2,0,0,0,0,0,5632,5632,6.126501501763202,7.852468064632597,6.466686486488096,1,0,4,39,0,0,0,0,0,120,384476,0,0,0,0,0,0,0,0,0,176,176,0,0,1,0,0,1,1,0,0,0,0,1,0,0,0,0,0,0,1,1,0,0,0,0,0,1,0,1,0,0,0,1,0,1,1,0,0,0,0,0,0,0,0,0,1,1,0,0,0x014c,0x010b,0x0002,.text
0386d93e49b12c519556b9ead9d29034d911688f317fb4f46f958134c26d2af3,dike_batch2,1,original,0386d93e49b12c519556b9ead9d29034d911688f317fb4f46f958134c26d2af3,99881,7.465780375931576,128,8,2012,0,224,2,50,4,0,0,0,4,0,2048,95744,0,4640,0.037760416666666664,4194304,4096,512,122880,1024,0.008333333333333333,0.016666666666666666,0.7791666666666667,114677,16,1048576,4096,1048576,4096,97792,97792,89088,89088,1,5,0,0,4,0,0,2048,2048,4.307290522808669,7.719984934593463,5.513747042952243,1,1065,4,8,0,0,0,0,0,100,1636,0,1024,140,0,0,0,0,0,0,48,0,0,0,1,0,0,1,0,0,0,0,0,0,0,0,0,0,0,0,1,1,0,0,0,1,0,1,1,1,0,0,0,1,0,1,1,0,1,1,0,0,0,0,0,0,1,0,0,0,0x014c,0x010b,0x0002,.text
0387d9a69379feadbbbd12c11c626b5e931673364cb7619ee2435f84bde0bad3,dike_batch2,1,original,0387d9a69379feadbbbd12c11c626b5e931673364cb7619ee2435f84bde0bad3,372736,7.973616762598401,64,4,2011,0,224,10,0,4,0,0,0,4,0,4608,367104,0,787564,0.6746539199561403,4259840,4096,512,1167360,786432,0.6736842105263158,0.003947368421052632,0.3144736842105263,397761,16,1048576,4096,1048576,4096,371712,371712,364544,364544,1,2,0,0,0,0,0,4608,4608,5.364181354059429,7.9880504827086956,6.667227430195214,1,0,4,39,0,0,0,0,0,100,14146,0,0,0,0,0,0,0,0,0,204,0,0,0,1,0,0,1,1,0,0,0,0,0,0,0,0,0,0,0,1,1,0,0,0,0,0,1,0,1,0,0,0,1,0,1,1,0,0,0,0,0,0,0,0,0,1,0,0,0,0x014c,0x010b,0x0002,.text
038e0a27e4d89319cd95980586451575603d3a0fc03ec90f3cccb246d25c6a5f,dike_batch2,1,original,038e0a27e4d89319cd95980586451575603d3a0fc03ec90f3cccb246d25c6a5f,165024,5.613183843725646,128,8,2012,0,224,2,50,4,0,0,0,4,0,145408,16896,0,5360,0.028447690217391304,4194304,4096,512,188416,1024,0.005434782608695652,0.7717391304347826,0.08967391304347826,167200,16,1048576,4096,1048576,4096,161792,161992,145408,145408,1,6,0,0,5,0,0,145408,145408,3.238013688883392,6.045735691824829,6.045735691824829,0,2208,3,10,0,0,0,0,0,80,0,0,2208,220,0,0,0,0,0,0,52,0,0,0,0,0,0,1,0,0,0,0,0,0,0,0,0,0,0,0,1,1,0,0,0,1,0,0,1,1,0,0,0,1,0,1,0,0,1,1,0,0,0,0,0,0,1,0,0,0,0x014c,0x010b,0x0002,.text
038f385e0aa4434d16d6a4249d51d22c4d43887619b47b396c76a090d062c4be,dike_batch2,1,original,038f385e0aa4434d16d6a4249d51d22c4d43887619b47b396c76a090d062c4be,430080,7.660390850084056,208,4,2012,0,224,6,0,4,0,0,0,4,0,36864,389120,0,5728,0.006957400497512438,4194304,4096,4096,823296,4096,0.004975124378109453,0.04477611940298507,0.472636815920398,0,16,1048576,4096,1048576,4096,425984,813804,360448,402192,1,1,0,0,0,0,0,36864,36864,5.094701371398176,7.905088506400231,6.14056968420382,1,0,4,65,0,0,0,0,0,100,13072,0,0,0,0,0,0,0,0,0,276,0,0,0,1,0,0,1,1,0,0,0,0,1,0,0,0,0,0,0,1,1,0,0,0,0,0,1,0,1,0,0,0,1,0,1,1,0,0,0,0,0,0,0,0,0,1,0,0,0,0x014c,0x010b,0x0002,.text
039065e5bc20fb690943d236851232bc191a1d85298c183d8c114335d49883ee,dike_batch2,1,original,039065e5bc20fb690943d236851232bc191a1d85298c183d8c114335d49883ee,409600,7.681836982780289,224,4,2012,0,224,6,0,4,0,0,0,4,0,12288,393216,0,6328,0.007648128094059406,4194304,4096,4096,827392,4096,0.0049504950495049506,0.01485148514851485,0.4752475247524752,0,16,1048576,4096,1048576,4096,405504,819800,335872,430680,1,1,0,0,0,0,0,12288,12288,6.079974314224061,7.984925000355429,6.334471824389735,1,0,5,49,0,0,0,0,0,120,333272,0,0,0,0,0,0,0,0,0,216,0,0,0,1,0,0,1,1,0,0,0,0,1,0,0,0,0,0,0,1,1,0,0,0,0,0,1,0,1,0,0,0,1,0,1,1,0,0,0,0,0,0,0,0,0,1,0,0,0,0x014c,0x010b,0x0002,.text
03907b60d062a23d8635ac360dfd252ec7b33e1d8a4125758092dd16adc0a37b,dike_batch2,1,original,03907b60d062a23d8635ac360dfd252ec7b33e1d8a4125758092dd16adc0a37b,417792,7.773527024988395,216,4,2012,0,224,7,0,4,0,0,0,4,0,20480,393216,16384,5338,0.005385217587809917,4259840,4096,4096,991232,4096,0.004132231404958678,0.02066115702479339,0.39669421487603307,461424,16,1048576,4096,1048576,4096,413696,985336,208896,588024,1,1,0,0,0,0,0,20480,20480,6.3626682351736115,7.940818060000215,6.476509271709135,2,0,3,62,0,0,0,0,0,80,167512,0,0,0,0,0,0,0,0,0,260,0,0,0,1,0,0,1,1,0,0,0,0,0,0,0,0,0,0,0,1,1,0,0,0,0,0,1,0,1,0,0,0,1,0,1,1,0,0,0,0,0,0,0,0,0,1,0,0,0,0x014c,0x010b,0x0002,.text
0391a7024032362a321042da7b10bf4304d9970992f8649088cf942ec9e3b7e4,dike_batch2,1,original,0391a7024032362a321042da7b10bf4304d9970992f8649088cf942ec9e3b7e4,409600,7.2143612402023285,216,4,2012,0,224,7,0,4,0,0,0,4,0,98304,291551,397312,82849,0.10267414538388325,4259840,4096,4096,806912,4096,0.005076142131979695,0.1218274111675127,0.3613169713673858,458545,16,1048576,4096,1048576,4096,405504,800824,249856,645176,1,1,0,0,0,0,0,98304,98304,6.530800847065511,7.876630245022549,7.876630245022549,2,0,7,77,0,0,0,0,0,160,47200,0,0,0,0,0,0,0,0,0,336,0,0,0,1,0,0,1,1,0,0,0,0,0,0,0,0,0,0,0,1,1,0,0,0,0,0,1,0,1,0,0,0,1,0,1,1,0,0,0,0,0,0,0,0,0,1,0,0,0,0x014c,0x010b,0x0002,.text
039b5d6b951614c9d3b52d0e7bf3045f6912571d86c8169b6adfb1a69becc1c2,dike_batch2,1,original,039b5d6b951614c9d3b52d0e7bf3045f6912571d86c8169b6adfb1a69becc1c2,131168,6.854583854002023,128,9,2012,0,224,2,50,4,0,0,0,4,0,113152,15872,0,109808,0.7054893092105263,4194304,4096,512,155648,1024,0.006578947368421052,0.7269736842105263,0.10197368421052631,171961,16,1048576,4096,1048576,4096,129024,129024,108032,108032,1,1,0,0,5,0,0,108032,108032,2.565167991466333,7.080741215430409,7.080741215430409,1,1120,4,243,0,0,0,0,0,100,7132,0,1119,1176,0,0,0,0,0,0,988,0,0,0,0,0,0,1,0,0,0,0,0,0,0,0,0,0,0,0,1,1,0,0,0,1,0,1,1,1,0,0,0,1,0,1,1,0,1,1,0,0,0,0,0,0,1,0,0,0,0x014c,0x010b,0x0002,.text
039df929f4cf1496f71a91cc8370f3b35dd2c2b60e5efef03a19d6dc1ff701cb,dike_batch2,1,original,039df929f4cf1496f71a91cc8370f3b35dd2c2b60e5efef03a19d6dc1ff701cb,208896,6.16668664155508,264,5,2012,0,224,8,0,4,0,0,0,4,0,143360,61440,0,77738,0.34507279829545456,1677721600,4096,4096,225280,4096,0.01818181818181818,0.6363636363636364,0.2727272727272727,244397,16,1048576,4096,1048576,4096,204800,218500,143360,143360,1,1,0,0,0,0,0,143360,143360,4.285757125396628,6.643901770030211,6.643901770030211,0,0,7,114,0,0,0,0,106,160,1364,0,0,7660,0,0,0,0,64,0,484,0,0,0,0,0,1,0,0,0,0,0,0,0,1,1,0,0,0,0,1,1,0,0,0,0,0,0,0,1,0,0,0,1,1,1,1,0,0,1,0,0,0,0,1,0,1,0,0,0,0x014c,0x010b,0x0002,.text
03a00cda0e5bdb497448f01b847251a1e753e8b743c02b7122905d286361f2ea,dike_batch2,1,original,03a00cda0e5bdb497448f01b847251a1e753e8b743c02b7122905d286361f2ea,221184,6.446699607055112,248,5,2012,0,224,8,0,4,0,0,0,4,0,151552,65536,0,83722,0.35241278286637934,1677721600,4096,4096,237568,4096,0.017241379310344827,0.6379310344827587,0.27586206896551724,250976,16,1048576,4096,1048576,4096,217088,230980,151552,151552,1,1,0,0,0,0,0,151552,151552,4.7494484993025505,6.644508379259649,6.644508379259649,0,0,7,115,0,0,0,0,106,160,1364,0,0,8884,0,0,0,0,64,0,488,0,0,0,0,0,1,0,0,0,0,0,0,0,1,1,0,0,0,0,1,1,0,0,0,0,0,0,0,1,0,0,0,1,1,1,1,0,0,1,0,0,0,0,1,0,1,0,0,0,0x014c,0x010b,0x0002,.text
03ca4a2e0ee66606afb3c6d3c578fbd6b9d0d60965bc30503c6a32218123c137,virusshare,1,original,03ca4a2e0ee66606afb3c6d3c578fbd6b9d0d60965bc30503c6a32218123c137,319488,6.54890235841927,192,3,2011,0,224,6,0,4,0,1,0,4,0,290816,24576,0,14156,0.04266734182098766,4194304,4096,4096,331776,4096,0.012345679012345678,0.8765432098765432,0.07407407407407407,341821,16,1048576,4096,1048576,4096,315392,326076,290816,290816,1,1,0,0,0,0,0,290816,290816,6.123437930565901,6.680106137092615,6.680106137092615,0,0,1,170,49,0,0,0,0,40,17588,0,0,0,0,0,0,0,0,32,684,0,0,0,0,0,0,1,1,0,0,0,0,0,0,0,0,0,0,0,1,1,0,0,0,0,0,0,0,1,0,0,1,1,0,1,1,0,0,0,0,0,0,0,0,1,1,0,0,0,0x014c,0x010b,0x0002,.text
03d0fca05296d9dc92a5b87bd3faaf14510e3667c827b2eacab79f57071979e3,dike_batch2,1,original,03d0fca05296d9dc92a5b87bd3faaf14510e3667c827b2eacab79f57071979e3,178176,7.791628188169459,216,4,2011,0,224,10,0,5,1,0,0,5,1,164864,12288,0,142165,0.7545272163722826,4194304,4096,512,188416,1024,0.005434782608695652,0.875,0.06521739130434782,225701,16,1048576,4096,1048576,4096,177152,177152,164864,164864,1,1,0,0,0,0,0,164864,164864,5.659378677153857,7.890908987422636,7.890908987422636,1,0,2,17,0,0,0,0,96,60,3356,0,0,2712,28,0,0,0,0,0,76,0,0,0,1,0,0,1,0,0,0,0,0,0,0,0,0,0,0,0,1,1,0,0,0,0,0,1,0,1,0,0,0,1,1,1,1,0,0,1,1,0,0,0,0,0,1,0,0,0,0x014c,0x010b,0x0002,.text
03d3fb600b9cbffdcd06954447ffb9c7aad5b7f7fcdc425d3ae9dd0a289da484,dike_batch2,1,original,03d3fb600b9cbffdcd06954447ffb9c7aad5b7f7fcdc425d3ae9dd0a289da484,442880,7.551595780380122,124,4,2011,0,224,10,0,4,0,0,0,4,0,8704,433152,0,6212,0.0075830078125,4194304,4096,512,819200,1024,0.00125,0.010625,0.52875,0,16,1048576,4096,1048576,4096,441856,808960,430080,430080,1,2,0,0,0,0,0,8704,8704,4.034464145971865,7.618808282847713,4.528050284149076,1,0,4,39,0,0,0,0,0,100,429904,0,0,0,0,0,0,0,0,0,0,28,0,0,1,0,0,1,1,0,0,0,0,1,0,0,0,0,0,0,1,1,0,0,0,0,0,1,0,1,0,0,0,1,0,1,1,0,0,0,0,0,0,0,0,0,0,1,0,0,0x014c,0x010b,0x0002,.text
03d44943943e18cfb9e1e71292d1928d8883c1dc9b29b08e837c1ccf1ef76623,dike_batch2,1,original,03d44943943e18cfb9e1e71292d1928d8883c1dc9b29b08e837c1ccf1ef76623,393216,7.730449219335731,208,4,2012,0,224,6,0,4,0,0,0,4,0,12288,376832,0,5592,0.0067922108208955225,4194304,4096,4096,823296,4096,0.004975124378109453,0.014925373134328358,0.4577114427860697,0,16,1048576,4096,1048576,4096,389120,817954,311296,437026,1,1,0,0,0,0,0,12288,12288,6.7771610181848505,7.9221298926038175,6.376815638997607,1,0,3,46,0,0,0,0,0,80,6946,0,0,0,0,0,0,0,0,0,196,0,0,0,1,0,0,1,1,0,0,0,0,1,0,0,0,0,0,0,1,1,0,0,0,0,0,1,0,1,0,0,0,1,0,1,1,0,0,0,0,0,0,0,0,0,1,0,0,0,0x014c,0x010b,0x0002,.text
03e1a3b94906fdbdcdcce0fceeb2674d3a646f2098f8c3dd02b4ab136e58e0a5,dike_batch2,1,original,03e1a3b94906fdbdcdcce0fceeb2674d3a646f2098f8c3dd02b4ab136e58e0a5,405504,7.6824282291179715,208,4,2012,0,224,6,0,4,0,0,0,4,0,12288,389120,0,5560,0.0067533426616915426,4194304,4096,4096,823296,4096,0.004975124378109453,0.014925373134328358,0.472636815920398,0,16,1048576,4096,1048576,4096,401408,815280,258048,515316,1,1,0,0,0,0,0,12288,12288,6.405036925398896,7.921564961808934,6.379928661605649,2,0,2,41,0,0,0,0,0,60,101620,0,0,0,0,0,0,0,0,0,172,0,0,0,1,0,0,1,1,0,0,0,0,1,0,0,0,0,0,0,1,1,0,0,0,0,0,1,0,1,0,0,0,1,0,1,1,0,0,0,0,0,0,0,0,0,1,0,0,0,0x014c,0x010b,0x0002,.text
03ec19061f72bec0aafea6e8bf0a4068b85d9232e220d32f940f33e1e42f2fd5,dike_batch2,1,original,03ec19061f72bec0aafea6e8bf0a4068b85d9232e220d32f940f33e1e42f2fd5,442368,7.600061701320461,216,5,2012,0,224,7,0,4,0,0,0,4,0,28672,409600,4096,6533,0.007974853515625,4259840,4096,4096,819200,4096,0.005,0.035,0.5,449228,16,1048576,4096,1048576,4096,438272,813376,376832,379200,1,2,0,0,0,0,0,28672,28672,5.696327617828638,7.81943143765369,6.416978089930507,1,0,4,68,0,0,0,0,0,100,17116,0,0,0,0,0,0,0,0,0,288,0,0,0,1,0,0,1,1,0,0,0,0,0,0,0,0,0,0,0,1,1,0,0,0,0,0,1,0,1,0,0,0,1,0,1,1,0,0,0,0,0,0,0,0,0,1,0,0,0,0x014c,0x010b,0x0002,.text
03ec24b59bedfd3b13aa6be33fd881b7f61b3a9735bd048abd9744474135aebf,dike_batch2,1,original,03ec24b59bedfd3b13aa6be33fd881b7f61b3a9735bd048abd9744474135aebf,223744,7.045681829394378,208,5,2011,0,224,10,0,5,1,0,0,5,1,197632,0,0,177592,0.7348715572033898,4194304,4096,512,241664,1024,0.00423728813559322,0.8177966101694916,0.0,237486,16,1048576,4096,1048576,4096,222720,222720,197632,197632,1,1,0,0,1,0,0,197632,197632,5.1095129719213785,6.847270346411751,6.847270346411751,0,0,4,250,0,0,0,0,136,100,16,0,0,1988,28,0,0,0,0,0,1016,0,0,0,0,0,0,1,0,0,0,0,0,0,0,0,0,0,0,0,1,1,0,0,0,1,0,0,0,1,0,0,0,1,1,1,1,0,0,1,1,0,0,0,0,0,1,0,0,0,0x014c,0x010b,0x0002,.text
03ee844b3e45605724541d36d63e89424ad968f53509a92297692626af163db4,dike_batch2,1,original,03ee844b3e45605724541d36d63e89424ad968f53509a92297692626af163db4,132096,6.985303141660001,128,5,2012,0,224,2,50,4,0,0,0,4,0,122880,8192,0,7888,0.05349392361111111,4194304,4096,512,147456,1024,0.006944444444444444,0.8333333333333334,0.05555555555555555,140824,16,1048576,4096,1048576,4096,131072,131072,122880,122880,1,1,0,0,2,0,0,122880,122880,3.6238745465065607,7.0425983696501175,7.0425983696501175,1,0,7,170,0,0,0,0,0,160,0,0,2832,848,0,0,0,0,0,0,708,0,0,0,0,0,0,1,0,0,0,0,0,0,0,0,0,0,0,0,1,1,0,0,0,1,0,1,0,1,0,0,0,1,0,1,0,0,1,1,0,0,0,0,0,0,1,0,0,0,0x014c,0x010b,0x0002,.text
03eec2b97fecae6f2ab2be7f69c1c296a8d5e1efb2f8b6ea8e6491468df4ea0a,dike_batch2,1,original,03eec2b97fecae6f2ab2be7f69c1c296a8d5e1efb2f8b6ea8e6491468df4ea0a,434176,7.519508525871342,208,4,2012,0,224,6,0,4,0,0,0,4,0,36864,393216,0,5648,0.006860230099502488,4194304,4096,4096,823296,4096,0.004975124378109453,0.04477611940298507,0.47761194029850745,0,16,1048576,4096,1048576,4096,430080,814796,364544,388624,1,1,0,0,0,0,0,36864,36864,5.951852155782174,7.731518542524031,6.144896843761346,1,0,4,59,0,0,0,0,0,100,7696,0,0,0,0,0,0,0,0,0,252,0,0,0,1,0,0,1,1,0,0,0,0,1,0,0,0,0,0,0,1,1,0,0,0,0,0,1,0,1,0,0,0,1,0,1,1,0,0,0,0,0,0,0,0,0,1,0,0,0,0x014c,0x010b,0x0002,.text
03f79950fb92364b056a51b9f57b948acc85525e42f6090dd868752d15ed9fd2,dike_batch2,1,original,03f79950fb92364b056a51b9f57b948acc85525e42f6090dd868752d15ed9fd2,434176,7.506703150784151,232,4,2012,0,224,6,0,4,0,0,0,4,0,36864,393216,0,5776,0.007015702736318408,4194304,4096,4096,823296,4096,0.004975124378109453,0.04477611940298507,0.47761194029850745,0,16,1048576,4096,1048576,4096,430080,812376,364544,385372,1,1,0,0,0,0,0,36864,36864,5.615239430393446,7.736633614609132,6.232339745021675,1,0,5,69,0,0,0,0,75,120,4444,0,0,0,0,0,0,0,0,0,296,0,0,0,1,0,0,1,1,0,0,0,0,1,0,0,0,0,0,0,1,1,0,0,0,0,0,1,0,1,0,0,0,1,1,1,1,0,0,0,0,0,0,0,0,0,1,0,0,0,0x014c,0x010b,0x0002,.text
03f8040e92ada2d028065edd4ab3a6134cb4b2d2a95a83943dff34760b4cded6,dike_batch2,1,original,03f8040e92ada2d028065edd4ab3a6134cb4b2d2a95a83943dff34760b4cded6,503808,6.833028284838035,224,4,2012,0,224,6,0,4,0,0,0,4,0,20480,479232,0,6355,0.007680760751856436,4194304,4096,4096,827392,4096,0.0049504950495049506,0.024752475247524754,0.5792079207920792,0,16,1048576,4096,1048576,4096,499712,819704,339968,339968,1,1,0,0,0,0,0,20480,20480,5.372966356797661,7.976425517895635,6.186027018690448,1,0,4,45,0,0,0,0,0,100,336706,0,0,0,0,0,0,0,0,0,196,0,0,0,1,0,0,1,1,0,0,0,0,1,0,0,0,0,0,0,1,1,0,0,0,0,0,1,0,1,0,0,0,1,0,1,1,0,0,0,0,0,0,0,0,0,1,0,0,0,0x014c,0x010b,0x0002,.text
03f9db88655365bdb1e69df151bc8e0c9acaefc61ed46af8065fd648eb1ff52a,dike_batch2,1,original,03f9db88655365bdb1e69df151bc8e0c9acaefc61ed46af8065fd648eb1ff52a,434176,7.874427710594164,608,6,2008,0,224,9,0,6,1,6,1,5,1,60928,371712,0,427582,0.9848126105542453,65536,512,512,434176,1536,0.003537735849056604,0.1403301886792453,0.8561320754716981,464416,16,262144,4096,1048576,4096,432640,432640,361984,361984,2,2,1,0,1,0,3,1024,1024,4.516043367944431,7.988551808365113,4.467988999510339,1,0,2,25,0,0,0,0,0,60,768,0,0,3144,0,0,0,0,64,0,108,0,0,0,1,0,0,1,0,0,0,0,0,0,0,0,0,0,0,0,1,1,1,1,1,1,0,1,0,1,0,0,0,1,0,1,1,0,0,1,0,0,0,0,1,0,1,0,0,0,0x014c,0x010b,0x0001,INIT
03fd8fbbdbd053bb46f75767a3900d8a53dfe0768541c7b93fb245b84e69c9e1,dike_batch2,1,original,03fd8fbbdbd053bb46f75767a3900d8a53dfe0768541c7b93fb245b84e69c9e1,165024,5.615929597595282,128,8,2012,0,224,2,50,4,0,0,0,4,0,145408,16896,0,5360,0.028447690217391304,4194304,4096,512,188416,1024,0.005434782608695652,0.7717391304347826,0.08967391304347826,172996,16,1048576,4096,1048576,4096,161792,161992,145408,145408,1,6,0,0,5,0,0,145408,145408,3.2390468908186545,6.048835297630616,6.048835297630616,0,2208,3,10,0,0,0,0,0,80,0,0,2208,220,0,0,0,0,0,0,52,0,0,0,0,0,0,1,0,0,0,0,0,0,0,0,0,0,0,0,1,1,0,0,0,1,0,0,1,1,0,0,0,1,0,1,0,0,1,1,0,0,0,0,0,0,1,0,0,0,0x014c,0x010b,0x0002,.text
040235631a78909994d37d8f3ef2e7085d7e5d4a39d0f8eb743a0acbd0aae7f3,dike_batch2,1,original,040235631a78909994d37d8f3ef2e7085d7e5d4a39d0f8eb743a0acbd0aae7f3,263680,7.803497569623411,128,9,2008,0,224,8,0,4,0,0,0,5,0,18432,244224,1069948,8192,0.006006006006006006,4194304,4096,512,1363968,1024,0.0007507507507507507,0.013513513513513514,0.17905405405405406,144620052,16,1048576,4096,1048576,4096,262656,1344892,146432,633252,1,1,0,0,3,0,1,18432,18432,6.324374948651201,7.980779434491255,5.919482436757645,3,0,7,35,0,0,0,0,0,160,2572,0,0,0,0,0,0,0,0,0,0,0,0,0,1,0,0,1,1,0,0,0,0,0,0,0,0,0,0,0,1,1,0,0,0,1,0,1,0,1,0,0,0,1,0,1,1,0,0,0,0,0,0,0,0,0,0,0,0,0,0x014c,0x010b,0x0002,.text
0408168cf5d0b8a59aaf78c6e308f27994db9e859710204c9c48743335521c13,dike_batch2,1,original,0408168cf5d0b8a59aaf78c6e308f27994db9e859710204c9c48743335521c13,405504,7.681278974843606,208,4,2012,0,224,6,0,4,0,0,0,4,0,12288,389120,0,5560,0.0067533426616915426,4194304,4096,4096,823296,4096,0.004975124378109453,0.014925373134328358,0.472636815920398,0,16,1048576,4096,1048576,4096,401408,815280,258048,515316,1,1,0,0,0,0,0,12288,12288,6.409044832237972,7.921751343795575,6.380910758059561,2,0,2,41,0,0,0,0,0,60,101620,0,0,0,0,0,0,0,0,0,172,0,0,0,1,0,0,1,1,0,0,0,0,1,0,0,0,0,0,0,1,1,0,0,0,0,0,1,0,1,0,0,0,1,0,1,1,0,0,0,0,0,0,0,0,0,1,0,0,0,0x014c,0x010b,0x0002,.text
040d0d65c6d376a19a179c8cbd134bc08001b3e9c55afc5fb756d337310ec67d,dike_batch2,1,original,040d0d65c6d376a19a179c8cbd134bc08001b3e9c55afc5fb756d337310ec67d,421888,7.663652355431292,224,4,2012,0,224,6,0,4,0,0,0,4,0,36864,380928,0,5616,0.006821361940298507,4194304,4096,4096,823296,4096,0.004975124378109453,0.04477611940298507,0.4626865671641791,0,16,1048576,4096,1048576,4096,417792,814118,360448,402506,1,1,0,0,0,0,0,36864,36864,4.804498950070499,7.904749580184655,6.129991850197984,1,0,4,62,0,0,0,0,0,100,5194,0,0,0,0,0,0,0,0,0,264,0,0,0,1,0,0,1,1,0,0,0,0,1,0,0,0,0,0,0,1,1,0,0,0,0,0,1,0,1,0,0,0,1,0,1,1,0,0,0,0,0,0,0,0,0,1,0,0,0,0x014c,0x010b,0x0002,.text
041b8aa33383e7e805dc8be9757729fea628ee3a37d9a85e17aee1100f9a6f55,dike_batch2,1,original,041b8aa33383e7e805dc8be9757729fea628ee3a37d9a85e17aee1100f9a6f55,165024,5.617410325855518,128,8,2012,0,224,2,50,4,0,0,0,4,0,145408,16896,0,5360,0.028447690217391304,4194304,4096,512,188416,1024,0.005434782608695652,0.7717391304347826,0.08967391304347826,215550,16,1048576,4096,1048576,4096,161792,161992,145408,145408,1,6,0,0,5,0,0,145408,145408,3.23965183902784,6.050650142258172,6.050650142258172,0,2208,3,10,0,0,0,0,0,80,0,0,2208,220,0,0,0,0,0,0,52,0,0,0,0,0,0,1,0,0,0,0,0,0,0,0,0,0,0,0,1,1,0,0,0,1,0,0,1,1,0,0,0,1,0,1,0,0,1,1,0,0,0,0,0,0,1,0,0,0,0x014c,0x010b,0x0002,.text
04202b9babc91c6787359e47459dd579c1b44805b7503266583e06c7ad4c844f,dike_batch2,1,original,04202b9babc91c6787359e47459dd579c1b44805b7503266583e06c7ad4c844f,152576,7.743424473906362,224,9,2011,0,224,10,0,5,1,0,0,5,1,127488,24064,0,66671,0.36993408203125,4194304,4096,512,180224,1024,0.005681818181818182,0.7073863636363636,0.13352272727272727,164929,16,1048576,4096,1048576,4096,151552,154591,127488,130527,1,6,1,0,5,0,0,127488,130527,2.986411071880065,7.914190123504033,7.914190123504033,1,0,2,23,0,0,0,0,88,60,3872,0,0,1964,28,0,0,0,0,0,100,0,0,0,1,0,0,1,0,0,0,0,0,0,0,0,0,0,0,0,1,1,1,1,1,1,0,1,0,1,0,0,0,1,1,1,1,0,0,1,1,0,0,0,0,0,1,0,0,0,0x014c,0x010b,0x0002,.text
0426f532b053732d96c253aab817e62a6de984741fa63bba710d98372d6ae34d,dike_batch2,1,original,0426f532b053732d96c253aab817e62a6de984741fa63bba710d98372d6ae34d,159744,7.751216055674233,208,8,2012,0,224,17,0,5,1,0,0,5,1,22528,136192,0,16184,0.061737060546875,4194304,4096,512,262144,1024,0.00390625,0.0859375,0.51953125,199453,16,1048576,4096,1048576,4096,158720,236614,103424,103494,1,1,0,0,4,0,0,22528,22528,4.547873029279892,7.99282709214532,6.29882107959775,1,0,4,101,0,0,0,0,85,100,16,0,0,2300,28,0,0,0,0,0,420,0,0,0,1,0,0,1,0,0,0,0,0,0,0,1,0,0,0,1,1,1,0,0,0,1,0,1,0,1,0,0,0,1,1,1,1,0,0,1,1,0,0,0,0,0,1,0,0,0,0x014c,0x010b,0x0002,.text
04318d527e17c2a1629b01982430879bd8b4c356a8b193bed8e29d5d1edd6f98,dike_batch2,1,original,04318d527e17c2a1629b01982430879bd8b4c356a8b193bed8e29d5d1edd6f98,208896,6.179203480338694,264,5,2012,0,224,8,0,4,0,0,0,4,0,143360,61440,0,77738,0.34507279829545456,1677721600,4096,4096,225280,4096,0.01818181818181818,0.6363636363636364,0.2727272727272727,213841,16,1048576,4096,1048576,4096,204800,218500,143360,143360,1,1,0,0,0,0,0,143360,143360,4.3463049946163,6.643716243363028,6.643716243363028,0,0,7,114,0,0,0,0,106,160,1364,0,0,7656,0,0,0,0,64,0,484,0,0,0,0,0,1,0,0,0,0,0,0,0,1,1,0,0,0,0,1,1,0,0,0,0,0,0,0,1,0,0,0,1,1,1,1,0,0,1,0,0,0,0,1,0,1,0,0,0,0x014c,0x010b,0x0002,.text
043a00675809c59ddeffb33203e0fae3fcc778a4611d348bf8abad18574b74e3,dike_batch2,1,original,043a00675809c59ddeffb33203e0fae3fcc778a4611d348bf8abad18574b74e3,446464,7.58472121152789,224,4,2012,0,224,7,0,4,0,0,0,4,0,28672,413696,32768,7249,0.008118235736811927,4259840,4096,4096,892928,4096,0.0045871559633027525,0.03211009174311927,0.463302752293578,486691,16,1048576,4096,1048576,4096,442368,885172,311296,475572,1,1,0,0,0,0,0,28672,28672,5.9602302846949655,7.954450514714499,6.535347074950903,2,0,7,93,0,0,0,0,0,160,67512,0,0,0,0,0,0,0,0,0,400,0,0,0,1,0,0,1,1,0,0,0,0,0,0,0,0,0,0,0,1,1,0,0,0,0,0,1,0,1,0,0,0,1,0,1,1,0,0,0,0,0,0,0,0,0,1,0,0,0,0x014c,0x010b,0x0002,.text
043dae5e01706de40547dbe63ca388bb46522244f801a1d2e96ef60bbd01a1e1,dike_batch2,1,original,043dae5e01706de40547dbe63ca388bb46522244f801a1d2e96ef60bbd01a1e1,371712,7.885491282008275,124,4,0,0,224,12,0,4,0,0,0,4,0,5632,365056,0,5316,0.005980882776497696,4194304,4096,512,888832,1024,0.001152073732718894,0.006336405529953917,0.4107142857142857,0,16,1048576,4096,1048576,4096,370688,877056,361472,507904,1,2,0,0,0,0,0,5632,5632,6.070513779833894,7.926265306842939,6.215651353924991,1,0,4,39,0,0,0,0,0,120,361164,92,0,0,0,0,0,0,0,0,0,0,0,0,1,0,0,1,1,0,1,0,0,1,0,0,0,0,0,0,1,1,0,0,0,0,0,1,0,1,0,0,0,1,0,1,1,1,0,0,0,0,0,0,0,0,0,0,0,0,0x014c,0x010b,0x0002,.text
0442f63c10381e36f34c2f7f5fc0d5edb98a71fb64c461cd47e2c0e5fc3ec894,dike_batch2,1,original,0442f63c10381e36f34c2f7f5fc0d5edb98a71fb64c461cd47e2c0e5fc3ec894,124896,6.71424221332566,128,7,2012,0,224,2,50,4,0,0,0,4,0,14848,108544,0,5872,0.04095982142857143,4194304,4096,512,143360,1024,0.007142857142857143,0.10357142857142858,0.7571428571428571,158696,16,1048576,4096,1048576,4096,122880,123148,101376,101644,1,4,0,0,3,0,0,14848,14848,4.3753612545377685,7.280484943694747,2.474500015925819,1,992,4,24,0,0,0,0,0,100,2636,0,992,328,0,0,0,0,0,0,112,0,0,0,0,0,0,1,0,0,0,0,0,0,0,0,0,0,0,0,1,1,0,0,0,1,0,1,1,1,0,0,0,1,0,1,1,0,1,1,0,0,0,0,0,0,1,0,0,0,0x014c,0x010b,0x0002,.text
04435f3f8fa095b80f9c641fddaad7d94b6f9be66e10b578540ad8f9ba12490b,dike_batch2,1,original,04435f3f8fa095b80f9c641fddaad7d94b6f9be66e10b578540ad8f9ba12490b,109664,6.996867524966397,128,7,2012,0,224,2,50,4,0,0,0,4,0,104448,3072,0,5536,0.042236328125,4194304,4096,512,131072,1024,0.0078125,0.796875,0.0234375,144191,16,1048576,4096,1048576,4096,107520,107520,101376,101376,1,1,0,0,3,0,0,2560,2560,4.430028598714547,7.127635092658859,5.5669220982986065,1,1120,4,17,0,0,0,0,0,100,968,0,1119,168,0,0,0,0,0,0,84,0,0,0,0,0,0,1,0,0,0,0,0,0,0,0,0,0,0,0,1,1,0,0,0,1,0,1,1,1,0,0,0,1,0,1,1,0,1,1,0,0,0,0,0,0,1,0,0,0,0x014c,0x010b,0x0002,.text
0448d20fad584eec5c7e653736e0c5ce5c6371263ad6703024684c3dcc6998f8,dike_batch2,1,original,0448d20fad584eec5c7e653736e0c5ce5c6371263ad6703024684c3dcc6998f8,391168,7.841895054795304,124,4,0,0,224,10,0,4,0,0,0,4,0,5632,384512,0,5240,0.006364661069651742,4194304,4096,512,823296,1024,0.0012437810945273632,0.006840796019900498,0.4670398009950249,0,16,1048576,4096,1048576,4096,390144,814592,380928,425984,1,2,0,0,0,0,0,5632,5632,6.0872979679232415,7.882016514926399,6.312924548502945,1,0,4,39,0,0,0,0,0,120,380434,0,0,0,0,0,0,0,0,0,176,176,0,0,1,0,0,1,1,0,1,0,0,1,0,0,0,0,0,0,1,1,0,0,0,0,0,1,0,1,0,0,0,1,0,1,1,0,0,0,0,0,0,0,0,0,1,1,0,0,0x014c,0x010b,0x0002,.text
044b865586757bb5b5aff934ebd89082eea082e5da4ea5f8bdf130bf9f028195,dike_batch2,1,original,044b865586757bb5b5aff934ebd89082eea082e5da4ea5f8bdf130bf9f028195,131168,6.854832281643847,128,9,2012,0,224,2,50,4,0,0,0,4,0,113152,15872,0,109808,0.7054893092105263,4194304,4096,512,155648,1024,0.006578947368421052,0.7269736842105263,0.10197368421052631,145112,16,1048576,4096,1048576,4096,129024,129024,108032,108032,1,1,0,0,5,0,0,108032,108032,2.565141246664924,7.080756713103064,7.080756713103064,1,1120,4,243,0,0,0,0,0,100,7132,0,1119,1176,0,0,0,0,0,0,988,0,0,0,0,0,0,1,0,0,0,0,0,0,0,0,0,0,0,0,1,1,0,0,0,1,0,1,1,1,0,0,0,1,0,1,1,0,1,1,0,0,0,0,0,0,1,0,0,0,0x014c,0x010b,0x0002,.text
044c327265266e53b12e665431b83c6e22864524bf4f3a846ec37a4a45566ef7,dike_batch2,1,original,044c327265266e53b12e665431b83c6e22864524bf4f3a846ec37a4a45566ef7,438272,7.578676988913048,224,4,2012,0,224,7,0,4,0,0,0,4,0,20480,402754,417792,6137,0.007168856534090909,4259840,4096,4096,856064,4096,0.004784688995215311,0.023923444976076555,0.4704718338815789,467128,16,1048576,4096,1048576,4096,434176,850392,274432,690648,1,1,0,0,0,0,0,20480,20480,7.138308083043059,7.699131987607856,6.697550236165401,2,0,6,75,0,0,0,0,0,140,31947,0,0,0,0,0,0,0,0,0,324,0,0,0,1,0,0,1,1,0,0,0,0,0,0,0,0,0,0,0,1,1,0,0,0,0,0,1,0,1,0,0,0,1,0,1,1,0,0,0,0,0,0,0,0,0,1,0,0,0,0x014c,0x010b,0x0002,.text
04555225edf1ef12448d4b67507835e4d254bbe2ce8a6a7a7a783bd793ba2e9c,virusshare,1,original,04555225edf1ef12448d4b67507835e4d254bbe2ce8a6a7a7a783bd793ba2e9c,21504,3.830021052103657,128,4,1998,0,224,5,0,4,0,0,0,4,0,8192,13312,0,4528,0.13818359375,4194304,4096,512,32768,1024,0.03125,0.25,0.40625,0,16,1048576,4096,1048576,4096,20480,21140,9728,10388,1,2,0,0,0,0,0,8192,8192,3.7362424870376043,6.261692615678529,6.261692615678529,0,0,2,39,0,0,0,0,0,60,0,0,0,0,0,0,0,0,0,0,164,0,0,0,0,0,0,1,1,0,0,0,0,1,0,0,0,0,0,0,1,1,0,0,0,0,0,0,0,1,0,0,0,1,0,1,0,0,0,0,0,0,0,0,0,0,1,0,0,0,0x014c,0x010b,0x0002,.text
04660c94de58b92618ec77387abf7f180afc2e85025e42e80d8036ac672352b3,dike_batch2,1,original,04660c94de58b92618ec77387abf7f180afc2e85025e42e80d8036ac672352b3,212992,6.1737934486794925,248,5,2012,0,224,8,0,4,0,0,0,4,0,147456,61440,0,79418,0.34623500279017855,1677721600,4096,4096,229376,4096,0.017857142857142856,0.6428571428571429,0.26785714285714285,254028,16,1048576,4096,1048576,4096,208896,222788,147456,147456,1,1,0,0,0,0,0,147456,147456,4.348474708591525,6.620575926846029,6.620575926846029,0,0,7,115,0,0,0,0,106,160,1356,0,0,8544,0,0,0,0,64,0,488,0,0,0,0,0,1,0,0,0,0,0,0,0,1,1,0,0,0,0,1,1,0,0,0,0,0,0,0,1,0,0,0,1,1,1,1,0,0,1,0,0,0,0,1,0,1,0,0,0,0x014c,0x010b,0x0002,.text
046a517411dc8328f376b98a2cc3d81b562f49f38f5efe464be8fb897d517340,dike_batch2,1,original,046a517411dc8328f376b98a2cc3d81b562f49f38f5efe464be8fb897d517340,413696,7.670705350092786,216,4,2012,0,224,6,0,4,0,0,0,4,0,12288,397312,0,6339,0.007661422880569307,4194304,4096,4096,827392,4096,0.0049504950495049506,0.01485148514851485,0.4801980198019802,0,16,1048576,4096,1048576,4096,409600,822904,339968,429688,1,1,0,0,0,0,0,12288,12288,6.064851237170147,7.976047582895154,6.33767100791058,1,0,4,42,0,0,0,0,0,100,336706,0,0,0,0,0,0,0,0,0,184,0,0,0,1,0,0,1,1,0,0,0,0,1,0,0,0,0,0,0,1,1,0,0,0,0,0,1,0,1,0,0,0,1,0,1,1,0,0,0,0,0,0,0,0,0,1,0,0,0,0x014c,0x010b,0x0002,.text
046a9eea7b4b7820b48ef3261c4ef37ae8dfbb44b6fcfc583eed4e1e5c09c23a,dike_batch2,1,original,046a9eea7b4b7820b48ef3261c4ef37ae8dfbb44b6fcfc583eed4e1e5c09c23a,466944,7.465998877283312,224,4,2012,0,224,7,0,4,0,0,0,4,0,28672,434176,249856,7018,0.0070509420010288065,4259840,4096,4096,995328,4096,0.00411522633744856,0.02880658436213992,0.43621399176954734,474295,16,1048576,4096,1048576,4096,462848,988276,249856,775284,1,1,0,0,0,0,0,28672,28672,6.45808059428426,7.871671356093525,6.488754965066971,2,0,5,87,0,0,0,0,0,120,175448,0,0,0,0,0,0,0,0,0,368,0,0,0,1,0,0,1,1,0,0,0,0,0,0,0,0,0,0,0,1,1,0,0,0,0,0,1,0,1,0,0,0,1,0,1,1,0,0,0,0,0,0,0,0,0,1,0,0,0,0x014c,0x010b,0x0002,.text
046e793a4f14ef0a7bf50bc48b603fe83fced8510f8b13e1fe88672430808959,dike_batch2,1,original,046e793a4f14ef0a7bf50bc48b603fe83fced8510f8b13e1fe88672430808959,208896,6.422979512576737,264,5,2012,0,224,8,0,4,0,0,0,4,0,143360,61440,0,78314,0.34762961647727275,1694498816,4096,4096,225280,4096,0.01818181818181818,0.6363636363636364,0.2727272727272727,260257,16,1048576,4096,1048576,4096,204800,218500,143360,143360,1,1,0,0,0,0,0,143360,143360,4.650320667101491,6.666136558824511,6.666136558824511,0,0,7,114,0,0,0,0,106,160,1284,0,0,7652,0,0,0,0,64,0,484,0,0,0,0,0,1,0,0,0,0,0,0,0,1,1,0,0,0,0,1,1,0,0,0,0,0,0,0,1,0,0,0,1,1,1,1,0,0,1,0,0,0,0,1,0,1,0,0,0,0x014c,0x010b,0x0002,.text
046e7aee127c68f652d0af9d17fb3b99ea31d61bd02a2c0c23f7daee0703a204,dike_batch2,1,original,046e7aee127c68f652d0af9d17fb3b99ea31d61bd02a2c0c23f7daee0703a204,167936,7.835213522244553,216,9,2011,0,224,10,0,5,1,0,0,5,1,142336,24576,0,112794,0.5859063331117021,4194304,4096,512,192512,1024,0.005319148936170213,0.7393617021276596,0.1276595744680851,206434,16,1048576,4096,1048576,4096,166912,166912,142336,142336,1,6,1,0,5,0,0,142336,142336,3.0923064934897537,7.971073843239193,7.929112503910575,2,0,2,18,0,0,0,0,85,60,3872,0,0,2112,28,0,0,0,0,0,80,0,0,0,1,0,0,1,0,0,0,0,0,0,0,0,0,0,0,0,1,1,1,1,1,1,0,1,0,1,0,0,0,1,1,1,1,0,0,1,1,0,0,0,0,0,1,0,0,0,0x014c,0x010b,0x0002,.text
04807f1b4e367a07fbfb77a147da068389b83a8c0f1b7b0aa183ae36bcfbce29,dike_batch2,1,original,04807f1b4e367a07fbfb77a147da068389b83a8c0f1b7b0aa183ae36bcfbce29,167936,7.8283577836724145,216,9,2011,0,224,10,0,5,1,0,0,5,1,142336,24576,0,112794,0.5859063331117021,4194304,4096,512,192512,1024,0.005319148936170213,0.7393617021276596,0.1276595744680851,200478,16,1048576,4096,1048576,4096,166912,166912,142336,142336,1,6,1,0,5,0,0,142336,142336,3.093239499623795,7.9711250250925625,7.922787236769307,2,0,2,18,0,0,0,0,85,60,3872,0,0,2112,28,0,0,0,0,0,80,0,0,0,1,0,0,1,0,0,0,0,0,0,0,0,0,0,0,0,1,1,1,1,1,1,0,1,0,1,0,0,0,1,1,1,1,0,0,1,1,0,0,0,0,0,1,0,0,0,0x014c,0x010b,0x0002,.text
0484595efad8360ba63118509bc4727078dee8c550b8b0985ded050328fb9c29,dike_batch2,1,original,0484595efad8360ba63118509bc4727078dee8c550b8b0985ded050328fb9c29,356352,7.724771974623159,216,4,2012,0,224,7,0,4,0,0,0,4,0,90112,245140,499712,87166,0.10182182640550239,4194304,4096,4096,856064,4096,0.004784688995215311,0.10526315789473684,0.2863570947966507,417359,16,1048576,4096,1048576,4096,352256,848984,204800,701528,1,1,0,0,0,0,0,90112,90112,5.997463277875714,7.969281660553099,7.969281660553099,3,0,4,14,0,0,0,0,0,100,49479,0,0,0,28,0,0,0,0,0,72,0,0,0,1,0,0,1,1,0,0,0,0,0,0,0,0,0,0,0,1,1,0,0,0,0,0,1,0,1,0,0,0,1,0,1,1,0,0,0,1,0,0,0,0,0,1,0,0,0,0x014c,0x010b,0x0002,.text
0488c166bda3c017f17192ccbac944f5c817dff3ada7312bdcd172dec96cb303,dike_batch2,1,original,0488c166bda3c017f17192ccbac944f5c817dff3ada7312bdcd172dec96cb303,434176,7.870613732290811,608,6,2008,0,224,9,0,6,1,6,1,5,1,60928,371712,0,427582,0.9848126105542453,65536,512,512,434176,1536,0.003537735849056604,0.1403301886792453,0.8561320754716981,450230,16,262144,4096,1048576,4096,432640,432640,361984,361984,2,2,1,0,1,0,3,1024,1024,4.510178934071581,7.987136989868113,4.474365293468328,1,0,2,25,0,0,0,0,0,60,768,0,0,3144,0,0,0,0,64,0,108,0,0,0,1,0,0,1,0,0,0,0,0,0,0,0,0,0,0,0,1,1,1,1,1,1,0,1,0,1,0,0,0,1,0,1,1,0,0,1,0,0,0,0,1,0,1,0,0,0,0x014c,0x010b,0x0001,INIT
048a0153d4ff0ebc84b4fc28e2a0d5adfc107058359ff35c400925de2cf4cf3c,dike_batch2,1,original,048a0153d4ff0ebc84b4fc28e2a0d5adfc107058359ff35c400925de2cf4cf3c,127968,6.689052288277074,128,7,2012,0,224,2,50,4,0,0,0,4,0,15360,111104,0,6000,0.040690104166666664,4194304,4096,512,147456,1024,0.006944444444444444,0.10416666666666667,0.7534722222222222,176967,16,1048576,4096,1048576,4096,125952,126124,100864,101036,1,4,0,0,3,0,0,15360,15360,4.688604070776645,7.282091202019649,2.6176438501958716,1,992,4,33,0,0,0,0,0,100,6004,0,992,384,0,0,0,0,0,0,148,0,0,0,0,0,0,1,0,0,0,0,0,0,0,0,0,0,0,0,1,1,0,0,0,1,0,1,1,1,0,0,0,1,0,1,1,0,1,1,0,0,0,0,0,0,1,0,0,0,0x014c,0x010b,0x0002,.text
048bbf9faba6b21a068e5c91ce44e91b99b92ce36533cd7ecccd7cda81d03eec,dike_batch2,1,original,048bbf9faba6b21a068e5c91ce44e91b99b92ce36533cd7ecccd7cda81d03eec,313384,7.483712010608017,128,6,2012,0,224,2,50,4,0,0,0,4,0,284672,26624,0,282192,0.8720826740506329,4194304,4096,512,323584,1024,0.0031645569620253164,0.879746835443038,0.08227848101265822,360592,16,1048576,4096,1048576,4096,311296,311296,282624,282624,1,1,0,0,2,0,0,282624,282624,4.045463734612287,7.567193755000446,7.567193755000446,1,1064,4,584,1,0,0,0,0,100,7132,0,1063,2792,0,0,0,0,0,0,2352,0,0,0,1,0,0,1,0,0,0,0,0,0,0,0,0,0,0,0,1,1,0,0,0,1,0,1,1,1,0,0,1,1,0,1,1,0,1,1,0,0,0,0,0,0,1,0,0,0,0x014c,0x010b,0x0002,.text
048bcfe716f763bc96a25c181bb8221116284d01a99aa92935b8c88a399d6e97,dike_batch2,1,original,048bcfe716f763bc96a25c181bb8221116284d01a99aa92935b8c88a399d6e97,438272,7.504411060932426,232,4,2012,0,224,6,0,4,0,0,0,4,0,36864,397312,0,5744,0.006976834577114428,4194304,4096,4096,823296,4096,0.004975124378109453,0.04477611940298507,0.48258706467661694,0,16,1048576,4096,1048576,4096,434176,812722,364544,385718,1,1,0,0,0,0,0,36864,36864,5.753984643563967,7.736499734218371,6.229659576533346,1,0,5,66,0,0,0,0,0,120,8886,0,0,0,0,0,0,0,0,0,284,0,0,0,1,0,0,1,1,0,0,0,0,1,0,0,0,0,0,0,1,1,0,0,0,0,0,1,0,1,0,0,0,1,0,1,1,0,0,0,0,0,0,0,0,0,1,0,0,0,0x014c,0x010b,0x0002,.text
0490c13053e9a8443d2b7cf186f0ac6dfaabb3fda9596f96e16128e9d1792118,dike_batch2,1,original,0490c13053e9a8443d2b7cf186f0ac6dfaabb3fda9596f96e16128e9d1792118,208896,6.174890126019425,264,5,2012,0,224,8,0,4,0,0,0,4,0,143360,61440,0,77738,0.34507279829545456,1677721600,4096,4096,225280,4096,0.01818181818181818,0.6363636363636364,0.2727272727272727,268692,16,1048576,4096,1048576,4096,204800,218500,143360,143360,1,1,0,0,0,0,0,143360,143360,4.33856859830777,6.644363543432543,6.644363543432543,0,0,7,114,0,0,0,0,106,160,1364,0,0,7660,0,0,0,0,64,0,484,0,0,0,0,0,1,0,0,0,0,0,0,0,1,1,0,0,0,0,1,1,0,0,0,0,0,0,0,1,0,0,0,1,1,1,1,0,0,1,0,0,0,0,1,0,1,0,0,0,0x014c,0x010b,0x0002,.text
0493a35aaef13e7eaac1eb9fee569196e4ed909a5d48cfbaa2dfff60ef1ca6b8,dike_batch2,1,original,0493a35aaef13e7eaac1eb9fee569196e4ed909a5d48cfbaa2dfff60ef1ca6b8,430080,7.659107070163545,224,4,2012,0,224,6,0,4,0,0,0,4,0,36864,389120,0,5664,0.0068796641791044775,4194304,4096,4096,823296,4096,0.004975124378109453,0.04477611940298507,0.472636815920398,0,16,1048576,4096,1048576,4096,425984,813804,360448,402192,1,1,0,0,0,0,0,36864,36864,5.093105831261874,7.904322659360082,6.136593581448954,1,0,3,59,0,0,0,0,0,80,13072,0,0,0,0,0,0,0,0,0,248,0,0,0,1,0,0,1,1,0,0,0,0,1,0,0,0,0,0,0,1,1,0,0,0,0,0,1,0,1,0,0,0,1,0,1,1,0,0,0,0,0,0,0,0,0,1,0,0,0,0x014c,0x010b,0x0002,.text
0494a352da72335a66a26fdcad288c0ca76cb559bc1b75d49d619105b3cc5f86,dike_batch2,1,original,0494a352da72335a66a26fdcad288c0ca76cb559bc1b75d49d619105b3cc5f86,466944,7.567865367365677,232,4,2012,0,224,6,0,4,0,0,0,4,0,61440,401408,0,7520,0.009134017412935323,4194304,4096,4096,823296,4096,0.004975124378109453,0.07462686567164178,0.48756218905472637,0,16,1048576,4096,1048576,4096,462848,816768,217088,522016,1,1,0,0,0,0,0,61440,61440,6.916822116616563,7.914986174960631,6.283696759631539,2,0,4,70,0,0,0,0,75,100,169760,0,0,0,0,0,0,0,0,0,296,0,0,0,1,0,0,1,1,0,0,0,0,1,0,0,0,0,0,0,1,1,0,0,0,0,0,1,0,1,0,0,0,1,1,1,1,0,0,0,0,0,0,0,0,0,1,0,0,0,0x014c,0x010b,0x0002,.text
04a44c06f0aa705dd923bc752f5eeaa941405707ec0cf8ee996f0a07dbd14385,dike_batch2,1,original,04a44c06f0aa705dd923bc752f5eeaa941405707ec0cf8ee996f0a07dbd14385,475136,7.329243843332923,232,4,2012,0,224,7,0,4,0,0,0,4,0,28672,442368,262144,6976,0.007037706611570248,4259840,4096,4096,991232,4096,0.004132231404958678,0.028925619834710745,0.4462809917355372,516576,16,1048576,4096,1048576,4096,471040,986068,262144,777172,1,1,0,0,0,0,0,28672,28672,6.381827837993333,7.8495866599683115,6.487487115610952,1,0,6,84,0,0,0,0,0,140,170956,0,0,0,0,0,0,0,0,0,360,0,0,0,1,0,0,1,1,0,0,0,0,0,0,0,0,0,0,0,1,1,0,0,0,0,0,1,0,1,0,0,0,1,0,1,1,0,0,0,0,0,0,0,0,0,1,0,0,0,0x014c,0x010b,0x0002,.text
04a52e80435493eafbca0c65d0489c5de8f34f4a6dba800e2a7901dabbb2650d,dike_batch2,1,original,04a52e80435493eafbca0c65d0489c5de8f34f4a6dba800e2a7901dabbb2650d,417792,7.772285165596363,216,4,2012,0,224,7,0,4,0,0,0,4,0,20480,393216,16384,5338,0.005385217587809917,4259840,4096,4096,991232,4096,0.004132231404958678,0.02066115702479339,0.39669421487603307,418510,16,1048576,4096,1048576,4096,413696,985336,208896,588024,1,1,0,0,0,0,0,20480,20480,6.358087014585517,7.941129132643328,6.477725330247195,2,0,3,62,0,0,0,0,0,80,167512,0,0,0,0,0,0,0,0,0,260,0,0,0,1,0,0,1,1,0,0,0,0,0,0,0,0,0,0,0,1,1,0,0,0,0,0,1,0,1,0,0,0,1,0,1,1,0,0,0,0,0,0,0,0,0,1,0,0,0,0x014c,0x010b,0x0002,.text
04a61b9203c7cb38b75958ecdcca4182aafc50a0c4eb24f5ffabb4f2fc969d60,dike_batch2,1,original,04a61b9203c7cb38b75958ecdcca4182aafc50a0c4eb24f5ffabb4f2fc969d60,393216,7.413298226575326,232,4,2012,0,224,7,0,4,0,0,0,4,0,98304,275167,413696,83269,0.1031946482392132,4259840,4096,4096,806912,4096,0.005076142131979695,0.1218274111675127,0.341012402839467,426872,16,1048576,4096,1048576,4096,389120,802168,233472,646520,1,1,0,0,0,0,0,98304,98304,6.663330667253006,7.8886160478311504,7.8886160478311504,3,0,5,84,0,0,0,0,0,120,47200,0,0,0,0,0,0,0,0,0,356,0,0,0,1,0,0,1,1,0,0,0,0,0,0,0,0,0,0,0,1,1,0,0,0,0,0,1,0,1,0,0,0,1,0,1,1,0,0,0,0,0,0,0,0,0,1,0,0,0,0x014c,0x010b,0x0002,.text
04b7f03fc58b3015ad225eb057cf621c9da739bf722fa2a1f7bd8cee85928115,dike_batch2,1,original,04b7f03fc58b3015ad225eb057cf621c9da739bf722fa2a1f7bd8cee85928115,127968,6.693631476506865,128,7,2012,0,224,2,50,4,0,0,0,4,0,15360,111104,0,6000,0.040690104166666664,4194304,4096,512,147456,1024,0.006944444444444444,0.10416666666666667,0.7534722222222222,152889,16,1048576,4096,1048576,4096,125952,126124,100864,101036,1,4,0,0,3,0,0,15360,15360,4.690214102525623,7.286774609918599,2.6176438501958716,1,992,4,33,0,0,0,0,0,100,6004,0,992,384,0,0,0,0,0,0,148,0,0,0,0,0,0,1,0,0,0,0,0,0,0,0,0,0,0,0,1,1,0,0,0,1,0,1,1,1,0,0,0,1,0,1,1,0,1,1,0,0,0,0,0,0,1,0,0,0,0x014c,0x010b,0x0002,.text
04cd8c5b1d0612049d7697068ac026206fca3698e85b4af234c785ffb712d647,dike_batch2,1,original,04cd8c5b1d0612049d7697068ac026206fca3698e85b4af234c785ffb712d647,425984,7.76346626722598,216,4,2012,0,224,7,0,4,0,0,0,4,0,28672,393216,217088,6523,0.006608005381224066,4259840,4096,4096,987136,4096,0.004149377593360996,0.029045643153526972,0.3983402489626556,453730,16,1048576,4096,1048576,4096,421888,981332,217088,776532,1,1,0,0,0,0,0,28672,28672,6.522010081809944,7.84685934245149,6.419541376370137,2,0,4,69,0,0,0,0,0,100,167581,0,0,0,0,0,0,0,0,0,292,0,0,0,1,0,0,1,1,0,0,0,0,0,0,0,0,0,0,0,1,1,0,0,0,0,0,1,0,1,0,0,0,1,0,1,1,0,0,0,0,0,0,0,0,0,1,0,0,0,0x014c,0x010b,0x0002,.text
04d910e2dab651db0eb65c98e85e18990574daa43a9da5d7660935cb573ba152,dike_batch2,1,original,04d910e2dab651db0eb65c98e85e18990574daa43a9da5d7660935cb573ba152,140840,6.869505591997758,128,4,2012,0,224,2,50,4,0,0,0,4,0,112128,26624,0,111632,0.7570529513888888,4194304,4096,512,147456,1024,0.006944444444444444,0.7604166666666666,0.18055555555555555,181024,16,1048576,4096,1048576,4096,138752,138752,112128,112128,1,1,0,0,0,0,0,112128,112128,5.780431848243995,6.979335292328133,6.979335292328133,0,1064,4,584,1,0,0,0,0,100,7132,0,1063,2792,0,0,0,0,0,0,2352,0,0,0,0,0,0,1,0,0,0,0,0,0,0,0,0,0,0,0,1,1,0,0,0,0,0,0,1,1,0,0,1,1,0,1,1,0,1,1,0,0,0,0,0,0,1,0,0,0,0x014c,0x010b,0x0002,.text
04de97ea833b7ee3c5e5803fda036c65a5b9add323caadacb9452f6f9110c5b5,virusshare,1,original,04de97ea833b7ee3c5e5803fda036c65a5b9add323caadacb9452f6f9110c5b5,61440,6.155646138784846,224,3,2007,0,224,7,10,4,0,0,0,4,0,36864,290816,0,40335,0.12157298900462964,4194304,4096,4096,331776,4096,0.012345679012345678,0.1111111111111111,0.8765432098765432,0,16,1048576,4096,1048576,4096,57344,326656,36864,285696,1,1,0,0,0,0,0,36864,36864,4.802373702734925,6.417859958580935,6.417859958580935,0,0,4,64,0,0,0,0,0,100,0,0,0,0,0,0,0,0,0,0,272,0,0,0,0,0,0,1,1,0,0,0,0,1,0,0,0,0,0,0,1,1,0,0,0,0,0,0,0,1,0,0,0,1,0,1,0,0,0,0,0,0,0,0,0,0,1,0,0,0,0x014c,0x010b,0x0003,.text
04ecad09dc2576b9afb7fea48c392085ee04225697c6b2b5458575fc4a565a7b,dike_batch2,1,original,04ecad09dc2576b9afb7fea48c392085ee04225697c6b2b5458575fc4a565a7b,122848,6.7052308571493,128,7,2012,0,224,2,50,4,0,0,0,4,0,14336,107008,0,5024,0.03504464285714286,4194304,4096,512,143360,1024,0.007142857142857143,0.1,0.7464285714285714,125968,16,1048576,4096,1048576,4096,120832,120928,99840,99936,1,4,0,0,3,0,0,14336,14336,3.8205595051887755,7.288307910542554,2.222951494890147,1,992,2,9,0,0,0,0,0,60,2636,0,992,176,0,0,0,0,0,0,44,0,0,0,0,0,0,1,0,0,0,0,0,0,0,0,0,0,0,0,1,1,0,0,0,1,0,1,1,1,0,0,0,1,0,1,1,0,1,1,0,0,0,0,0,0,1,0,0,0,0x014c,0x010b,0x0002,.text
04eef241e8c50ceb49245f3e906c1289ea9edd8d554471ec89d9d4e62b6bba64,dike_batch2,1,original,04eef241e8c50ceb49245f3e906c1289ea9edd8d554471ec89d9d4e62b6bba64,174592,7.81461084504769,224,4,2011,0,224,10,0,5,1,0,0,5,1,163328,10240,0,146062,0.7924370659722222,4194304,4096,512,184320,1024,0.005555555555555556,0.8861111111111111,0.05555555555555555,187583,16,1048576,4096,1048576,4096,173568,173568,163328,163328,1,1,0,0,0,0,0,163328,163328,5.549340989624604,7.8910444166370155,7.8910444166370155,1,0,2,23,0,0,0,0,91,60,856,0,0,2652,28,0,0,0,0,0,100,0,0,0,1,0,0,1,0,0,0,0,0,0,0,0,0,0,0,0,1,1,0,0,0,0,0,1,0,1,0,0,0,1,1,1,1,0,0,1,1,0,0,0,0,0,1,0,0,0,0x014c,0x010b,0x0002,.text
04fe32d742cc4c535e337255553733cc22360d83f9183e104779bc290f146120,dike_batch2,1,original,04fe32d742cc4c535e337255553733cc22360d83f9183e104779bc290f146120,458752,7.481566772190561,240,4,2012,0,224,6,0,4,0,0,0,4,0,45056,409600,0,5952,0.0072294776119402986,4194304,4096,4096,823296,4096,0.004975124378109453,0.05472636815920398,0.4975124378109453,0,16,1048576,4096,1048576,4096,454656,813468,364544,379092,1,1,0,0,0,0,0,45056,45056,5.963919308127124,7.732091594034771,6.188499895168425,1,0,4,71,0,0,0,0,75,100,22740,0,0,0,0,0,0,0,0,0,300,0,0,0,1,0,0,1,1,0,0,0,0,1,0,0,0,0,0,0,1,1,0,0,0,0,0,1,0,1,0,0,0,1,1,1,1,0,0,0,0,0,0,0,0,0,1,0,0,0,0x014c,0x010b,0x0002,.text
0502f200a39326a410b0e394c454ddb4b459e99b5d721545b2dea3e9838e686d,dike_batch2,1,original,0502f200a39326a410b0e394c454ddb4b459e99b5d721545b2dea3e9838e686d,434176,7.871888723573453,608,6,2008,0,224,9,0,6,1,6,1,5,1,60928,371712,0,427582,0.9848126105542453,65536,512,512,434176,1536,0.003537735849056604,0.1403301886792453,0.8561320754716981,479520,16,262144,4096,1048576,4096,432640,432640,361984,361984,2,2,1,0,1,0,3,1024,1024,4.515209196497756,7.987670018081072,4.467648652297842,1,0,2,25,0,0,0,0,0,60,768,0,0,3144,0,0,0,0,64,0,108,0,0,0,1,0,0,1,0,0,0,0,0,0,0,0,0,0,0,0,1,1,1,1,1,1,0,1,0,1,0,0,0,1,0,1,1,0,0,1,0,0,0,0,1,0,1,0,0,0,0x014c,0x010b,0x0001,INIT
0509bc226d70b92af463faf227768d9233d1d6ef1d3544d34655758f61a6d0fe,dike_batch2,1,original,0509bc226d70b92af463faf227768d9233d1d6ef1d3544d34655758f61a6d0fe,371712,7.885558065495732,124,4,0,0,224,12,0,4,0,0,0,4,0,5632,365056,0,5316,0.005980882776497696,4194304,4096,512,888832,1024,0.001152073732718894,0.006336405529953917,0.4107142857142857,0,16,1048576,4096,1048576,4096,370688,877056,361472,507904,1,2,0,0,0,0,0,5632,5632,6.0705341814382505,7.9263265116560095,6.215651353924991,1,0,4,39,0,0,0,0,0,120,361164,92,0,0,0,0,0,0,0,0,0,0,0,0,1,0,0,1,1,0,1,0,0,1,0,0,0,0,0,0,1,1,0,0,0,0,0,1,0,1,0,0,0,1,0,1,1,1,0,0,0,0,0,0,0,0,0,0,0,0,0x014c,0x010b,0x0002,.text
0509eee8642127e4c59809d9a044d8c9f36ada0aaa9b53e70d8459ffeaf21a90,dike_batch2,1,original,0509eee8642127e4c59809d9a044d8c9f36ada0aaa9b53e70d8459ffeaf21a90,430080,7.6607043555459375,224,4,2012,0,224,6,0,4,0,0,0,4,0,36864,389120,0,5728,0.006957400497512438,4194304,4096,4096,823296,4096,0.004975124378109453,0.04477611940298507,0.472636815920398,0,16,1048576,4096,1048576,4096,425984,813804,360448,402192,1,1,0,0,0,0,0,36864,36864,5.095159107407396,7.904647100387802,6.140963695242117,1,0,4,64,0,0,0,0,0,100,13072,0,0,0,0,0,0,0,0,0,272,0,0,0,1,0,0,1,1,0,0,0,0,1,0,0,0,0,0,0,1,1,0,0,0,0,0,1,0,1,0,0,0,1,0,1,1,0,0,0,0,0,0,0,0,0,1,0,0,0,0x014c,0x010b,0x0002,.text
050eb7374d5592aca792214f3d927dde50fcd7d0cbf074a7d60fb552d81be4dc,dike_batch2,1,original,050eb7374d5592aca792214f3d927dde50fcd7d0cbf074a7d60fb552d81be4dc,777216,7.752306378188965,128,3,2068,0,224,5,12,4,0,0,0,4,0,753664,28672,790528,1543904,0.9790381493506494,4194304,4096,512,1576960,4096,0.0025974025974025974,0.4779220779220779,0.01818181818181818,0,16,4194304,4096,1048576,4096,776704,1572864,750080,790528,2,3,2,1,2,0,1,750080,753664,6.102489947859786,7.782716595464018,7.782716595464018,1,0,3,8,0,0,0,0,0,272,25872,0,0,0,0,0,0,0,0,0,0,0,0,0,1,0,0,1,1,0,0,1,0,1,0,0,0,0,0,0,1,1,1,1,1,1,0,1,0,1,0,0,0,1,0,1,1,0,0,0,0,0,0,0,0,0,0,0,0,0,0x014c,0x010b,0x0002,.`
05101bc706fcd94b7af260d144f3b45eb182a66da9df1af2efe595e9f786cf30,dike_batch2,1,original,05101bc706fcd94b7af260d144f3b45eb182a66da9df1af2efe595e9f786cf30,195584,7.782428670633299,208,3,2011,0,224,11,0,5,1,0,0,5,1,47104,0,0,39643,0.12904622395833334,4194304,4096,512,307200,1024,0.0033333333333333335,0.15333333333333332,0.0,221621,16,1048576,4096,1048576,4096,194560,300954,147456,147456,1,1,0,1,1,0,0,47104,47104,7.645445184627688,7.82066058029095,7.470229788964427,2,0,5,261,0,0,0,0,93,120,21088,0,0,1604,0,0,0,0,0,0,1064,0,0,0,1,0,0,1,0,0,0,0,0,0,0,0,0,0,0,0,1,1,0,0,0,1,0,1,0,1,0,0,0,1,1,1,1,0,0,1,0,0,0,0,0,0,1,0,0,0,0x014c,0x010b,0x0002,.text
05250bf48aa352c9a57bae02939516582042b417fdd820ca501a6f84738d353f,virusshare,1,original,05250bf48aa352c9a57bae02939516582042b417fdd820ca501a6f84738d353f,128232,7.448699171575146,216,5,2005,0,224,6,0,4,0,0,0,4,0,25088,172544,1024,13585,0.050252278645833336,4194304,4096,512,270336,1024,0.003787878787878788,0.0928030303030303,0.6382575757575758,179737,16,1048576,4096,1048576,4096,61440,258484,28160,162740,1,2,0,1,1,0,0,25088,25088,5.624385851398195,6.45382624552923,6.45382624552923,0,65256,8,160,1,0,0,0,0,180,28672,0,5640,0,0,0,0,0,0,0,672,0,0,0,0,0,0,1,1,0,0,0,0,0,0,0,0,0,0,0,1,1,0,0,0,1,0,0,1,1,0,0,1,1,0,1,1,0,1,0,0,0,0,0,0,0,1,0,0,0,0x014c,0x010b,0x0002,.text
0527f2b11e392ca296d57e7b1033d9831040de3d06afcf415d6f044a96c62ce8,dike_batch2,1,original,0527f2b11e392ca296d57e7b1033d9831040de3d06afcf415d6f044a96c62ce8,129632,6.886574055166489,128,8,2012,0,224,2,50,4,0,0,0,4,0,112128,15872,0,109760,0.7242398648648649,4194304,4096,512,151552,1024,0.006756756756756757,0.7398648648648649,0.10472972972972973,172694,16,1048576,4096,1048576,4096,127488,127700,108032,108032,1,1,0,0,4,0,0,108032,108032,2.899376595088172,7.079925705313933,7.079925705313933,1,1120,4,237,0,0,0,0,0,100,7132,0,1119,1112,0,0,0,0,0,0,964,0,0,0,0,0,0,1,0,0,0,0,0,0,0,0,0,0,0,0,1,1,0,0,0,1,0,1,1,1,0,0,0,1,0,1,1,0,1,1,0,0,0,0,0,0,1,0,0,0,0x014c,0x010b,0x0002,.text
052fd21c8acfa2c54c6571185e764c6c7a1454702f14247272602c80ffaf5ee1,dike_batch2,1,original,052fd21c8acfa2c54c6571185e764c6c7a1454702f14247272602c80ffaf5ee1,433664,7.873886219427959,608,6,2008,0,224,9,0,6,1,6,1,5,1,60928,371200,0,427070,0.9847946797520661,65536,512,512,433664,1536,0.0035419126328217238,0.14049586776859505,0.8559622195985832,492894,16,262144,4096,1048576,4096,432128,432128,361472,361472,2,2,1,0,1,0,3,1024,1024,4.514607933712128,7.988761830222704,4.464406263987894,1,0,2,25,0,0,0,0,0,60,768,0,0,3136,0,0,0,0,64,0,108,0,0,0,1,0,0,1,0,0,0,0,0,0,0,0,0,0,0,0,1,1,1,1,1,1,0,1,0,1,0,0,0,1,0,1,1,0,0,1,0,0,0,0,1,0,1,0,0,0,0x014c,0x010b,0x0001,INIT
0539ea2e6a3fd9c60035b14ed29a1e627abd9129ed4052fec8efc7c17c15eb8f,dike_batch2,1,original,0539ea2e6a3fd9c60035b14ed29a1e627abd9129ed4052fec8efc7c17c15eb8f,195232,4.921173010550533,128,8,2012,0,224,2,50,4,0,0,0,4,0,145408,46592,0,5248,0.024174528301886794,4194304,4096,512,217088,1024,0.0047169811320754715,0.6698113207547169,0.21462264150943397,242642,16,1048576,4096,1048576,4096,192000,192000,145408,145408,1,6,0,0,5,0,0,145408,145408,3.1488711095615005,6.045141401620796,6.045141401620796,0,2208,3,10,0,0,0,0,0,80,0,0,2208,220,0,0,0,0,0,0,52,0,0,0,0,0,0,1,0,0,0,0,0,0,0,0,0,0,0,0,1,1,0,0,0,1,0,0,1,1,0,0,0,1,0,1,0,0,1,1,0,0,0,0,0,0,1,0,0,0,0x014c,0x010b,0x0002,.text
053ef2eacbda0b5b98ddb70eb833781d33b1a71ece68d194fcbad5956081f7ad,dike_batch2,1,original,053ef2eacbda0b5b98ddb70eb833781d33b1a71ece68d194fcbad5956081f7ad,434176,7.87139828649843,608,6,2008,0,224,9,0,6,1,6,1,5,1,60928,371712,0,427582,0.9848126105542453,65536,512,512,434176,1536,0.003537735849056604,0.1403301886792453,0.8561320754716981,479747,16,262144,4096,1048576,4096,432640,432640,361984,361984,2,2,1,0,1,0,3,1024,1024,4.513637777637112,7.987623066047357,4.463207166549167,1,0,2,25,0,0,0,0,0,60,768,0,0,3144,0,0,0,0,64,0,108,0,0,0,1,0,0,1,0,0,0,0,0,0,0,0,0,0,0,0,1,1,1,1,1,1,0,1,0,1,0,0,0,1,0,1,1,0,0,1,0,0,0,0,1,0,1,0,0,0,0x014c,0x010b,0x0001,INIT
053f91231dd4e54135429307af1f22737bcec7373b369daeac9efaf7efd0b37d,dike_batch2,1,original,053f91231dd4e54135429307af1f22737bcec7373b369daeac9efaf7efd0b37d,172032,7.795441547780798,216,9,2011,0,224,10,0,5,1,0,0,5,1,161280,9728,0,4096,0.018518518518518517,4194304,4096,512,221184,1024,0.004629629629629629,0.7291666666666666,0.04398148148148148,209162,16,1048576,4096,1048576,4096,171008,192427,161280,161280,1,6,0,0,5,0,0,161280,161280,2.839010263514202,7.892085744551832,7.892085744551832,1,0,3,27,0,0,0,0,101,80,980,0,0,2324,28,0,0,0,0,0,120,0,0,0,1,0,0,1,0,0,0,0,0,0,0,0,0,0,0,0,1,1,0,0,0,1,0,1,0,1,0,0,0,1,1,1,1,0,0,1,1,0,0,0,0,0,1,0,0,0,0x014c,0x010b,0x0002,.text
05404a0b6be6577aff34e4b3095cb3ad9f1d3256414c9527fa81ac58ca300610,dike_batch2,1,original,05404a0b6be6577aff34e4b3095cb3ad9f1d3256414c9527fa81ac58ca300610,208896,6.172683882084895,264,5,2012,0,224,8,0,4,0,0,0,4,0,143360,61440,0,77738,0.34507279829545456,1677721600,4096,4096,225280,4096,0.01818181818181818,0.6363636363636364,0.2727272727272727,240974,16,1048576,4096,1048576,4096,204800,218500,143360,143360,1,1,0,0,0,0,0,143360,143360,4.294433078267337,6.6440475422847785,6.6440475422847785,0,0,7,114,0,0,0,0,106,160,1364,0,0,7660,0,0,0,0,64,0,484,0,0,0,0,0,1,0,0,0,0,0,0,0,1,1,0,0,0,0,1,1,0,0,0,0,0,0,0,1,0,0,0,1,1,1,1,0,0,1,0,0,0,0,1,0,1,0,0,0,0x014c,0x010b,0x0002,.text
05569aa107547522f835120a4643bda3435c892a0b2fe01fc56e67e38f1151a5,dike_batch2,1,original,05569aa107547522f835120a4643bda3435c892a0b2fe01fc56e67e38f1151a5,417792,7.77246610068936,216,4,2012,0,224,7,0,4,0,0,0,4,0,20480,393216,16384,5299,0.005345872611053719,4259840,4096,4096,991232,4096,0.004132231404958678,0.02066115702479339,0.39669421487603307,460963,16,1048576,4096,1048576,4096,413696,985336,208896,588024,1,1,0,0,0,0,0,20480,20480,6.357911491144436,7.9409724527688645,6.4736260529975755,2,0,3,62,0,0,0,0,0,80,167512,0,0,0,0,0,0,0,0,0,260,0,0,0,1,0,0,1,1,0,0,0,0,0,0,0,0,0,0,0,1,1,0,0,0,0,0,1,0,1,0,0,0,1,0,1,1,0,0,0,0,0,0,0,0,0,1,0,0,0,0x014c,0x010b,0x0002,.text
0560db560e83dfbd4fc976570b20dfb1faa68b73958915ccaff90fa7271b2992,dike_batch2,1,original,0560db560e83dfbd4fc976570b20dfb1faa68b73958915ccaff90fa7271b2992,208896,6.1653606674817265,264,5,2012,0,224,8,0,4,0,0,0,4,0,143360,61440,0,77738,0.34507279829545456,1677721600,4096,4096,225280,4096,0.01818181818181818,0.6363636363636364,0.2727272727272727,214614,16,1048576,4096,1048576,4096,204800,218500,143360,143360,1,1,0,0,0,0,0,143360,143360,4.283077107074353,6.643892077714491,6.643892077714491,0,0,7,114,0,0,0,0,106,160,1364,0,0,7664,0,0,0,0,64,0,484,0,0,0,0,0,1,0,0,0,0,0,0,0,1,1,0,0,0,0,1,1,0,0,0,0,0,0,0,1,0,0,0,1,1,1,1,0,0,1,0,0,0,0,1,0,1,0,0,0,0x014c,0x010b,0x0002,.text
0562b4e5b58e8deb76502accaccc38ec5cfeab95be2f1c9f35fdd3c24b1b77a8,dike_batch2,1,original,0562b4e5b58e8deb76502accaccc38ec5cfeab95be2f1c9f35fdd3c24b1b77a8,208896,6.39943356650459,264,5,2012,0,224,8,0,4,0,0,0,4,0,143360,61440,0,77738,0.34507279829545456,1677721600,4096,4096,225280,4096,0.01818181818181818,0.6363636363636364,0.2727272727272727,239044,16,1048576,4096,1048576,4096,204800,218500,143360,143360,1,1,0,0,0,0,0,143360,143360,4.646550535509793,6.644070165747278,6.644070165747278,0,0,7,114,0,0,0,0,106,160,1364,0,0,7656,0,0,0,0,64,0,484,0,0,0,0,0,1,0,0,0,0,0,0,0,1,1,0,0,0,0,1,1,0,0,0,0,0,0,0,1,0,0,0,1,1,1,1,0,0,1,0,0,0,0,1,0,1,0,0,0,0x014c,0x010b,0x0002,.text
05696c6f03ff6885d067b9c1eb246e0f041412f7b084df5e2873ee70bc44fd3c,dike_batch2,1,original,05696c6f03ff6885d067b9c1eb246e0f041412f7b084df5e2873ee70bc44fd3c,263680,7.80349838565068,128,9,2008,0,224,8,0,4,0,0,0,5,0,18432,244224,1069948,8192,0.006006006006006006,4194304,4096,512,1363968,1024,0.0007507507507507507,0.013513513513513514,0.17905405405405406,2067957440,16,1048576,4096,1048576,4096,262656,1344892,146432,633252,1,1,0,0,3,0,1,18432,18432,6.324374948651201,7.980779434491255,5.919482436757645,3,0,7,35,0,0,0,0,0,160,2572,0,0,0,0,0,0,0,0,0,0,0,0,0,1,0,0,1,1,0,0,0,0,0,0,0,0,0,0,0,1,1,0,0,0,1,0,1,0,1,0,0,0,1,0,1,1,0,0,0,0,0,0,0,0,0,0,0,0,0,0x014c,0x010b,0x0002,.text
056adf668c26e24389a2e0a405dc522c3856333934cdff8c93f6d12b16a82eb9,dike_batch2,1,original,056adf668c26e24389a2e0a405dc522c3856333934cdff8c93f6d12b16a82eb9,195232,4.925148307895234,128,8,2012,0,224,2,50,4,0,0,0,4,0,145408,46592,0,5248,0.024174528301886794,4194304,4096,512,217088,1024,0.0047169811320754715,0.6698113207547169,0.21462264150943397,231813,16,1048576,4096,1048576,4096,192000,192000,145408,145408,1,6,0,0,5,0,0,145408,145408,3.1505066469539273,6.0500480137980785,6.0500480137980785,0,2208,3,10,0,0,0,0,0,80,0,0,2208,220,0,0,0,0,0,0,52,0,0,0,0,0,0,1,0,0,0,0,0,0,0,0,0,0,0,0,1,1,0,0,0,1,0,0,1,1,0,0,0,1,0,1,0,0,1,1,0,0,0,0,0,0,1,0,0,0,0x014c,0x010b,0x0002,.text
0571879c93709f36a11f5d682a34e93d6b53ea96bce97a2d93aa431b3d38405b,dike_batch2,1,original,0571879c93709f36a11f5d682a34e93d6b53ea96bce97a2d93aa431b3d38405b,156672,7.7760923789831855,224,8,2012,0,224,18,0,5,1,0,0,5,1,21504,134144,0,6407,0.024828714037698412,4194304,4096,512,258048,1024,0.003968253968253968,0.08333333333333333,0.5198412698412699,186150,16,1048576,4096,1048576,4096,155648,233175,104960,104960,1,1,0,0,4,0,0,21504,21504,4.644325848588412,7.980623236689198,6.38020425389815,1,0,6,172,0,0,0,0,75,140,16,0,0,2392,28,0,0,0,0,0,712,0,0,0,1,0,0,1,0,0,0,0,0,0,0,1,0,0,0,1,1,1,0,0,0,1,0,1,0,1,0,0,0,1,1,1,1,0,0,1,1,0,0,0,0,0,1,0,0,0,0x014c,0x010b,0x0002,.text
057395804ceee8b30206f41b3ce2d5e5309134f4c5aa28326530d135ad0c9b9e,dike_batch2,1,original,057395804ceee8b30206f41b3ce2d5e5309134f4c5aa28326530d135ad0c9b9e,397312,7.355099908512354,224,4,2012,0,224,7,0,4,0,0,0,4,0,94208,286190,413696,76357,0.09367761659861809,4259840,4096,4096,815104,4096,0.005025125628140704,0.11557788944723618,0.35110857019472363,439558,16,1048576,4096,1048576,4096,393216,808024,233472,648280,1,1,0,0,0,0,0,94208,94208,6.576504086227901,7.7723597112363905,7.7723597112363905,3,0,6,74,0,0,0,0,0,140,53605,0,0,0,0,0,0,0,0,0,320,0,0,0,1,0,0,1,1,0,0,0,0,0,0,0,0,0,0,0,1,1,0,0,0,0,0,1,0,1,0,0,0,1,0,1,1,0,0,0,0,0,0,0,0,0,1,0,0,0,0x014c,0x010b,0x0002,.text
05761f3ec4e0f1f1818138bfc1cdd385bb6bac36241ce912070f2d20a2c4ab5a,dike_batch2,1,original,05761f3ec4e0f1f1818138bfc1cdd385bb6bac36241ce912070f2d20a2c4ab5a,393216,7.295185237424602,208,5,2012,0,224,7,0,4,0,0,0,4,0,4096,374120,425984,4766,0.00581787109375,4194304,4096,4096,819200,4096,0.005,0.005,0.456689453125,442075,16,1048576,4096,1048576,4096,389120,811303,339968,434471,1,2,0,0,0,0,0,4096,4096,3.5304766825744736,7.7075993524682085,2.3411310463568125,1,0,7,32,0,0,0,0,0,160,14146,0,0,0,0,0,0,0,0,0,156,0,0,0,1,0,0,1,1,0,0,0,0,0,0,0,0,0,0,0,1,1,0,0,0,0,0,1,0,1,0,0,0,1,0,1,1,0,0,0,0,0,0,0,0,0,1,0,0,0,0x014c,0x010b,0x0002,.text
0587b8849a26e915a378407558e232a77c1fc531d807963fdf4513bdba5d1cd4,dike_batch2,1,original,0587b8849a26e915a378407558e232a77c1fc531d807963fdf4513bdba5d1cd4,417792,7.664807985912516,232,4,2012,0,224,7,0,4,0,0,0,4,0,94208,307678,491520,76137,0.08335486441984305,4259840,4096,4096,913408,4096,0.004484304932735426,0.1031390134529148,0.33684618483744394,477897,16,1048576,4096,1048576,4096,413696,905848,208896,701048,1,1,0,0,0,0,0,94208,94208,6.711203013107427,7.76609149258067,7.76609149258067,3,0,2,58,0,0,0,0,0,60,98559,0,0,0,0,0,0,0,0,0,240,0,0,0,1,0,0,1,1,0,0,0,0,0,0,0,0,0,0,0,1,1,0,0,0,0,0,1,0,1,0,0,0,1,0,1,1,0,0,0,0,0,0,0,0,0,1,0,0,0,0x014c,0x010b,0x0002,.text
0588cf6b380617bb44b8f2740c7384c6d94e3bc6209df936e022f53a059d0fda,dike_batch2,1,original,0588cf6b380617bb44b8f2740c7384c6d94e3bc6209df936e022f53a059d0fda,610304,6.7682390221414925,280,5,2008,0,224,8,0,4,0,0,0,4,0,430080,176128,0,301797,0.48474281712582235,268435456,4096,4096,622592,4096,0.006578947368421052,0.6907894736842105,0.28289473684210525,670077,16,1048576,4096,1048576,4096,606208,616224,430080,430080,1,1,0,0,0,0,0,430080,430080,5.85503393582079,7.9522973810924595,6.704649566587828,1,0,9,267,0,0,0,0,54,200,31700,0,0,22424,28,0,0,0,0,0,1104,0,0,0,1,0,1,0,0,0,0,0,0,0,0,0,0,0,0,0,1,1,0,0,0,0,0,1,0,1,0,0,0,1,1,1,1,0,0,1,1,0,0,0,0,0,1,0,0,0,0x014c,0x010b,0x0002,.text
058939ffa14d04c9686ba4c6d4999c4469caa3a2aedf3e8e83fe2c4fac2d366a,dike_batch2,1,original,058939ffa14d04c9686ba4c6d4999c4469caa3a2aedf3e8e83fe2c4fac2d366a,332288,7.957521976364327,124,4,2012,0,224,10,0,4,0,0,0,4,0,6656,324608,0,6592,0.008470394736842106,4194304,4096,512,778240,4096,0.005263157894736842,0.008552631578947369,0.41710526315789476,0,16,1048576,4096,1048576,4096,331264,768000,321536,438272,1,2,0,0,0,0,0,6656,6656,4.145302158257968,7.9905059298807535,4.510124550878782,1,0,4,39,0,0,0,0,28,100,321098,0,0,0,0,0,0,0,0,0,172,0,0,0,1,0,0,1,1,0,0,0,0,1,0,0,0,0,0,0,1,1,0,0,0,0,0,1,0,1,0,0,0,1,1,1,1,0,0,0,0,0,0,0,0,0,1,0,0,0,0x014c,0x010b,0x0002,.text
058bf5312be919c0ef5c985cd3777d4843731c3b612785663a4e4f34e4d385fc,dike_batch2,1,original,058bf5312be919c0ef5c985cd3777d4843731c3b612785663a4e4f34e4d385fc,438272,7.573086014031941,224,4,2012,0,224,7,0,4,0,0,0,4,0,20480,402754,417792,6137,0.007168856534090909,4259840,4096,4096,856064,4096,0.004784688995215311,0.023923444976076555,0.4704718338815789,443507,16,1048576,4096,1048576,4096,434176,850392,274432,690648,1,1,0,0,0,0,0,20480,20480,7.132050065802911,7.696237056771884,6.7072319457884095,2,0,6,75,0,0,0,0,0,140,31947,0,0,0,0,0,0,0,0,0,324,0,0,0,1,0,0,1,1,0,0,0,0,0,0,0,0,0,0,0,1,1,0,0,0,0,0,1,0,1,0,0,0,1,0,1,1,0,0,0,0,0,0,0,0,0,1,0,0,0,0x014c,0x010b,0x0002,.text
058f20d9b567d426c2ef637252a3275f08ab4f6099e58c2117b0aa98fc82683e,dike_batch2,1,original,058f20d9b567d426c2ef637252a3275f08ab4f6099e58c2117b0aa98fc82683e,131168,6.8573984173724085,128,9,2012,0,224,2,50,4,0,0,0,4,0,113152,15872,0,109808,0.7054893092105263,4194304,4096,512,155648,1024,0.006578947368421052,0.7269736842105263,0.10197368421052631,195373,16,1048576,4096,1048576,4096,129024,129024,108032,108032,1,1,0,0,5,0,0,108032,108032,2.56513230050208,7.083745799442867,7.083745799442867,1,1120,4,243,0,0,0,0,0,100,7132,0,1119,1176,0,0,0,0,0,0,988,0,0,0,0,0,0,1,0,0,0,0,0,0,0,0,0,0,0,0,1,1,0,0,0,1,0,1,1,1,0,0,0,1,0,1,1,0,1,1,0,0,0,0,0,0,1,0,0,0,0x014c,0x010b,0x0002,.text
0591c20b502632c0d021ae93e2dfe9b2323072bd867f0dbcc64a7736d908fea0,dike_batch2,1,original,0591c20b502632c0d021ae93e2dfe9b2323072bd867f0dbcc64a7736d908fea0,208896,6.390529024030902,264,5,2012,0,224,8,0,4,0,0,0,4,0,143360,61440,0,77738,0.34507279829545456,1677721600,4096,4096,225280,4096,0.01818181818181818,0.6363636363636364,0.2727272727272727,268515,16,1048576,4096,1048576,4096,204800,218500,143360,143360,1,1,0,0,0,0,0,143360,143360,4.635213967449036,6.643485959548025,6.643485959548025,0,0,7,114,0,0,0,0,106,160,1364,0,0,7660,0,0,0,0,64,0,484,0,0,0,0,0,1,0,0,0,0,0,0,0,1,1,0,0,0,0,1,1,0,0,0,0,0,0,0,1,0,0,0,1,1,1,1,0,0,1,0,0,0,0,1,0,1,0,0,0,0x014c,0x010b,0x0002,.text
05a5ec1b425812a3a3be839736b39128fda7acd9fbd9930a3657d76fbe56d2c1,dike_batch2,1,original,05a5ec1b425812a3a3be839736b39128fda7acd9fbd9930a3657d76fbe56d2c1,466944,7.284139795235344,216,4,2012,0,224,7,0,4,0,0,0,4,0,20480,431426,389120,6165,0.007201564369019139,4259840,4096,4096,856064,4096,0.004784688995215311,0.023923444976076555,0.5039646568480861,476679,16,1048576,4096,1048576,4096,462848,851352,294912,683416,1,1,0,0,0,0,0,20480,20480,6.9631469020805925,7.368532315983577,6.7023139190481364,2,0,7,78,0,0,0,0,0,160,31947,0,0,0,0,0,0,0,0,0,340,0,0,0,0,0,0,1,1,0,0,0,0,0,0,0,0,0,0,0,1,1,0,0,0,0,0,1,0,1,0,0,0,1,0,1,1,0,0,0,0,0,0,0,0,0,1,0,0,0,0x014c,0x010b,0x0002,.text
05b3f50dd581cc0a65eb8a71cc1d41323c4d72ee5a9a912e2805d4faa0078cc5,virusshare,1,original,05b3f50dd581cc0a65eb8a71cc1d41323c4d72ee5a9a912e2805d4faa0078cc5,20024,7.797766548809027,64,2,2007,0,224,6,0,4,0,0,0,4,0,0,20480,40960,4128,0.055989583333333336,4194304,4096,512,73728,4096,0.05555555555555555,0.0,0.2777777777777778,52969,16,1048576,4096,1048576,4096,19749,68793,19458,40960,2,2,2,0,2,0,0,291,40960,5.009914417256289,7.874131842704442,2.1456969918081366,1,54,5,10,0,0,0,0,0,120,632,0,0,0,0,0,0,0,0,0,0,0,0,0,1,0,0,1,1,0,0,0,0,0,0,0,0,0,0,0,1,1,1,1,1,1,0,1,1,1,0,0,0,1,0,1,1,0,0,0,0,0,0,0,0,0,0,0,0,0,0x014c,0x010b,0x0002,?G:0
05c3d7d8bc43cdbafd7845212d2c56115df09bc623eb9664d00fa29c4313cdb2,dike_batch2,1,original,05c3d7d8bc43cdbafd7845212d2c56115df09bc623eb9664d00fa29c4313cdb2,212992,6.162498374823538,248,5,2011,0,224,8,0,4,0,0,0,4,0,147456,61440,0,79418,0.34623500279017855,1677721600,4096,4096,229376,4096,0.017857142857142856,0.6428571428571429,0.26785714285714285,275863,16,1048576,4096,1048576,4096,208896,222788,147456,147456,1,1,0,0,0,0,0,147456,147456,4.3291641733037345,6.622031470157943,6.622031470157943,0,0,7,115,0,0,0,0,106,160,1356,0,0,8544,0,0,0,0,64,0,488,0,0,0,0,0,1,0,0,0,0,0,0,0,1,1,0,0,0,0,1,1,0,0,0,0,0,0,0,1,0,0,0,1,1,1,1,0,0,1,0,0,0,0,1,0,1,0,0,0,0x014c,0x010b,0x0002,.text
05c4dc56036d88819834b9cb71520d5bb674ceb3ae28227d7d322c603606cabf,dike_batch2,1,original,05c4dc56036d88819834b9cb71520d5bb674ceb3ae28227d7d322c603606cabf,284184,7.639300295583965,128,7,2012,0,224,2,50,4,0,0,0,4,0,4096,278016,0,4928,0.016481164383561644,4194304,4096,512,299008,1024,0.003424657534246575,0.0136986301369863,0.9297945205479452,287603,16,1048576,4096,1048576,4096,282112,282112,264192,264192,1,1,0,0,3,0,0,4096,4096,5.486729579755984,7.7160989087522545,5.108183427914036,1,1048,5,275,8,0,0,0,0,120,1716,0,1047,1476,0,0,0,0,0,0,1120,0,0,0,1,0,0,1,0,0,0,0,0,0,0,0,0,0,0,0,1,1,0,0,0,1,0,1,1,1,0,0,1,1,0,1,1,0,1,1,0,0,0,0,0,0,1,0,0,0,0x014c,0x010b,0x0002,.text
05c582a2cb4ce4f42ffb9f705add2d261a7097f6de0be3c7858f424777f7b6c5,dike_batch2,1,original,05c582a2cb4ce4f42ffb9f705add2d261a7097f6de0be3c7858f424777f7b6c5,159744,7.752081739456724,208,8,2012,0,224,17,0,5,1,0,0,5,1,22528,136192,0,16184,0.061737060546875,4194304,4096,512,262144,1024,0.00390625,0.0859375,0.51953125,177558,16,1048576,4096,1048576,4096,158720,236614,103424,103494,1,1,0,0,4,0,0,22528,22528,4.547806138024,7.992711746781815,6.29882107959775,1,0,4,101,0,0,0,0,85,100,16,0,0,2300,28,0,0,0,0,0,420,0,0,0,1,0,0,1,0,0,0,0,0,0,0,1,0,0,0,1,1,1,0,0,0,1,0,1,0,1,0,0,0,1,1,1,1,0,0,1,1,0,0,0,0,0,1,0,0,0,0x014c,0x010b,0x0002,.text
05cb54cb0d0a4fdb3829f9c555f02d987fefeea047907e5657e18a083897282b,dike_batch2,1,original,05cb54cb0d0a4fdb3829f9c555f02d987fefeea047907e5657e18a083897282b,372320,6.572586524533161,128,7,2012,0,224,2,50,4,0,0,0,4,0,349184,20992,0,347088,0.8919819078947369,4194304,4096,512,389120,1024,0.002631578947368421,0.8973684210526316,0.05394736842105263,405801,16,1048576,4096,1048576,4096,370176,370176,346112,346112,1,1,0,0,3,0,0,346112,346112,3.332511316097314,6.577714528552071,6.577714528552071,0,1120,5,414,1,0,0,0,0,120,7132,0,1119,2004,0,0,0,0,0,0,1676,0,0,0,0,0,0,1,0,0,0,0,0,0,0,0,0,0,0,0,1,1,0,0,0,1,0,0,1,1,0,0,1,1,0,1,1,0,1,1,0,0,0,0,0,0,1,0,0,0,0x014c,0x010b,0x0002,.text
05ceae47062df72f266edf3502094932eadb898ea9fd3a66537aad255d4a5ce2,dike_batch2,1,original,05ceae47062df72f266edf3502094932eadb898ea9fd3a66537aad255d4a5ce2,390656,7.846021763234168,124,4,2011,0,224,10,0,4,0,0,0,4,0,5632,384000,0,5224,0.006345226990049751,4194304,4096,512,823296,1024,0.0012437810945273632,0.006840796019900498,0.4664179104477612,0,16,1048576,4096,1048576,4096,389632,814080,380928,425984,1,2,0,0,0,0,0,5632,5632,6.06727174911581,7.88163575906179,6.294659442287453,1,0,4,39,0,0,0,0,0,120,380434,0,0,0,0,0,0,0,0,0,176,176,0,0,1,0,0,1,1,0,0,0,0,1,0,0,0,0,0,0,1,1,0,0,0,0,0,1,0,1,0,0,0,1,0,1,1,0,0,0,0,0,0,0,0,0,1,1,0,0,0x014c,0x010b,0x0002,.text
05d7439d7e7a9a871471cc0cad4b7f9eabaeb33e85422efbe983d1a7fc5d0f11,dike_batch2,1,original,05d7439d7e7a9a871471cc0cad4b7f9eabaeb33e85422efbe983d1a7fc5d0f11,313384,7.483689335277766,128,6,2012,0,224,2,50,4,0,0,0,4,0,284672,26624,0,282192,0.8720826740506329,4194304,4096,512,323584,1024,0.0031645569620253164,0.879746835443038,0.08227848101265822,354214,16,1048576,4096,1048576,4096,311296,311296,282624,282624,1,1,0,0,2,0,0,282624,282624,4.044589757139786,7.567162323510165,7.567162323510165,1,1064,4,584,1,0,0,0,0,100,7132,0,1063,2792,0,0,0,0,0,0,2352,0,0,0,1,0,0,1,0,0,0,0,0,0,0,0,0,0,0,0,1,1,0,0,0,1,0,1,1,1,0,0,1,1,0,1,1,0,1,1,0,0,0,0,0,0,1,0,0,0,0x014c,0x010b,0x0002,.text
05dea3d5c32a28106b45d4870016ddf9d0963240d3885ad85a959a3d97d5bf78,virusshare,1,original,05dea3d5c32a28106b45d4870016ddf9d0963240d3885ad85a959a3d97d5bf78,2878376,7.943135962053269,224,5,2010,0,224,9,0,5,0,6,0,5,0,25600,431104,16896,13643,0.010093365293560606,4194304,4096,512,1351680,1024,0.0007575757575757576,0.01893939393939394,0.31893939393939397,2943581,16,1048576,4096,1048576,4096,245248,1340060,212480,675840,1,2,0,1,1,0,0,25600,25600,4.688777248047001,6.48044837632289,6.48044837632289,0,2632104,8,168,1,0,0,0,0,180,212208,0,7224,0,0,0,0,0,0,0,704,0,0,0,0,0,0,1,1,0,0,0,0,0,0,0,0,0,0,1,1,1,0,0,0,1,0,0,1,1,0,0,1,1,0,1,1,0,1,0,0,0,0,0,0,0,1,0,0,0,0x014c,0x010b,0x0002,.text
05f4d85297492c16077b867c6a5716ce48f78d38d0e66b64cdd7bb41a2cb2376,dike_batch2,1,original,05f4d85297492c16077b867c6a5716ce48f78d38d0e66b64cdd7bb41a2cb2376,402432,7.975404308714663,64,4,2011,0,224,10,0,4,0,0,0,4,0,5632,16896,0,789632,0.96390625,4259840,4096,512,819200,786432,0.96,0.006875,0.020625,416838,16,1048576,4096,1048576,4096,22528,22528,14336,14336,1,2,0,0,0,0,0,5632,5632,4.283208908348836,6.648207730092323,6.648207730092323,0,378880,4,39,0,0,0,0,0,100,14146,0,0,28,0,0,0,0,0,0,0,0,0,0,0,0,0,1,1,0,0,0,0,0,0,0,0,0,0,0,1,1,0,0,0,0,0,0,1,1,0,0,0,1,0,1,1,0,0,1,0,0,0,0,0,0,0,0,0,0,0x014c,0x010b,0x0002,.text
05f85ba8c5bfff59a72a8f7193ed84b4973a43346b98941041ab75e56adcd973,virusshare,1,original,05f85ba8c5bfff59a72a8f7193ed84b4973a43346b98941041ab75e56adcd973,186368,7.771044320151344,256,10,1992,0,224,2,25,4,0,0,0,4,0,332800,81920,0,442369,0.931036587419181,4194304,4096,512,475136,1024,0.0021551724137931034,0.7004310344827587,0.1724137931034483,0,16,1048576,16384,1048576,4096,185344,471040,142336,335872,0,10,0,4,2,0,8,28672,28672,5.981507327149303,7.998747512802697,5.836047014894714,3,0,11,13,0,0,0,0,0,636,44032,0,0,8,0,0,0,24,0,0,0,0,0,1048576,1,0,0,1,0,0,0,0,0,1,0,0,0,0,0,0,1,0,1,0,0,1,0,1,0,1,0,0,0,1,0,1,1,0,0,1,0,0,0,1,0,0,0,0,0,0,0x014c,0x010b,0x0002,.aspack
06078e21181a1196f7bcbfd3a0be48a34443c0f4a89a61aca05469eb8e4d4398,dike_batch8,1,original,06078e21181a1196f7bcbfd3a0be48a34443c0f4a89a61aca05469eb8e4d4398,458752,7.481765566855581,240,4,2012,0,224,6,0,4,0,0,0,4,0,45056,409600,0,5968,0.007248911691542289,4194304,4096,4096,823296,4096,0.004975124378109453,0.05472636815920398,0.4975124378109453,0,16,1048576,4096,1048576,4096,454656,813468,364544,379092,1,1,0,0,0,0,0,45056,45056,5.970808005049428,7.731746936647267,6.1897008856729245,1,0,4,71,0,0,0,0,75,100,22740,0,0,0,0,0,0,0,0,0,300,0,0,0,1,0,0,1,1,0,0,0,0,1,0,0,0,0,0,0,1,1,0,0,0,0,0,1,0,1,0,0,0,1,1,1,1,0,0,0,0,0,0,0,0,0,1,0,0,0,0x014c,0x010b,0x0002,.text
0608a9de6f2f09cf022184d76de476141591b3ef086490e1ebac45c3283e4cb9,dike_batch8,1,original,0608a9de6f2f09cf022184d76de476141591b3ef086490e1ebac45c3283e4cb9,131168,6.856606481874434,128,9,2012,0,224,2,50,4,0,0,0,4,0,113152,15872,0,109808,0.7054893092105263,4194304,4096,512,155648,1024,0.006578947368421052,0.7269736842105263,0.10197368421052631,190386,16,1048576,4096,1048576,4096,129024,129024,108032,108032,1,1,0,0,5,0,0,108032,108032,2.565263972709453,7.082720976584188,7.082720976584188,1,1120,4,243,0,0,0,0,0,100,7132,0,1119,1176,0,0,0,0,0,0,988,0,0,0,0,0,0,1,0,0,0,0,0,0,0,0,0,0,0,0,1,1,0,0,0,1,0,1,1,1,0,0,0,1,0,1,1,0,1,1,0,0,0,0,0,0,1,0,0,0,0x014c,0x010b,0x0002,.text
06135485ab55049d6408ae27205ce56234ef7a2dc75bb52f3247809425036fd3,dike_batch8,1,original,06135485ab55049d6408ae27205ce56234ef7a2dc75bb52f3247809425036fd3,147496,6.752984353957747,128,4,2012,0,224,2,50,4,0,0,0,4,0,115200,30208,0,113744,0.7307771381578947,4194304,4096,512,155648,1024,0.006578947368421052,0.7401315789473685,0.19407894736842105,203458,16,1048576,4096,1048576,4096,145408,145408,115200,115200,1,1,0,0,0,0,0,115200,115200,5.829019783910929,6.824501975260064,6.824501975260064,0,1064,4,694,1,0,0,0,0,100,7132,0,1063,3284,0,0,0,0,0,0,2792,0,0,0,0,0,0,1,0,0,0,0,0,0,0,0,0,0,0,0,1,1,0,0,0,0,0,0,1,1,0,0,1,1,0,1,1,0,1,1,0,0,0,0,0,0,1,0,0,0,0x014c,0x010b,0x0002,.text
0615318ae33e9c5f59e9c3cc4d0d99d6e18f4fa12740e77cd3b742777a1bf28a,dike_batch8,1,original,0615318ae33e9c5f59e9c3cc4d0d99d6e18f4fa12740e77cd3b742777a1bf28a,214016,7.0116390354581055,208,3,2011,0,224,11,0,5,1,0,0,5,1,167936,0,0,33620,0.10389883306962025,4194304,4096,512,323584,1024,0.0031645569620253164,0.5189873417721519,0.0,246085,16,1048576,4096,1048576,4096,212992,314452,167936,269396,1,2,1,0,0,0,0,167936,269396,6.707772177302974,7.846030255653636,6.798286083001801,1,0,4,255,0,0,0,0,96,100,71882,0,0,1852,0,0,0,0,0,0,1036,0,0,0,1,0,0,1,0,0,0,0,0,0,0,0,0,0,0,0,1,1,1,1,1,0,0,1,0,1,0,0,0,1,1,1,1,0,0,1,0,0,0,0,0,0,1,0,0,0,0x014c,0x010b,0x0002,.text
061d624c38bd0acf34bc078cacba94ec8fb329850a23a93dba4f77bafe4cec04,dike_batch8,1,original,061d624c38bd0acf34bc078cacba94ec8fb329850a23a93dba4f77bafe4cec04,301096,7.624364984240069,128,4,2012,0,224,2,50,4,0,0,0,4,0,272384,26624,0,271584,0.8840625,4194304,4096,512,307200,1024,0.0033333333333333335,0.8866666666666667,0.08666666666666667,322971,16,1048576,4096,1048576,4096,299008,299008,272384,272384,1,1,0,0,0,0,0,272384,272384,5.989450700633648,7.70351229477633,7.70351229477633,1,1064,4,584,1,0,0,0,0,100,7132,0,1063,2784,0,0,0,0,0,0,2352,0,0,0,1,0,0,1,0,0,0,0,0,0,0,0,0,0,0,0,1,1,0,0,0,0,0,1,1,1,0,0,1,1,0,1,1,0,1,1,0,0,0,0,0,0,1,0,0,0,0x014c,0x010b,0x0002,.text
061e97793668ed2496b08168720e018a33ec32f158be2960422f81a99567a927,dike_batch8,1,original,061e97793668ed2496b08168720e018a33ec32f158be2960422f81a99567a927,421888,7.734689520967945,232,4,2012,0,224,7,0,4,0,0,0,4,0,20480,390466,430080,5873,0.006860468376196172,4259840,4096,4096,856064,4096,0.004784688995215311,0.023923444976076555,0.45611776689593303,438282,16,1048576,4096,1048576,4096,417792,848056,262144,532664,1,1,0,0,0,0,0,20480,20480,7.209898919568456,7.8759705095986385,6.631288730402025,2,0,4,63,0,0,0,0,0,100,31947,0,0,0,0,0,0,0,0,0,268,0,0,0,1,0,0,1,1,0,0,0,0,0,0,0,0,0,0,0,1,1,0,0,0,0,0,1,0,1,0,0,0,1,0,1,1,0,0,0,0,0,0,0,0,0,1,0,0,0,0x014c,0x010b,0x0002,.text
062209d71d7cf73287eb6ea83c758ed5aeee3cab5d623497f9de9a7e2692d1d6,dike_batch8,1,original,062209d71d7cf73287eb6ea83c758ed5aeee3cab5d623497f9de9a7e2692d1d6,409600,7.2123308503190104,224,4,2012,0,224,7,0,4,0,0,0,4,0,94208,298478,401408,76383,0.09370951436871859,4259840,4096,4096,815104,4096,0.005025125628140704,0.11557788944723618,0.36618394707914576,448664,16,1048576,4096,1048576,4096,405504,808120,245760,648376,1,1,0,0,0,0,0,94208,94208,6.514798340699767,7.774307328752589,7.774307328752589,2,0,6,73,0,0,0,0,0,140,53605,0,0,0,0,0,0,0,0,0,316,0,0,0,1,0,0,1,1,0,0,0,0,0,0,0,0,0,0,0,1,1,0,0,0,0,0,1,0,1,0,0,0,1,0,1,1,0,0,0,0,0,0,0,0,0,1,0,0,0,0x014c,0x010b,0x0002,.text
0624469d0b2ecdef04549cea8cfe1300009c0b2fbdce70b78aa7f66d00220d0b,dike_batch8,1,original,0624469d0b2ecdef04549cea8cfe1300009c0b2fbdce70b78aa7f66d00220d0b,393216,7.729250190824966,224,4,2012,0,224,6,0,4,0,0,0,4,0,12288,376832,0,5528,0.006714474502487562,4194304,4096,4096,823296,4096,0.004975124378109453,0.014925373134328358,0.4577114427860697,0,16,1048576,4096,1048576,4096,389120,817954,311296,437026,1,1,0,0,0,0,0,12288,12288,6.7731045642963865,7.922084103151357,6.364301578570915,1,0,3,44,0,0,0,0,0,80,6946,0,0,0,0,0,0,0,0,0,188,0,0,0,1,0,0,1,1,0,0,0,0,1,0,0,0,0,0,0,1,1,0,0,0,0,0,1,0,1,0,0,0,1,0,1,1,0,0,0,0,0,0,0,0,0,1,0,0,0,0x014c,0x010b,0x0002,.text
062fd585bb312e0d9ae4ee3a411d6022bd74cdae02e4b6eac372c134fc7b6559,dike_batch4,1,original,062fd585bb312e0d9ae4ee3a411d6022bd74cdae02e4b6eac372c134fc7b6559,374272,7.96999827366617,64,4,2011,0,224,10,0,4,0,0,0,4,0,6144,367104,0,787716,0.6747841282894737,4259840,4096,512,1167360,786432,0.6736842105263158,0.005263157894736842,0.3144736842105263,376956,16,1048576,4096,1048576,4096,373248,373248,364544,364544,1,2,0,0,0,0,0,6144,6144,5.3030091982570315,7.986707075132704,6.400689082709972,1,0,4,39,0,0,0,0,0,100,14146,0,0,0,0,0,0,0,0,0,204,0,0,0,1,0,0,1,1,0,0,0,0,0,0,0,0,0,0,0,1,1,0,0,0,0,0,1,0,1,0,0,0,1,0,1,1,0,0,0,0,0,0,0,0,0,1,0,0,0,0x014c,0x010b,0x0002,.text
065883338c11f267658a87976cae6d0a007dd904bdd9150c1b6ce01b70a43c67,dike_batch4,1,original,065883338c11f267658a87976cae6d0a007dd904bdd9150c1b6ce01b70a43c67,208896,6.162452261099173,264,5,2012,0,224,8,0,4,0,0,0,4,0,143360,61440,0,77738,0.34507279829545456,1677721600,4096,4096,225280,4096,0.01818181818181818,0.6363636363636364,0.2727272727272727,242874,16,1048576,4096,1048576,4096,204800,218500,143360,143360,1,1,0,0,0,0,0,143360,143360,4.280876322979645,6.643661752884311,6.643661752884311,0,0,7,114,0,0,0,0,106,160,1364,0,0,7656,0,0,0,0,64,0,484,0,0,0,0,0,1,0,0,0,0,0,0,0,1,1,0,0,0,0,1,1,0,0,0,0,0,0,0,1,0,0,0,1,1,1,1,0,0,1,0,0,0,0,1,0,1,0,0,0,0x014c,0x010b,0x0002,.text
066ddfc5c41813ffb17b5a8d677ec99878b93527458a962019cc88d487f23475,dike_batch4,1,original,066ddfc5c41813ffb17b5a8d677ec99878b93527458a962019cc88d487f23475,140840,6.86961769764127,128,4,2012,0,224,2,50,4,0,0,0,4,0,112128,26624,0,111632,0.7570529513888888,4194304,4096,512,147456,1024,0.006944444444444444,0.7604166666666666,0.18055555555555555,186187,16,1048576,4096,1048576,4096,138752,138752,112128,112128,1,1,0,0,0,0,0,112128,112128,5.780214443282912,6.979338848890355,6.979338848890355,0,1064,4,584,1,0,0,0,0,100,7132,0,1063,2792,0,0,0,0,0,0,2352,0,0,0,0,0,0,1,0,0,0,0,0,0,0,0,0,0,0,0,1,1,0,0,0,0,0,0,1,1,0,0,1,1,0,1,1,0,1,1,0,0,0,0,0,0,1,0,0,0,0x014c,0x010b,0x0002,.text
066fed6454e8d5874a1408ef81615f61908aa0025333dd57dd23903cc6917b2d,dike_batch4,1,original,066fed6454e8d5874a1408ef81615f61908aa0025333dd57dd23903cc6917b2d,380928,7.442486845182427,216,4,2012,0,224,7,0,4,0,0,0,4,0,8192,353858,516096,4768,0.005315353881278539,4194304,4096,4096,897024,4096,0.0045662100456621,0.0091324200913242,0.3944799693207763,411693,16,1048576,4096,1048576,4096,376832,891496,270336,785000,1,1,0,0,0,0,0,8192,8192,5.8261194599621176,7.689868252116304,6.752444744957422,2,0,8,25,0,0,0,0,0,180,91875,0,0,0,0,0,0,0,0,0,132,0,0,0,1,0,0,1,1,0,0,0,0,0,0,0,0,0,0,0,1,1,0,0,0,0,0,1,0,1,0,0,0,1,0,1,1,0,0,0,0,0,0,0,0,0,1,0,0,0,0x014c,0x010b,0x0002,.text
06777b4a7a3713d2d2c3e571aa2671fb929e98c54178ff398f4e974a72811c40,dike_batch4,1,original,06777b4a7a3713d2d2c3e571aa2671fb929e98c54178ff398f4e974a72811c40,130144,6.869957688725162,128,8,2012,0,224,2,50,4,0,0,0,4,0,112128,15872,0,109696,0.7238175675675675,4194304,4096,512,151552,1024,0.006756756756756757,0.7398648648648649,0.10472972972972973,167287,16,1048576,4096,1048576,4096,128000,128000,108032,108032,1,1,0,0,4,0,0,108032,108032,2.8727447369380803,7.080018319403094,7.080018319403094,1,1120,4,238,0,0,0,0,0,100,7132,0,1119,1116,0,0,0,0,0,0,968,0,0,0,0,0,0,1,0,0,0,0,0,0,0,0,0,0,0,0,1,1,0,0,0,1,0,1,1,1,0,0,0,1,0,1,1,0,1,1,0,0,0,0,0,0,1,0,0,0,0x014c,0x010b,0x0002,.text
06982d8deff398589eb499c0bdd11b303dc305e58a2d9fd28242c125eb92b5ec,dike_batch4,1,original,06982d8deff398589eb499c0bdd11b303dc305e58a2d9fd28242c125eb92b5ec,405504,7.3329951118699235,216,4,2012,0,224,6,0,4,0,0,0,4,0,16384,385024,0,6504,0.008313563481675394,4194304,4096,4096,782336,4096,0.005235602094240838,0.020942408376963352,0.49214659685863876,0,16,1048576,4096,1048576,4096,401408,776988,270336,482076,1,1,0,0,0,0,0,16384,16384,6.056243587265543,7.807484272904932,6.051033585133689,2,0,2,45,0,0,0,0,0,60,4298,0,0,0,0,0,0,0,0,0,188,0,0,0,1,0,0,1,1,0,0,0,0,1,0,0,0,0,0,0,1,1,0,0,0,0,0,1,0,1,0,0,0,1,0,1,1,0,0,0,0,0,0,0,0,0,1,0,0,0,0x014c,0x010b,0x0002,.text
069b646d91dd7add9519a69335cb5480134de6c9a6696d66a9c3b81fc4c1b2fe,dike_batch4,1,original,069b646d91dd7add9519a69335cb5480134de6c9a6696d66a9c3b81fc4c1b2fe,430080,7.660186087559254,224,4,2012,0,224,6,0,4,0,0,0,4,0,36864,389120,0,5728,0.006957400497512438,4194304,4096,4096,823296,4096,0.004975124378109453,0.04477611940298507,0.472636815920398,0,16,1048576,4096,1048576,4096,425984,813804,360448,402192,1,1,0,0,0,0,0,36864,36864,5.094512070911457,7.904938759555512,6.141121355693522,1,0,4,64,0,0,0,0,0,100,13072,0,0,0,0,0,0,0,0,0,272,0,0,0,1,0,0,1,1,0,0,0,0,1,0,0,0,0,0,0,1,1,0,0,0,0,0,1,0,1,0,0,0,1,0,1,1,0,0,0,0,0,0,0,0,0,1,0,0,0,0x014c,0x010b,0x0002,.text
06a428dd5a543e67f25b02ccd7efa77d8f2cd7fe67bbfe2184d2023b16aa152c,dike_batch4,1,original,06a428dd5a543e67f25b02ccd7efa77d8f2cd7fe67bbfe2184d2023b16aa152c,64360,6.711964460738021,240,4,2014,0,224,0,0,4,0,0,0,4,0,8192,12288,0,4161,0.1693115234375,4194304,4096,4096,24576,4096,0.16666666666666666,0.3333333333333333,0.5,0,16,1048576,4096,1048576,4096,20480,20480,8192,8192,1,1,0,0,0,0,0,8192,8192,3.2157978677004744,5.190127316022621,5.190127316022621,0,39784,4,145,123,0,0,0,257,0,2560,0,1,0,0,0,0,0,0,0,512,0,0,0,0,0,0,1,1,0,0,0,0,1,0,0,0,1,0,0,1,1,0,0,0,0,0,0,1,1,0,0,1,1,1,0,1,0,0,0,0,0,0,0,0,0,0,0,0,0,0x014c,0x010b,0x0002,.text
06a8398c638fbb39eaf542aefef48ef8a33c2f2e20e82593107125000d9d9bde,dike_batch4,1,original,06a8398c638fbb39eaf542aefef48ef8a33c2f2e20e82593107125000d9d9bde,458752,7.479527616981914,240,4,2012,0,224,6,0,4,0,0,0,4,0,45056,409600,0,5968,0.007248911691542289,4194304,4096,4096,823296,4096,0.004975124378109453,0.05472636815920398,0.4975124378109453,0,16,1048576,4096,1048576,4096,454656,813468,364544,379092,1,1,0,0,0,0,0,45056,45056,5.975295940436636,7.729552567074391,6.189648885572455,1,0,4,71,0,0,0,0,75,100,22740,0,0,0,0,0,0,0,0,0,300,0,0,0,1,0,0,1,1,0,0,0,0,1,0,0,0,0,0,0,1,1,0,0,0,0,0,1,0,1,0,0,0,1,1,1,1,0,0,0,0,0,0,0,0,0,1,0,0,0,0x014c,0x010b,0x0002,.text
06a87ce6f6de3e320ed14e38b4615b8f51e95fb315ea25d95c2a79b39cc8e514,dike_batch4,1,original,06a87ce6f6de3e320ed14e38b4615b8f51e95fb315ea25d95c2a79b39cc8e514,435200,7.869283094817811,616,6,2008,0,224,9,0,6,1,6,1,5,1,61952,371712,0,428606,0.9848483455882353,65536,512,512,435200,1536,0.0035294117647058825,0.1423529411764706,0.8541176470588235,439736,16,262144,4096,1048576,4096,433664,433664,361984,361984,2,2,1,0,1,0,3,1024,1024,4.408211341361814,7.9873246974012675,3.85043667266999,1,0,2,21,0,0,0,0,0,60,768,0,0,3156,0,0,0,0,64,0,92,0,0,0,1,0,0,1,0,0,0,0,0,0,0,0,0,0,0,0,1,1,1,1,1,1,0,1,0,1,0,0,0,1,0,1,1,0,0,1,0,0,0,0,1,0,1,0,0,0,0x014c,0x010b,0x0001,INIT
06aa1d8c44ebc0e78779537b0c99adb56b986cd571d8cee9c093bfeecb5a943f,dike_batch4,1,original,06aa1d8c44ebc0e78779537b0c99adb56b986cd571d8cee9c093bfeecb5a943f,442880,7.551439513888016,124,4,2011,0,224,10,0,4,0,0,0,4,0,8704,433152,0,6164,0.0075244140625,4194304,4096,512,819200,1024,0.00125,0.010625,0.52875,0,16,1048576,4096,1048576,4096,441856,808960,430080,430080,1,2,0,0,0,0,0,8704,8704,4.033271376301704,7.6187615208588975,4.517015489475386,1,0,4,39,0,0,0,0,0,100,429904,0,0,0,0,0,0,0,0,0,0,28,0,0,1,0,0,1,1,0,0,0,0,1,0,0,0,0,0,0,1,1,0,0,0,0,0,1,0,1,0,0,0,1,0,1,1,0,0,0,0,0,0,0,0,0,0,1,0,0,0x014c,0x010b,0x0002,.text
06be0bee97ba6c17bf60b4195316633b11ec2a7a35c16afdce1cbc2e5b32dbc1,dike_batch4,1,original,06be0bee97ba6c17bf60b4195316633b11ec2a7a35c16afdce1cbc2e5b32dbc1,110176,6.99055326242983,128,4,2012,0,224,2,50,4,0,0,0,4,0,102912,5632,0,110208,0.896875,4194304,4096,512,122880,1024,0.008333333333333333,0.8375,0.04583333333333333,142494,16,1048576,4096,1048576,4096,108032,108300,102912,102912,0,2,0,0,0,0,1,102912,102912,4.173955089544657,7.130753413234042,7.130753413234042,1,1120,3,9,0,0,0,0,0,80,4044,0,1119,104,0,0,0,0,0,0,48,0,0,0,0,0,0,1,0,0,0,0,0,0,0,0,0,0,0,0,1,0,1,0,0,0,0,1,1,1,0,0,0,1,0,1,1,0,1,1,0,0,0,0,0,0,1,0,0,0,0x014c,0x010b,0x0002,.text
06c09149adf100a80dbccc99ba814d8c078694e0dc85d8f35b7a06fc356ea385,dike_batch4,1,original,06c09149adf100a80dbccc99ba814d8c078694e0dc85d8f35b7a06fc356ea385,208896,6.389433310224925,264,5,2012,0,224,8,0,4,0,0,0,4,0,143360,61440,0,77738,0.34507279829545456,1677721600,4096,4096,225280,4096,0.01818181818181818,0.6363636363636364,0.2727272727272727,241295,16,1048576,4096,1048576,4096,204800,218500,143360,143360,1,1,0,0,0,0,0,143360,143360,4.634556762408612,6.643807595934528,6.643807595934528,0,0,7,114,0,0,0,0,106,160,1364,0,0,7664,0,0,0,0,64,0,484,0,0,0,0,0,1,0,0,0,0,0,0,0,1,1,0,0,0,0,1,1,0,0,0,0,0,0,0,1,0,0,0,1,1,1,1,0,0,1,0,0,0,0,1,0,1,0,0,0,0x014c,0x010b,0x0002,.text
06d2dd8e661cc3fe4ec517d09c0fd4871f76c070e7e1893c85a0b0af3ab3ab0e,dike_batch4,1,original,06d2dd8e661cc3fe4ec517d09c0fd4871f76c070e7e1893c85a0b0af3ab3ab0e,301096,7.62403321970295,128,4,2012,0,224,2,50,4,0,0,0,4,0,272384,26624,0,271584,0.8840625,4194304,4096,512,307200,1024,0.0033333333333333335,0.8866666666666667,0.08666666666666667,336699,16,1048576,4096,1048576,4096,299008,299008,272384,272384,1,1,0,0,0,0,0,272384,272384,5.987342483043225,7.7032591778267445,7.7032591778267445,1,1064,4,584,1,0,0,0,0,100,7132,0,1063,2784,0,0,0,0,0,0,2352,0,0,0,1,0,0,1,0,0,0,0,0,0,0,0,0,0,0,0,1,1,0,0,0,0,0,1,1,1,0,0,1,1,0,1,1,0,1,1,0,0,0,0,0,0,1,0,0,0,0x014c,0x010b,0x0002,.text
06d7e97c0243df900ddf0f1ff7fae045d896a08b9f7d3414d0b772e88928bbf6,dike_batch4,1,original,06d7e97c0243df900ddf0f1ff7fae045d896a08b9f7d3414d0b772e88928bbf6,393216,7.7300189306214175,224,4,2012,0,224,6,0,4,0,0,0,4,0,12288,376832,0,5528,0.006714474502487562,4194304,4096,4096,823296,4096,0.004975124378109453,0.014925373134328358,0.4577114427860697,0,16,1048576,4096,1048576,4096,389120,817954,311296,437026,1,1,0,0,0,0,0,12288,12288,6.7746941504735405,7.922020808535053,6.364687308343589,1,0,3,44,0,0,0,0,0,80,6946,0,0,0,0,0,0,0,0,0,188,0,0,0,1,0,0,1,1,0,0,0,0,1,0,0,0,0,0,0,1,1,0,0,0,0,0,1,0,1,0,0,0,1,0,1,1,0,0,0,0,0,0,0,0,0,1,0,0,0,0x014c,0x010b,0x0002,.text
06e942823cc25dd8c4f7e658f877e541e9af2aea18634934dc61aad8b29c1bcb,dike_batch4,1,original,06e942823cc25dd8c4f7e658f877e541e9af2aea18634934dc61aad8b29c1bcb,458752,7.450827914673418,216,4,2012,0,224,7,0,4,0,0,0,4,0,28672,425984,249856,6970,0.007060830523858921,4259840,4096,4096,987136,4096,0.004149377593360996,0.029045643153526972,0.4315352697095436,495422,16,1048576,4096,1048576,4096,454656,980180,249856,775380,1,1,0,0,0,0,0,28672,28672,6.435915777205559,7.83923209181253,6.480414109903311,2,0,4,85,0,0,0,0,0,100,167581,0,0,0,0,0,0,0,0,0,356,0,0,0,1,0,0,1,1,0,0,0,0,0,0,0,0,0,0,0,1,1,0,0,0,0,0,1,0,1,0,0,0,1,0,1,1,0,0,0,0,0,0,0,0,0,1,0,0,0,0x014c,0x010b,0x0002,.text
06ee8e950adb4182a54d4a671aa05ced5adf55e3e270a029b68d1983e33fa72d,dike_batch4,1,original,06ee8e950adb4182a54d4a671aa05ced5adf55e3e270a029b68d1983e33fa72d,110176,6.9934356491523575,128,4,2012,0,224,2,50,4,0,0,0,4,0,103424,4608,0,9296,0.07565104166666667,4194304,4096,512,122880,1024,0.008333333333333333,0.8416666666666667,0.0375,174051,16,1048576,4096,1048576,4096,108032,108032,103424,103424,1,2,1,0,0,0,1,103424,103424,3.8982988475575713,7.125953959345341,7.125953959345341,1,1120,2,9,0,0,0,0,0,60,2724,0,1119,136,0,0,0,0,0,0,44,0,0,0,0,0,0,1,0,0,0,0,0,0,0,0,0,0,0,0,1,1,1,1,1,0,0,1,1,1,0,0,0,1,0,1,1,0,1,1,0,0,0,0,0,0,1,0,0,0,0x014c,0x010b,0x0002,.text
06ef413fcfe93ca819c1fc5cca9261daf6a7072720eb5d8e2ea046c27e9b740e,dike_batch4,1,original,06ef413fcfe93ca819c1fc5cca9261daf6a7072720eb5d8e2ea046c27e9b740e,368640,7.690064125375833,224,4,2012,0,224,7,0,4,0,0,0,4,0,98304,254687,434176,83039,0.10290961096129442,4259840,4096,4096,806912,4096,0.005076142131979695,0.1218274111675127,0.31563169217956855,384483,16,1048576,4096,1048576,4096,364544,799352,208896,643704,1,1,0,0,0,0,0,98304,98304,6.7315324464688935,7.8810542665463155,7.8810542665463155,3,0,4,69,0,0,0,0,0,100,47200,0,0,0,0,0,0,0,0,0,292,0,0,0,1,0,0,1,1,0,0,0,0,0,0,0,0,0,0,0,1,1,0,0,0,0,0,1,0,1,0,0,0,1,0,1,1,0,0,0,0,0,0,0,0,0,1,0,0,0,0x014c,0x010b,0x0002,.text
06f4ca22acd1a7dfb6d040b0e1c372657aedb5d0ab4afd17cf0344596f941f4f,dike_batch4,1,original,06f4ca22acd1a7dfb6d040b0e1c372657aedb5d0ab4afd17cf0344596f941f4f,208896,6.440208394492615,248,5,2012,0,224,8,0,4,0,0,0,4,0,143360,61440,0,78682,0.34926313920454544,1694498816,4096,4096,225280,4096,0.01818181818181818,0.6363636363636364,0.2727272727272727,265310,16,1048576,4096,1048576,4096,204800,218500,143360,143360,1,1,0,0,0,0,0,143360,143360,4.680595946195072,6.674759628552785,6.674759628552785,0,0,6,111,0,0,0,0,106,140,1364,0,0,7708,0,0,0,0,64,0,468,0,0,0,0,0,1,0,0,0,0,0,0,0,1,1,0,0,0,0,1,1,0,0,0,0,0,0,0,1,0,0,0,1,1,1,1,0,0,1,0,0,0,0,1,0,1,0,0,0,0x014c,0x010b,0x0002,.text
06f8b4d643647a823ae66060e54374365e75a5afb7d1608753006260cad4286e,dike_batch4,1,original,06f8b4d643647a823ae66060e54374365e75a5afb7d1608753006260cad4286e,148480,7.446274022650384,232,4,2012,0,224,10,0,5,1,0,0,5,1,39424,97280,0,20799,0.13020207331730768,4194304,4096,512,159744,1024,0.00641025641025641,0.2467948717948718,0.6089743589743589,96237,16,1048576,4096,1048576,4096,147456,148992,94720,94720,1,4,1,0,0,0,0,39424,39424,5.916694657641088,7.976970892465021,5.600924758769085,1,0,11,455,0,0,0,0,0,10752,94268,0,0,1644,0,0,0,0,64,0,0,0,0,0,1,0,0,1,0,0,0,0,0,0,1,1,0,0,0,1,1,1,1,1,1,0,0,1,0,1,0,0,0,1,0,1,1,0,0,1,0,0,0,0,1,0,0,0,0,0,0x014c,0x010b,0x0002,.text
06f8e5f77ae8084b7f5a1f515571c4fbb542a99e65e736e7c7e4ee13e0cf02b9,dike_batch4,1,original,06f8e5f77ae8084b7f5a1f515571c4fbb542a99e65e736e7c7e4ee13e0cf02b9,442368,7.603191730810951,216,5,2012,0,224,7,0,4,0,0,0,4,0,28672,409600,4096,6533,0.007974853515625,4259840,4096,4096,819200,4096,0.005,0.035,0.5,504063,16,1048576,4096,1048576,4096,438272,813376,376832,379200,1,2,0,0,0,0,0,28672,28672,5.703689393137246,7.820441979129169,6.4192199368450416,1,0,4,69,0,0,0,0,0,100,17116,0,0,0,0,0,0,0,0,0,292,0,0,0,1,0,0,1,1,0,0,0,0,0,0,0,0,0,0,0,1,1,0,0,0,0,0,1,0,1,0,0,0,1,0,1,1,0,0,0,0,0,0,0,0,0,1,0,0,0,0x014c,0x010b,0x0002,.text
0706037233e72febd6ddc79c29906b56cb07f1fa93c6813eb162f89313311277,dike_batch4,1,original,0706037233e72febd6ddc79c29906b56cb07f1fa93c6813eb162f89313311277,174592,7.8159154760505425,224,4,2011,0,224,10,0,5,1,0,0,5,1,163328,10240,0,146232,0.793359375,4194304,4096,512,184320,1024,0.005555555555555556,0.8861111111111111,0.05555555555555555,240086,16,1048576,4096,1048576,4096,173568,173568,163328,163328,1,1,0,0,0,0,0,163328,163328,5.457333950966558,7.8923827282855905,7.8923827282855905,1,0,2,19,0,0,0,0,91,60,856,0,0,2660,28,0,0,0,0,0,84,0,0,0,1,0,0,1,0,0,0,0,0,0,0,0,0,0,0,0,1,1,0,0,0,0,0,1,0,1,0,0,0,1,1,1,1,0,0,1,1,0,0,0,0,0,1,0,0,0,0x014c,0x010b,0x0002,.text
070bb96b42dbc5789d9952b0af2b5f58758a4de55f30c4a14d20e2405949243a,dike_batch4,1,original,070bb96b42dbc5789d9952b0af2b5f58758a4de55f30c4a14d20e2405949243a,292864,6.044267860960575,208,5,2012,0,224,10,0,5,1,0,0,5,1,271360,19456,0,178160,0.5877850506756757,4194304,4096,512,303104,1024,0.0033783783783783786,0.8952702702702703,0.06418918918918919,0,16,1048576,4096,1048576,4096,290816,290816,271360,271360,1,1,0,0,0,0,0,271360,271360,3.4197068813317335,6.020091451794778,6.020091451794778,0,1024,3,24,0,0,0,0,0,80,3088,0,0,0,0,0,0,0,0,0,108,0,0,0,0,0,0,1,1,0,0,0,0,1,0,1,0,0,0,0,1,1,0,0,0,0,0,0,1,1,0,0,0,1,0,1,1,0,0,0,0,0,0,0,0,0,1,0,0,0,0x014c,0x010b,0x0002,.text
070bdfbbf83925ee81ed6610a7985a73cfdc286eb8546e97c6669f83c5e26dcc,dike_batch4,1,original,070bdfbbf83925ee81ed6610a7985a73cfdc286eb8546e97c6669f83c5e26dcc,208896,6.17285850632876,264,5,2012,0,224,8,0,4,0,0,0,4,0,143360,61440,0,77738,0.34507279829545456,1677721600,4096,4096,225280,4096,0.01818181818181818,0.6363636363636364,0.2727272727272727,270773,16,1048576,4096,1048576,4096,204800,218500,143360,143360,1,1,0,0,0,0,0,143360,143360,4.337075250975008,6.64419896944634,6.64419896944634,0,0,7,114,0,0,0,0,106,160,1364,0,0,7656,0,0,0,0,64,0,484,0,0,0,0,0,1,0,0,0,0,0,0,0,1,1,0,0,0,0,1,1,0,0,0,0,0,0,0,1,0,0,0,1,1,1,1,0,0,1,0,0,0,0,1,0,1,0,0,0,0x014c,0x010b,0x0002,.text
072f77e0bc3b3dd48abf48c04b4ddc721d1aee4969934095e17849cc464a8941,dike_batch4,1,original,072f77e0bc3b3dd48abf48c04b4ddc721d1aee4969934095e17849cc464a8941,393216,7.730450347270687,208,4,2012,0,224,6,0,4,0,0,0,4,0,12288,376832,0,5592,0.0067922108208955225,4194304,4096,4096,823296,4096,0.004975124378109453,0.014925373134328358,0.4577114427860697,0,16,1048576,4096,1048576,4096,389120,817954,311296,437026,1,1,0,0,0,0,0,12288,12288,6.777071176586582,7.9221298926038175,6.376815638997607,1,0,3,46,0,0,0,0,0,80,6946,0,0,0,0,0,0,0,0,0,196,0,0,0,1,0,0,1,1,0,0,0,0,1,0,0,0,0,0,0,1,1,0,0,0,0,0,1,0,1,0,0,0,1,0,1,1,0,0,0,0,0,0,0,0,0,1,0,0,0,0x014c,0x010b,0x0002,.text
073684d03e9119f019d83bbb8043ad9484760896351ee66a5c7ee16a7701f777,dike_batch4,1,original,073684d03e9119f019d83bbb8043ad9484760896351ee66a5c7ee16a7701f777,208896,6.162428334434156,264,5,2012,0,224,8,0,4,0,0,0,4,0,143360,61440,0,77738,0.34507279829545456,1677721600,4096,4096,225280,4096,0.01818181818181818,0.6363636363636364,0.2727272727272727,242874,16,1048576,4096,1048576,4096,204800,218500,143360,143360,1,1,0,0,0,0,0,143360,143360,4.2805593366765375,6.643661752884311,6.643661752884311,0,0,7,114,0,0,0,0,106,160,1364,0,0,7656,0,0,0,0,64,0,484,0,0,0,0,0,1,0,0,0,0,0,0,0,1,1,0,0,0,0,1,1,0,0,0,0,0,0,0,1,0,0,0,1,1,1,1,0,0,1,0,0,0,0,1,0,1,0,0,0,0x014c,0x010b,0x0002,.text
073bfdb04ead0ef29f77bbdfabda77d8abc2e27aeeb758ab077bfed2f67e3a17,dike_batch4,1,original,073bfdb04ead0ef29f77bbdfabda77d8abc2e27aeeb758ab077bfed2f67e3a17,402432,7.975636238971925,64,4,2011,0,224,10,0,4,0,0,0,4,0,5632,16896,0,789544,0.963798828125,4259840,4096,512,819200,786432,0.96,0.006875,0.020625,447511,16,1048576,4096,1048576,4096,22528,22528,14336,14336,1,2,0,0,0,0,0,5632,5632,4.278558446084226,6.673328986639105,6.673328986639105,0,378880,4,39,0,0,0,0,0,100,14146,0,0,28,0,0,0,0,0,0,0,0,0,0,0,0,0,1,1,0,0,0,0,0,0,0,0,0,0,0,1,1,0,0,0,0,0,0,1,1,0,0,0,1,0,1,1,0,0,1,0,0,0,0,0,0,0,0,0,0,0x014c,0x010b,0x0002,.text
0741397423349cc675bd086590e5adec15a822e5388e6ec3e60aa3a97d4f77a4,dike_batch4,1,original,0741397423349cc675bd086590e5adec15a822e5388e6ec3e60aa3a97d4f77a4,434176,7.8711895766193125,608,6,2008,0,224,9,0,6,1,6,1,5,1,60928,371712,0,427582,0.9848126105542453,65536,512,512,434176,1536,0.003537735849056604,0.1403301886792453,0.8561320754716981,480500,16,262144,4096,1048576,4096,432640,432640,361984,361984,2,2,1,0,1,0,3,1024,1024,4.514247516542804,7.987597955737112,4.466099908319625,1,0,2,25,0,0,0,0,0,60,768,0,0,3144,0,0,0,0,64,0,108,0,0,0,1,0,0,1,0,0,0,0,0,0,0,0,0,0,0,0,1,1,1,1,1,1,0,1,0,1,0,0,0,1,0,1,1,0,0,1,0,0,0,0,1,0,1,0,0,0,0x014c,0x010b,0x0001,INIT
07424ea3be17ab7c5ced11bba8245f9586ca8515594618689711ffa32b22f525,dike_batch4,1,original,07424ea3be17ab7c5ced11bba8245f9586ca8515594618689711ffa32b22f525,208896,6.1668685690692815,264,5,2012,0,224,8,0,4,0,0,0,4,0,143360,61440,0,77738,0.34507279829545456,1677721600,4096,4096,225280,4096,0.01818181818181818,0.6363636363636364,0.2727272727272727,270773,16,1048576,4096,1048576,4096,204800,218500,143360,143360,1,1,0,0,0,0,0,143360,143360,4.286420911414516,6.64419896944634,6.64419896944634,0,0,7,114,0,0,0,0,106,160,1364,0,0,7656,0,0,0,0,64,0,484,0,0,0,0,0,1,0,0,0,0,0,0,0,1,1,0,0,0,0,1,1,0,0,0,0,0,0,0,1,0,0,0,1,1,1,1,0,0,1,0,0,0,0,1,0,1,0,0,0,0x014c,0x010b,0x0002,.text
0744dfef662f30000d02070b788d6468494c9428ae80f51f84feb65a6df23718,dike_batch4,1,original,0744dfef662f30000d02070b788d6468494c9428ae80f51f84feb65a6df23718,220672,7.034459844450349,200,4,2011,0,224,10,0,5,1,0,0,5,1,194560,0,0,192808,0.8258292214912281,4194304,4096,512,233472,1024,0.0043859649122807015,0.8333333333333334,0.0,270847,16,1048576,4096,1048576,4096,219648,219648,194560,194560,1,1,0,0,0,0,0,194560,194560,4.998525508198027,6.831195386462432,6.831195386462432,0,0,4,253,0,0,0,0,99,100,16,0,0,1996,28,0,0,0,0,0,1028,0,0,0,0,0,0,1,0,0,0,0,0,0,0,0,0,0,0,0,1,1,0,0,0,0,0,0,0,1,0,0,0,1,1,1,1,0,0,1,1,0,0,0,0,0,1,0,0,0,0x014c,0x010b,0x0002,.text
07481c746ec079bc1419ce868aac96127e2f0c7eb5aa6694f780a01456ba80b8,dike_batch4,1,original,07481c746ec079bc1419ce868aac96127e2f0c7eb5aa6694f780a01456ba80b8,208896,6.162498146109374,264,5,2012,0,224,8,0,4,0,0,0,4,0,143360,61440,0,77738,0.34507279829545456,1677721600,4096,4096,225280,4096,0.01818181818181818,0.6363636363636364,0.2727272727272727,242874,16,1048576,4096,1048576,4096,204800,218500,143360,143360,1,1,0,0,0,0,0,143360,143360,4.280477994551263,6.643661752884311,6.643661752884311,0,0,7,114,0,0,0,0,106,160,1364,0,0,7656,0,0,0,0,64,0,484,0,0,0,0,0,1,0,0,0,0,0,0,0,1,1,0,0,0,0,1,1,0,0,0,0,0,0,0,1,0,0,0,1,1,1,1,0,0,1,0,0,0,0,1,0,1,0,0,0,0x014c,0x010b,0x0002,.text
07553d019bd404156b5c5b16baab68adc6e3d2170a7fee6b7926a8cccfdadedd,dike_batch4,1,original,07553d019bd404156b5c5b16baab68adc6e3d2170a7fee6b7926a8cccfdadedd,421888,7.663751556244668,224,4,2012,0,224,6,0,4,0,0,0,4,0,36864,380928,0,5616,0.006821361940298507,4194304,4096,4096,823296,4096,0.004975124378109453,0.04477611940298507,0.4626865671641791,0,16,1048576,4096,1048576,4096,417792,814118,360448,402506,1,1,0,0,0,0,0,36864,36864,4.803891090557666,7.904864376777813,6.129934077312412,1,0,4,62,0,0,0,0,0,100,5194,0,0,0,0,0,0,0,0,0,264,0,0,0,1,0,0,1,1,0,0,0,0,1,0,0,0,0,0,0,1,1,0,0,0,0,0,1,0,1,0,0,0,1,0,1,1,0,0,0,0,0,0,0,0,0,1,0,0,0,0x014c,0x010b,0x0002,.text
0755a7cc5d59d19e3247753c0a98064be26bb4ec892511bbb7f65bf8eaa53c1b,dike_batch4,1,original,0755a7cc5d59d19e3247753c0a98064be26bb4ec892511bbb7f65bf8eaa53c1b,131168,6.8545977809136565,128,9,2012,0,224,2,50,4,0,0,0,4,0,113152,15872,0,109808,0.7054893092105263,4194304,4096,512,155648,1024,0.006578947368421052,0.7269736842105263,0.10197368421052631,153182,16,1048576,4096,1048576,4096,129024,129024,108032,108032,1,1,0,0,5,0,0,108032,108032,2.565171008227955,7.080768366285011,7.080768366285011,1,1120,4,243,0,0,0,0,0,100,7132,0,1119,1176,0,0,0,0,0,0,988,0,0,0,0,0,0,1,0,0,0,0,0,0,0,0,0,0,0,0,1,1,0,0,0,1,0,1,1,1,0,0,0,1,0,1,1,0,1,1,0,0,0,0,0,0,1,0,0,0,0x014c,0x010b,0x0002,.text
07585799c33c0e6aebb1087206f9e765230b1754f154e333f27f24579deb7759,dike_batch4,1,original,07585799c33c0e6aebb1087206f9e765230b1754f154e333f27f24579deb7759,372736,7.635915886647757,232,4,2012,0,224,7,0,4,0,0,0,4,0,94208,261614,438272,76217,0.093505859375,4259840,4096,4096,815104,4096,0.005025125628140704,0.11557788944723618,0.3209578164258794,387335,16,1048576,4096,1048576,4096,368640,807544,208896,647800,1,1,0,0,0,0,0,94208,94208,6.644250281971033,7.7691801449528315,7.7691801449528315,3,0,2,60,0,0,0,0,0,60,53605,0,0,0,0,0,0,0,0,0,248,0,0,0,1,0,0,1,1,0,0,0,0,0,0,0,0,0,0,0,1,1,0,0,0,0,0,1,0,1,0,0,0,1,0,1,1,0,0,0,0,0,0,0,0,0,1,0,0,0,0x014c,0x010b,0x0002,.text
075cca98cf950d1e84106445674e0f9af5ea53fc61c53508e8eda9447b7b7695,dike_batch4,1,original,075cca98cf950d1e84106445674e0f9af5ea53fc61c53508e8eda9447b7b7695,413696,7.671873254720464,224,4,2012,0,224,6,0,4,0,0,0,4,0,12288,397312,0,6323,0.007642085009282178,4194304,4096,4096,827392,4096,0.0049504950495049506,0.01485148514851485,0.4801980198019802,0,16,1048576,4096,1048576,4096,409600,822904,339968,429688,1,1,0,0,0,0,0,12288,12288,6.072961139831472,7.976509010918613,6.3351002956627545,1,0,4,41,0,0,0,0,0,100,336706,0,0,0,0,0,0,0,0,0,180,0,0,0,1,0,0,1,1,0,0,0,0,1,0,0,0,0,0,0,1,1,0,0,0,0,0,1,0,1,0,0,0,1,0,1,1,0,0,0,0,0,0,0,0,0,1,0,0,0,0x014c,0x010b,0x0002,.text
076c8847b93603fcf587b9de31fd0a50218375146533afb1a54be1a77b899e7d,dike_batch4,1,original,076c8847b93603fcf587b9de31fd0a50218375146533afb1a54be1a77b899e7d,409600,7.683180636184585,216,4,2012,0,224,6,0,4,0,0,0,4,0,12288,393216,0,6292,0.007604617883663367,4194304,4096,4096,827392,4096,0.0049504950495049506,0.01485148514851485,0.4752475247524752,0,16,1048576,4096,1048576,4096,405504,819800,335872,430680,1,1,0,0,0,0,0,12288,12288,6.078345748138677,7.9857798190006255,6.347389603956147,1,0,3,48,0,0,0,0,0,80,333340,0,0,0,0,0,0,0,0,0,204,0,0,0,1,0,0,1,1,0,0,0,0,1,0,0,0,0,0,0,1,1,0,0,0,0,0,1,0,1,0,0,0,1,0,1,1,0,0,0,0,0,0,0,0,0,1,0,0,0,0x014c,0x010b,0x0002,.text
0772135011da70ffb65df2fbd2f6f16ddd6ff373a13173b776a81a3fdabbef43,dike_batch4,1,original,0772135011da70ffb65df2fbd2f6f16ddd6ff373a13173b776a81a3fdabbef43,194560,7.793667171849774,208,3,2011,0,224,11,0,5,1,0,0,5,1,47104,0,0,39643,0.12904622395833334,4194304,4096,512,307200,1024,0.0033333333333333335,0.15333333333333332,0.0,227762,16,1048576,4096,1048576,4096,193536,299930,146432,146432,1,1,0,1,1,0,0,47104,47104,7.655182668137419,7.837107158299394,7.473258177975445,2,0,5,261,0,0,0,0,93,120,21088,0,0,1604,0,0,0,0,0,0,1064,0,0,0,1,0,0,1,0,0,0,0,0,0,0,0,0,0,0,0,1,1,0,0,0,1,0,1,0,1,0,0,0,1,1,1,1,0,0,1,0,0,0,0,0,0,1,0,0,0,0x014c,0x010b,0x0002,.text
077cb69a6531eb01ef7960fbcb94de2eb51ababe8b0a9976356f0fa89331cdae,dike_batch4,1,original,077cb69a6531eb01ef7960fbcb94de2eb51ababe8b0a9976356f0fa89331cdae,225792,7.125726904200321,208,5,2011,0,224,10,0,5,1,0,0,5,1,190976,0,0,146979,0.6081956766419492,4194304,4096,512,241664,1024,0.00423728813559322,0.7902542372881356,0.0,258268,16,1048576,4096,1048576,4096,224768,224768,190976,190976,1,1,0,0,1,0,0,190976,190976,6.454431209877765,6.850771615048243,6.850771615048243,0,0,4,250,0,0,0,0,102,100,9212,0,0,1996,28,0,0,0,0,0,1016,0,0,0,0,0,0,1,0,0,0,0,0,0,0,0,0,0,0,0,1,1,0,0,0,1,0,0,0,1,0,0,0,1,1,1,1,0,0,1,1,0,0,0,0,0,1,0,0,0,0x014c,0x010b,0x0002,.text
0780f3f7d14975647265529f1b15c3645bfc38ac8d1010382e781937fc2c95c0,virusshare,1,original,0780f3f7d14975647265529f1b15c3645bfc38ac8d1010382e781937fc2c95c0,196608,6.173464338327271,248,5,2008,0,224,8,0,4,0,0,0,4,0,131072,61440,0,86909,0.4420420328776042,268435456,4096,4096,196608,4096,0.020833333333333332,0.6666666666666666,0.3125,236819,16,1048576,4096,1048576,4096,192512,192512,131072,131072,1,1,0,0,0,0,0,131072,131072,4.63566495204488,6.551602393514159,6.551602393514159,0,0,7,178,0,0,0,0,168,160,4884,0,0,7664,28,0,0,0,64,0,740,0,0,0,0,0,1,0,0,0,0,0,0,0,0,0,0,0,0,0,1,1,0,0,0,0,0,0,0,1,0,0,0,1,1,1,1,0,0,1,1,0,0,0,1,0,1,0,0,0,0x014c,0x010b,0x0002,.text
078636d653bf8d9d407720754f4582ce9999fbb45b04e4a4dd3080f16e0f06d2,dike_batch4,1,original,078636d653bf8d9d407720754f4582ce9999fbb45b04e4a4dd3080f16e0f06d2,110176,6.993406959401661,128,4,2012,0,224,2,50,4,0,0,0,4,0,102912,5632,0,110272,0.8973958333333333,4194304,4096,512,122880,1024,0.008333333333333333,0.8375,0.04583333333333333,135503,16,1048576,4096,1048576,4096,108032,108268,102912,102912,0,2,0,0,0,0,1,102912,102912,4.1749877796898955,7.133235143190211,7.133235143190211,1,1120,2,9,0,0,0,0,0,60,4044,0,1119,108,0,0,0,0,0,0,44,0,0,0,0,0,0,1,0,0,0,0,0,0,0,0,0,0,0,0,1,0,1,0,0,0,0,1,1,1,0,0,0,1,0,1,1,0,1,1,0,0,0,0,0,0,1,0,0,0,0x014c,0x010b,0x0002,.text
078c7661729528f9412b15aa7b604c068b8b523a3ab3b9538f8938bf361655c9,dike_batch4,1,original,078c7661729528f9412b15aa7b604c068b8b523a3ab3b9538f8938bf361655c9,345088,7.847710400379464,124,4,2012,0,224,10,0,4,0,0,0,4,0,8704,335360,0,6272,0.00805921052631579,4194304,4096,512,778240,1024,0.0013157894736842105,0.01118421052631579,0.4309210526315789,0,16,1048576,4096,1048576,4096,344064,764416,332288,421888,1,2,0,0,0,0,0,8704,8704,4.139422863943767,7.92011190057783,4.527102067813573,1,0,4,39,0,0,0,0,0,100,331962,0,0,0,0,0,0,0,0,0,0,28,0,0,1,0,0,1,1,0,0,0,0,1,0,0,0,0,0,0,1,1,0,0,0,0,0,1,0,1,0,0,0,1,0,1,1,0,0,0,0,0,0,0,0,0,0,1,0,0,0x014c,0x010b,0x0002,.text
0790bcc82049a03b93fd9da1e526a98344092055f4984d291a73758f4b370678,dike_batch4,1,original,0790bcc82049a03b93fd9da1e526a98344092055f4984d291a73758f4b370678,394240,7.8203743913897075,124,4,2011,0,224,10,0,4,0,0,0,4,0,5632,387584,0,5048,0.00613145211442786,4194304,4096,512,823296,1024,0.0012437810945273632,0.006840796019900498,0.47077114427860695,0,16,1048576,4096,1048576,4096,393216,813568,384512,421888,1,2,0,0,0,0,0,5632,5632,6.147117764927167,7.852861166484522,6.457930992469145,1,0,4,39,0,0,0,0,0,120,384476,0,0,0,0,0,0,0,0,0,176,176,0,0,1,0,0,1,1,0,0,0,0,1,0,0,0,0,0,0,1,1,0,0,0,0,0,1,0,1,0,0,0,1,0,1,1,0,0,0,0,0,0,0,0,0,1,1,0,0,0x014c,0x010b,0x0002,.text
079446bf9312dddb55bdff3e91fb70fc93c05c5d4f841bb6a6581a0e4db44d17,dike_batch4,1,original,079446bf9312dddb55bdff3e91fb70fc93c05c5d4f841bb6a6581a0e4db44d17,348160,7.664978488418017,200,4,2012,0,224,7,0,4,0,0,0,4,0,86016,242655,454656,82832,0.10317681760204081,4259840,4096,4096,802816,4096,0.00510204081632653,0.10714285714285714,0.3022548130580357,359267,16,1048576,4096,1048576,4096,344064,796268,200704,652908,1,1,0,0,0,0,0,86016,86016,6.489311697174891,7.945792534995924,7.945792534995924,2,0,3,17,0,0,0,0,0,80,41824,0,0,0,0,0,0,0,0,0,80,0,0,0,1,0,0,1,1,0,0,0,0,0,0,0,0,0,0,0,1,1,0,0,0,0,0,1,0,1,0,0,0,1,0,1,1,0,0,0,0,0,0,0,0,0,1,0,0,0,0x014c,0x010b,0x0002,.text
07a73366eb19100f2a10af412ceafd12cd1b87b5ed07c7432e1c599e44b209c2,dike_batch4,1,original,07a73366eb19100f2a10af412ceafd12cd1b87b5ed07c7432e1c599e44b209c2,131168,6.857585911914854,128,9,2012,0,224,2,50,4,0,0,0,4,0,113152,15872,0,109808,0.7054893092105263,4194304,4096,512,155648,1024,0.006578947368421052,0.7269736842105263,0.10197368421052631,164875,16,1048576,4096,1048576,4096,129024,129024,108032,108032,1,1,0,0,5,0,0,108032,108032,2.5654039408027858,7.08354658640801,7.08354658640801,1,1120,4,243,0,0,0,0,0,100,7132,0,1119,1176,0,0,0,0,0,0,988,0,0,0,0,0,0,1,0,0,0,0,0,0,0,0,0,0,0,0,1,1,0,0,0,1,0,1,1,1,0,0,0,1,0,1,1,0,1,1,0,0,0,0,0,0,1,0,0,0,0x014c,0x010b,0x0002,.text
07ae779e4c07e3f16c2a5e375308b8e9e60b6efb1ef2415df6996b46fc552a0f,dike_batch4,1,original,07ae779e4c07e3f16c2a5e375308b8e9e60b6efb1ef2415df6996b46fc552a0f,147496,6.7529572600859336,128,4,2012,0,224,2,50,4,0,0,0,4,0,115200,30208,0,113744,0.7307771381578947,4194304,4096,512,155648,1024,0.006578947368421052,0.7401315789473685,0.19407894736842105,157067,16,1048576,4096,1048576,4096,145408,145408,115200,115200,1,1,0,0,0,0,0,115200,115200,5.829530327449081,6.8244957374160355,6.8244957374160355,0,1064,4,694,1,0,0,0,0,100,7132,0,1063,3284,0,0,0,0,0,0,2792,0,0,0,0,0,0,1,0,0,0,0,0,0,0,0,0,0,0,0,1,1,0,0,0,0,0,0,1,1,0,0,1,1,0,1,1,0,1,1,0,0,0,0,0,0,1,0,0,0,0x014c,0x010b,0x0002,.text
07afb233fe5b7b8b8922901abdca668432ca71161c50dd37051700c43114c7c5,dike_batch4,1,original,07afb233fe5b7b8b8922901abdca668432ca71161c50dd37051700c43114c7c5,208896,6.392500633574622,264,5,2012,0,224,8,0,4,0,0,0,4,0,143360,61440,0,77738,0.34507279829545456,1677721600,4096,4096,225280,4096,0.01818181818181818,0.6363636363636364,0.2727272727272727,264104,16,1048576,4096,1048576,4096,204800,218500,143360,143360,1,1,0,0,0,0,0,143360,143360,4.639705619108087,6.64371415471064,6.64371415471064,0,0,7,114,0,0,0,0,106,160,1364,0,0,7660,0,0,0,0,64,0,484,0,0,0,0,0,1,0,0,0,0,0,0,0,1,1,0,0,0,0,1,1,0,0,0,0,0,0,0,1,0,0,0,1,1,1,1,0,0,1,0,0,0,0,1,0,1,0,0,0,0x014c,0x010b,0x0002,.text
07babe049600c1329b2098b7003c7505022c7cd47a1d3d176d62bba41c889f8a,virusshare,1,original,07babe049600c1329b2098b7003c7505022c7cd47a1d3d176d62bba41c889f8a,505344,7.550607608213266,256,12,2008,0,224,2,0,4,0,0,0,4,0,0,504320,0,4096,0.004098360655737705,4194304,4096,512,999424,1024,0.0010245901639344263,0.0,0.5046106557377049,0,16,1048576,16384,1048576,4096,504320,991744,270848,663552,12,12,12,4,10,8,0,270848,663552,6.202376581113202,7.999233418885187,7.999233418885187,5,0,22,24,0,0,0,0,0,1260,32936,0,0,8,0,11,0,24,0,0,0,0,0,1048576,1,0,0,1,0,0,0,0,0,1,0,0,0,0,0,0,1,1,1,1,1,1,1,1,0,1,0,0,0,1,0,1,1,0,0,1,0,1,0,1,0,0,0,0,0,0,0x014c,0x010b,0x0002,
07c04e927f95eee90083f4291c0cdddf8fb5609db1d1b189a74f61dcc81b8506,dike_batch4,1,original,07c04e927f95eee90083f4291c0cdddf8fb5609db1d1b189a74f61dcc81b8506,195232,4.923875420301585,128,8,2012,0,224,2,50,4,0,0,0,4,0,145408,46592,0,5248,0.024174528301886794,4194304,4096,512,217088,1024,0.0047169811320754715,0.6698113207547169,0.21462264150943397,224853,16,1048576,4096,1048576,4096,192000,192000,145408,145408,1,6,0,0,5,0,0,145408,145408,3.14998311530429,6.048477418849166,6.048477418849166,0,2208,3,10,0,0,0,0,0,80,0,0,2208,220,0,0,0,0,0,0,52,0,0,0,0,0,0,1,0,0,0,0,0,0,0,0,0,0,0,0,1,1,0,0,0,1,0,0,1,1,0,0,0,1,0,1,0,0,1,1,0,0,0,0,0,0,1,0,0,0,0x014c,0x010b,0x0002,.text
07ca18213735abc764b0538e09f83b9c179cf5079fd8aa3b4baa9f80b0660c24,dike_batch4,1,original,07ca18213735abc764b0538e09f83b9c179cf5079fd8aa3b4baa9f80b0660c24,442368,7.492039083265945,224,4,2012,0,224,6,0,4,0,0,0,4,0,45056,393216,0,5968,0.007248911691542289,4194304,4096,4096,823296,4096,0.004975124378109453,0.05472636815920398,0.47761194029850745,0,16,1048576,4096,1048576,4096,438272,811556,364544,377180,1,1,0,0,0,0,0,45056,45056,5.6171605581941435,7.731848716851783,6.188625193274632,1,0,4,72,0,0,0,0,75,100,4444,0,0,0,0,0,0,0,0,0,304,0,0,0,1,0,0,1,1,0,0,0,0,1,0,0,0,0,0,0,1,1,0,0,0,0,0,1,0,1,0,0,0,1,1,1,1,0,0,0,0,0,0,0,0,0,1,0,0,0,0x014c,0x010b,0x0002,.text
07cba0f0eef732f620194db379d594b0c770a9f4d5ae04fed3cc9a0ea8332559,dike_batch4,1,original,07cba0f0eef732f620194db379d594b0c770a9f4d5ae04fed3cc9a0ea8332559,405504,7.652690207760499,208,4,2012,0,224,6,0,4,0,0,0,4,0,12288,389120,0,5416,0.006578435945273632,4194304,4096,4096,823296,4096,0.004975124378109453,0.014925373134328358,0.472636815920398,0,16,1048576,4096,1048576,4096,401408,815546,274432,516538,1,1,0,0,0,0,0,12288,12288,7.136873890766835,7.8221979106749515,6.344773579606222,2,0,2,39,0,0,0,0,0,60,98746,0,0,0,0,0,0,0,0,0,164,0,0,0,1,0,0,1,1,0,0,0,0,1,0,0,0,0,0,0,1,1,0,0,0,0,0,1,0,1,0,0,0,1,0,1,1,0,0,0,0,0,0,0,0,0,1,0,0,0,0x014c,0x010b,0x0002,.text
07d9327eb715fe2abf4944e24985d8262c4b25a51e76bbd85c1e7a13db024e27,dike_batch4,1,original,07d9327eb715fe2abf4944e24985d8262c4b25a51e76bbd85c1e7a13db024e27,433664,7.874609098760181,608,6,2008,0,224,9,0,6,1,6,1,5,1,60928,371200,0,427070,0.9847946797520661,65536,512,512,433664,1536,0.0035419126328217238,0.14049586776859505,0.8559622195985832,485924,16,262144,4096,1048576,4096,432128,432128,361472,361472,2,2,1,0,1,0,3,1024,1024,4.512021682319712,7.989468652044309,4.461199025203573,1,0,2,25,0,0,0,0,0,60,768,0,0,3144,0,0,0,0,64,0,108,0,0,0,1,0,0,1,0,0,0,0,0,0,0,0,0,0,0,0,1,1,1,1,1,1,0,1,0,1,0,0,0,1,0,1,1,0,0,1,0,0,0,0,1,0,1,0,0,0,0x014c,0x010b,0x0001,INIT
07da5b12c6d1f422fa3c3bdbd4e4dcad23e7ed29ac0bc7062513fe08f21c9c2d,dike_batch4,1,original,07da5b12c6d1f422fa3c3bdbd4e4dcad23e7ed29ac0bc7062513fe08f21c9c2d,405504,7.653888604547702,208,4,2012,0,224,6,0,4,0,0,0,4,0,12288,389120,0,5528,0.006714474502487562,4194304,4096,4096,823296,4096,0.004975124378109453,0.014925373134328358,0.472636815920398,0,16,1048576,4096,1048576,4096,401408,815546,274432,516538,1,1,0,0,0,0,0,12288,12288,7.150122086106453,7.822346420131654,6.3776306921895465,2,0,2,39,0,0,0,0,0,60,98746,0,0,0,0,0,0,0,0,0,164,0,0,0,1,0,0,1,1,0,0,0,0,1,0,0,0,0,0,0,1,1,0,0,0,0,0,1,0,1,0,0,0,1,0,1,1,0,0,0,0,0,0,0,0,0,1,0,0,0,0x014c,0x010b,0x0002,.text
07dceab07d2b394031c9204f7297c31fb5c0ff7c2227badcf3718a6d088977cb,dike_batch4,1,original,07dceab07d2b394031c9204f7297c31fb5c0ff7c2227badcf3718a6d088977cb,417792,7.664187547617684,232,4,2012,0,224,7,0,4,0,0,0,4,0,94208,307678,491520,76137,0.08335486441984305,4259840,4096,4096,913408,4096,0.004484304932735426,0.1031390134529148,0.33684618483744394,474736,16,1048576,4096,1048576,4096,413696,905848,208896,701048,1,1,0,0,0,0,0,94208,94208,6.7115459547399885,7.765328692504982,7.765328692504982,3,0,2,58,0,0,0,0,0,60,98559,0,0,0,0,0,0,0,0,0,240,0,0,0,1,0,0,1,1,0,0,0,0,0,0,0,0,0,0,0,1,1,0,0,0,0,0,1,0,1,0,0,0,1,0,1,1,0,0,0,0,0,0,0,0,0,1,0,0,0,0x014c,0x010b,0x0002,.text
07e1d00292ff971513dfd75c5916096c2570c468564550013fd142047e97e661,dike_batch4,1,original,07e1d00292ff971513dfd75c5916096c2570c468564550013fd142047e97e661,503808,6.8321973778907035,224,4,2012,0,224,6,0,4,0,0,0,4,0,20480,479232,0,6355,0.007680760751856436,4194304,4096,4096,827392,4096,0.0049504950495049506,0.024752475247524754,0.5792079207920792,0,16,1048576,4096,1048576,4096,499712,819704,339968,339968,1,1,0,0,0,0,0,20480,20480,5.371925603926507,7.9759758489484325,6.186438013732689,1,0,4,45,0,0,0,0,0,100,336706,0,0,0,0,0,0,0,0,0,196,0,0,0,1,0,0,1,1,0,0,0,0,1,0,0,0,0,0,0,1,1,0,0,0,0,0,1,0,1,0,0,0,1,0,1,1,0,0,0,0,0,0,0,0,0,1,0,0,0,0x014c,0x010b,0x0002,.text
07e8b46e8b99ebffd59905fbb34fe9b4cdd4634b83b4cced0de3357f95712c7d,dike_batch4,1,original,07e8b46e8b99ebffd59905fbb34fe9b4cdd4634b83b4cced0de3357f95712c7d,110176,6.992971168458136,128,4,2012,0,224,2,50,4,0,0,0,4,0,102912,5632,0,110272,0.8973958333333333,4194304,4096,512,122880,1024,0.008333333333333333,0.8375,0.04583333333333333,142280,16,1048576,4096,1048576,4096,108032,108268,102912,102912,0,2,0,0,0,0,1,102912,102912,4.17342657915236,7.133203915347516,7.133203915347516,1,1120,2,9,0,0,0,0,0,60,4044,0,1119,108,0,0,0,0,0,0,44,0,0,0,0,0,0,1,0,0,0,0,0,0,0,0,0,0,0,0,1,0,1,0,0,0,0,1,1,1,0,0,0,1,0,1,1,0,1,1,0,0,0,0,0,0,1,0,0,0,0x014c,0x010b,0x0002,.text
07eb06c2f4b5fc233865989fd2b8061432f0556357cf4a6ad993fa86705a7ae3,dike_batch4,1,original,07eb06c2f4b5fc233865989fd2b8061432f0556357cf4a6ad993fa86705a7ae3,421888,7.663645021095946,224,4,2012,0,224,6,0,4,0,0,0,4,0,36864,380928,0,5616,0.006821361940298507,4194304,4096,4096,823296,4096,0.004975124378109453,0.04477611940298507,0.4626865671641791,0,16,1048576,4096,1048576,4096,417792,814118,360448,402506,1,1,0,0,0,0,0,36864,36864,4.804086620294306,7.904749580184655,6.129991850197984,1,0,4,62,0,0,0,0,0,100,5194,0,0,0,0,0,0,0,0,0,264,0,0,0,1,0,0,1,1,0,0,0,0,1,0,0,0,0,0,0,1,1,0,0,0,0,0,1,0,1,0,0,0,1,0,1,1,0,0,0,0,0,0,0,0,0,1,0,0,0,0x014c,0x010b,0x0002,.text
07f3928f39cb3c4ea433aec3d89658eda75c466c4ff42e7021771fe661675ddc,dike_batch4,1,original,07f3928f39cb3c4ea433aec3d89658eda75c466c4ff42e7021771fe661675ddc,208896,6.394342525073288,264,5,2012,0,224,8,0,4,0,0,0,4,0,143360,61440,0,77738,0.34507279829545456,1677721600,4096,4096,225280,4096,0.01818181818181818,0.6363636363636364,0.2727272727272727,272703,16,1048576,4096,1048576,4096,204800,218500,143360,143360,1,1,0,0,0,0,0,143360,143360,4.639929468965402,6.643441007385033,6.643441007385033,0,0,7,114,0,0,0,0,106,160,1364,0,0,7656,0,0,0,0,64,0,484,0,0,0,0,0,1,0,0,0,0,0,0,0,1,1,0,0,0,0,1,1,0,0,0,0,0,0,0,1,0,0,0,1,1,1,1,0,0,1,0,0,0,0,1,0,1,0,0,0,0x014c,0x010b,0x0002,.text
07ff6f151a2651e4889e19e31d8c7ad176dcbfaac4a7cf551d1961c70915a3be,dike_batch4,1,original,07ff6f151a2651e4889e19e31d8c7ad176dcbfaac4a7cf551d1961c70915a3be,263680,7.803500212981503,128,9,2008,0,224,8,0,4,0,0,0,5,0,18432,244224,1069948,8192,0.006006006006006006,4194304,4096,512,1363968,1024,0.0007507507507507507,0.013513513513513514,0.17905405405405406,523393718,16,1048576,4096,1048576,4096,262656,1344892,146432,633252,1,1,0,0,3,0,1,18432,18432,6.324374948651201,7.980779434491255,5.919482436757645,3,0,7,35,0,0,0,0,0,160,2572,0,0,0,0,0,0,0,0,0,0,0,0,0,1,0,0,1,1,0,0,0,0,0,0,0,0,0,0,0,1,1,0,0,0,1,0,1,0,1,0,0,0,1,0,1,1,0,0,0,0,0,0,0,0,0,0,0,0,0,0x014c,0x010b,0x0002,.text
0803b8220a4e4da0a63b71f1f9e6c1883c2d24567b6f6fd6743ff28ed28a60d8,dike_batch4,1,original,0803b8220a4e4da0a63b71f1f9e6c1883c2d24567b6f6fd6743ff28ed28a60d8,131168,6.854709083123793,128,9,2012,0,224,2,50,4,0,0,0,4,0,113152,15872,0,109808,0.7054893092105263,4194304,4096,512,155648,1024,0.006578947368421052,0.7269736842105263,0.10197368421052631,134879,16,1048576,4096,1048576,4096,129024,129024,108032,108032,1,1,0,0,5,0,0,108032,108032,2.5650778761378663,7.0808101145533255,7.0808101145533255,1,1120,4,243,0,0,0,0,0,100,7132,0,1119,1176,0,0,0,0,0,0,988,0,0,0,0,0,0,1,0,0,0,0,0,0,0,0,0,0,0,0,1,1,0,0,0,1,0,1,1,1,0,0,0,1,0,1,1,0,1,1,0,0,0,0,0,0,1,0,0,0,0x014c,0x010b,0x0002,.text
081e553e72ca1d9ee3f310bb6a536e21ff2910e362ad3f4aa20d633474d8eb9e,dike_batch4,1,original,081e553e72ca1d9ee3f310bb6a536e21ff2910e362ad3f4aa20d633474d8eb9e,226304,7.125269641852012,208,5,2011,0,224,10,0,5,1,0,0,5,1,190976,0,0,146979,0.6081956766419492,4194304,4096,512,241664,1024,0.00423728813559322,0.7902542372881356,0.0,228043,16,1048576,4096,1048576,4096,225280,225280,190976,190976,1,1,0,0,1,0,0,190976,190976,6.43515649510738,6.851055191213423,6.851055191213423,0,0,4,250,0,0,0,0,102,100,9452,0,0,1996,28,0,0,0,0,0,1016,0,0,0,0,0,0,1,0,0,0,0,0,0,0,0,0,0,0,0,1,1,0,0,0,1,0,0,0,1,0,0,0,1,1,1,1,0,0,1,1,0,0,0,0,0,1,0,0,0,0x014c,0x010b,0x0002,.text
0829c38ad2293b3e9df949916716d65cc30d20accc3d82e19de62d40ee4c3a49,dike_batch4,1,original,0829c38ad2293b3e9df949916716d65cc30d20accc3d82e19de62d40ee4c3a49,442368,7.492748782001152,224,4,2012,0,224,6,0,4,0,0,0,4,0,45056,393216,0,5968,0.007248911691542289,4194304,4096,4096,823296,4096,0.004975124378109453,0.05472636815920398,0.47761194029850745,0,16,1048576,4096,1048576,4096,438272,811556,364544,377180,1,1,0,0,0,0,0,45056,45056,5.623715321574631,7.731882097091798,6.188343114946525,1,0,4,72,0,0,0,0,75,100,4444,0,0,0,0,0,0,0,0,0,304,0,0,0,1,0,0,1,1,0,0,0,0,1,0,0,0,0,0,0,1,1,0,0,0,0,0,1,0,1,0,0,0,1,1,1,1,0,0,0,0,0,0,0,0,0,1,0,0,0,0x014c,0x010b,0x0002,.text
0840ba50839d20822f0594b26966909a32f49cead28d849c81b3765bb35480e8,dike_batch4,1,original,0840ba50839d20822f0594b26966909a32f49cead28d849c81b3765bb35480e8,393216,7.845891819762782,208,4,2012,0,224,6,0,4,0,0,0,4,0,12288,376832,0,5528,0.006714474502487562,4194304,4096,4096,823296,4096,0.004975124378109453,0.014925373134328358,0.4577114427860697,0,16,1048576,4096,1048576,4096,389120,815510,258048,531930,1,1,0,0,0,0,0,12288,12288,7.207678775015436,7.921782887380608,6.372003836412962,2,0,2,39,0,0,0,0,0,60,105946,0,0,0,0,0,0,0,0,0,164,0,0,0,1,0,0,1,1,0,0,0,0,1,0,0,0,0,0,0,1,1,0,0,0,0,0,1,0,1,0,0,0,1,0,1,1,0,0,0,0,0,0,0,0,0,1,0,0,0,0x014c,0x010b,0x0002,.text
08468051fabc87f9a2c603652700c72217af8dce019ca492767869502f46f3c2,dike_batch4,1,original,08468051fabc87f9a2c603652700c72217af8dce019ca492767869502f46f3c2,263680,7.803498375270131,128,9,2008,0,224,8,0,4,0,0,0,5,0,18432,244224,1069948,8192,0.006006006006006006,4194304,4096,512,1363968,1024,0.0007507507507507507,0.013513513513513514,0.17905405405405406,101284201,16,1048576,4096,1048576,4096,262656,1344892,146432,633252,1,1,0,0,3,0,1,18432,18432,6.324374948651201,7.980779434491255,5.919482436757645,3,0,7,35,0,0,0,0,0,160,2572,0,0,0,0,0,0,0,0,0,0,0,0,0,1,0,0,1,1,0,0,0,0,0,0,0,0,0,0,0,1,1,0,0,0,1,0,1,0,1,0,0,0,1,0,1,1,0,0,0,0,0,0,0,0,0,0,0,0,0,0x014c,0x010b,0x0002,.text
084d0a34b784d9e728c7edf7eca7ada19ca7cbe04478f54c1673cd426589da70,dike_batch4,1,original,084d0a34b784d9e728c7edf7eca7ada19ca7cbe04478f54c1673cd426589da70,438272,7.504419829000502,232,4,2012,0,224,6,0,4,0,0,0,4,0,36864,397312,0,5744,0.006976834577114428,4194304,4096,4096,823296,4096,0.004975124378109453,0.04477611940298507,0.48258706467661694,0,16,1048576,4096,1048576,4096,434176,812722,364544,385718,1,1,0,0,0,0,0,36864,36864,5.746073524980213,7.73663815465715,6.229723436694336,1,0,5,66,0,0,0,0,0,120,8886,0,0,0,0,0,0,0,0,0,284,0,0,0,1,0,0,1,1,0,0,0,0,1,0,0,0,0,0,0,1,1,0,0,0,0,0,1,0,1,0,0,0,1,0,1,1,0,0,0,0,0,0,0,0,0,1,0,0,0,0x014c,0x010b,0x0002,.text
0850c1fac52e817f3b4bcfa90be3d9c72d4f3b6b6ef7d368f5bffc54854b9ef7,dike_batch4,1,original,0850c1fac52e817f3b4bcfa90be3d9c72d4f3b6b6ef7d368f5bffc54854b9ef7,434176,7.519207889599398,208,4,2012,0,224,6,0,4,0,0,0,4,0,36864,393216,0,5648,0.006860230099502488,4194304,4096,4096,823296,4096,0.004975124378109453,0.04477611940298507,0.47761194029850745,0,16,1048576,4096,1048576,4096,430080,814796,364544,388624,1,1,0,0,0,0,0,36864,36864,5.947915618365509,7.731738824242717,6.144908731086544,1,0,4,59,0,0,0,0,0,100,7696,0,0,0,0,0,0,0,0,0,252,0,0,0,1,0,0,1,1,0,0,0,0,1,0,0,0,0,0,0,1,1,0,0,0,0,0,1,0,1,0,0,0,1,0,1,1,0,0,0,0,0,0,0,0,0,1,0,0,0,0x014c,0x010b,0x0002,.text
085c1a53091bf9c9ff15844c848200b119e74d11298f3caa57e285619bb4fa28,dike_batch4,1,original,085c1a53091bf9c9ff15844c848200b119e74d11298f3caa57e285619bb4fa28,102400,6.361373562098538,240,4,2013,0,224,7,0,4,0,0,0,4,0,24576,73728,0,8356,0.07846304086538461,4194304,4096,4096,106496,4096,0.038461538461538464,0.23076923076923078,0.6923076923076923,0,16,1048576,4096,1048576,4096,98304,98328,65536,65536,2,1,0,0,1,0,0,20480,20480,3.514061643715181,7.038796483420768,6.492502453565105,1,0,4,58,0,0,0,0,102,100,62288,0,0,0,0,0,0,0,0,0,248,0,0,0,0,0,0,1,1,0,0,0,0,1,0,0,0,0,0,0,1,1,0,0,0,1,0,1,0,1,0,0,0,1,1,1,1,0,0,0,0,0,0,0,0,0,1,0,0,0,0x014c,0x010b,0x0002,.text
08618cdeb3bfacf17a07e8bef7702c5965d5b39286f70fe868ca17e0ce17480c,virusshare,1,original,08618cdeb3bfacf17a07e8bef7702c5965d5b39286f70fe868ca17e0ce17480c,1015808,5.620696446273746,200,3,2012,0,224,6,0,4,0,1,0,4,0,24576,987136,0,5492,0.005406533518145161,4194304,4096,4096,1015808,4096,0.004032258064516129,0.024193548387096774,0.9717741935483871,1022654,16,1048576,4096,1048576,4096,1011712,1011712,983040,983040,1,1,0,0,0,0,0,24576,24576,5.376201232484064,5.651422047909979,5.100980417058148,0,0,1,107,20,0,0,0,0,40,982212,0,0,0,0,0,0,0,0,32,432,0,0,0,0,0,0,1,1,0,0,0,0,0,0,0,0,0,0,0,1,1,0,0,0,0,0,0,0,1,0,0,1,1,0,1,1,0,0,0,0,0,0,0,0,1,1,0,0,0,0x014c,0x010b,0x0002,.text
0867a36d45608316b38b257876182e1f75f7f988c9dba9b8fb55b37b4e11a60d,dike_batch4,1,original,0867a36d45608316b38b257876182e1f75f7f988c9dba9b8fb55b37b4e11a60d,208896,6.161999852789512,264,5,2012,0,224,8,0,4,0,0,0,4,0,143360,61440,0,77738,0.34507279829545456,1677721600,4096,4096,225280,4096,0.01818181818181818,0.6363636363636364,0.2727272727272727,217036,16,1048576,4096,1048576,4096,204800,218500,143360,143360,1,1,0,0,0,0,0,143360,143360,4.277914170882725,6.644044022972526,6.644044022972526,0,0,7,114,0,0,0,0,106,160,1364,0,0,7660,0,0,0,0,64,0,484,0,0,0,0,0,1,0,0,0,0,0,0,0,1,1,0,0,0,0,1,1,0,0,0,0,0,0,0,1,0,0,0,1,1,1,1,0,0,1,0,0,0,0,1,0,1,0,0,0,0x014c,0x010b,0x0002,.text
086a8ecdffdae7c11bf06db7be42507ddfa69bbc35b81dc998b168dc0b6b00e9,dike_batch4,1,original,086a8ecdffdae7c11bf06db7be42507ddfa69bbc35b81dc998b168dc0b6b00e9,164512,5.670713428494217,128,5,2012,0,224,2,50,4,0,0,0,4,0,117760,43520,0,5088,0.028888081395348836,4194304,4096,512,176128,1024,0.005813953488372093,0.6686046511627907,0.24709302325581395,181159,16,1048576,4096,1048576,4096,161280,161280,117760,117760,1,3,0,0,2,0,0,117760,117760,3.448869713174549,7.069917338266686,7.069917338266686,1,2208,2,9,0,0,0,0,0,60,0,0,2208,228,0,0,0,0,0,0,44,0,0,0,0,0,0,1,0,0,0,0,0,0,0,0,0,0,0,0,1,1,0,0,0,1,0,1,1,1,0,0,0,1,0,1,0,0,1,1,0,0,0,0,0,0,1,0,0,0,0x014c,0x010b,0x0002,.text
086dcf4977bae717c544e3ca91c490b85e75f28b28337dfd752b026ccd529bde,virusshare,1,original,086dcf4977bae717c544e3ca91c490b85e75f28b28337dfd752b026ccd529bde,159120,7.713197886329188,216,5,2009,0,224,6,0,4,0,6,0,4,0,24064,164864,1024,12538,0.02971878792475728,4194304,4096,512,421888,1024,0.0024271844660194173,0.05703883495145631,0.3907766990291262,0,16,1048576,4096,1048576,4096,47104,409688,24064,208896,1,2,0,1,1,0,0,24064,24064,5.565139172071035,6.440105549497955,6.440105549497955,0,110992,8,155,1,0,0,0,0,180,16608,0,4000,0,0,0,0,0,0,0,652,0,0,0,0,0,0,1,1,0,0,0,0,1,0,0,0,0,0,1,1,1,0,0,0,1,0,0,1,1,0,0,1,1,0,1,1,0,1,0,0,0,0,0,0,0,1,0,0,0,0x014c,0x010b,0x0002,.text
0879e3a09538aaa80f1ce9f0a9f8627f21a0886f94f7759a17bba410948cfb08,dike_batch4,1,original,0879e3a09538aaa80f1ce9f0a9f8627f21a0886f94f7759a17bba410948cfb08,198656,6.974609819151261,128,4,2004,0,224,6,0,4,0,0,0,5,0,175213,0,4096,27347,0.13091203278186275,4194304,4096,512,208896,1024,0.004901960784313725,0.8387570848651961,0.0,0,16,1048576,4096,1048576,4096,197632,197632,175616,175616,1,1,0,0,0,0,0,175616,175616,5.62364921779737,7.118184701754124,7.118184701754124,1,0,7,51,0,0,0,0,0,180,0,0,0,354,0,0,0,0,0,0,0,0,0,28,0,0,0,1,0,0,0,0,0,1,0,0,0,0,0,0,1,1,0,0,0,0,0,1,0,1,0,0,0,1,0,1,0,0,0,1,0,0,0,0,0,0,0,0,0,1,0x014c,0x010b,0x0002,.text
0883a3b18e74d0d4ba80a934956cac9e7ba536a0dbb71e3cad7966300e84ba76,dike_batch4,1,original,0883a3b18e74d0d4ba80a934956cac9e7ba536a0dbb71e3cad7966300e84ba76,417792,7.784542912061719,224,4,2012,0,224,6,0,4,0,0,0,4,0,24576,389120,0,6467,0.007816125850866336,4194304,4096,4096,827392,4096,0.0049504950495049506,0.0297029702970297,0.47029702970297027,0,16,1048576,4096,1048576,4096,413696,820056,364544,422744,1,1,0,0,0,0,0,24576,24576,5.365939578137622,7.975048576509301,6.0825146313593725,1,0,3,42,0,0,0,0,0,80,360826,0,0,0,0,0,0,0,0,0,180,0,0,0,1,0,0,1,1,0,0,0,0,1,0,0,0,0,0,0,1,1,0,0,0,0,0,1,0,1,0,0,0,1,0,1,1,0,0,0,0,0,0,0,0,0,1,0,0,0,0x014c,0x010b,0x0002,.text
088d2e166b8811f1d9f84c2ac86511cf6eba8625dc4ef8d0fe4a2c067358e9d1,dike_batch4,1,original,088d2e166b8811f1d9f84c2ac86511cf6eba8625dc4ef8d0fe4a2c067358e9d1,115200,7.69991267967594,124,4,0,0,224,5,12,4,0,0,0,4,0,3072,111104,0,4248,0.03345514112903226,4194304,4096,512,126976,1024,0.008064516129032258,0.024193548387096774,0.875,4294967295,16,1048576,4096,1048576,4096,114176,114176,109056,109056,1,2,0,0,0,0,0,3072,3072,6.19985297722868,7.787148974217857,6.495142499272494,1,0,3,42,0,0,0,0,0,100,108836,0,0,0,28,0,0,0,0,0,180,0,0,0,1,0,0,1,1,0,1,0,0,0,0,0,0,0,0,0,1,1,0,0,0,0,0,1,0,1,0,0,0,1,0,1,1,0,0,0,1,0,0,0,0,0,1,0,0,0,0x014c,0x010b,0x0002,.text
08a5f122414c5d6035ac4fb48bef138fd2e26f4bd4f424e0eb7c70f7de4373a9,dike_batch4,1,original,08a5f122414c5d6035ac4fb48bef138fd2e26f4bd4f424e0eb7c70f7de4373a9,466944,7.4443528385675,224,4,2012,0,224,7,0,4,0,0,0,4,0,28672,434176,249856,7018,0.0070509420010288065,4259840,4096,4096,995328,4096,0.00411522633744856,0.02880658436213992,0.43621399176954734,484322,16,1048576,4096,1048576,4096,462848,988276,249856,775284,1,1,0,0,0,0,0,28672,28672,6.45013148760835,7.839084788754322,6.488886979116263,2,0,5,87,0,0,0,0,0,120,173224,0,0,0,0,0,0,0,0,0,368,0,0,0,1,0,0,1,1,0,0,0,0,0,0,0,0,0,0,0,1,1,0,0,0,0,0,1,0,1,0,0,0,1,0,1,1,0,0,0,0,0,0,0,0,0,1,0,0,0,0x014c,0x010b,0x0002,.text
08a73b2e464805e685fcbea67dce6b10bc432f941516596fd25fbe38f893e623,dike_batch4,1,original,08a73b2e464805e685fcbea67dce6b10bc432f941516596fd25fbe38f893e623,173056,7.828790738937636,224,4,2011,0,224,10,0,5,1,0,0,5,1,161792,10240,0,123879,0.6720865885416667,4194304,4096,512,184320,1024,0.005555555555555556,0.8777777777777778,0.05555555555555555,179973,16,1048576,4096,1048576,4096,172032,172032,161792,161792,1,1,0,0,0,0,0,161792,161792,5.621052590959825,7.9022384239942465,7.9022384239942465,1,0,2,23,0,0,0,0,98,60,836,0,0,2556,28,0,0,0,0,0,100,0,0,0,1,0,0,1,0,0,0,0,0,0,0,0,0,0,0,0,1,1,0,0,0,0,0,1,0,1,0,0,0,1,1,1,1,0,0,1,1,0,0,0,0,0,1,0,0,0,0x014c,0x010b,0x0002,.text
08a83ab02f53415009c08e14494e97be69bcccbb491c00a66f2f5cf71ff46619,dike_batch4,1,original,08a83ab02f53415009c08e14494e97be69bcccbb491c00a66f2f5cf71ff46619,115200,7.698114225259185,124,4,0,0,224,5,12,4,0,0,0,4,0,3072,111104,0,4268,0.03361265120967742,4194304,4096,512,126976,1024,0.008064516129032258,0.024193548387096774,0.875,4294967295,16,1048576,4096,1048576,4096,114176,114176,109056,109056,1,2,0,0,0,0,0,3072,3072,6.196280370315672,7.785390280545106,6.508402258921387,1,0,3,42,0,0,0,0,0,100,108836,0,0,0,28,0,0,0,0,0,180,0,0,0,1,0,0,1,1,0,1,0,0,0,0,0,0,0,0,0,1,1,0,0,0,0,0,1,0,1,0,0,0,1,0,1,1,0,0,0,1,0,0,0,0,0,1,0,0,0,0x014c,0x010b,0x0002,.text
08af23263d2a3a6250b61543bc9d163fe57cef744ef3d4b2e89c41d03101290f,dike_batch4,1,original,08af23263d2a3a6250b61543bc9d163fe57cef744ef3d4b2e89c41d03101290f,434176,7.5068800491928345,248,4,2012,0,224,6,0,4,0,0,0,4,0,36864,393216,0,5776,0.007015702736318408,4194304,4096,4096,823296,4096,0.004975124378109453,0.04477611940298507,0.47761194029850745,0,16,1048576,4096,1048576,4096,430080,812376,364544,385372,1,1,0,0,0,0,0,36864,36864,5.614435783606041,7.736629300414322,6.233308003513976,1,0,4,69,0,0,0,0,75,100,4444,0,0,0,0,0,0,0,0,0,292,0,0,0,1,0,0,1,1,0,0,0,0,1,0,0,0,0,0,0,1,1,0,0,0,0,0,1,0,1,0,0,0,1,1,1,1,0,0,0,0,0,0,0,0,0,1,0,0,0,0x014c,0x010b,0x0002,.text
08b5b045f8cb684aba0916d95a0345e9e5af989acd40ed2fe0f68cf2ba134c8f,dike_batch4,1,original,08b5b045f8cb684aba0916d95a0345e9e5af989acd40ed2fe0f68cf2ba134c8f,402432,7.975234867639676,64,4,2011,0,224,10,0,4,0,0,0,4,0,5632,16896,0,789756,0.9640576171875,4259840,4096,512,819200,786432,0.96,0.006875,0.020625,431783,16,1048576,4096,1048576,4096,22528,22528,14336,14336,1,2,0,0,0,0,0,5632,5632,4.27117017974948,6.6356584945926524,6.6356584945926524,0,378880,4,39,0,0,0,0,0,100,14146,0,0,28,0,0,0,0,0,0,0,0,0,0,0,0,0,1,1,0,0,0,0,0,0,0,0,0,0,0,1,1,0,0,0,0,0,0,1,1,0,0,0,1,0,1,1,0,0,1,0,0,0,0,0,0,0,0,0,0,0x014c,0x010b,0x0002,.text
08b65d3fe0b45c453dc4108053ec8cdec9bf876447ecbdeda546f6597b4caddf,dike_batch4,1,original,08b65d3fe0b45c453dc4108053ec8cdec9bf876447ecbdeda546f6597b4caddf,160768,7.7308188324859985,224,8,2012,0,224,17,0,5,1,0,0,5,1,23040,136704,0,16366,0.06342230902777778,4194304,4096,512,258048,1024,0.003968253968253968,0.08928571428571429,0.5297619047619048,183663,16,1048576,4096,1048576,4096,159744,232934,103424,103424,1,1,0,0,4,0,0,23040,23040,4.435466702916264,7.99068880539858,6.306788754344835,1,0,4,98,0,0,0,0,78,100,16,0,0,2284,28,0,0,0,0,0,408,0,0,0,1,0,0,1,0,0,0,0,0,0,0,1,0,0,0,1,1,1,0,0,0,1,0,1,0,1,0,0,0,1,1,1,1,0,0,1,1,0,0,0,0,0,1,0,0,0,0x014c,0x010b,0x0002,.text
08bf235932193ed78ba8738c6f0b23a6105a32d8391aa476130919b3a6a11229,dike_batch4,1,original,08bf235932193ed78ba8738c6f0b23a6105a32d8391aa476130919b3a6a11229,438272,7.579953538721841,224,4,2012,0,224,6,0,4,0,0,0,4,0,28672,405504,0,6547,0.00791281520730198,4194304,4096,4096,827392,4096,0.0049504950495049506,0.034653465346534656,0.4900990099009901,0,16,1048576,4096,1048576,4096,434176,820536,339968,402744,1,1,0,0,0,0,0,28672,28672,6.046254684254473,7.976052768628043,6.32186760918103,1,0,4,46,0,0,0,0,0,100,336706,0,0,0,0,0,0,0,0,0,200,0,0,0,1,0,0,1,1,0,0,0,0,1,0,0,0,0,0,0,1,1,0,0,0,0,0,1,0,1,0,0,0,1,0,1,1,0,0,0,0,0,0,0,0,0,1,0,0,0,0x014c,0x010b,0x0002,.text
08c189b9096f01978f118ce3d543f38557ead1295dc03711b54e9f356cbf301f,dike_batch4,1,original,08c189b9096f01978f118ce3d543f38557ead1295dc03711b54e9f356cbf301f,127968,6.6896546776967565,128,7,2012,0,224,2,50,4,0,0,0,4,0,15360,111104,0,6000,0.040690104166666664,4194304,4096,512,147456,1024,0.006944444444444444,0.10416666666666667,0.7534722222222222,141666,16,1048576,4096,1048576,4096,125952,126124,100864,101036,1,4,0,0,3,0,0,15360,15360,4.689002930474405,7.282780142165257,2.6176438501958716,1,992,4,33,0,0,0,0,0,100,6004,0,992,384,0,0,0,0,0,0,148,0,0,0,0,0,0,1,0,0,0,0,0,0,0,0,0,0,0,0,1,1,0,0,0,1,0,1,1,1,0,0,0,1,0,1,1,0,1,1,0,0,0,0,0,0,1,0,0,0,0x014c,0x010b,0x0002,.text
08c81ea1313c053ec0e148d197fd799f975b1ec4e073b7a40bd090d2d6ef8a34,dike_batch4,1,original,08c81ea1313c053ec0e148d197fd799f975b1ec4e073b7a40bd090d2d6ef8a34,433664,7.874236387894631,608,6,2008,0,224,9,0,6,1,6,1,5,1,60928,371200,0,427070,0.9847946797520661,65536,512,512,433664,1536,0.0035419126328217238,0.14049586776859505,0.8559622195985832,480400,16,262144,4096,1048576,4096,432128,432128,361472,361472,2,2,1,0,1,0,3,1024,1024,4.515612510990446,7.9889489040409645,4.463530681026723,1,0,2,25,0,0,0,0,0,60,768,0,0,3144,0,0,0,0,64,0,108,0,0,0,1,0,0,1,0,0,0,0,0,0,0,0,0,0,0,0,1,1,1,1,1,1,0,1,0,1,0,0,0,1,0,1,1,0,0,1,0,0,0,0,1,0,1,0,0,0,0x014c,0x010b,0x0001,INIT
08dc47764b03b8cdae820093356ccec36391e439e0aba0437ec3f15d7f2fc079,dike_batch4,1,original,08dc47764b03b8cdae820093356ccec36391e439e0aba0437ec3f15d7f2fc079,368640,7.69068678728046,224,4,2012,0,224,7,0,4,0,0,0,4,0,98304,254687,434176,83039,0.10290961096129442,4259840,4096,4096,806912,4096,0.005076142131979695,0.1218274111675127,0.31563169217956855,431848,16,1048576,4096,1048576,4096,364544,799352,208896,643704,1,1,0,0,0,0,0,98304,98304,6.732046189281318,7.880628413414287,7.880628413414287,3,0,4,69,0,0,0,0,0,100,47200,0,0,0,0,0,0,0,0,0,292,0,0,0,1,0,0,1,1,0,0,0,0,0,0,0,0,0,0,0,1,1,0,0,0,0,0,1,0,1,0,0,0,1,0,1,1,0,0,0,0,0,0,0,0,0,1,0,0,0,0x014c,0x010b,0x0002,.text
08e39afc1735455e8dd695f58f7409152831adc0225d072ee2af7b0dc49175ef,dike_batch4,1,original,08e39afc1735455e8dd695f58f7409152831adc0225d072ee2af7b0dc49175ef,147496,6.754673664143234,128,4,2012,0,224,2,50,4,0,0,0,4,0,115200,30208,0,113744,0.7307771381578947,4194304,4096,512,155648,1024,0.006578947368421052,0.7401315789473685,0.19407894736842105,154845,16,1048576,4096,1048576,4096,145408,145408,115200,115200,1,1,0,0,0,0,0,115200,115200,5.757428484220529,6.82666757450744,6.82666757450744,0,1064,4,694,1,0,0,0,0,100,7132,0,1063,3284,0,0,0,0,0,0,2792,0,0,0,0,0,0,1,0,0,0,0,0,0,0,0,0,0,0,0,1,1,0,0,0,0,0,0,1,1,0,0,1,1,0,1,1,0,1,1,0,0,0,0,0,0,1,0,0,0,0x014c,0x010b,0x0002,.text
08f124ca347d30fb7f8447b6129650409742ce506b90312e7e242063f6d78df5,dike_batch4,1,original,08f124ca347d30fb7f8447b6129650409742ce506b90312e7e242063f6d78df5,434176,7.871480355220745,608,6,2008,0,224,9,0,6,1,6,1,5,1,60928,371712,0,427582,0.9848126105542453,65536,512,512,434176,1536,0.003537735849056604,0.1403301886792453,0.8561320754716981,440875,16,262144,4096,1048576,4096,432640,432640,361984,361984,2,2,1,0,1,0,3,1024,1024,4.5137314131688635,7.987503835158418,4.458627755532122,1,0,2,25,0,0,0,0,0,60,768,0,0,3144,0,0,0,0,64,0,108,0,0,0,1,0,0,1,0,0,0,0,0,0,0,0,0,0,0,0,1,1,1,1,1,1,0,1,0,1,0,0,0,1,0,1,1,0,0,1,0,0,0,0,1,0,1,0,0,0,0x014c,0x010b,0x0001,INIT
08f4775630dfd81efe0134e3bf2c5585b31c0f9888d606328e4413780ef57b69,dike_batch4,1,original,08f4775630dfd81efe0134e3bf2c5585b31c0f9888d606328e4413780ef57b69,417792,7.770956124709491,224,4,2012,0,224,7,0,4,0,0,0,4,0,20480,387771,434176,5899,0.006890839937200957,4259840,4096,4096,856064,4096,0.004784688995215311,0.023923444976076555,0.4529696377840909,428008,16,1048576,4096,1048576,4096,413696,848120,348160,446712,1,1,0,0,0,0,0,20480,20480,6.192052466352336,7.93777086098273,6.749162740473028,1,0,3,61,0,0,0,0,0,80,32422,0,0,0,0,0,0,0,0,0,256,0,0,0,1,0,0,1,1,0,0,0,0,0,0,0,0,0,0,0,1,1,0,0,0,0,0,1,0,1,0,0,0,1,0,1,1,0,0,0,0,0,0,0,0,0,1,0,0,0,0x014c,0x010b,0x0002,.text
08ff87625b093c5150c32337dceef362099509895308edaf79b7b30299c15f02,dike_batch4,1,original,08ff87625b093c5150c32337dceef362099509895308edaf79b7b30299c15f02,405504,7.683375181082583,208,4,2012,0,224,6,0,4,0,0,0,4,0,12288,389120,0,5560,0.0067533426616915426,4194304,4096,4096,823296,4096,0.004975124378109453,0.014925373134328358,0.472636815920398,0,16,1048576,4096,1048576,4096,401408,815280,258048,515316,1,1,0,0,0,0,0,12288,12288,6.411315658800995,7.921896492580524,6.381456712099683,2,0,2,41,0,0,0,0,0,60,101620,0,0,0,0,0,0,0,0,0,172,0,0,0,1,0,0,1,1,0,0,0,0,1,0,0,0,0,0,0,1,1,0,0,0,0,0,1,0,1,0,0,0,1,0,1,1,0,0,0,0,0,0,0,0,0,1,0,0,0,0x014c,0x010b,0x0002,.text
09054b82eef50a8c90963259f40b843c4945405b72a0cdeb8a93be3c7da449a5,dike_batch4,1,original,09054b82eef50a8c90963259f40b843c4945405b72a0cdeb8a93be3c7da449a5,393216,7.7772983958887085,224,4,2012,0,224,6,0,4,0,0,0,4,0,20480,368640,0,6443,0.008235591868455497,4194304,4096,4096,782336,4096,0.005235602094240838,0.02617801047120419,0.4712041884816754,0,16,1048576,4096,1048576,4096,389120,774648,344064,401912,1,1,0,0,0,0,0,20480,20480,5.332892975140195,7.972540656023652,6.190830201593863,1,0,3,43,0,0,0,0,0,80,343908,0,0,0,0,0,0,0,0,0,184,0,0,0,1,0,0,1,1,0,0,0,0,1,0,0,0,0,0,0,1,1,0,0,0,0,0,1,0,1,0,0,0,1,0,1,1,0,0,0,0,0,0,0,0,0,1,0,0,0,0x014c,0x010b,0x0002,.text
0909766aeb06f0211860dc3475e459e949ebf3c425243f0d987e94a523a8ea17,dike_batch4,1,original,0909766aeb06f0211860dc3475e459e949ebf3c425243f0d987e94a523a8ea17,208896,6.180355597101402,264,5,2012,0,224,8,0,4,0,0,0,4,0,143360,61440,0,77738,0.34507279829545456,1677721600,4096,4096,225280,4096,0.01818181818181818,0.6363636363636364,0.2727272727272727,239044,16,1048576,4096,1048576,4096,204800,218500,143360,143360,1,1,0,0,0,0,0,143360,143360,4.3468336348703875,6.644070165747278,6.644070165747278,0,0,7,114,0,0,0,0,106,160,1364,0,0,7656,0,0,0,0,64,0,484,0,0,0,0,0,1,0,0,0,0,0,0,0,1,1,0,0,0,0,1,1,0,0,0,0,0,0,0,1,0,0,0,1,1,1,1,0,0,1,0,0,0,0,1,0,1,0,0,0,0x014c,0x010b,0x0002,.text
090cb31bb16478413abdb54251c07dfec9d36b7fd4d8fb5df93e6cacd33efef2,virusshare,1,original,090cb31bb16478413abdb54251c07dfec9d36b7fd4d8fb5df93e6cacd33efef2,1187840,7.62166027109068,512,12,2005,0,224,83,82,4,0,0,0,4,0,323584,839680,0,2400256,0.7216748768472906,4194304,4096,4096,3325952,4096,0.0012315270935960591,0.09729064039408868,0.2524630541871921,1222396,16,1048576,8192,1048576,4096,1163264,3321856,704512,1200128,3,6,2,4,3,0,8,53248,65536,5.353684984280861,7.9951227973020185,7.010409574861557,3,0,3,172,0,0,0,0,29704,80,7328,0,0,0,0,0,0,24,0,0,700,0,0,0,1,0,0,1,1,0,0,0,0,0,0,0,0,0,0,0,1,1,1,1,1,1,0,1,0,1,0,0,0,1,1,1,1,0,0,0,0,0,0,1,0,0,1,0,0,0,0x014c,0x010b,0x0002,.adata
091122e8b0b71c3041ba355ff0847142b70be8d545c335a2aaa63e93285b378a,dike_batch4,1,original,091122e8b0b71c3041ba355ff0847142b70be8d545c335a2aaa63e93285b378a,208896,6.180513535847921,264,5,2012,0,224,8,0,4,0,0,0,4,0,143360,61440,0,77738,0.34507279829545456,1677721600,4096,4096,225280,4096,0.01818181818181818,0.6363636363636364,0.2727272727272727,239044,16,1048576,4096,1048576,4096,204800,218500,143360,143360,1,1,0,0,0,0,0,143360,143360,4.347749547806812,6.644070165747278,6.644070165747278,0,0,7,114,0,0,0,0,106,160,1364,0,0,7656,0,0,0,0,64,0,484,0,0,0,0,0,1,0,0,0,0,0,0,0,1,1,0,0,0,0,1,1,0,0,0,0,0,0,0,1,0,0,0,1,1,1,1,0,0,1,0,0,0,0,1,0,1,0,0,0,0x014c,0x010b,0x0002,.text
091f052a65707cda3f5998a5e61b885a600fd9ba6cfd11c607f5e79621b2a0d0,dike_batch4,1,original,091f052a65707cda3f5998a5e61b885a600fd9ba6cfd11c607f5e79621b2a0d0,208896,6.394409585474593,264,5,2012,0,224,8,0,4,0,0,0,4,0,143360,61440,0,77738,0.34507279829545456,1677721600,4096,4096,225280,4096,0.01818181818181818,0.6363636363636364,0.2727272727272727,268692,16,1048576,4096,1048576,4096,204800,218500,143360,143360,1,1,0,0,0,0,0,143360,143360,4.6393879832631475,6.644363543432543,6.644363543432543,0,0,7,114,0,0,0,0,106,160,1364,0,0,7660,0,0,0,0,64,0,484,0,0,0,0,0,1,0,0,0,0,0,0,0,1,1,0,0,0,0,1,1,0,0,0,0,0,0,0,1,0,0,0,1,1,1,1,0,0,1,0,0,0,0,1,0,1,0,0,0,0x014c,0x010b,0x0002,.text
092220e47f7e4ac4eb793d90c76d8277d1c300774d4b3d13a098ed833fe8cd57,dike_batch4,1,original,092220e47f7e4ac4eb793d90c76d8277d1c300774d4b3d13a098ed833fe8cd57,442368,7.604503670794129,216,5,2012,0,224,7,0,4,0,0,0,4,0,28672,409600,4096,6539,0.007982177734375,4259840,4096,4096,819200,4096,0.005,0.035,0.5,452120,16,1048576,4096,1048576,4096,438272,813376,376832,379200,1,2,0,0,0,0,0,28672,28672,5.708987929480798,7.823091274801489,6.42196336015763,1,0,4,69,0,0,0,0,0,100,17116,0,0,0,0,0,0,0,0,0,292,0,0,0,1,0,0,1,1,0,0,0,0,0,0,0,0,0,0,0,1,1,0,0,0,0,0,1,0,1,0,0,0,1,0,1,1,0,0,0,0,0,0,0,0,0,1,0,0,0,0x014c,0x010b,0x0002,.text
092b06f8badcb593cc92f4b5a1c1b548e410071c3f55d6bc62a8c82240b3e6eb,dike_batch4,1,original,092b06f8badcb593cc92f4b5a1c1b548e410071c3f55d6bc62a8c82240b3e6eb,356352,7.729732160134454,216,4,2012,0,224,7,0,4,0,0,0,4,0,4096,333616,585728,4564,0.004844599184782608,4194304,4096,4096,942080,4096,0.004347826086956522,0.004347826086956522,0.3541270380434783,407750,16,1048576,4096,1048576,4096,352256,937836,188416,773996,1,1,0,0,0,0,0,4096,4096,5.928137239547444,7.871074370231513,2.1377439923223736,2,0,4,12,0,0,0,0,0,100,137050,0,0,0,0,0,0,0,0,0,64,0,0,0,1,0,0,1,1,0,0,0,0,0,0,0,0,0,0,0,1,1,0,0,0,0,0,1,0,1,0,0,0,1,0,1,1,0,0,0,0,0,0,0,0,0,1,0,0,0,0x014c,0x010b,0x0002,.text
093210672aadf17e0f728289dbcd781c4f6234aca2bfde166eee714440f0d29e,dike_batch4,1,original,093210672aadf17e0f728289dbcd781c4f6234aca2bfde166eee714440f0d29e,402432,7.975604182235116,64,4,2011,0,224,10,0,4,0,0,0,4,0,5632,16896,0,789572,0.9638330078125,4259840,4096,512,819200,786432,0.96,0.006875,0.020625,418178,16,1048576,4096,1048576,4096,22528,22528,14336,14336,1,2,0,0,0,0,0,5632,5632,4.281107923146113,6.623902632743571,6.623902632743571,0,378880,4,39,0,0,0,0,0,100,14146,0,0,28,0,0,0,0,0,0,0,0,0,0,0,0,0,1,1,0,0,0,0,0,0,0,0,0,0,0,1,1,0,0,0,0,0,0,1,1,0,0,0,1,0,1,1,0,0,1,0,0,0,0,0,0,0,0,0,0,0x014c,0x010b,0x0002,.text
0934d6d75ef35c73ca9269583a0c1588cc379cc2e679ba6ffac260beeb04dcb5,dike_batch4,1,original,0934d6d75ef35c73ca9269583a0c1588cc379cc2e679ba6ffac260beeb04dcb5,450560,7.451841234417685,224,4,2012,0,224,7,0,4,0,0,0,4,0,20480,425984,249856,5577,0.005649677450726141,4259840,4096,4096,987136,4096,0.004149377593360996,0.02074688796680498,0.4315352697095436,515755,16,1048576,4096,1048576,4096,446464,980792,249856,784184,1,1,0,0,0,0,0,20480,20480,6.365576780250138,7.86485516053961,6.50819150639355,2,0,4,74,0,0,0,0,0,100,167536,0,0,0,0,0,0,0,0,0,312,0,0,0,1,0,0,1,1,0,0,0,0,0,0,0,0,0,0,0,1,1,0,0,0,0,0,1,0,1,0,0,0,1,0,1,1,0,0,0,0,0,0,0,0,0,1,0,0,0,0x014c,0x010b,0x0002,.text
09358d07bd3774ae38d19be03a5acf2512fee3b0646f5d8f5381c41f1e02dd1b,dike_batch4,1,original,09358d07bd3774ae38d19be03a5acf2512fee3b0646f5d8f5381c41f1e02dd1b,438272,7.580651391101981,224,4,2012,0,224,6,0,4,0,0,0,4,0,28672,405504,0,6547,0.00791281520730198,4194304,4096,4096,827392,4096,0.0049504950495049506,0.034653465346534656,0.4900990099009901,0,16,1048576,4096,1048576,4096,434176,820536,339968,402744,1,1,0,0,0,0,0,28672,28672,6.042048628823867,7.976490937310553,6.321675991228949,1,0,4,46,0,0,0,0,0,100,336706,0,0,0,0,0,0,0,0,0,200,0,0,0,1,0,0,1,1,0,0,0,0,1,0,0,0,0,0,0,1,1,0,0,0,0,0,1,0,1,0,0,0,1,0,1,1,0,0,0,0,0,0,0,0,0,1,0,0,0,0x014c,0x010b,0x0002,.text
0937576ac042e79668e2fcccc1659e9675ffac0348c5c59d6575f3884fe499e3,dike_batch4,1,original,0937576ac042e79668e2fcccc1659e9675ffac0348c5c59d6575f3884fe499e3,364032,7.908254696328077,124,4,2011,0,224,10,0,4,0,0,0,4,0,5632,357376,0,5564,0.00675820118159204,4194304,4096,512,823296,1024,0.0012437810945273632,0.006840796019900498,0.43407960199004975,0,16,1048576,4096,1048576,4096,363008,812032,354304,450560,1,2,0,0,0,0,0,5632,5632,4.534897358159878,7.943846904877342,6.161174802520788,1,0,4,39,0,0,0,0,0,100,353956,0,0,0,0,0,0,0,0,0,176,0,0,0,1,0,0,1,1,0,0,0,0,1,0,0,0,0,0,0,1,1,0,0,0,0,0,1,0,1,0,0,0,1,0,1,1,0,0,0,0,0,0,0,0,0,1,0,0,0,0x014c,0x010b,0x0002,.text
093f3b8da07ea5d9b88cd206b01e8cf358ea833baa3e4e8c5e088f6ec3bb5431,dike_batch4,1,original,093f3b8da07ea5d9b88cd206b01e8cf358ea833baa3e4e8c5e088f6ec3bb5431,208896,6.452548200756897,248,5,2012,0,224,8,0,4,0,0,0,4,0,143360,61440,0,78682,0.34926313920454544,1694498816,4096,4096,225280,4096,0.01818181818181818,0.6363636363636364,0.2727272727272727,260945,16,1048576,4096,1048576,4096,204800,218500,143360,143360,1,1,0,0,0,0,0,143360,143360,4.696551947494067,6.6749949769760155,6.6749949769760155,0,0,6,111,0,0,0,0,106,140,1364,0,0,7704,0,0,0,0,64,0,468,0,0,0,0,0,1,0,0,0,0,0,0,0,1,1,0,0,0,0,1,1,0,0,0,0,0,0,0,1,0,0,0,1,1,1,1,0,0,1,0,0,0,0,1,0,1,0,0,0,0x014c,0x010b,0x0002,.text
0949974d938e17d4c01455b3bccd8cbbd7dbecb76a285e02fb228b1699488c90,dike_batch4,1,original,0949974d938e17d4c01455b3bccd8cbbd7dbecb76a285e02fb228b1699488c90,421888,7.66348260737177,224,4,2012,0,224,6,0,4,0,0,0,4,0,36864,380928,0,5616,0.006821361940298507,4194304,4096,4096,823296,4096,0.004975124378109453,0.04477611940298507,0.4626865671641791,0,16,1048576,4096,1048576,4096,417792,814118,360448,402506,1,1,0,0,0,0,0,36864,36864,4.803962304325775,7.904387856574025,6.129812866790644,1,0,4,62,0,0,0,0,0,100,5194,0,0,0,0,0,0,0,0,0,264,0,0,0,1,0,0,1,1,0,0,0,0,1,0,0,0,0,0,0,1,1,0,0,0,0,0,1,0,1,0,0,0,1,0,1,1,0,0,0,0,0,0,0,0,0,1,0,0,0,0x014c,0x010b,0x0002,.text
09559c3953bbe45da7609ddbe5d0131282be9881d48daf07663e23a4f691045a,dike_batch4,1,original,09559c3953bbe45da7609ddbe5d0131282be9881d48daf07663e23a4f691045a,458752,7.586089970355637,224,4,2012,0,224,6,0,4,0,0,0,4,0,61440,393216,0,7008,0.008512126865671642,4194304,4096,4096,823296,4096,0.004975124378109453,0.07462686567164178,0.47761194029850745,0,16,1048576,4096,1048576,4096,454656,818138,217088,523386,1,1,0,0,0,0,0,61440,61440,6.914478232875684,7.969826032114745,6.25335238754017,2,0,3,71,0,0,0,0,75,80,162938,0,0,0,0,0,0,0,0,0,296,0,0,0,1,0,0,1,1,0,0,0,0,1,0,0,0,0,0,0,1,1,0,0,0,0,0,1,0,1,0,0,0,1,1,1,1,0,0,0,0,0,0,0,0,0,1,0,0,0,0x014c,0x010b,0x0002,.text
09598e6714fb147b41deee4fe0d227c48f49191b81117100cfa2bc61a7f30bcc,dike_batch4,1,original,09598e6714fb147b41deee4fe0d227c48f49191b81117100cfa2bc61a7f30bcc,413696,7.672201693530767,216,4,2012,0,224,6,0,4,0,0,0,4,0,12288,397312,0,6339,0.007661422880569307,4194304,4096,4096,827392,4096,0.0049504950495049506,0.01485148514851485,0.4801980198019802,0,16,1048576,4096,1048576,4096,409600,822904,339968,429688,1,1,0,0,0,0,0,12288,12288,6.068307062040523,7.976641719246799,6.338444365354704,1,0,4,42,0,0,0,0,0,100,336706,0,0,0,0,0,0,0,0,0,184,0,0,0,1,0,0,1,1,0,0,0,0,1,0,0,0,0,0,0,1,1,0,0,0,0,0,1,0,1,0,0,0,1,0,1,1,0,0,0,0,0,0,0,0,0,1,0,0,0,0x014c,0x010b,0x0002,.text
095c9bdb63fd3177237ebbf053fae39975c9ffa58d2cd25c5db42817fac0d983,dike_batch4,1,original,095c9bdb63fd3177237ebbf053fae39975c9ffa58d2cd25c5db42817fac0d983,479232,7.268961710720476,216,5,2012,0,224,7,0,4,0,0,0,4,0,32768,442368,4096,6900,0.0084228515625,4259840,4096,4096,819200,4096,0.005,0.04,0.54,504279,16,1048576,4096,1048576,4096,475136,810196,409600,410516,1,2,0,0,0,0,0,32768,32768,5.655750882490594,7.4682751862218,6.299589434224645,1,0,6,78,0,0,0,0,0,140,17116,0,0,0,0,0,0,0,0,0,336,0,0,0,0,0,0,1,1,0,0,0,0,0,0,0,0,0,0,0,1,1,0,0,0,0,0,1,0,1,0,0,0,1,0,1,1,0,0,0,0,0,0,0,0,0,1,0,0,0,0x014c,0x010b,0x0002,.text
095e1c9c17a0a16e681bce27a3717f1fd3fc9fcbb9157e08144243a706b5b3db,dike_batch8,1,original,095e1c9c17a0a16e681bce27a3717f1fd3fc9fcbb9157e08144243a706b5b3db,96297,7.402414421401363,128,4,2012,0,224,2,50,4,0,0,0,4,0,2048,92160,0,4880,0.045823317307692304,4194304,4096,512,106496,1024,0.009615384615384616,0.019230769230769232,0.8653846153846154,107515,16,1048576,4096,1048576,4096,94208,94208,89600,89600,1,1,0,0,0,0,0,2048,2048,4.43141844275737,7.526439400991811,5.540884032674573,1,1065,2,7,0,0,0,0,0,60,1636,0,1024,140,0,0,0,0,0,0,36,0,0,0,1,0,0,1,0,0,0,0,0,0,0,0,0,0,0,0,1,1,0,0,0,0,0,1,1,1,0,0,0,1,0,1,1,0,1,1,0,0,0,0,0,0,1,0,0,0,0x014c,0x010b,0x0002,.text
09652e3b603bfd1094d8cd1053df0aa37dbca6bbe7f7334fa3b99c047761b0f8,dike_batch8,1,original,09652e3b603bfd1094d8cd1053df0aa37dbca6bbe7f7334fa3b99c047761b0f8,115200,7.695837921903413,124,4,0,0,224,5,12,4,0,0,0,4,0,3072,111104,0,4336,0.03414818548387097,4194304,4096,512,126976,1024,0.008064516129032258,0.024193548387096774,0.875,4294967295,16,1048576,4096,1048576,4096,114176,114176,109056,109056,1,2,0,0,0,0,0,3072,3072,6.093559447990796,7.786242192124825,6.516671744460248,1,0,3,38,0,0,0,0,0,100,108836,0,0,0,28,0,0,0,0,0,164,0,0,0,1,0,0,1,1,0,1,0,0,0,0,0,0,0,0,0,1,1,0,0,0,0,0,1,0,1,0,0,0,1,0,1,1,0,0,0,1,0,0,0,0,0,1,0,0,0,0x014c,0x010b,0x0002,.text
096f1f11f92eefc90eba12eb50029a2aeb797467419425285c725230808ffa30,dike_batch8,1,original,096f1f11f92eefc90eba12eb50029a2aeb797467419425285c725230808ffa30,454656,7.495155378414278,216,4,2012,0,224,7,0,4,0,0,0,4,0,28672,421888,245760,7002,0.007093247536307054,4259840,4096,4096,987136,4096,0.004149377593360996,0.029045643153526972,0.42738589211618255,458199,16,1048576,4096,1048576,4096,450560,980500,245760,775700,1,1,0,0,0,0,0,28672,28672,6.466579727778651,7.845183931689634,6.476148022514547,2,0,5,88,0,0,0,0,0,120,167581,0,0,0,0,0,0,0,0,0,372,0,0,0,1,0,0,1,1,0,0,0,0,0,0,0,0,0,0,0,1,1,0,0,0,0,0,1,0,1,0,0,0,1,0,1,1,0,0,0,0,0,0,0,0,0,1,0,0,0,0x014c,0x010b,0x0002,.text
09733bd119bd6643ce9bea46b2b04e2cfab1b56cb13bd298d28669e4f2cc47b3,dike_batch8,1,original,09733bd119bd6643ce9bea46b2b04e2cfab1b56cb13bd298d28669e4f2cc47b3,466944,7.568675466984003,232,4,2012,0,224,6,0,4,0,0,0,4,0,61440,401408,0,7536,0.009153451492537313,4194304,4096,4096,823296,4096,0.004975124378109453,0.07462686567164178,0.48756218905472637,0,16,1048576,4096,1048576,4096,462848,816768,217088,522016,1,1,0,0,0,0,0,61440,61440,6.922100937926004,7.914978526557216,6.28364739616746,2,0,4,70,0,0,0,0,75,100,169760,0,0,0,0,0,0,0,0,0,296,0,0,0,1,0,0,1,1,0,0,0,0,1,0,0,0,0,0,0,1,1,0,0,0,0,0,1,0,1,0,0,0,1,1,1,1,0,0,0,0,0,0,0,0,0,1,0,0,0,0x014c,0x010b,0x0002,.text
097ae0eebf54bbce2edc16557637ef4f73df5176d78e01c8493a96235fddc65e,dike_batch8,1,original,097ae0eebf54bbce2edc16557637ef4f73df5176d78e01c8493a96235fddc65e,174592,7.70221325570924,224,7,2012,0,224,34,0,5,1,0,0,5,1,135680,37888,0,123459,0.6279449462890625,4194304,4096,512,196608,1024,0.005208333333333333,0.6901041666666666,0.19270833333333334,221849,16,1048576,4096,1048576,4096,173568,173568,135680,135680,1,1,0,0,3,0,0,135680,135680,4.642999897770525,7.802728309453926,7.802728309453926,1,0,7,34,0,0,0,0,81,240,6220,0,0,4000,28,0,0,0,0,0,180,0,0,0,1,0,0,1,0,0,0,0,0,0,0,0,0,0,0,0,1,1,0,0,0,1,0,1,0,1,0,0,0,1,1,1,1,0,0,1,1,0,0,0,0,0,1,0,0,0,0x014c,0x010b,0x0002,.text
098533ef507f9425940b8254badb57b369547b487a97776db62a6d4c447db89b,dike_batch8,1,original,098533ef507f9425940b8254badb57b369547b487a97776db62a6d4c447db89b,394240,7.8198513135811005,124,4,2012,0,224,10,0,4,0,0,0,4,0,5632,387584,0,5180,0.0062917832711442785,4194304,4096,512,823296,1024,0.0012437810945273632,0.006840796019900498,0.47077114427860695,0,16,1048576,4096,1048576,4096,393216,813568,384512,421888,1,2,0,0,0,0,0,5632,5632,6.126473295174819,7.852383444867447,6.466686486488096,1,0,4,39,0,0,0,0,0,120,384476,0,0,0,0,0,0,0,0,0,176,176,0,0,1,0,0,1,1,0,0,0,0,1,0,0,0,0,0,0,1,1,0,0,0,0,0,1,0,1,0,0,0,1,0,1,1,0,0,0,0,0,0,0,0,0,1,1,0,0,0x014c,0x010b,0x0002,.text
09bdad9232eecd5d7ab9822eeebe7e12ab3710a35d1cf546bab0a7d2d3732f19,dike_batch8,1,original,09bdad9232eecd5d7ab9822eeebe7e12ab3710a35d1cf546bab0a7d2d3732f19,434176,7.506209461119329,248,4,2012,0,224,6,0,4,0,0,0,4,0,36864,393216,0,5776,0.007015702736318408,4194304,4096,4096,823296,4096,0.004975124378109453,0.04477611940298507,0.47761194029850745,0,16,1048576,4096,1048576,4096,430080,812376,364544,385372,1,1,0,0,0,0,0,36864,36864,5.618800272818833,7.736012980658533,6.233417422002166,1,0,4,69,0,0,0,0,75,100,4444,0,0,0,0,0,0,0,0,0,292,0,0,0,1,0,0,1,1,0,0,0,0,1,0,0,0,0,0,0,1,1,0,0,0,0,0,1,0,1,0,0,0,1,1,1,1,0,0,0,0,0,0,0,0,0,1,0,0,0,0x014c,0x010b,0x0002,.text
09cbeee4f53d00f5ebf8b3570eca72bd98242edb04d9f801ada7e05749b7c129,dike_batch8,1,original,09cbeee4f53d00f5ebf8b3570eca72bd98242edb04d9f801ada7e05749b7c129,503808,7.0459554307869965,216,5,2012,0,224,7,0,4,0,0,0,4,0,32768,466944,4096,8020,0.0097900390625,4259840,4096,4096,819200,4096,0.005,0.04,0.57,536577,16,1048576,4096,1048576,4096,499712,813376,434176,434176,1,2,0,0,0,0,0,32768,32768,5.618933941438861,7.195239048961084,6.423689955110558,1,0,6,78,0,0,0,0,0,140,17116,0,0,0,0,0,0,0,0,0,336,0,0,0,0,0,0,1,1,0,0,0,0,0,0,0,0,0,0,0,1,1,0,0,0,0,0,1,0,1,0,0,0,1,0,1,1,0,0,0,0,0,0,0,0,0,1,0,0,0,0x014c,0x010b,0x0002,.text
09cf132138ec99fb6b3ad7e9d77c37feb58fea7da60399779e15fc1e785f32c3,dike_batch8,1,original,09cf132138ec99fb6b3ad7e9d77c37feb58fea7da60399779e15fc1e785f32c3,389120,7.636573771282484,224,4,2012,0,224,6,0,4,0,0,0,4,0,20480,364544,0,5560,0.007106920811518325,4194304,4096,4096,782336,4096,0.005235602094240838,0.02617801047120419,0.46596858638743455,0,16,1048576,4096,1048576,4096,385024,778120,331776,409480,1,1,0,0,0,0,0,20480,20480,5.96944192936343,7.877267836376084,6.0621866697971685,1,0,3,49,0,0,0,0,0,80,14560,0,0,0,0,0,0,0,0,0,208,0,0,0,1,0,0,1,1,0,0,0,0,1,0,0,0,0,0,0,1,1,0,0,0,0,0,1,0,1,0,0,0,1,0,1,1,0,0,0,0,0,0,0,0,0,1,0,0,0,0x014c,0x010b,0x0002,.text
09d06983e8a636fa5949276fcc6ab6595a1ca80ed4ba0656f1b06a8708e994ff,dike_batch8,1,original,09d06983e8a636fa5949276fcc6ab6595a1ca80ed4ba0656f1b06a8708e994ff,176128,7.719719813237508,208,4,2012,0,224,34,0,5,1,0,0,5,1,163840,11264,0,95442,0.5178059895833333,4194304,4096,512,184320,1024,0.005555555555555556,0.8888888888888888,0.06111111111111111,214241,16,1048576,4096,1048576,4096,175104,175104,163840,163840,1,1,1,0,1,0,0,163840,163840,5.406455486959371,7.770702714646874,7.770702714646874,1,0,5,103,0,0,0,0,82,140,6504,0,0,3948,28,0,0,0,0,0,436,0,0,0,1,0,0,1,0,0,0,0,0,0,0,0,0,0,0,0,1,1,1,1,1,1,0,1,0,1,0,0,0,1,1,1,1,0,0,1,1,0,0,0,0,0,1,0,0,0,0x014c,0x010b,0x0002,.text
09d6cce2c77d2bbaa1041bd543beeb7b172c5c088f0aadf9a99054153289f05a,dike_batch8,1,original,09d6cce2c77d2bbaa1041bd543beeb7b172c5c088f0aadf9a99054153289f05a,462848,7.4744692933524925,216,4,2012,0,224,7,0,4,0,0,0,4,0,28672,430080,245760,7014,0.007046923225308642,4259840,4096,4096,995328,4096,0.00411522633744856,0.02880658436213992,0.43209876543209874,517574,16,1048576,4096,1048576,4096,458752,987636,245760,774644,1,1,0,0,0,0,0,28672,28672,6.454700282232057,7.821889806572767,6.480834302444681,2,0,5,86,0,0,0,0,0,120,172844,0,0,0,0,0,0,0,0,0,364,0,0,0,1,0,0,1,1,0,0,0,0,0,0,0,0,0,0,0,1,1,0,0,0,0,0,1,0,1,0,0,0,1,0,1,1,0,0,0,0,0,0,0,0,0,1,0,0,0,0x014c,0x010b,0x0002,.text
09e99720a3e07599564c577d24c4f6fc3c3ce11b5dda6cf2d81f3247a2341650,virusshare,1,original,09e99720a3e07599564c577d24c4f6fc3c3ce11b5dda6cf2d81f3247a2341650,61952,7.14100464592095,208,10,2011,0,224,242,255,5,1,0,0,5,1,24064,36864,4294402898,12868,0.10134198588709678,4194304,4096,512,126976,1024,0.008064516129032258,0.18951612903225806,0.2903225806451613,81289,16,1048576,4096,1048576,4096,60928,101000,24576,40072,1,4,0,1,6,0,0,24064,24064,4.438444274923043,7.163645433599639,6.807227305489127,1,0,6,170,0,0,0,0,91,160,16,0,0,1668,31,0,0,24,0,0,0,0,0,0,0,0,0,1,0,0,0,0,0,0,0,0,0,0,0,0,1,1,0,0,0,1,0,1,0,1,0,0,0,1,1,1,1,0,0,1,1,0,0,1,0,0,0,0,0,0,0x014c,0x010b,0x0002,.text
09fdc3baa5aabf03961a6314dc99f8a7f96d83af5c643fe3e639c6efa7e9f333,dike_batch6,1,original,09fdc3baa5aabf03961a6314dc99f8a7f96d83af5c643fe3e639c6efa7e9f333,483328,7.326689460523775,232,4,2012,0,224,7,0,4,0,0,0,4,0,28672,450560,262144,6976,0.006980020491803279,4259840,4096,4096,999424,4096,0.004098360655737705,0.028688524590163935,0.45081967213114754,513070,16,1048576,4096,1048576,4096,479232,994260,262144,777172,1,1,0,0,0,0,0,28672,28672,6.378803355018711,7.836941461001274,6.487178303469538,1,0,6,84,0,0,0,0,0,140,177308,0,0,0,0,0,0,0,0,0,360,0,0,0,1,0,0,1,1,0,0,0,0,0,0,0,0,0,0,0,1,1,0,0,0,0,0,1,0,1,0,0,0,1,0,1,1,0,0,0,0,0,0,0,0,0,1,0,0,0,0x014c,0x010b,0x0002,.text
0a18d07a64413638b1804223e3058999d619dad3095db055e46da67d674344eb,dike_batch6,1,original,0a18d07a64413638b1804223e3058999d619dad3095db055e46da67d674344eb,413696,7.673619621258948,224,4,2012,0,224,6,0,4,0,0,0,4,0,12288,397312,0,6360,0.007686803836633663,4194304,4096,4096,827392,4096,0.0049504950495049506,0.01485148514851485,0.4801980198019802,0,16,1048576,4096,1048576,4096,409600,819800,339968,426584,1,1,0,0,0,0,0,12288,12288,6.076806604911618,7.977033159625477,6.347833011213918,1,0,4,43,0,0,0,0,0,100,336706,0,0,0,0,0,0,0,0,0,188,0,0,0,1,0,0,1,1,0,0,0,0,1,0,0,0,0,0,0,1,1,0,0,0,0,0,1,0,1,0,0,0,1,0,1,1,0,0,0,0,0,0,0,0,0,1,0,0,0,0x014c,0x010b,0x0002,.text
0a266ad12d079323f2170811f5195fb51893d5bcbc915e758dc10c0f876d5fb5,dike_batch6,1,original,0a266ad12d079323f2170811f5195fb51893d5bcbc915e758dc10c0f876d5fb5,172032,6.979258144045965,224,4,2012,0,224,7,10,4,0,0,0,4,0,16384,155648,0,4385,0.024896666061046513,4194304,4096,4096,176128,4096,0.023255813953488372,0.09302325581395349,0.8837209302325582,0,16,1048576,4096,1048576,4096,167936,169656,94208,95928,1,1,0,0,0,0,0,16384,16384,5.450573566897194,7.990723634306592,6.490353028836943,1,0,1,51,0,0,0,0,0,40,48688,0,0,0,0,0,0,0,72,0,208,0,0,0,1,0,0,1,1,0,0,0,0,1,0,0,0,0,0,0,1,1,0,0,0,0,0,1,0,1,0,0,0,1,0,1,1,0,0,0,0,0,0,0,1,0,1,0,0,0,0x014c,0x010b,0x0002,.text
0a3e59c5116da71e2133d9a23a9c4adb2ad60951a5f80cfa24cbe27da776d4f8,dike_batch6,1,original,0a3e59c5116da71e2133d9a23a9c4adb2ad60951a5f80cfa24cbe27da776d4f8,131168,6.854610684284774,128,9,2012,0,224,2,50,4,0,0,0,4,0,113152,15872,0,109808,0.7054893092105263,4194304,4096,512,155648,1024,0.006578947368421052,0.7269736842105263,0.10197368421052631,172720,16,1048576,4096,1048576,4096,129024,129024,108032,108032,1,1,0,0,5,0,0,108032,108032,2.5655483067122673,7.080703659147794,7.080703659147794,1,1120,4,243,0,0,0,0,0,100,7132,0,1119,1176,0,0,0,0,0,0,988,0,0,0,0,0,0,1,0,0,0,0,0,0,0,0,0,0,0,0,1,1,0,0,0,1,0,1,1,1,0,0,0,1,0,1,1,0,1,1,0,0,0,0,0,0,1,0,0,0,0x014c,0x010b,0x0002,.text
0a442894505a793b2e3f9a4755da4aeafdf70a765ccdbfc3d1fad9934980d9e5,dike_batch6,1,original,0a442894505a793b2e3f9a4755da4aeafdf70a765ccdbfc3d1fad9934980d9e5,409600,7.319246067839337,216,4,2012,0,224,6,0,4,0,0,0,4,0,16384,389120,0,6504,0.008313563481675394,4194304,4096,4096,782336,4096,0.005235602094240838,0.020942408376963352,0.4973821989528796,0,16,1048576,4096,1048576,4096,405504,776988,270336,477980,1,1,0,0,0,0,0,16384,16384,6.263617608049609,7.807237079629526,6.048514698858936,2,0,2,45,0,0,0,0,0,60,8624,0,0,0,0,0,0,0,0,0,188,0,0,0,1,0,0,1,1,0,0,0,0,1,0,0,0,0,0,0,1,1,0,0,0,0,0,1,0,1,0,0,0,1,0,1,1,0,0,0,0,0,0,0,0,0,1,0,0,0,0x014c,0x010b,0x0002,.text
0a50b74ac552f4d6f43facb16f2457d607d5fbd239bd860a6213e98c9fb255df,dike_batch6,1,original,0a50b74ac552f4d6f43facb16f2457d607d5fbd239bd860a6213e98c9fb255df,147496,6.752897015349531,128,4,2012,0,224,2,50,4,0,0,0,4,0,115200,30208,0,113744,0.7307771381578947,4194304,4096,512,155648,1024,0.006578947368421052,0.7401315789473685,0.19407894736842105,206412,16,1048576,4096,1048576,4096,145408,145408,115200,115200,1,1,0,0,0,0,0,115200,115200,5.829083836965774,6.824481468719493,6.824481468719493,0,1064,4,694,1,0,0,0,0,100,7132,0,1063,3284,0,0,0,0,0,0,2792,0,0,0,0,0,0,1,0,0,0,0,0,0,0,0,0,0,0,0,1,1,0,0,0,0,0,0,1,1,0,0,1,1,0,1,1,0,1,1,0,0,0,0,0,0,1,0,0,0,0x014c,0x010b,0x0002,.text
0a59771fdc42dd24d8dc9b3490983c46aac749861be1630af697511deb8ed1a3,dike_batch6,1,original,0a59771fdc42dd24d8dc9b3490983c46aac749861be1630af697511deb8ed1a3,438272,7.580221872352801,224,4,2012,0,224,7,0,4,0,0,0,4,0,20480,402754,417792,6137,0.007168856534090909,4259840,4096,4096,856064,4096,0.004784688995215311,0.023923444976076555,0.4704718338815789,456824,16,1048576,4096,1048576,4096,434176,850392,274432,690648,1,1,0,0,0,0,0,20480,20480,7.142511703192424,7.698789846818483,6.710118752852475,2,0,6,75,0,0,0,0,0,140,31947,0,0,0,0,0,0,0,0,0,324,0,0,0,1,0,0,1,1,0,0,0,0,0,0,0,0,0,0,0,1,1,0,0,0,0,0,1,0,1,0,0,0,1,0,1,1,0,0,0,0,0,0,0,0,0,1,0,0,0,0x014c,0x010b,0x0002,.text
0a5bc3bd081eb5fc52db31e607c65342c8305df4446d103c95dab318c858748c,dike_batch6,1,original,0a5bc3bd081eb5fc52db31e607c65342c8305df4446d103c95dab318c858748c,442368,7.490024791369393,224,4,2012,0,224,6,0,4,0,0,0,4,0,45056,393216,0,5968,0.007248911691542289,4194304,4096,4096,823296,4096,0.004975124378109453,0.05472636815920398,0.47761194029850745,0,16,1048576,4096,1048576,4096,438272,811556,364544,377180,1,1,0,0,0,0,0,45056,45056,5.620605926123063,7.729667118788674,6.188537291554999,1,0,4,72,0,0,0,0,75,100,4444,0,0,0,0,0,0,0,0,0,304,0,0,0,1,0,0,1,1,0,0,0,0,1,0,0,0,0,0,0,1,1,0,0,0,0,0,1,0,1,0,0,0,1,1,1,1,0,0,0,0,0,0,0,0,0,1,0,0,0,0x014c,0x010b,0x0002,.text
0a5faf5624a993bd716ca6d7a9b2750e8b06af4965d49fc8a514a8da06c2a01e,dike_batch6,1,original,0a5faf5624a993bd716ca6d7a9b2750e8b06af4965d49fc8a514a8da06c2a01e,425984,7.764703112113413,216,4,2012,0,224,7,0,4,0,0,0,4,0,28672,393216,217088,6523,0.006608005381224066,4259840,4096,4096,987136,4096,0.004149377593360996,0.029045643153526972,0.3983402489626556,462093,16,1048576,4096,1048576,4096,421888,981332,217088,776532,1,1,0,0,0,0,0,28672,28672,6.522276862763384,7.847939386504089,6.419345010455311,2,0,4,69,0,0,0,0,0,100,167581,0,0,0,0,0,0,0,0,0,292,0,0,0,1,0,0,1,1,0,0,0,0,0,0,0,0,0,0,0,1,1,0,0,0,0,0,1,0,1,0,0,0,1,0,1,1,0,0,0,0,0,0,0,0,0,1,0,0,0,0x014c,0x010b,0x0002,.text
0a783e91ef138af7b8b928a2a82789d8807637f7f90b34e1db4ebb0bbdaf5de8,dike_batch6,1,original,0a783e91ef138af7b8b928a2a82789d8807637f7f90b34e1db4ebb0bbdaf5de8,471040,7.045603080320865,248,5,2008,0,224,8,0,4,0,0,0,4,0,176128,290816,0,57568,0.11910752118644068,268435456,4096,4096,483328,4096,0.00847457627118644,0.3644067796610169,0.6016949152542372,519833,16,1048576,4096,1048576,4096,466944,475328,192512,192512,1,1,0,0,0,0,0,176128,176128,5.1650869373370405,7.74511816906954,6.6416334595271005,1,0,5,59,0,0,0,0,1160,120,31648,0,0,13152,0,0,0,0,64,0,596,0,0,0,1,0,1,0,0,0,0,0,0,0,0,0,0,0,0,0,1,1,0,0,0,0,0,1,0,1,0,0,0,1,1,1,1,0,0,1,0,0,0,0,1,0,1,0,0,0,0x014c,0x010b,0x0002,.text
0a7941b27b45b1038fd3cd26e0b2daff0f3a5367a28ec63fa7464c0db0a05fbd,dike_batch6,1,original,0a7941b27b45b1038fd3cd26e0b2daff0f3a5367a28ec63fa7464c0db0a05fbd,211456,7.138547093020219,208,3,2011,0,224,10,0,5,1,0,0,5,1,83968,0,0,40184,0.13817671654929578,4194304,4096,512,290816,1024,0.0035211267605633804,0.2887323943661972,0.0,243951,16,1048576,4096,1048576,4096,210432,279736,124416,193720,1,1,0,0,0,0,0,83968,83968,6.8216669986790315,7.778943593905464,7.778943593905464,1,0,4,255,0,0,0,0,90,100,16,0,0,1784,0,0,0,0,0,0,1036,0,0,0,1,0,0,1,0,0,0,0,0,0,0,0,0,0,0,0,1,1,0,0,0,0,0,1,0,1,0,0,0,1,1,1,1,0,0,1,0,0,0,0,0,0,1,0,0,0,0x014c,0x010b,0x0002,.text
0a7fc8a656ade5401dae2c1d4dcf4ca55ef6fc51a13336f801d25938f71fb636,dike_batch6,1,original,0a7fc8a656ade5401dae2c1d4dcf4ca55ef6fc51a13336f801d25938f71fb636,368640,7.691321048399101,224,4,2012,0,224,7,0,4,0,0,0,4,0,98304,254687,434176,83023,0.10288978228109137,4259840,4096,4096,806912,4096,0.005076142131979695,0.1218274111675127,0.31563169217956855,375285,16,1048576,4096,1048576,4096,364544,799352,208896,643704,1,1,0,0,0,0,0,98304,98304,6.725080635245197,7.882419021982778,7.882419021982778,3,0,4,68,0,0,0,0,0,100,47200,0,0,0,0,0,0,0,0,0,288,0,0,0,1,0,0,1,1,0,0,0,0,0,0,0,0,0,0,0,1,1,0,0,0,0,0,1,0,1,0,0,0,1,0,1,1,0,0,0,0,0,0,0,0,0,1,0,0,0,0x014c,0x010b,0x0002,.text
0a83754a6e03d367af7e4a181df496b5d643d69915a4702e91c5e5b2c4918859,dike_batch6,1,original,0a83754a6e03d367af7e4a181df496b5d643d69915a4702e91c5e5b2c4918859,413696,7.675525710736986,216,4,2012,0,224,6,0,4,0,0,0,4,0,12288,397312,0,5704,0.006928249378109453,4194304,4096,4096,823296,4096,0.004975124378109453,0.014925373134328358,0.48258706467661694,0,16,1048576,4096,1048576,4096,409600,813112,339968,742688,1,1,0,0,0,0,0,12288,12288,5.1948586853660945,7.977661142127924,6.404030654752806,1,0,4,48,0,0,0,0,0,100,337184,0,0,0,0,0,0,0,0,0,208,0,0,0,1,0,0,1,1,0,0,0,0,1,0,0,0,0,0,0,1,1,0,0,0,0,0,1,0,1,0,0,0,1,0,1,1,0,0,0,0,0,0,0,0,0,1,0,0,0,0x014c,0x010b,0x0002,.text
0a8e05af1b0ee06e490e2486ab97f81ce36901671f894d6f562d778fdc90ee88,dike_batch6,1,original,0a8e05af1b0ee06e490e2486ab97f81ce36901671f894d6f562d778fdc90ee88,95785,7.625972801475374,128,5,2012,0,224,2,50,4,0,0,0,4,0,2048,91648,0,4640,0.04195601851851852,4194304,4096,512,110592,1024,0.009259259259259259,0.018518518518518517,0.8287037037037037,145438,16,1048576,4096,1048576,4096,93696,93696,88064,88064,1,1,0,0,0,0,0,2048,2048,4.118734833572007,7.7567455467783715,5.49026667392277,1,1065,3,6,0,0,0,0,0,80,1636,0,1024,132,0,0,0,0,0,0,36,0,0,0,1,0,0,1,0,0,0,0,0,0,0,0,0,0,0,0,1,1,0,0,0,0,0,1,1,1,0,0,0,1,0,1,1,0,1,1,0,0,0,0,0,0,1,0,0,0,0x014c,0x010b,0x0002,.text
0a9fde28a185a41b4f5ae474f292559e3f0a9d7ce6d529b583d0e3b04e95cb8a,dike_batch6,1,original,0a9fde28a185a41b4f5ae474f292559e3f0a9d7ce6d529b583d0e3b04e95cb8a,356352,7.727611137218894,208,4,2012,0,224,7,0,4,0,0,0,4,0,8192,329282,540672,4641,0.005173774614726028,4194304,4096,4096,897024,4096,0.0045662100456621,0.0091324200913242,0.3670827090468037,375806,16,1048576,4096,1048576,4096,352256,890604,155648,693996,1,1,0,0,0,0,0,8192,8192,7.472310640021978,7.85256905713487,6.618501198462821,3,0,3,9,1,0,0,0,0,80,91875,0,0,0,0,0,0,0,0,0,48,0,0,0,1,0,0,1,1,0,0,0,0,0,0,0,0,0,0,0,1,1,0,0,0,0,0,1,0,1,0,0,1,1,0,1,1,0,0,0,0,0,0,0,0,0,1,0,0,0,0x014c,0x010b,0x0002,.text
0aa7013930744b60ba20cc0411dae751671a2dc069470936aefb4926f3a32bef,dike_batch6,1,original,0aa7013930744b60ba20cc0411dae751671a2dc069470936aefb4926f3a32bef,471040,7.435500684472287,224,4,2012,0,224,7,0,4,0,0,0,4,0,28672,438272,249856,7018,0.007022044697745902,4259840,4096,4096,999424,4096,0.004098360655737705,0.028688524590163935,0.4385245901639344,523014,16,1048576,4096,1048576,4096,466944,992372,249856,775284,1,1,0,0,0,0,0,28672,28672,6.444667795040262,7.818334126344527,6.487843384820359,2,0,5,87,0,0,0,0,0,120,176196,0,0,0,0,0,0,0,0,0,368,0,0,0,1,0,0,1,1,0,0,0,0,0,0,0,0,0,0,0,1,1,0,0,0,0,0,1,0,1,0,0,0,1,0,1,1,0,0,0,0,0,0,0,0,0,1,0,0,0,0x014c,0x010b,0x0002,.text
0ab06167cb7fd6d00a08079bbcd2d2ca05cbb5a9edaa943543dca37d7aaed05b,dike_batch6,1,original,0ab06167cb7fd6d00a08079bbcd2d2ca05cbb5a9edaa943543dca37d7aaed05b,413696,7.804616814381123,216,4,2012,0,224,7,0,4,0,0,0,4,0,20480,389120,212992,5357,0.005426810490145228,4259840,4096,4096,987136,4096,0.004149377593360996,0.02074688796680498,0.3941908713692946,443635,16,1048576,4096,1048576,4096,409600,980536,212992,783928,1,1,0,0,0,0,0,20480,20480,6.470147668003748,7.895193129943628,6.480447605151901,2,0,2,58,0,0,0,0,0,60,167536,0,0,0,0,0,0,0,0,0,240,0,0,0,1,0,0,1,1,0,0,0,0,0,0,0,0,0,0,0,1,1,0,0,0,0,0,1,0,1,0,0,0,1,0,1,1,0,0,0,0,0,0,0,0,0,1,0,0,0,0x014c,0x010b,0x0002,.text
0ab742ec02156c19db6208c1c9ff32c7ff5805bba349f6ba9d4646ade55206c9,dike_batch6,1,original,0ab742ec02156c19db6208c1c9ff32c7ff5805bba349f6ba9d4646ade55206c9,393216,7.730987249078691,208,4,2012,0,224,6,0,4,0,0,0,4,0,12288,376832,0,5592,0.0067922108208955225,4194304,4096,4096,823296,4096,0.004975124378109453,0.014925373134328358,0.4577114427860697,0,16,1048576,4096,1048576,4096,389120,817954,311296,437026,1,1,0,0,0,0,0,12288,12288,6.777663214116764,7.9223233293225235,6.3759176203680035,1,0,3,46,0,0,0,0,0,80,6946,0,0,0,0,0,0,0,0,0,196,0,0,0,1,0,0,1,1,0,0,0,0,1,0,0,0,0,0,0,1,1,0,0,0,0,0,1,0,1,0,0,0,1,0,1,1,0,0,0,0,0,0,0,0,0,1,0,0,0,0x014c,0x010b,0x0002,.text
0ab8a74d53e1f779fcc14efe09b93ecc00766ac8721407e83ce81eb1fdc1e134,dike_batch6,1,original,0ab8a74d53e1f779fcc14efe09b93ecc00766ac8721407e83ce81eb1fdc1e134,458752,7.465372792611308,216,4,2012,0,224,7,0,4,0,0,0,4,0,28672,425984,249856,7354,0.007449834673236515,4259840,4096,4096,987136,4096,0.004149377593360996,0.029045643153526972,0.4315352697095436,485761,16,1048576,4096,1048576,4096,454656,979156,249856,774356,1,1,0,0,0,0,0,28672,28672,6.49564101414413,7.869610764215589,6.528523267072757,2,0,6,95,0,0,0,0,0,140,167536,0,0,0,0,0,0,0,0,0,404,0,0,0,1,0,0,1,1,0,0,0,0,0,0,0,0,0,0,0,1,1,0,0,0,0,0,1,0,1,0,0,0,1,0,1,1,0,0,0,0,0,0,0,0,0,1,0,0,0,0x014c,0x010b,0x0002,.text
0ac7a6ebd5eb49aee91c2d8c91ec5ed1256f8f624b871730f5910289a6500ba2,dike_batch6,1,original,0ac7a6ebd5eb49aee91c2d8c91ec5ed1256f8f624b871730f5910289a6500ba2,164512,5.672029336737594,128,5,2012,0,224,2,50,4,0,0,0,4,0,117760,43520,0,5088,0.028888081395348836,4194304,4096,512,176128,1024,0.005813953488372093,0.6686046511627907,0.24709302325581395,190630,16,1048576,4096,1048576,4096,161280,161280,117760,117760,1,3,0,0,2,0,0,117760,117760,3.449459082047396,7.071685444885229,7.071685444885229,1,2208,2,9,0,0,0,0,0,60,0,0,2208,228,0,0,0,0,0,0,44,0,0,0,0,0,0,1,0,0,0,0,0,0,0,0,0,0,0,0,1,1,0,0,0,1,0,1,1,1,0,0,0,1,0,1,0,0,1,1,0,0,0,0,0,0,1,0,0,0,0x014c,0x010b,0x0002,.text
0acf541f983ebcbc34a65128f894228237d3505ab231dbf03b39fefc1a680505,dike_batch6,1,original,0acf541f983ebcbc34a65128f894228237d3505ab231dbf03b39fefc1a680505,364544,7.310092859331265,232,5,2014,0,224,10,0,5,1,0,0,5,1,268288,95232,0,21522,0.0547332763671875,4194304,4096,512,393216,1024,0.0026041666666666665,0.6822916666666666,0.2421875,399108,16,1048576,4096,1048576,4096,363520,379588,268288,268288,1,1,0,0,0,0,0,268288,268288,5.553071960863128,7.769112806883419,7.769112806883419,1,0,13,172,1,0,0,0,0,280,42516,0,0,4704,28,0,0,0,64,0,740,0,0,0,1,0,0,1,0,0,0,0,0,0,0,1,0,0,0,0,1,1,0,0,0,0,0,1,0,1,0,0,1,1,0,1,1,0,0,1,1,0,0,0,1,0,1,0,0,0,0x014c,0x010b,0x0002,.text
0ad1787f0df70891e2afeaa9ea4cae86f43e8692dff333c913ca6f59b9f5f6fe,dike_batch6,1,original,0ad1787f0df70891e2afeaa9ea4cae86f43e8692dff333c913ca6f59b9f5f6fe,208896,6.170901539270551,264,5,2012,0,224,8,0,4,0,0,0,4,0,143360,61440,0,77738,0.34507279829545456,1677721600,4096,4096,225280,4096,0.01818181818181818,0.6363636363636364,0.2727272727272727,268515,16,1048576,4096,1048576,4096,204800,218500,143360,143360,1,1,0,0,0,0,0,143360,143360,4.3338066938629645,6.643485959548025,6.643485959548025,0,0,7,114,0,0,0,0,106,160,1364,0,0,7660,0,0,0,0,64,0,484,0,0,0,0,0,1,0,0,0,0,0,0,0,1,1,0,0,0,0,1,1,0,0,0,0,0,0,0,1,0,0,0,1,1,1,1,0,0,1,0,0,0,0,1,0,1,0,0,0,0x014c,0x010b,0x0002,.text
0ae67dd54368c64d392733680f1cee1864a6a87469137f7c5ea04a216a823ca4,dike_batch6,1,original,0ae67dd54368c64d392733680f1cee1864a6a87469137f7c5ea04a216a823ca4,352256,7.773382309597427,208,4,2012,0,224,7,0,4,0,0,0,4,0,90112,245140,499712,87064,0.1017026764354067,4194304,4096,4096,856064,4096,0.004784688995215311,0.10526315789473684,0.2863570947966507,390313,16,1048576,4096,1048576,4096,348160,847896,192512,512024,1,1,0,0,0,0,0,90112,90112,6.5012956708266385,7.965760391207681,7.965760391207681,3,0,4,9,0,0,0,0,0,100,49479,0,0,0,0,0,0,0,0,0,52,0,0,0,1,0,0,1,1,0,0,0,0,0,0,0,0,0,0,0,1,1,0,0,0,0,0,1,0,1,0,0,0,1,0,1,1,0,0,0,0,0,0,0,0,0,1,0,0,0,0x014c,0x010b,0x0002,.text
0ae694c5332ae2c89f5cfb1e65ac6805c34e02c0b63b33197b5cb7f554c7cf76,dike_batch6,1,original,0ae694c5332ae2c89f5cfb1e65ac6805c34e02c0b63b33197b5cb7f554c7cf76,372736,7.973706656095058,64,4,2011,0,224,10,0,4,0,0,0,4,0,4608,367104,0,787460,0.6745648300438597,4259840,4096,512,1167360,786432,0.6736842105263158,0.003947368421052632,0.3144736842105263,413419,16,1048576,4096,1048576,4096,371712,371712,364544,364544,1,2,0,0,0,0,0,4608,4608,5.366305445542614,7.988014735029971,6.673774424253431,1,0,4,39,0,0,0,0,0,100,14146,0,0,0,0,0,0,0,0,0,204,0,0,0,1,0,0,1,1,0,0,0,0,0,0,0,0,0,0,0,1,1,0,0,0,0,0,1,0,1,0,0,0,1,0,1,1,0,0,0,0,0,0,0,0,0,1,0,0,0,0x014c,0x010b,0x0002,.text
0af45efed27805c72e4caa8e573528d90c9ec14e0084f074bb28ef1393143207,virusshare,1,original,0af45efed27805c72e4caa8e573528d90c9ec14e0084f074bb28ef1393143207,58715,7.562194860044817,176,3,2008,0,224,5,0,4,0,6,0,4,0,0,0,0,57353,0.9334798177083333,4194304,4096,512,61440,512,0.008333333333333333,0.0,0.0,0,16,1048576,4096,1048576,4096,10082,53857,9058,25185,3,2,2,0,3,0,2,512,4096,4.711458654587708,7.706659789938309,6.0896027634901495,1,48121,1,6,0,0,0,0,0,40,0,0,0,0,0,0,0,0,0,0,0,0,0,0,1,0,0,1,1,0,0,0,0,1,0,0,0,0,0,0,1,1,1,1,1,1,0,1,1,1,0,0,0,1,0,1,0,0,0,0,0,0,0,0,0,0,0,0,0,0,0x014c,0x010b,0x0002,.mini9
0afacd3815c755c6310cde87c082230a34086fd7f3ed18f51936fc1b84136c9d,dike_batch6,1,original,0afacd3815c755c6310cde87c082230a34086fd7f3ed18f51936fc1b84136c9d,417792,7.663191445824338,232,4,2012,0,224,7,0,4,0,0,0,4,0,94208,307678,491520,76137,0.08335486441984305,4259840,4096,4096,913408,4096,0.004484304932735426,0.1031390134529148,0.33684618483744394,441439,16,1048576,4096,1048576,4096,413696,905848,208896,701048,1,1,0,0,0,0,0,94208,94208,6.710025085395516,7.76728010879917,7.76728010879917,3,0,2,58,0,0,0,0,0,60,98559,0,0,0,0,0,0,0,0,0,240,0,0,0,1,0,0,1,1,0,0,0,0,0,0,0,0,0,0,0,1,1,0,0,0,0,0,1,0,1,0,0,0,1,0,1,1,0,0,0,0,0,0,0,0,0,1,0,0,0,0x014c,0x010b,0x0002,.text
0b01487daefc1333cd6e5df94c57fcef87d21194b3d06ae6acd37fc9c46cbcd7,dike_batch6,1,original,0b01487daefc1333cd6e5df94c57fcef87d21194b3d06ae6acd37fc9c46cbcd7,417792,7.66692887910833,232,4,2012,0,224,7,0,4,0,0,0,4,0,94208,307678,491520,76217,0.08344244850056054,4259840,4096,4096,913408,4096,0.004484304932735426,0.1031390134529148,0.33684618483744394,474327,16,1048576,4096,1048576,4096,413696,905848,208896,701048,1,1,0,0,0,0,0,94208,94208,6.724983752536855,7.767298145203395,7.767298145203395,3,0,2,60,0,0,0,0,0,60,98559,0,0,0,0,0,0,0,0,0,248,0,0,0,1,0,0,1,1,0,0,0,0,0,0,0,0,0,0,0,1,1,0,0,0,0,0,1,0,1,0,0,0,1,0,1,1,0,0,0,0,0,0,0,0,0,1,0,0,0,0x014c,0x010b,0x0002,.text
0b06ededa7d883d2859b0d8eb3b354735124edbf784affdc74963672639352a8,dike_batch6,1,original,0b06ededa7d883d2859b0d8eb3b354735124edbf784affdc74963672639352a8,285208,7.654155945059562,128,6,2012,0,224,2,50,4,0,0,0,4,0,4096,279040,0,4928,0.016481164383561644,4194304,4096,512,299008,1024,0.003424657534246575,0.0136986301369863,0.9332191780821918,293696,16,1048576,4096,1048576,4096,283136,283136,264192,264192,1,1,0,0,2,0,0,4096,4096,5.544987843137234,7.719748295053688,5.190945568919816,1,1048,7,338,7,0,0,0,0,160,1716,0,1047,1792,0,0,0,0,0,0,1380,0,0,0,1,0,0,1,0,0,0,0,0,0,0,0,0,0,0,0,1,1,0,0,0,1,0,1,1,1,0,0,1,1,0,1,1,0,1,1,0,0,0,0,0,0,1,0,0,0,0x014c,0x010b,0x0002,.text
0b0bedd0552059f0009d5432010795b6d6d288a680475e935e2d4e09a5895d0d,dike_batch6,1,original,0b0bedd0552059f0009d5432010795b6d6d288a680475e935e2d4e09a5895d0d,442880,7.551327305835814,124,4,2011,0,224,10,0,4,0,0,0,4,0,8704,433152,0,6200,0.007568359375,4194304,4096,512,819200,1024,0.00125,0.010625,0.52875,0,16,1048576,4096,1048576,4096,441856,808960,430080,430080,1,2,0,0,0,0,0,8704,8704,4.029199487263815,7.6189089327856285,4.502225686636819,1,0,4,39,0,0,0,0,0,100,429904,0,0,0,0,0,0,0,0,0,0,28,0,0,1,0,0,1,1,0,0,0,0,1,0,0,0,0,0,0,1,1,0,0,0,0,0,1,0,1,0,0,0,1,0,1,1,0,0,0,0,0,0,0,0,0,0,1,0,0,0x014c,0x010b,0x0002,.text
0b1098e8e4f56dcea3c068bd376e2b7ce6ae092ae08f44eca364292d86def11e,dike_batch6,1,original,0b1098e8e4f56dcea3c068bd376e2b7ce6ae092ae08f44eca364292d86def11e,165024,5.617106854468599,128,8,2012,0,224,2,50,4,0,0,0,4,0,145408,16896,0,5360,0.028447690217391304,4194304,4096,512,188416,1024,0.005434782608695652,0.7717391304347826,0.08967391304347826,206475,16,1048576,4096,1048576,4096,161792,161992,145408,145408,1,6,0,0,5,0,0,145408,145408,3.239518058010789,6.050248799207019,6.050248799207019,0,2208,3,10,0,0,0,0,0,80,0,0,2208,220,0,0,0,0,0,0,52,0,0,0,0,0,0,1,0,0,0,0,0,0,0,0,0,0,0,0,1,1,0,0,0,1,0,0,1,1,0,0,0,1,0,1,0,0,1,1,0,0,0,0,0,0,1,0,0,0,0x014c,0x010b,0x0002,.text
0b1c6998a9ec410fcb9b729ca0e811672db0e6bbfcc57886c9a19da633175f78,dike_batch6,1,original,0b1c6998a9ec410fcb9b729ca0e811672db0e6bbfcc57886c9a19da633175f78,195232,4.9212133896168195,128,8,2012,0,224,2,50,4,0,0,0,4,0,145408,46592,0,5248,0.024174528301886794,4194304,4096,512,217088,1024,0.0047169811320754715,0.6698113207547169,0.21462264150943397,219132,16,1048576,4096,1048576,4096,192000,192000,145408,145408,1,6,0,0,5,0,0,145408,145408,3.148884906899053,6.0451827936334555,6.0451827936334555,0,2208,3,10,0,0,0,0,0,80,0,0,2208,220,0,0,0,0,0,0,52,0,0,0,0,0,0,1,0,0,0,0,0,0,0,0,0,0,0,0,1,1,0,0,0,1,0,0,1,1,0,0,0,1,0,1,0,0,1,1,0,0,0,0,0,0,1,0,0,0,0x014c,0x010b,0x0002,.text
0b1c9cc6431aecfcab4dd1d2d1b8f3d80a2603915d4e1952949b53b7bfbe4e58,dike_batch6,1,original,0b1c9cc6431aecfcab4dd1d2d1b8f3d80a2603915d4e1952949b53b7bfbe4e58,471040,7.41883996072949,232,4,2012,0,224,7,0,4,0,0,0,4,0,28672,438272,253952,7012,0.00704491383744856,4259840,4096,4096,995328,4096,0.00411522633744856,0.02880658436213992,0.4403292181069959,519020,16,1048576,4096,1048576,4096,466944,991060,253952,778068,1,1,0,0,0,0,0,28672,28672,6.4180751341788795,7.861802142038867,6.482801439703014,2,0,4,84,0,0,0,0,0,100,174784,0,0,0,0,0,0,0,0,0,352,0,0,0,1,0,0,1,1,0,0,0,0,0,0,0,0,0,0,0,1,1,0,0,0,0,0,1,0,1,0,0,0,1,0,1,1,0,0,0,0,0,0,0,0,0,1,0,0,0,0x014c,0x010b,0x0002,.text
0b1f3e01fbecff3467d2897ba452b96098540b81af2a01e80c720b45f6062538,dike_batch6,1,original,0b1f3e01fbecff3467d2897ba452b96098540b81af2a01e80c720b45f6062538,434176,7.871193171439138,608,6,2008,0,224,9,0,6,1,6,1,5,1,60928,371712,0,427582,0.9848126105542453,65536,512,512,434176,1536,0.003537735849056604,0.1403301886792453,0.8561320754716981,489008,16,262144,4096,1048576,4096,432640,432640,361984,361984,2,2,1,0,1,0,3,1024,1024,4.514441018104168,7.987598103898711,4.466099908319625,1,0,2,25,0,0,0,0,0,60,768,0,0,3144,0,0,0,0,64,0,108,0,0,0,1,0,0,1,0,0,0,0,0,0,0,0,0,0,0,0,1,1,1,1,1,1,0,1,0,1,0,0,0,1,0,1,1,0,0,1,0,0,0,0,1,0,1,0,0,0,0x014c,0x010b,0x0001,INIT
0b25e6f805421dfd57849192315614ad5152022c61767e43611be5dd07cded57,dike_batch6,1,original,0b25e6f805421dfd57849192315614ad5152022c61767e43611be5dd07cded57,405504,7.262416513687521,216,4,2012,0,224,7,0,4,0,0,0,4,0,94208,294382,405504,76383,0.09370951436871859,4259840,4096,4096,815104,4096,0.005025125628140704,0.11557788944723618,0.36115882145100503,409852,16,1048576,4096,1048576,4096,401408,808216,241664,648472,1,1,0,0,0,0,0,94208,94208,6.54584632247601,7.776352237143108,7.776352237143108,3,0,5,76,0,0,0,0,0,120,53605,0,0,0,0,0,0,0,0,0,324,0,0,0,1,0,0,1,1,0,0,0,0,0,0,0,0,0,0,0,1,1,0,0,0,0,0,1,0,1,0,0,0,1,0,1,1,0,0,0,0,0,0,0,0,0,1,0,0,0,0x014c,0x010b,0x0002,.text
0b269aa55e1266621e690d712b0a6c2d65562f592306189b946a7724205f7d7b,dike_batch6,1,original,0b269aa55e1266621e690d712b0a6c2d65562f592306189b946a7724205f7d7b,417792,7.770969766228674,216,4,2012,0,224,7,0,4,0,0,0,4,0,20480,393216,16384,5338,0.005385217587809917,4259840,4096,4096,991232,4096,0.004132231404958678,0.02066115702479339,0.39669421487603307,419781,16,1048576,4096,1048576,4096,413696,985336,208896,588024,1,1,0,0,0,0,0,20480,20480,6.3532270017089685,7.940639087405326,6.475863461689103,2,0,3,62,0,0,0,0,0,80,167512,0,0,0,0,0,0,0,0,0,260,0,0,0,1,0,0,1,1,0,0,0,0,0,0,0,0,0,0,0,1,1,0,0,0,0,0,1,0,1,0,0,0,1,0,1,1,0,0,0,0,0,0,0,0,0,1,0,0,0,0x014c,0x010b,0x0002,.text
0b2ad06fcebd0d18fd724e0e43e70275e8175fd5d27c5b6931c6ad583f1b71c3,dike_batch6,1,original,0b2ad06fcebd0d18fd724e0e43e70275e8175fd5d27c5b6931c6ad583f1b71c3,434176,7.616103902476606,232,4,2012,0,224,7,0,4,0,0,0,4,0,20480,409600,233472,5536,0.005608143153526971,4259840,4096,4096,987136,4096,0.004149377593360996,0.02074688796680498,0.4149377593360996,437490,16,1048576,4096,1048576,4096,430080,980536,233472,783928,1,1,0,0,0,0,0,20480,20480,6.423073364609515,7.8633923590878165,6.504589479602617,2,0,4,68,0,0,0,0,0,100,167536,0,0,0,0,0,0,0,0,0,288,0,0,0,1,0,0,1,1,0,0,0,0,0,0,0,0,0,0,0,1,1,0,0,0,0,0,1,0,1,0,0,0,1,0,1,1,0,0,0,0,0,0,0,0,0,1,0,0,0,0x014c,0x010b,0x0002,.text
0b328c064c7c739da6bf5c685b0c37aa84be011779e3a3188db1babaabc0c77d,dike_batch6,1,original,0b328c064c7c739da6bf5c685b0c37aa84be011779e3a3188db1babaabc0c77d,110688,6.968338846955737,128,5,2012,0,224,2,50,4,0,0,0,4,0,103424,5632,0,5152,0.04192708333333333,4194304,4096,512,122880,1024,0.008333333333333333,0.8416666666666667,0.04583333333333333,129554,16,1048576,4096,1048576,4096,108544,108736,101376,101376,1,1,0,0,1,0,0,2048,2048,4.291765389784127,7.12339816376591,5.13070010046136,1,1120,2,7,0,0,0,0,0,60,4044,0,1119,96,0,0,0,0,0,0,36,0,0,0,0,0,0,1,0,0,0,0,0,0,0,0,0,0,0,0,1,1,0,0,0,1,0,1,1,1,0,0,0,1,0,1,1,0,1,1,0,0,0,0,0,0,1,0,0,0,0x014c,0x010b,0x0002,.text
0b3b4aeb74225c4b87e703017dd69c855340cb41c0c8dfe169e40331dc07f3cf,dike_batch6,1,original,0b3b4aeb74225c4b87e703017dd69c855340cb41c0c8dfe169e40331dc07f3cf,208896,6.390327152297489,264,5,2012,0,224,8,0,4,0,0,0,4,0,143360,61440,0,77738,0.34507279829545456,1677721600,4096,4096,225280,4096,0.01818181818181818,0.6363636363636364,0.2727272727272727,241259,16,1048576,4096,1048576,4096,204800,218500,143360,143360,1,1,0,0,0,0,0,143360,143360,4.636954748682308,6.643268331165132,6.643268331165132,0,0,7,114,0,0,0,0,106,160,1364,0,0,7664,0,0,0,0,64,0,484,0,0,0,0,0,1,0,0,0,0,0,0,0,1,1,0,0,0,0,1,1,0,0,0,0,0,0,0,1,0,0,0,1,1,1,1,0,0,1,0,0,0,0,1,0,1,0,0,0,0x014c,0x010b,0x0002,.text
0b3b96d158fb8449a8b23e3f3919472a458188a3c78e294e7c6119bb3ae6ef75,dike_batch6,1,original,0b3b96d158fb8449a8b23e3f3919472a458188a3c78e294e7c6119bb3ae6ef75,421888,7.734118287639274,216,4,2012,0,224,7,0,4,0,0,0,4,0,20480,390466,430080,5927,0.0069235477721291865,4259840,4096,4096,856064,4096,0.004784688995215311,0.023923444976076555,0.45611776689593303,464071,16,1048576,4096,1048576,4096,417792,848088,262144,532696,1,1,0,0,0,0,0,20480,20480,7.208829078408126,7.874726564375656,6.648201676418401,2,0,5,65,0,0,0,0,0,120,31947,0,0,0,0,0,0,0,0,0,280,0,0,0,1,0,0,1,1,0,0,0,0,0,0,0,0,0,0,0,1,1,0,0,0,0,0,1,0,1,0,0,0,1,0,1,1,0,0,0,0,0,0,0,0,0,1,0,0,0,0x014c,0x010b,0x0002,.text
0b41fef686fec6a0ad51e27597c574b616240afbaf3976d177c18a39799d0cd6,dike_batch6,1,original,0b41fef686fec6a0ad51e27597c574b616240afbaf3976d177c18a39799d0cd6,433664,7.872997055780626,608,6,2008,0,224,9,0,6,1,6,1,5,1,60928,371200,0,427070,0.9847946797520661,65536,512,512,433664,1536,0.0035419126328217238,0.14049586776859505,0.8559622195985832,449863,16,262144,4096,1048576,4096,432128,432128,361472,361472,2,2,1,0,1,0,3,1024,1024,4.5098713477621954,7.988712066493259,4.462970057945883,1,0,2,25,0,0,0,0,0,60,768,0,0,3136,0,0,0,0,64,0,108,0,0,0,1,0,0,1,0,0,0,0,0,0,0,0,0,0,0,0,1,1,1,1,1,1,0,1,0,1,0,0,0,1,0,1,1,0,0,1,0,0,0,0,1,0,1,0,0,0,0x014c,0x010b,0x0001,INIT
0b4254ba5324fc5103bfcf58d4daf5aceef4bca2e66d30af4d08947a38f9fd61,dike_batch6,1,original,0b4254ba5324fc5103bfcf58d4daf5aceef4bca2e66d30af4d08947a38f9fd61,206336,6.878916085735968,224,6,2012,0,224,89,0,5,1,0,0,5,1,165888,39424,0,98338,0.4365145596590909,4194304,4096,512,225280,1024,0.004545454545454545,0.7363636363636363,0.175,229944,16,1048576,4096,1048576,4096,205312,205312,165888,165888,1,2,0,0,2,0,0,165888,165888,4.820770969880986,6.613551966461661,6.577627103868808,0,0,7,30,0,0,0,0,132,180,5814,0,0,3280,28,0,0,0,0,0,152,0,0,0,0,0,0,1,0,0,0,0,0,0,0,0,0,0,0,0,1,1,0,0,0,1,0,0,0,1,0,0,0,1,1,1,1,0,0,1,1,0,0,0,0,0,1,0,0,0,0x014c,0x010b,0x0002,.text
0b445bba1f47fc92ee42031cd8de1bd083a8f87545f20623eae751686b9fecac,dike_batch6,1,original,0b445bba1f47fc92ee42031cd8de1bd083a8f87545f20623eae751686b9fecac,142432,6.068564897474351,128,6,2012,0,224,2,50,4,0,0,0,4,0,126464,14336,0,5584,0.03587582236842105,4194304,4096,512,155648,1024,0.006578947368421052,0.8125,0.09210526315789473,175127,16,1048576,4096,1048576,4096,140288,140420,126464,126464,3,1,0,0,2,0,0,126464,126464,4.729027490807518,6.254614028728609,6.254614028728609,0,1120,6,104,0,0,0,0,0,140,7304,0,1120,540,0,0,0,0,0,0,440,0,0,0,0,0,0,1,0,0,0,0,0,0,0,0,0,0,0,0,1,1,0,0,0,1,0,0,1,1,0,0,0,1,0,1,1,0,1,1,0,0,0,0,0,0,1,0,0,0,0x014c,0x010b,0x0002,.text
0b4dd7a79c3222cd148cd0a873e1f7a1009381f9c546fd0260a17d8bd4f98adf,dike_batch5,1,original,0b4dd7a79c3222cd148cd0a873e1f7a1009381f9c546fd0260a17d8bd4f98adf,430080,7.658688571515914,224,4,2012,0,224,6,0,4,0,0,0,4,0,36864,389120,0,5728,0.006957400497512438,4194304,4096,4096,823296,4096,0.004975124378109453,0.04477611940298507,0.472636815920398,0,16,1048576,4096,1048576,4096,425984,813804,360448,402192,1,1,0,0,0,0,0,36864,36864,5.094759961530901,7.9036063158653125,6.1406133611185,1,0,4,64,0,0,0,0,0,100,13072,0,0,0,0,0,0,0,0,0,272,0,0,0,1,0,0,1,1,0,0,0,0,1,0,0,0,0,0,0,1,1,0,0,0,0,0,1,0,1,0,0,0,1,0,1,1,0,0,0,0,0,0,0,0,0,1,0,0,0,0x014c,0x010b,0x0002,.text
0b5069faca00ca4e0df750a9af6457863526cc5aaadd20753f5eb5ac3ea513e7,dike_batch5,1,original,0b5069faca00ca4e0df750a9af6457863526cc5aaadd20753f5eb5ac3ea513e7,208896,6.182035446383069,264,5,2012,0,224,8,0,4,0,0,0,4,0,143360,61440,0,77738,0.34507279829545456,1677721600,4096,4096,225280,4096,0.01818181818181818,0.6363636363636364,0.2727272727272727,211640,16,1048576,4096,1048576,4096,204800,218500,143360,143360,1,1,0,0,0,0,0,143360,143360,4.350213252815294,6.643844233661677,6.643844233661677,0,0,7,114,0,0,0,0,106,160,1364,0,0,7660,0,0,0,0,64,0,484,0,0,0,0,0,1,0,0,0,0,0,0,0,1,1,0,0,0,0,1,1,0,0,0,0,0,0,0,1,0,0,0,1,1,1,1,0,0,1,0,0,0,0,1,0,1,0,0,0,0x014c,0x010b,0x0002,.text
0b575e67baa129d190ba79deb71627dffe48f92d13eb35a966df163175a0c24c,dike_batch5,1,original,0b575e67baa129d190ba79deb71627dffe48f92d13eb35a966df163175a0c24c,131168,6.854112733986739,128,9,2012,0,224,2,50,4,0,0,0,4,0,113152,15872,0,109808,0.7054893092105263,4194304,4096,512,155648,1024,0.006578947368421052,0.7269736842105263,0.10197368421052631,156037,16,1048576,4096,1048576,4096,129024,129024,108032,108032,1,1,0,0,5,0,0,108032,108032,2.565051413611462,7.080741130924367,7.080741130924367,1,1120,4,243,0,0,0,0,0,100,7132,0,1119,1176,0,0,0,0,0,0,988,0,0,0,0,0,0,1,0,0,0,0,0,0,0,0,0,0,0,0,1,1,0,0,0,1,0,1,1,1,0,0,0,1,0,1,1,0,1,1,0,0,0,0,0,0,1,0,0,0,0x014c,0x010b,0x0002,.text
0b5a920404fbf222e6bc191463a14cef8fbf340bafdebc2f127ef3b8d113d130,dike_batch5,1,original,0b5a920404fbf222e6bc191463a14cef8fbf340bafdebc2f127ef3b8d113d130,417792,7.658303798830655,232,4,2012,0,224,7,0,4,0,0,0,4,0,94208,307678,491520,76217,0.08344244850056054,4259840,4096,4096,913408,4096,0.004484304932735426,0.1031390134529148,0.33684618483744394,459294,16,1048576,4096,1048576,4096,413696,905848,208896,701048,1,1,0,0,0,0,0,94208,94208,6.711599437521702,7.766734646764673,7.766734646764673,3,0,2,60,0,0,0,0,0,60,98559,0,0,0,0,0,0,0,0,0,248,0,0,0,1,0,0,1,1,0,0,0,0,0,0,0,0,0,0,0,1,1,0,0,0,0,0,1,0,1,0,0,0,1,0,1,1,0,0,0,0,0,0,0,0,0,1,0,0,0,0x014c,0x010b,0x0002,.text
0b626ff78872af9976e86b331c860d9105ffd9f1509391135a31aa670c71ab69,dike_batch5,1,original,0b626ff78872af9976e86b331c860d9105ffd9f1509391135a31aa670c71ab69,194560,7.536414233151454,200,3,2011,0,224,10,0,5,1,0,0,5,1,105984,0,0,55440,0.2255859375,4194304,4096,512,245760,1024,0.004166666666666667,0.43125,0.0,252022,16,1048576,4096,1048576,4096,193536,237085,105984,129053,1,1,0,0,0,0,0,105984,105984,7.024818639691841,7.849605744606364,7.849605744606364,2,0,4,259,0,0,0,0,93,100,16,0,0,1844,0,0,0,0,0,0,1052,0,0,0,1,0,0,1,0,0,0,0,0,0,0,0,0,0,0,0,1,1,0,0,0,0,0,1,0,1,0,0,0,1,1,1,1,0,0,1,0,0,0,0,0,0,1,0,0,0,0x014c,0x010b,0x0002,.text
0b66c3fd4b417eab75fcd3965bff9805ad6c2b47bb9e85feccf017cd09b592f4,dike_batch5,1,original,0b66c3fd4b417eab75fcd3965bff9805ad6c2b47bb9e85feccf017cd09b592f4,187392,7.4497180441751105,128,4,2004,0,224,6,0,4,0,0,0,5,0,173041,0,4096,12532,0.06244021045918367,4194304,4096,512,200704,1024,0.00510204081632653,0.8621701610331632,0.0,0,16,1048576,4096,1048576,4096,186368,186368,173056,173056,1,1,0,0,0,0,0,173056,173056,5.6072742514786675,7.5701161034863755,7.5701161034863755,1,0,7,68,0,0,0,0,0,180,28,0,0,332,0,0,0,0,0,0,0,0,0,28,1,0,0,1,0,0,0,0,0,1,0,0,0,0,0,0,1,1,0,0,0,0,0,1,0,1,0,0,0,1,0,1,1,0,0,1,0,0,0,0,0,0,0,0,0,1,0x014c,0x010b,0x0002,.text
0b673dc77184cc296cfd0cb818e37de5c8bcfe59c0b07a9677822526953b4fb9,dike_batch5,1,original,0b673dc77184cc296cfd0cb818e37de5c8bcfe59c0b07a9677822526953b4fb9,454656,7.412178918888655,232,4,2012,0,224,7,0,4,0,0,0,4,0,20480,423234,397312,6145,0.007178201629784689,4259840,4096,4096,856064,4096,0.004784688995215311,0.023923444976076555,0.4943952788576555,466462,16,1048576,4096,1048576,4096,450560,849528,294912,693880,1,1,0,0,0,0,0,20480,20480,7.097256788209396,7.692303802017741,6.6964510328098,2,0,6,74,0,0,0,0,0,140,31947,0,0,0,0,0,0,0,0,0,320,0,0,0,1,0,0,1,1,0,0,0,0,0,0,0,0,0,0,0,1,1,0,0,0,0,0,1,0,1,0,0,0,1,0,1,1,0,0,0,0,0,0,0,0,0,1,0,0,0,0x014c,0x010b,0x0002,.text
0b6754484b8629cd51b56b4190914da7c0fffd8563cca1d403a6c475ef27d3eb,dike_batch5,1,original,0b6754484b8629cd51b56b4190914da7c0fffd8563cca1d403a6c475ef27d3eb,380416,7.870279575764561,124,4,0,0,224,11,0,4,0,0,0,4,0,5632,373760,0,5264,0.0059223790322580645,4194304,4096,512,888832,1024,0.001152073732718894,0.006336405529953917,0.4205069124423963,0,16,1048576,4096,1048576,4096,379392,877568,370176,499712,1,2,0,0,0,0,0,5632,5632,6.084570827006331,7.910670117119826,6.265202585965141,1,0,4,39,0,0,0,0,0,120,370102,0,0,0,0,92,0,0,0,0,0,0,0,0,1,0,0,1,1,0,1,0,0,1,0,0,0,0,0,0,1,1,0,0,0,0,0,1,0,1,0,0,0,1,0,1,1,0,0,0,0,1,0,0,0,0,0,0,0,0,0x014c,0x010b,0x0002,.text
0b6a3dc1f3841f8fd2511138d206c0d783a59d4f83bbd636a0a813a4408d279f,dike_batch5,1,original,0b6a3dc1f3841f8fd2511138d206c0d783a59d4f83bbd636a0a813a4408d279f,413696,7.672157505216605,224,4,2012,0,224,6,0,4,0,0,0,4,0,12288,397312,0,6323,0.007642085009282178,4194304,4096,4096,827392,4096,0.0049504950495049506,0.01485148514851485,0.4801980198019802,0,16,1048576,4096,1048576,4096,409600,822904,339968,429688,1,1,0,0,0,0,0,12288,12288,6.069893784255506,7.976384623884307,6.333380138219963,1,0,4,41,0,0,0,0,0,100,336706,0,0,0,0,0,0,0,0,0,180,0,0,0,1,0,0,1,1,0,0,0,0,1,0,0,0,0,0,0,1,1,0,0,0,0,0,1,0,1,0,0,0,1,0,1,1,0,0,0,0,0,0,0,0,0,1,0,0,0,0x014c,0x010b,0x0002,.text
0b6ffd763b8644406e3d837ee77fb857f1f3b7ab69d5089e75e170fb2217282f,dike_batch5,1,original,0b6ffd763b8644406e3d837ee77fb857f1f3b7ab69d5089e75e170fb2217282f,208896,6.389162393133072,264,5,2012,0,224,8,0,4,0,0,0,4,0,143360,61440,0,77738,0.34507279829545456,1677721600,4096,4096,225280,4096,0.01818181818181818,0.6363636363636364,0.2727272727272727,225329,16,1048576,4096,1048576,4096,204800,218500,143360,143360,1,1,0,0,0,0,0,143360,143360,4.634399539297349,6.644025743017471,6.644025743017471,0,0,7,114,0,0,0,0,106,160,1364,0,0,7664,0,0,0,0,64,0,484,0,0,0,0,0,1,0,0,0,0,0,0,0,1,1,0,0,0,0,1,1,0,0,0,0,0,0,0,1,0,0,0,1,1,1,1,0,0,1,0,0,0,0,1,0,1,0,0,0,0x014c,0x010b,0x0002,.text
0b74f6fb2d4c2a64b7b2ad7793bdda4d3d8c21e7311264a790fc001feef351f5,dike_batch5,1,original,0b74f6fb2d4c2a64b7b2ad7793bdda4d3d8c21e7311264a790fc001feef351f5,421888,7.6635147525007286,224,4,2012,0,224,6,0,4,0,0,0,4,0,36864,380928,0,5616,0.006821361940298507,4194304,4096,4096,823296,4096,0.004975124378109453,0.04477611940298507,0.4626865671641791,0,16,1048576,4096,1048576,4096,417792,814118,360448,402506,1,1,0,0,0,0,0,36864,36864,4.804215485107368,7.904828351042915,6.129829019011523,1,0,4,62,0,0,0,0,0,100,5194,0,0,0,0,0,0,0,0,0,264,0,0,0,1,0,0,1,1,0,0,0,0,1,0,0,0,0,0,0,1,1,0,0,0,0,0,1,0,1,0,0,0,1,0,1,1,0,0,0,0,0,0,0,0,0,1,0,0,0,0x014c,0x010b,0x0002,.text
0b7ba7992f2eb7f2474be11fb91b3b75e2f693a1eb8e33908611f092823d3639,dike_batch5,1,original,0b7ba7992f2eb7f2474be11fb91b3b75e2f693a1eb8e33908611f092823d3639,515072,7.988946572506907,128,3,2012,0,224,7,0,5,1,0,0,5,1,12288,0,0,13612,0.012217802159926471,4194304,4096,512,1114112,4096,0.003676470588235294,0.011029411764705883,0.0,82365,16,1048576,4096,1048576,4096,514048,1104384,503296,1093632,1,1,0,0,2,0,0,9728,9728,5.712939358824361,7.996885962207985,5.365667078708775,1,0,2,23,0,0,0,0,0,120,503279,0,0,0,140,0,0,0,176,0,0,0,0,0,1,0,0,1,1,0,0,0,0,0,0,0,0,1,0,0,1,1,0,0,0,1,0,1,0,1,0,0,0,1,0,1,1,0,0,0,1,0,0,0,1,0,0,0,0,0,0x014c,0x010b,0x0002,.text
0b87318e5589dfb28dda80ff61a7cad2569a53def671fc37d83d35a0eed44596,dike_batch5,1,original,0b87318e5589dfb28dda80ff61a7cad2569a53def671fc37d83d35a0eed44596,284184,7.639233056458151,128,7,2012,0,224,2,50,4,0,0,0,4,0,4096,278016,0,4928,0.016481164383561644,4194304,4096,512,299008,1024,0.003424657534246575,0.0136986301369863,0.9297945205479452,295892,16,1048576,4096,1048576,4096,282112,282112,264192,264192,1,1,0,0,3,0,0,4096,4096,5.486717416824407,7.716038094094366,5.108183427914036,1,1048,5,275,8,0,0,0,0,120,1716,0,1047,1476,0,0,0,0,0,0,1120,0,0,0,1,0,0,1,0,0,0,0,0,0,0,0,0,0,0,0,1,1,0,0,0,1,0,1,1,1,0,0,1,1,0,1,1,0,1,1,0,0,0,0,0,0,1,0,0,0,0x014c,0x010b,0x0002,.text
0b8ad899abf3a0833879065d5a2118aa1c1d07d84e2d1a5e7464b06dab7e18a8,dike_batch5,1,original,0b8ad899abf3a0833879065d5a2118aa1c1d07d84e2d1a5e7464b06dab7e18a8,393216,7.714330421572262,216,4,2012,0,224,6,0,4,0,0,0,4,0,24576,364544,327680,5769,0.00745210193452381,4194304,4096,4096,774144,4096,0.005291005291005291,0.031746031746031744,0.4708994708994709,0,16,1048576,4096,1048576,4096,389120,766168,327680,704728,1,1,0,0,0,0,0,24576,24576,6.029789185050866,7.946995560676069,6.1328255947218215,1,0,3,47,0,0,0,0,0,80,20888,0,0,0,0,0,0,0,0,0,200,0,0,0,1,0,0,1,1,0,0,0,0,1,0,0,0,0,0,0,1,1,0,0,0,0,0,1,0,1,0,0,0,1,0,1,1,0,0,0,0,0,0,0,0,0,1,0,0,0,0x014c,0x010b,0x0002,.text
0b9065d76343b62901d7723f2c2f16073cfee97e8f6936b3a3af998c4655a81e,dike_batch5,1,original,0b9065d76343b62901d7723f2c2f16073cfee97e8f6936b3a3af998c4655a81e,364544,7.638644445414275,208,4,2012,0,224,7,0,4,0,0,0,4,0,8192,337474,532480,4760,0.005306435502283105,4194304,4096,4096,897024,4096,0.0045662100456621,0.0091324200913242,0.3762151291381279,377457,16,1048576,4096,1048576,4096,360448,891280,253952,784784,1,1,0,0,0,0,0,8192,8192,5.896306309792148,7.703253202969716,6.784955348363075,2,0,7,26,0,0,0,0,0,160,91875,0,0,0,0,0,0,0,0,0,132,0,0,0,1,0,0,1,1,0,0,0,0,0,0,0,0,0,0,0,1,1,0,0,0,0,0,1,0,1,0,0,0,1,0,1,1,0,0,0,0,0,0,0,0,0,1,0,0,0,0x014c,0x010b,0x0002,.text
0b9996cce73366a4afb113765a919d5e301a294c28ef66d189b7c66fd65ddade,dike_batch5,1,original,0b9996cce73366a4afb113765a919d5e301a294c28ef66d189b7c66fd65ddade,131168,6.855850374448791,128,9,2012,0,224,2,50,4,0,0,0,4,0,113152,15872,0,109808,0.7054893092105263,4194304,4096,512,155648,1024,0.006578947368421052,0.7269736842105263,0.10197368421052631,132240,16,1048576,4096,1048576,4096,129024,129024,108032,108032,1,1,0,0,5,0,0,108032,108032,2.564519283505046,7.082017759602625,7.082017759602625,1,1120,4,243,0,0,0,0,0,100,7132,0,1119,1176,0,0,0,0,0,0,988,0,0,0,0,0,0,1,0,0,0,0,0,0,0,0,0,0,0,0,1,1,0,0,0,1,0,1,1,1,0,0,0,1,0,1,1,0,1,1,0,0,0,0,0,0,1,0,0,0,0x014c,0x010b,0x0002,.text
0bb16011515c29ac39f90bc88e4b7526fb83565a9b00e118d1e72e9456ed0420,dike_batch5,1,original,0bb16011515c29ac39f90bc88e4b7526fb83565a9b00e118d1e72e9456ed0420,140840,6.870672287406765,128,4,2012,0,224,2,50,4,0,0,0,4,0,112128,26624,0,111648,0.7571614583333334,4194304,4096,512,147456,1024,0.006944444444444444,0.7604166666666666,0.18055555555555555,172942,16,1048576,4096,1048576,4096,138752,138752,112128,112128,1,1,0,0,0,0,0,112128,112128,5.783188159863722,6.980263691191575,6.980263691191575,0,1064,4,584,1,0,0,0,0,100,7132,0,1063,2788,0,0,0,0,0,0,2352,0,0,0,0,0,0,1,0,0,0,0,0,0,0,0,0,0,0,0,1,1,0,0,0,0,0,0,1,1,0,0,1,1,0,1,1,0,1,1,0,0,0,0,0,0,1,0,0,0,0x014c,0x010b,0x0002,.text
0bc38daf7cadea088b55eaa800e873f7971da3c460aacebd1c93c12736d62fc8,dike_batch5,1,original,0bc38daf7cadea088b55eaa800e873f7971da3c460aacebd1c93c12736d62fc8,372736,7.973994748584024,64,4,2011,0,224,10,0,4,0,0,0,4,0,4608,367104,0,787392,0.6745065789473684,4259840,4096,512,1167360,786432,0.6736842105263158,0.003947368421052632,0.3144736842105263,406397,16,1048576,4096,1048576,4096,371712,371712,364544,364544,1,2,0,0,0,0,0,4608,4608,5.388382363445268,7.987992755384132,6.750310676835265,1,0,4,39,0,0,0,0,0,100,14146,0,0,0,0,0,0,0,0,0,204,0,0,0,1,0,0,1,1,0,0,0,0,0,0,0,0,0,0,0,1,1,0,0,0,0,0,1,0,1,0,0,0,1,0,1,1,0,0,0,0,0,0,0,0,0,1,0,0,0,0x014c,0x010b,0x0002,.text
0bc50d62c3f9e3b2d9805b9b100be9ec0774aba23a447afd6cb63f745f52b9b1,dike_batch5,1,original,0bc50d62c3f9e3b2d9805b9b100be9ec0774aba23a447afd6cb63f745f52b9b1,110176,6.992629356840408,128,4,2012,0,224,2,50,4,0,0,0,4,0,102912,5632,0,110208,0.896875,4194304,4096,512,122880,1024,0.008333333333333333,0.8375,0.04583333333333333,110439,16,1048576,4096,1048576,4096,108032,108300,102912,102912,0,2,0,0,0,0,1,102912,102912,4.177199690018126,7.132656953339248,7.132656953339248,1,1120,3,9,0,0,0,0,0,80,4044,0,1119,104,0,0,0,0,0,0,48,0,0,0,0,0,0,1,0,0,0,0,0,0,0,0,0,0,0,0,1,0,1,0,0,0,0,1,1,1,0,0,0,1,0,1,1,0,1,1,0,0,0,0,0,0,1,0,0,0,0x014c,0x010b,0x0002,.text
0bc600c7f52978294b9e0f5f6cc3e436c7ea2a44d9cfccf6a912f32df5ea1de3,dike_batch5,1,original,0bc600c7f52978294b9e0f5f6cc3e436c7ea2a44d9cfccf6a912f32df5ea1de3,405504,7.681508723090426,208,4,2012,0,224,6,0,4,0,0,0,4,0,12288,389120,0,5528,0.006714474502487562,4194304,4096,4096,823296,4096,0.004975124378109453,0.014925373134328358,0.472636815920398,0,16,1048576,4096,1048576,4096,401408,815280,258048,515316,1,1,0,0,0,0,0,12288,12288,6.412678491925183,7.921558558530379,6.379060645281669,2,0,2,41,0,0,0,0,0,60,101620,0,0,0,0,0,0,0,0,0,172,0,0,0,1,0,0,1,1,0,0,0,0,1,0,0,0,0,0,0,1,1,0,0,0,0,0,1,0,1,0,0,0,1,0,1,1,0,0,0,0,0,0,0,0,0,1,0,0,0,0x014c,0x010b,0x0002,.text
0bd000296a27166aea20df164d56ec41d5a7283503c2e4f0f4fa057d3a12bac7,dike_batch5,1,original,0bd000296a27166aea20df164d56ec41d5a7283503c2e4f0f4fa057d3a12bac7,313384,7.4838066576057125,128,6,2012,0,224,2,50,4,0,0,0,4,0,284672,26624,0,282192,0.8720826740506329,4194304,4096,512,323584,1024,0.0031645569620253164,0.879746835443038,0.08227848101265822,372009,16,1048576,4096,1048576,4096,311296,311296,282624,282624,1,1,0,0,2,0,0,282624,282624,4.045269852683684,7.567243776918111,7.567243776918111,1,1064,4,584,1,0,0,0,0,100,7132,0,1063,2792,0,0,0,0,0,0,2352,0,0,0,1,0,0,1,0,0,0,0,0,0,0,0,0,0,0,0,1,1,0,0,0,1,0,1,1,1,0,0,1,1,0,1,1,0,1,1,0,0,0,0,0,0,1,0,0,0,0x014c,0x010b,0x0002,.text
0bd575f1872a5b14a9cf10dbec63951a85d71ef0d95111a11f047aaddc946759,dike_batch5,1,original,0bd575f1872a5b14a9cf10dbec63951a85d71ef0d95111a11f047aaddc946759,148480,7.44543756360101,232,4,2012,0,224,10,0,5,1,0,0,5,1,39424,97280,0,20799,0.13020207331730768,4194304,4096,512,159744,1024,0.00641025641025641,0.2467948717948718,0.6089743589743589,96237,16,1048576,4096,1048576,4096,147456,148992,94720,94720,1,4,1,0,0,0,0,39424,39424,5.916610486959437,7.976634209738416,5.600924758769085,1,0,11,455,0,0,0,0,0,10752,94268,0,0,1644,0,0,0,0,64,0,0,0,0,0,1,0,0,1,0,0,0,0,0,0,1,1,0,0,0,1,1,1,1,1,1,0,0,1,0,1,0,0,0,1,0,1,1,0,0,1,0,0,0,0,1,0,0,0,0,0,0x014c,0x010b,0x0002,.text
0bd7d15b95fd79caffbff336b3c68caadb38c01eaf9a4fe264e0c187a0dccf99,virusshare,1,original,0bd7d15b95fd79caffbff336b3c68caadb38c01eaf9a4fe264e0c187a0dccf99,247480,7.88572760677869,232,3,2012,0,224,9,0,5,0,0,0,5,0,237568,8192,315392,553872,0.979874320652174,4194304,4096,512,565248,4096,0.007246376811594203,0.42028985507246375,0.014492753623188406,259746,16,1048576,4096,1048576,4096,242688,561152,235008,315392,2,3,2,1,2,0,1,235008,237568,6.385130819154432,7.9167780263397045,7.9167780263397045,1,3768,10,15,0,0,0,0,0,620,6908,0,3768,0,0,0,0,0,72,0,0,0,0,0,1,0,0,1,1,0,0,0,0,0,0,0,0,0,0,1,1,1,1,1,1,1,0,1,1,1,0,0,0,1,0,1,1,0,1,0,0,0,0,0,1,0,0,0,0,0,0x014c,0x010b,0x0002,UPX1
0be469253c817b56972e2b4586ae560027b3e4296a4522fe100727d6b0847662,dike_batch5,1,original,0be469253c817b56972e2b4586ae560027b3e4296a4522fe100727d6b0847662,421888,7.736349424704429,216,4,2012,0,224,7,0,4,0,0,0,4,0,20480,390466,430080,5927,0.0069235477721291865,4259840,4096,4096,856064,4096,0.004784688995215311,0.023923444976076555,0.45611776689593303,471411,16,1048576,4096,1048576,4096,417792,848088,262144,532696,1,1,0,0,0,0,0,20480,20480,7.21259744922591,7.8774545382068455,6.645808120129689,2,0,5,65,0,0,0,0,0,120,31947,0,0,0,0,0,0,0,0,0,280,0,0,0,1,0,0,1,1,0,0,0,0,0,0,0,0,0,0,0,1,1,0,0,0,0,0,1,0,1,0,0,0,1,0,1,1,0,0,0,0,0,0,0,0,0,1,0,0,0,0x014c,0x010b,0x0002,.text
0be4bd0e7c2b7202722edbcd549fc69e65f054732b500366da32d747238c786b,dike_batch5,1,original,0be4bd0e7c2b7202722edbcd549fc69e65f054732b500366da32d747238c786b,180736,7.1426760936579985,208,5,2011,0,224,12,0,5,1,0,0,5,1,0,4608,0,7954,0.020658452460106384,4194304,4096,512,385024,1024,0.0026595744680851063,0.0,0.011968085106382979,226493,16,1048576,4096,1048576,4096,179712,371817,134656,326761,2,1,1,0,1,0,0,40448,40448,5.434704968931084,7.110848069297069,7.038441331912918,2,0,2,3,0,0,0,0,599,572,1316,0,0,1552,0,0,0,0,0,0,20,0,0,0,0,0,0,1,0,0,0,0,0,0,0,0,0,0,0,0,1,1,0,0,1,1,0,1,0,1,0,0,0,1,1,1,1,0,0,1,0,0,0,0,0,0,1,0,0,0,0x014c,0x010b,0x0002,.text
0bf23604942908b7ee2fef85bd2b0e9a43874144d5bcdcdb52ed78a284be0138,dike_batch5,1,original,0bf23604942908b7ee2fef85bd2b0e9a43874144d5bcdcdb52ed78a284be0138,434176,7.506858538484375,232,4,2012,0,224,6,0,4,0,0,0,4,0,36864,393216,0,5776,0.007015702736318408,4194304,4096,4096,823296,4096,0.004975124378109453,0.04477611940298507,0.47761194029850745,0,16,1048576,4096,1048576,4096,430080,812376,364544,385372,1,1,0,0,0,0,0,36864,36864,5.620189116018476,7.735994632720967,6.232237129642979,1,0,5,69,0,0,0,0,75,120,4444,0,0,0,0,0,0,0,0,0,296,0,0,0,1,0,0,1,1,0,0,0,0,1,0,0,0,0,0,0,1,1,0,0,0,0,0,1,0,1,0,0,0,1,1,1,1,0,0,0,0,0,0,0,0,0,1,0,0,0,0x014c,0x010b,0x0002,.text
0bf37d24813118b226c25004890524e6e27cb940988c74c72b2c0918dd87bdcb,dike_batch5,1,original,0bf37d24813118b226c25004890524e6e27cb940988c74c72b2c0918dd87bdcb,397312,7.743541359852323,208,4,2012,0,224,6,0,4,0,0,0,4,0,20480,372736,0,6331,0.0080924308736911,4194304,4096,4096,782336,4096,0.005235602094240838,0.02617801047120419,0.47643979057591623,0,16,1048576,4096,1048576,4096,393216,774648,348160,397816,1,1,0,0,0,0,0,20480,20480,5.356299390165901,7.947588892168053,6.174949935848546,1,0,3,48,0,0,0,0,0,80,345098,0,0,0,0,0,0,0,0,0,204,0,0,0,1,0,0,1,1,0,0,0,0,1,0,0,0,0,0,0,1,1,0,0,0,0,0,1,0,1,0,0,0,1,0,1,1,0,0,0,0,0,0,0,0,0,1,0,0,0,0x014c,0x010b,0x0002,.text
0bfa7a40d9f8e32f28720aae89d8966b53e0c4d365f5c8bdd64d9c1ff8bae1e0,dike_batch5,1,original,0bfa7a40d9f8e32f28720aae89d8966b53e0c4d365f5c8bdd64d9c1ff8bae1e0,394240,7.8202763415587055,124,4,2011,0,224,10,0,4,0,0,0,4,0,5632,387584,0,5192,0.006306358830845771,4194304,4096,512,823296,1024,0.0012437810945273632,0.006840796019900498,0.47077114427860695,0,16,1048576,4096,1048576,4096,393216,813568,384512,421888,1,2,0,0,0,0,0,5632,5632,6.143082948386296,7.852814943387625,6.451009571914689,1,0,4,39,0,0,0,0,0,120,384476,0,0,0,0,0,0,0,0,0,176,176,0,0,1,0,0,1,1,0,0,0,0,1,0,0,0,0,0,0,1,1,0,0,0,0,0,1,0,1,0,0,0,1,0,1,1,0,0,0,0,0,0,0,0,0,1,1,0,0,0x014c,0x010b,0x0002,.text
0bff0d467f506b497fef4b991c469e90aace6112fceea6bfa1724a52cf119567,dike_batch5,1,original,0bff0d467f506b497fef4b991c469e90aace6112fceea6bfa1724a52cf119567,417792,7.664510497924488,232,4,2012,0,224,7,0,4,0,0,0,4,0,94208,307678,491520,76217,0.08344244850056054,4259840,4096,4096,913408,4096,0.004484304932735426,0.1031390134529148,0.33684618483744394,449311,16,1048576,4096,1048576,4096,413696,905848,208896,701048,1,1,0,0,0,0,0,94208,94208,6.720875508482969,7.76887384853919,7.76887384853919,3,0,2,60,0,0,0,0,0,60,98559,0,0,0,0,0,0,0,0,0,248,0,0,0,1,0,0,1,1,0,0,0,0,0,0,0,0,0,0,0,1,1,0,0,0,0,0,1,0,1,0,0,0,1,0,1,1,0,0,0,0,0,0,0,0,0,1,0,0,0,0x014c,0x010b,0x0002,.text
0c1819af3507d4ebce09972b41574e897b7f4d5dcca62c509ed08bfd14eccb9d,dike_batch5,1,original,0c1819af3507d4ebce09972b41574e897b7f4d5dcca62c509ed08bfd14eccb9d,208896,6.446632927843567,248,5,2012,0,224,8,0,4,0,0,0,4,0,143360,61440,0,78682,0.34926313920454544,1694498816,4096,4096,225280,4096,0.01818181818181818,0.6363636363636364,0.2727272727272727,266458,16,1048576,4096,1048576,4096,204800,218500,143360,143360,1,1,0,0,0,0,0,143360,143360,4.689202827151667,6.674287048723696,6.674287048723696,0,0,6,111,0,0,0,0,106,140,1364,0,0,7708,0,0,0,0,64,0,468,0,0,0,0,0,1,0,0,0,0,0,0,0,1,1,0,0,0,0,1,1,0,0,0,0,0,0,0,1,0,0,0,1,1,1,1,0,0,1,0,0,0,0,1,0,1,0,0,0,0x014c,0x010b,0x0002,.text
0c197eba43d31a9c2a165512dbace90124641dfa894b577448d73a2bc18ccf86,dike_batch5,1,original,0c197eba43d31a9c2a165512dbace90124641dfa894b577448d73a2bc18ccf86,413696,7.807713907418834,216,4,2012,0,224,7,0,4,0,0,0,4,0,20480,389120,212992,5363,0.005432888679979253,4259840,4096,4096,987136,4096,0.004149377593360996,0.02074688796680498,0.3941908713692946,436108,16,1048576,4096,1048576,4096,409600,980536,212992,783928,1,1,0,0,0,0,0,20480,20480,6.471485686518283,7.897723231114377,6.481045132096525,2,0,2,58,0,0,0,0,0,60,167536,0,0,0,0,0,0,0,0,0,240,0,0,0,1,0,0,1,1,0,0,0,0,0,0,0,0,0,0,0,1,1,0,0,0,0,0,1,0,1,0,0,0,1,0,1,1,0,0,0,0,0,0,0,0,0,1,0,0,0,0x014c,0x010b,0x0002,.text
0c1d16efeff42bd4599032547c7931aba046c1ebbf8111bee0c05a5d203530e4,dike_batch5,1,original,0c1d16efeff42bd4599032547c7931aba046c1ebbf8111bee0c05a5d203530e4,393216,7.731137696672463,208,4,2012,0,224,6,0,4,0,0,0,4,0,12288,376832,0,5592,0.0067922108208955225,4194304,4096,4096,823296,4096,0.004975124378109453,0.014925373134328358,0.4577114427860697,0,16,1048576,4096,1048576,4096,389120,817954,311296,437026,1,1,0,0,0,0,0,12288,12288,6.777851699177712,7.922481722617739,6.376519149237929,1,0,3,46,0,0,0,0,0,80,6946,0,0,0,0,0,0,0,0,0,196,0,0,0,1,0,0,1,1,0,0,0,0,1,0,0,0,0,0,0,1,1,0,0,0,0,0,1,0,1,0,0,0,1,0,1,1,0,0,0,0,0,0,0,0,0,1,0,0,0,0x014c,0x010b,0x0002,.text
0c3fa86898afebf32112dcdfcd7d10049676ec324174a396638bc527a18605d3,dike_batch5,1,original,0c3fa86898afebf32112dcdfcd7d10049676ec324174a396638bc527a18605d3,348160,7.818079102550377,216,4,2012,0,224,7,0,4,0,0,0,4,0,94208,237306,499712,92382,0.10895748414855072,4194304,4096,4096,847872,4096,0.004830917874396135,0.1111111111111111,0.279884227807971,404542,16,1048576,4096,1048576,4096,344064,843380,200704,700020,1,1,0,0,0,0,0,94208,94208,5.920472184418656,7.993455753125,7.993455753125,3,0,3,8,0,0,0,0,0,80,44137,0,0,0,0,0,0,0,0,0,44,0,0,0,1,0,0,1,1,0,0,0,0,0,0,0,0,0,0,0,1,1,0,0,0,0,0,1,0,1,0,0,0,1,0,1,1,0,0,0,0,0,0,0,0,0,1,0,0,0,0x014c,0x010b,0x0002,.text
0c4636f218939c13cfd1fd4651804efc7af62b8fab02d6bb902206b4c8c01cf8,dike_batch5,1,original,0c4636f218939c13cfd1fd4651804efc7af62b8fab02d6bb902206b4c8c01cf8,425984,7.762940180209985,216,4,2012,0,224,7,0,4,0,0,0,4,0,28672,393216,217088,6523,0.006608005381224066,4259840,4096,4096,987136,4096,0.004149377593360996,0.029045643153526972,0.3983402489626556,458669,16,1048576,4096,1048576,4096,421888,981332,217088,776532,1,1,0,0,0,0,0,28672,28672,6.521964507645003,7.846359394005838,6.419659153762622,2,0,4,69,0,0,0,0,0,100,167581,0,0,0,0,0,0,0,0,0,292,0,0,0,1,0,0,1,1,0,0,0,0,0,0,0,0,0,0,0,1,1,0,0,0,0,0,1,0,1,0,0,0,1,0,1,1,0,0,0,0,0,0,0,0,0,1,0,0,0,0x014c,0x010b,0x0002,.text
0c4db97ea4705e3b653ba4b04cc7b2af3b8dadfa12235bddd6406c7da7259758,dike_batch5,1,original,0c4db97ea4705e3b653ba4b04cc7b2af3b8dadfa12235bddd6406c7da7259758,285208,7.653963474324625,128,6,2012,0,224,2,50,4,0,0,0,4,0,4096,279040,0,4928,0.016481164383561644,4194304,4096,512,299008,1024,0.003424657534246575,0.0136986301369863,0.9332191780821918,314221,16,1048576,4096,1048576,4096,283136,283136,264192,264192,1,1,0,0,2,0,0,4096,4096,5.544218117934955,7.71951778893205,5.190945568919816,1,1048,7,338,7,0,0,0,0,160,1716,0,1047,1792,0,0,0,0,0,0,1380,0,0,0,1,0,0,1,0,0,0,0,0,0,0,0,0,0,0,0,1,1,0,0,0,1,0,1,1,1,0,0,1,1,0,1,1,0,1,1,0,0,0,0,0,0,1,0,0,0,0x014c,0x010b,0x0002,.text
0c505a8d7cc1958a15e8738c5e5a37d45ea58e5a4b64e2945d04c6d481231259,dike_batch5,1,original,0c505a8d7cc1958a15e8738c5e5a37d45ea58e5a4b64e2945d04c6d481231259,434176,7.614234891992066,232,4,2012,0,224,7,0,4,0,0,0,4,0,20480,409600,233472,5536,0.005608143153526971,4259840,4096,4096,987136,4096,0.004149377593360996,0.02074688796680498,0.4149377593360996,468345,16,1048576,4096,1048576,4096,430080,980536,233472,783928,1,1,0,0,0,0,0,20480,20480,6.422445673701839,7.861112327532802,6.504720942445773,2,0,4,68,0,0,0,0,0,100,167536,0,0,0,0,0,0,0,0,0,288,0,0,0,1,0,0,1,1,0,0,0,0,0,0,0,0,0,0,0,1,1,0,0,0,0,0,1,0,1,0,0,0,1,0,1,1,0,0,0,0,0,0,0,0,0,1,0,0,0,0x014c,0x010b,0x0002,.text
0c6844eb8e7eeae0b6da8dea940ddf922d8a9c35b0ec20b6547ff5c8f585f545,virusshare,1,original,0c6844eb8e7eeae0b6da8dea940ddf922d8a9c35b0ec20b6547ff5c8f585f545,710664,6.7414930493052445,256,8,1992,0,224,2,25,4,0,0,0,4,0,623616,76800,0,627536,0.8559052025139665,4194304,4096,512,733184,1024,0.0013966480446927375,0.8505586592178771,0.10474860335195531,0,16,1048576,16384,1048576,4096,700416,710649,623616,623616,1,4,0,2,0,0,0,623616,623616,4.577829756230704,6.6934299780817685,6.623606083644576,0,9224,18,499,0,0,0,0,0,11310,4472,0,9224,35424,0,0,0,24,0,0,0,0,0,0,0,0,0,1,0,0,0,0,0,1,0,0,0,0,0,0,1,1,0,0,0,0,0,0,1,1,0,0,0,1,0,1,1,0,1,1,0,0,0,1,0,0,0,0,0,0,0x014c,0x010b,0x0002,CODE
0c68f9bbc4fa01f801b56f588dffb3d68f94d5c4108c478060e8c261cc700494,dike_batch5,1,original,0c68f9bbc4fa01f801b56f588dffb3d68f94d5c4108c478060e8c261cc700494,165024,5.61751120271776,128,8,2012,0,224,2,50,4,0,0,0,4,0,145408,16896,0,5360,0.028447690217391304,4194304,4096,512,188416,1024,0.005434782608695652,0.7717391304347826,0.08967391304347826,221086,16,1048576,4096,1048576,4096,161792,161992,145408,145408,1,6,0,0,5,0,0,145408,145408,3.2396410556172253,6.050617792026328,6.050617792026328,0,2208,3,10,0,0,0,0,0,80,0,0,2208,220,0,0,0,0,0,0,52,0,0,0,0,0,0,1,0,0,0,0,0,0,0,0,0,0,0,0,1,1,0,0,0,1,0,0,1,1,0,0,0,1,0,1,0,0,1,1,0,0,0,0,0,0,1,0,0,0,0x014c,0x010b,0x0002,.text
0c6923a2377cd2eb6ad361ce07b8c0c9ccf743c82bb67e79065a1d2ac658aa7a,dike_batch5,1,original,0c6923a2377cd2eb6ad361ce07b8c0c9ccf743c82bb67e79065a1d2ac658aa7a,208896,6.392420755520733,264,5,2012,0,224,8,0,4,0,0,0,4,0,143360,61440,0,77738,0.34507279829545456,1677721600,4096,4096,225280,4096,0.01818181818181818,0.6363636363636364,0.2727272727272727,264104,16,1048576,4096,1048576,4096,204800,218500,143360,143360,1,1,0,0,0,0,0,143360,143360,4.639233295644861,6.64371415471064,6.64371415471064,0,0,7,114,0,0,0,0,106,160,1364,0,0,7660,0,0,0,0,64,0,484,0,0,0,0,0,1,0,0,0,0,0,0,0,1,1,0,0,0,0,1,1,0,0,0,0,0,0,0,1,0,0,0,1,1,1,1,0,0,1,0,0,0,0,1,0,1,0,0,0,0x014c,0x010b,0x0002,.text
0c6f07c8e0e4110761b160951442e57daa1ec4b0a2bacdeac445d31616f1fd1b,dike_batch5,1,original,0c6f07c8e0e4110761b160951442e57daa1ec4b0a2bacdeac445d31616f1fd1b,148480,7.446292784279075,232,4,2012,0,224,10,0,5,1,0,0,5,1,39424,97280,0,20799,0.13020207331730768,4194304,4096,512,159744,1024,0.00641025641025641,0.2467948717948718,0.6089743589743589,96237,16,1048576,4096,1048576,4096,147456,148992,94720,94720,1,4,1,0,0,0,0,39424,39424,5.916627728935586,7.976703177643011,5.600924758769085,1,0,11,455,0,0,0,0,0,10752,94268,0,0,1644,0,0,0,0,64,0,0,0,0,0,1,0,0,1,0,0,0,0,0,0,1,1,0,0,0,1,1,1,1,1,1,0,0,1,0,1,0,0,0,1,0,1,1,0,0,1,0,0,0,0,1,0,0,0,0,0,0x014c,0x010b,0x0002,.text
0c70bccb541d7b26b78269fc2f8ea8cd5fc101e8cce805ffdd4485310f93a7db,dike_batch5,1,original,0c70bccb541d7b26b78269fc2f8ea8cd5fc101e8cce805ffdd4485310f93a7db,405504,7.687426437173176,224,4,2012,0,224,6,0,4,0,0,0,4,0,12288,389120,0,5544,0.006733908582089552,4194304,4096,4096,823296,4096,0.004975124378109453,0.014925373134328358,0.472636815920398,0,16,1048576,4096,1048576,4096,401408,815280,258048,515316,1,1,0,0,0,0,0,12288,12288,6.414078594938589,7.92177884640647,6.384298895379121,2,0,2,40,0,0,0,0,0,60,101620,0,0,0,0,0,0,0,0,0,168,0,0,0,1,0,0,1,1,0,0,0,0,1,0,0,0,0,0,0,1,1,0,0,0,0,0,1,0,1,0,0,0,1,0,1,1,0,0,0,0,0,0,0,0,0,1,0,0,0,0x014c,0x010b,0x0002,.text
0c721326ca95022900e1c18fda6cdb4db532ae9c804228985c6df980b3be7ea1,dike_batch5,1,original,0c721326ca95022900e1c18fda6cdb4db532ae9c804228985c6df980b3be7ea1,95785,7.627032862383843,128,5,2012,0,224,2,50,4,0,0,0,4,0,2048,91648,0,4640,0.04195601851851852,4194304,4096,512,110592,1024,0.009259259259259259,0.018518518518518517,0.8287037037037037,140027,16,1048576,4096,1048576,4096,93696,93696,88064,88064,1,1,0,0,0,0,0,2048,2048,4.120020520673557,7.7574373582813125,5.49026667392277,1,1065,3,6,0,0,0,0,0,80,1636,0,1024,132,0,0,0,0,0,0,36,0,0,0,1,0,0,1,0,0,0,0,0,0,0,0,0,0,0,0,1,1,0,0,0,0,0,1,1,1,0,0,0,1,0,1,1,0,1,1,0,0,0,0,0,0,1,0,0,0,0x014c,0x010b,0x0002,.text
0c7bc4ee7216ce6f72faff124552f354a0c91ce9349ba7fcf670e6f1a465d8a8,dike_batch5,1,original,0c7bc4ee7216ce6f72faff124552f354a0c91ce9349ba7fcf670e6f1a465d8a8,124896,6.71412315127304,128,7,2012,0,224,2,50,4,0,0,0,4,0,14848,108544,0,5872,0.04095982142857143,4194304,4096,512,143360,1024,0.007142857142857143,0.10357142857142858,0.7571428571428571,153044,16,1048576,4096,1048576,4096,122880,123148,101376,101644,1,4,0,0,3,0,0,14848,14848,4.375038640304095,7.280468332005859,2.474500015925819,1,992,4,24,0,0,0,0,0,100,2636,0,992,328,0,0,0,0,0,0,112,0,0,0,0,0,0,1,0,0,0,0,0,0,0,0,0,0,0,0,1,1,0,0,0,1,0,1,1,1,0,0,0,1,0,1,1,0,1,1,0,0,0,0,0,0,1,0,0,0,0x014c,0x010b,0x0002,.text
0c839f901dc853454efd77f4a3b664c5526cc260f0911a58493b939768d1f5ce,dike_batch5,1,original,0c839f901dc853454efd77f4a3b664c5526cc260f0911a58493b939768d1f5ce,169984,7.830320529959426,216,6,2011,0,224,10,0,5,1,0,0,5,1,77312,91648,0,4096,0.016666666666666666,4194304,4096,512,245760,1024,0.004166666666666667,0.3145833333333333,0.3729166666666667,234540,16,1048576,4096,1048576,4096,168960,228263,85504,144807,1,3,1,0,2,0,0,77312,77312,4.749188714000996,7.879114867692604,7.879114867692604,2,0,2,20,0,0,0,0,88,60,3872,0,0,2052,28,0,0,0,0,0,88,0,0,0,1,0,0,1,0,0,0,0,0,0,0,0,0,0,0,0,1,1,1,1,1,1,0,1,0,1,0,0,0,1,1,1,1,0,0,1,1,0,0,0,0,0,1,0,0,0,0x014c,0x010b,0x0002,.text
0c88b07ffb3cd609908d04ed891eddcb8b596fec8a808960f93c8bacb4e91b06,dike_batch5,1,original,0c88b07ffb3cd609908d04ed891eddcb8b596fec8a808960f93c8bacb4e91b06,195232,4.923792439424195,128,8,2012,0,224,2,50,4,0,0,0,4,0,145408,46592,0,5248,0.024174528301886794,4194304,4096,512,217088,1024,0.0047169811320754715,0.6698113207547169,0.21462264150943397,223312,16,1048576,4096,1048576,4096,192000,192000,145408,145408,1,6,0,0,5,0,0,145408,145408,3.1499795334340024,6.048466673238302,6.048466673238302,0,2208,3,10,0,0,0,0,0,80,0,0,2208,220,0,0,0,0,0,0,52,0,0,0,0,0,0,1,0,0,0,0,0,0,0,0,0,0,0,0,1,1,0,0,0,1,0,0,1,1,0,0,0,1,0,1,0,0,1,1,0,0,0,0,0,0,1,0,0,0,0x014c,0x010b,0x0002,.text
0c8ecffb99089dccc43108496052d42edb789eaf65b14218eca5fd0b06a3e34a,dike_batch5,1,original,0c8ecffb99089dccc43108496052d42edb789eaf65b14218eca5fd0b06a3e34a,454656,7.472323534528724,208,4,2012,0,224,6,0,4,0,0,0,4,0,36864,413696,0,5648,0.006860230099502488,4194304,4096,4096,823296,4096,0.004975124378109453,0.04477611940298507,0.5024875621890548,0,16,1048576,4096,1048576,4096,450560,814544,364544,388372,1,1,0,0,0,0,0,36864,36864,5.907497169995949,7.7317818023114695,6.145131896590994,1,0,4,59,0,0,0,0,0,100,27924,0,0,0,0,0,0,0,0,0,252,0,0,0,1,0,0,1,1,0,0,0,0,1,0,0,0,0,0,0,1,1,0,0,0,0,0,1,0,1,0,0,0,1,0,1,1,0,0,0,0,0,0,0,0,0,1,0,0,0,0x014c,0x010b,0x0002,.text
0c9d917a3078237264548917f06c72d01435736b483603eae2aada7dc91df5e0,dike_batch5,1,original,0c9d917a3078237264548917f06c72d01435736b483603eae2aada7dc91df5e0,131168,6.858075280558181,128,9,2012,0,224,2,50,4,0,0,0,4,0,113152,15872,0,109808,0.7054893092105263,4194304,4096,512,155648,1024,0.006578947368421052,0.7269736842105263,0.10197368421052631,178617,16,1048576,4096,1048576,4096,129024,129024,108032,108032,1,1,0,0,5,0,0,108032,108032,2.5653326360450284,7.084456914880793,7.084456914880793,1,1120,4,243,0,0,0,0,0,100,7132,0,1119,1176,0,0,0,0,0,0,988,0,0,0,0,0,0,1,0,0,0,0,0,0,0,0,0,0,0,0,1,1,0,0,0,1,0,1,1,1,0,0,0,1,0,1,1,0,1,1,0,0,0,0,0,0,1,0,0,0,0x014c,0x010b,0x0002,.text
0ca3818d5f1269490baad747ac5ca3926390ca6b595d6625acef8df63e80defb,dike_batch5,1,original,0ca3818d5f1269490baad747ac5ca3926390ca6b595d6625acef8df63e80defb,368640,7.6929807903843885,224,4,2012,0,224,7,0,4,0,0,0,4,0,98304,254687,434176,83039,0.10290961096129442,4259840,4096,4096,806912,4096,0.005076142131979695,0.1218274111675127,0.31563169217956855,423218,16,1048576,4096,1048576,4096,364544,799352,208896,643704,1,1,0,0,0,0,0,98304,98304,6.740042627755961,7.883071040675356,7.883071040675356,3,0,4,69,0,0,0,0,0,100,47200,0,0,0,0,0,0,0,0,0,292,0,0,0,1,0,0,1,1,0,0,0,0,0,0,0,0,0,0,0,1,1,0,0,0,0,0,1,0,1,0,0,0,1,0,1,1,0,0,0,0,0,0,0,0,0,1,0,0,0,0x014c,0x010b,0x0002,.text
0ca8738e31c4b149f1bcd837b4c35c086c2765db2845e9767ec727eabf1a33de,dike_batch5,1,original,0ca8738e31c4b149f1bcd837b4c35c086c2765db2845e9767ec727eabf1a33de,285208,7.654049924108446,128,6,2012,0,224,2,50,4,0,0,0,4,0,4096,279040,0,4928,0.016481164383561644,4194304,4096,512,299008,1024,0.003424657534246575,0.0136986301369863,0.9332191780821918,311859,16,1048576,4096,1048576,4096,283136,283136,264192,264192,1,1,0,0,2,0,0,4096,4096,5.544538219431888,7.719680056139613,5.190945568919816,1,1048,7,338,7,0,0,0,0,160,1716,0,1047,1792,0,0,0,0,0,0,1380,0,0,0,1,0,0,1,0,0,0,0,0,0,0,0,0,0,0,0,1,1,0,0,0,1,0,1,1,1,0,0,1,1,0,1,1,0,1,1,0,0,0,0,0,0,1,0,0,0,0x014c,0x010b,0x0002,.text
0ca892a65beee945dc60ffd229ee4a49f15ba4001707a925739b445c0fa65e81,dike_batch5,1,original,0ca892a65beee945dc60ffd229ee4a49f15ba4001707a925739b445c0fa65e81,557568,7.850811319930601,184,3,2013,0,224,5,11,5,3,5,0,4,0,32768,86016,438272,4096,0.004629629629629629,4194304,4096,512,884736,1024,0.0011574074074074073,0.037037037037037035,0.09722222222222222,0,16,1048576,4096,1048576,4096,545280,878592,500224,503808,1,1,0,0,0,0,0,31744,36352,6.367068858257234,7.995702993063548,3.6853994178089233,2,0,18,83,0,0,0,0,0,380,500224,0,0,0,0,0,0,0,0,0,0,65520,0,0,1,0,0,1,0,0,0,0,0,1,0,0,0,0,0,0,1,1,0,0,0,0,0,1,0,1,0,0,0,1,0,1,1,0,0,0,0,0,0,0,0,0,0,1,0,0,0x014c,0x010b,0x0002,.text
0caab068b9fdc098cd3d482d7dd002024d918a226e776eeb2fd3731a2f3a2cec,dike_batch5,1,original,0caab068b9fdc098cd3d482d7dd002024d918a226e776eeb2fd3731a2f3a2cec,364032,7.9083037307847,124,4,2011,0,224,10,0,4,0,0,0,4,0,5632,357376,0,5276,0.006408387748756219,4194304,4096,512,823296,1024,0.0012437810945273632,0.006840796019900498,0.43407960199004975,0,16,1048576,4096,1048576,4096,363008,812032,354304,450560,1,2,0,0,0,0,0,5632,5632,4.528554694399661,7.943996997468443,6.136317547692313,1,0,4,39,0,0,0,0,0,100,353956,0,0,0,0,0,0,0,0,0,176,0,0,0,1,0,0,1,1,0,0,0,0,1,0,0,0,0,0,0,1,1,0,0,0,0,0,1,0,1,0,0,0,1,0,1,1,0,0,0,0,0,0,0,0,0,1,0,0,0,0x014c,0x010b,0x0002,.text
0caf8a5c14107b91d13b9f87a5901ad7d3bf562ca7062319c25da0eb637ea474,dike_batch5,1,original,0caf8a5c14107b91d13b9f87a5901ad7d3bf562ca7062319c25da0eb637ea474,421888,7.663935780243326,224,4,2012,0,224,6,0,4,0,0,0,4,0,36864,380928,0,5616,0.006821361940298507,4194304,4096,4096,823296,4096,0.004975124378109453,0.04477611940298507,0.4626865671641791,0,16,1048576,4096,1048576,4096,417792,814118,360448,402506,1,1,0,0,0,0,0,36864,36864,4.804858388065467,7.904780911389678,6.129813591757566,1,0,4,62,0,0,0,0,0,100,5194,0,0,0,0,0,0,0,0,0,264,0,0,0,1,0,0,1,1,0,0,0,0,1,0,0,0,0,0,0,1,1,0,0,0,0,0,1,0,1,0,0,0,1,0,1,1,0,0,0,0,0,0,0,0,0,1,0,0,0,0x014c,0x010b,0x0002,.text
0cbcb57fca988f97bd3471fa9fe2e1391027c9d2c5c3a903b48cc948e243f22d,dike_batch5,1,original,0cbcb57fca988f97bd3471fa9fe2e1391027c9d2c5c3a903b48cc948e243f22d,405504,7.682078277084926,224,4,2012,0,224,6,0,4,0,0,0,4,0,12288,389120,0,5528,0.006714474502487562,4194304,4096,4096,823296,4096,0.004975124378109453,0.014925373134328358,0.472636815920398,0,16,1048576,4096,1048576,4096,401408,815280,258048,515316,1,1,0,0,0,0,0,12288,12288,6.410113689222656,7.92170513102428,6.381294947274227,2,0,2,40,0,0,0,0,0,60,101620,0,0,0,0,0,0,0,0,0,168,0,0,0,1,0,0,1,1,0,0,0,0,1,0,0,0,0,0,0,1,1,0,0,0,0,0,1,0,1,0,0,0,1,0,1,1,0,0,0,0,0,0,0,0,0,1,0,0,0,0x014c,0x010b,0x0002,.text
0cc9db8c027d7a0d4b4012db214a93c7be6a3ea20768106e7b30a9e71109022a,dike_batch5,1,original,0cc9db8c027d7a0d4b4012db214a93c7be6a3ea20768106e7b30a9e71109022a,117760,7.715115217816841,216,5,2012,0,224,10,0,5,1,0,0,5,1,9728,96256,0,11274,0.08340731534090909,4194304,4096,512,135168,1024,0.007575757575757576,0.07196969696969698,0.7121212121212122,73852,16,1048576,4096,1048576,4096,116736,118272,95232,95232,1,5,1,0,0,0,0,9728,9728,4.403341951974077,7.965674551354329,4.731699921383416,1,0,11,409,0,0,0,0,0,10752,95116,0,0,292,0,0,0,0,0,0,0,0,0,0,1,0,0,1,0,0,0,0,0,0,1,1,0,0,0,1,1,1,1,1,1,0,0,1,0,1,0,0,0,1,0,1,1,0,0,1,0,0,0,0,0,0,0,0,0,0,0x014c,0x010b,0x0002,.text
0ccdac88c5d150d26dd701b7e83bade9aa48449abb0c91d72a0bc5c9a7006665,dike_batch5,1,original,0ccdac88c5d150d26dd701b7e83bade9aa48449abb0c91d72a0bc5c9a7006665,286744,7.634353805396916,128,7,2012,0,224,2,50,4,0,0,0,4,0,4096,280576,0,4928,0.016258445945945946,4194304,4096,512,303104,1024,0.0033783783783783786,0.013513513513513514,0.9256756756756757,341179,16,1048576,4096,1048576,4096,284672,284672,264192,264192,1,1,0,0,3,0,0,4096,4096,5.497650082240181,7.719951312652317,5.183571343734345,1,1048,7,338,7,0,0,0,0,160,1716,0,1047,1792,0,0,0,0,0,0,1380,0,0,0,1,0,0,1,0,0,0,0,0,0,0,0,0,0,0,0,1,1,0,0,0,1,0,1,1,1,0,0,1,1,0,1,1,0,1,1,0,0,0,0,0,0,1,0,0,0,0x014c,0x010b,0x0002,.text
0ccf3374769f79a0cd4dfc7bc9092afff1ae782d7ffde67e8c6bdc10bdc0c8eb,dike_batch5,1,original,0ccf3374769f79a0cd4dfc7bc9092afff1ae782d7ffde67e8c6bdc10bdc0c8eb,504320,6.617912103016164,124,4,0,0,224,12,0,4,0,0,0,4,0,5632,497664,0,5492,0.006178895449308755,4194304,4096,512,888832,1024,0.001152073732718894,0.006336405529953917,0.5599078341013825,0,16,1048576,4096,1048576,4096,503296,878592,494080,494080,1,2,0,0,0,0,0,5632,5632,5.630110586911603,6.642957553153265,6.197544054025589,0,0,4,39,0,0,0,0,0,120,493746,92,0,0,0,0,0,0,0,0,0,0,0,0,0,0,0,1,1,0,1,0,0,1,0,0,0,0,0,0,1,1,0,0,0,0,0,0,0,1,0,0,0,1,0,1,1,1,0,0,0,0,0,0,0,0,0,0,0,0,0x014c,0x010b,0x0002,.text
0cd16826824ddda12fbe9fb16cce8ac923ab759729128226a749a7281117b62e,dike_batch5,1,original,0cd16826824ddda12fbe9fb16cce8ac923ab759729128226a749a7281117b62e,117760,7.718248728795109,216,5,2012,0,224,10,0,5,1,0,0,5,1,9728,96256,0,11274,0.08340731534090909,4194304,4096,512,135168,1024,0.007575757575757576,0.07196969696969698,0.7121212121212122,48577,16,1048576,4096,1048576,4096,116736,118272,95232,95232,1,5,1,0,0,0,0,9728,9728,4.409778274804205,7.9659747073376455,4.780387994307853,1,0,11,409,0,0,0,0,0,10752,95116,0,0,292,0,0,0,0,0,0,0,0,0,0,1,0,0,1,0,0,0,0,0,0,1,1,0,0,0,1,1,1,1,1,1,0,0,1,0,1,0,0,0,1,0,1,1,0,0,1,0,0,0,0,0,0,0,0,0,0,0x014c,0x010b,0x0002,.text
0cd22a1429e137241ca86685d91b22240b01c11b8e39978d5049928313bb2797,dike_batch5,1,original,0cd22a1429e137241ca86685d91b22240b01c11b8e39978d5049928313bb2797,376832,7.877388528696679,124,4,0,0,224,11,0,4,0,0,0,4,0,5632,370176,0,5364,0.006034886232718894,4194304,4096,512,888832,1024,0.001152073732718894,0.006336405529953917,0.41647465437788017,0,16,1048576,4096,1048576,4096,375808,878080,366592,503808,1,2,0,0,0,0,0,5632,5632,6.027408055418179,7.918231720791749,6.188770361401263,1,0,4,39,0,0,0,0,0,120,366430,92,0,0,0,0,0,0,0,0,176,0,0,0,1,0,0,1,1,0,1,0,0,1,0,0,0,0,0,0,1,1,0,0,0,0,0,1,0,1,0,0,0,1,0,1,1,1,0,0,0,0,0,0,0,0,1,0,0,0,0x014c,0x010b,0x0002,.text
0cd5c75fcbcb959ca8bd14fb32cb62fd708c72187ba8c39a70e71e05fdd95970,dike_batch5,1,original,0cd5c75fcbcb959ca8bd14fb32cb62fd708c72187ba8c39a70e71e05fdd95970,140840,6.870959671468094,128,4,2012,0,224,2,50,4,0,0,0,4,0,112128,26624,0,111456,0.755859375,4194304,4096,512,147456,1024,0.006944444444444444,0.7604166666666666,0.18055555555555555,167408,16,1048576,4096,1048576,4096,138752,138752,112128,112128,1,1,0,0,0,0,0,112128,112128,5.782267612794562,6.9769647990384485,6.9769647990384485,0,1064,4,584,1,0,0,0,0,100,7132,0,1063,2784,0,0,0,0,0,0,2352,0,0,0,0,0,0,1,0,0,0,0,0,0,0,0,0,0,0,0,1,1,0,0,0,0,0,0,1,1,0,0,1,1,0,1,1,0,1,1,0,0,0,0,0,0,1,0,0,0,0x014c,0x010b,0x0002,.text
0cd8f5d4b00421df86872956bee33acc3b91a3a79bf6b44d57aac62132558371,dike_batch5,1,original,0cd8f5d4b00421df86872956bee33acc3b91a3a79bf6b44d57aac62132558371,117760,7.714961295035538,216,5,2012,0,224,10,0,5,1,0,0,5,1,9728,96256,0,11274,0.08340731534090909,4194304,4096,512,135168,1024,0.007575757575757576,0.07196969696969698,0.7121212121212122,73852,16,1048576,4096,1048576,4096,116736,118272,95232,95232,1,5,1,0,0,0,0,9728,9728,4.403406012391446,7.965994853441174,4.731699921383416,1,0,11,409,0,0,0,0,0,10752,95116,0,0,292,0,0,0,0,0,0,0,0,0,0,1,0,0,1,0,0,0,0,0,0,1,1,0,0,0,1,1,1,1,1,1,0,0,1,0,1,0,0,0,1,0,1,1,0,0,1,0,0,0,0,0,0,0,0,0,0,0x014c,0x010b,0x0002,.text
0cdc2fdc853877a98d8aa40d8f4aa1d14d143b48967fb35214782117ecbcd6ea,dike_batch5,1,original,0cdc2fdc853877a98d8aa40d8f4aa1d14d143b48967fb35214782117ecbcd6ea,458752,7.459472481546943,216,4,2012,0,224,7,0,4,0,0,0,4,0,28672,425984,249856,7354,0.007449834673236515,4259840,4096,4096,987136,4096,0.004149377593360996,0.029045643153526972,0.4315352697095436,479254,16,1048576,4096,1048576,4096,454656,979156,249856,774356,1,1,0,0,0,0,0,28672,28672,6.492666494520307,7.8583401448166885,6.527711278471335,2,0,6,95,0,0,0,0,0,140,167536,0,0,0,0,0,0,0,0,0,404,0,0,0,1,0,0,1,1,0,0,0,0,0,0,0,0,0,0,0,1,1,0,0,0,0,0,1,0,1,0,0,0,1,0,1,1,0,0,0,0,0,0,0,0,0,1,0,0,0,0x014c,0x010b,0x0002,.text
0cdd361ac344807e181a3f88bb2960881827104489c436eb1c51a44a95a17ff3,dike_batch5,1,original,0cdd361ac344807e181a3f88bb2960881827104489c436eb1c51a44a95a17ff3,128697,7.736322400505918,128,5,2012,0,224,2,50,4,0,0,0,4,0,26624,7168,0,4096,0.07692307692307693,4194304,4096,512,53248,1024,0.019230769230769232,0.5,0.1346153846153846,0,16,1048576,4096,1048576,4096,35840,36456,20480,20480,2,1,0,0,1,0,0,9216,9216,4.695010408884198,6.490105285997627,5.071076718748165,0,94905,7,98,0,0,0,0,0,257,1564,0,0,0,0,0,0,0,0,0,420,0,0,0,0,0,0,1,1,0,0,0,0,1,0,0,0,0,0,0,1,1,0,0,0,1,0,0,1,1,0,0,0,1,0,1,1,0,0,0,0,0,0,0,0,0,1,0,0,0,0x014c,0x010b,0x0002,.code
0ce7540a1afd2ad3ddd58e8deb486a9b7ddd4f3bf8acf8a8ec9c0ac430ba677a,dike_batch5,1,original,0ce7540a1afd2ad3ddd58e8deb486a9b7ddd4f3bf8acf8a8ec9c0ac430ba677a,438272,7.907918741766692,128,4,2005,0,224,7,0,5,1,5,1,4,0,83456,353792,0,73132,0.08227876584101383,4259840,4096,512,888832,1024,0.001152073732718894,0.09389400921658986,0.3980414746543779,489885,16,1048576,4096,1048576,4096,437248,877441,262144,702337,1,1,0,0,0,0,0,83456,83456,7.3375492070158845,7.958782941248124,7.655809925625587,3,0,7,234,0,0,0,0,0,160,19015,0,0,0,28,0,0,0,64,0,964,0,0,0,1,0,0,1,1,0,0,0,0,0,0,0,0,0,0,0,1,1,0,0,0,0,0,1,0,1,0,0,0,1,0,1,1,0,0,0,1,0,0,0,1,0,1,0,0,0,0x014c,0x010b,0x0002,.text
0ceaf98898bcb90b5443012b3b9be64012f342c7793e3dd7b94aea4b9a58c243,dike_batch5,1,original,0ceaf98898bcb90b5443012b3b9be64012f342c7793e3dd7b94aea4b9a58c243,211456,7.12427241693444,200,4,2011,0,224,10,0,5,1,0,0,5,1,207872,0,0,28403,0.09906180245535715,4194304,4096,512,286720,1024,0.0035714285714285713,0.725,0.0,273638,16,1048576,4096,1048576,4096,210432,276214,138240,204022,2,1,1,0,0,0,0,69632,69632,5.2093437063519135,7.862428675069734,7.862428675069734,1,0,7,259,0,0,0,0,99,160,16,0,0,1848,28,0,0,0,0,0,1064,0,0,0,1,0,0,1,0,0,0,0,0,0,0,0,0,0,0,0,1,1,0,0,1,0,0,1,0,1,0,0,0,1,1,1,1,0,0,1,1,0,0,0,0,0,1,0,0,0,0x014c,0x010b,0x0002,.text
0cec760f61cb1e4c2a7a89ef80be5d45420066c0a338e222482de9522a26a2e6,dike_batch5,1,original,0cec760f61cb1e4c2a7a89ef80be5d45420066c0a338e222482de9522a26a2e6,378880,7.879810759911765,124,4,2012,0,224,10,0,4,0,0,0,4,0,5632,372224,0,5280,0.006413246268656717,4194304,4096,512,823296,1024,0.0012437810945273632,0.006840796019900498,0.4521144278606965,0,16,1048576,4096,1048576,4096,377856,810496,369152,434176,1,2,0,0,0,0,0,5632,5632,4.562912348655187,7.914300394942749,6.376286442884884,1,0,4,39,0,0,0,0,0,120,368674,0,0,0,0,0,0,0,0,0,176,176,0,0,1,0,0,1,1,0,0,0,0,1,0,0,0,0,0,0,1,1,0,0,0,0,0,1,0,1,0,0,0,1,0,1,1,0,0,0,0,0,0,0,0,0,1,1,0,0,0x014c,0x010b,0x0002,.text
0cf3090bf0a4e0de658b861c995829c7b2231f714f4c680f1c97590e79bc7f94,dike_batch5,1,original,0cf3090bf0a4e0de658b861c995829c7b2231f714f4c680f1c97590e79bc7f94,356352,7.733119486796947,216,4,2012,0,224,7,0,4,0,0,0,4,0,4096,333616,585728,4609,0.004892365828804348,4194304,4096,4096,942080,4096,0.004347826086956522,0.004347826086956522,0.3541270380434783,378709,16,1048576,4096,1048576,4096,352256,937784,188416,773944,1,1,0,0,0,0,0,4096,4096,5.962529806665497,7.869175300417198,2.2228611642041893,2,0,5,19,0,0,0,0,0,120,137050,0,0,0,0,0,0,0,0,0,96,0,0,0,1,0,0,1,1,0,0,0,0,0,0,0,0,0,0,0,1,1,0,0,0,0,0,1,0,1,0,0,0,1,0,1,1,0,0,0,0,0,0,0,0,0,1,0,0,0,0x014c,0x010b,0x0002,.text
0cf3384ce1aea8b927738f3797dc4c21001237c946c0e4ca12e7a8c660860af1,virusshare,1,original,0cf3384ce1aea8b927738f3797dc4c21001237c946c0e4ca12e7a8c660860af1,212480,7.882126786074113,256,3,1992,0,224,2,25,4,0,0,0,4,0,204800,8192,385024,593216,0.9852253401360545,4194304,4096,512,602112,4096,0.006802721088435374,0.3401360544217687,0.013605442176870748,0,16,1048576,16384,1048576,4096,211456,598016,204800,385024,2,3,2,1,2,0,1,204800,204800,6.302505660847919,7.924503600777604,7.924503600777604,1,0,8,11,0,0,0,0,0,504,6012,0,0,0,0,0,0,24,0,0,0,0,0,0,1,0,0,1,1,0,0,0,0,1,0,0,0,0,0,0,1,1,1,1,1,1,0,1,0,1,0,0,0,1,0,1,1,0,0,0,0,0,0,1,0,0,0,0,0,0,0x014c,0x010b,0x0002,UPX1
0cf55a0f415cf2e26631366709dbfbff3d6b5beeb8fbcd6d92b8768592d19970,dike_batch5,1,original,0cf55a0f415cf2e26631366709dbfbff3d6b5beeb8fbcd6d92b8768592d19970,110176,6.995544882787309,128,4,2012,0,224,2,50,4,0,0,0,4,0,102912,5632,0,110256,0.897265625,4194304,4096,512,122880,1024,0.008333333333333333,0.8375,0.04583333333333333,144227,16,1048576,4096,1048576,4096,108032,108300,102912,102912,0,2,0,0,0,0,1,102912,102912,4.1928558521125305,7.1351386961310235,7.1351386961310235,1,1120,3,9,0,0,0,0,0,80,4044,0,1119,112,0,0,0,0,0,0,48,0,0,0,0,0,0,1,0,0,0,0,0,0,0,0,0,0,0,0,1,0,1,0,0,0,0,1,1,1,0,0,0,1,0,1,1,0,1,1,0,0,0,0,0,0,1,0,0,0,0x014c,0x010b,0x0002,.text
0d00464eca16397eb1de99824ed4bcc29883af8e660b4b454d634064794b0292,dike_batch5,1,original,0d00464eca16397eb1de99824ed4bcc29883af8e660b4b454d634064794b0292,463872,7.8709566332393415,608,6,2008,0,224,9,0,6,1,6,1,5,1,60928,401408,0,457278,0.9857848716887417,65536,512,512,463872,1536,0.0033112582781456954,0.13134657836644592,0.8653421633554084,504608,16,262144,4096,1048576,4096,462336,462336,389632,389632,2,2,1,0,1,0,3,1024,1024,4.5180302123465514,7.990146919631001,4.418892824109135,1,0,2,26,0,0,0,0,0,60,800,0,0,3148,0,0,0,0,64,0,112,0,0,0,1,0,0,1,0,0,0,0,0,0,0,0,0,0,0,0,1,1,1,1,1,1,0,1,0,1,0,0,0,1,0,1,1,0,0,1,0,0,0,0,1,0,1,0,0,0,0x014c,0x010b,0x0001,INIT
0d027177cc8410e0f20b78c952e3f3147f754d9045727a0b3970bf0cd27a87e3,dike_batch5,1,original,0d027177cc8410e0f20b78c952e3f3147f754d9045727a0b3970bf0cd27a87e3,195232,4.924855548885381,128,8,2012,0,224,2,50,4,0,0,0,4,0,145408,46592,0,5248,0.024174528301886794,4194304,4096,512,217088,1024,0.0047169811320754715,0.6698113207547169,0.21462264150943397,204654,16,1048576,4096,1048576,4096,192000,192000,145408,145408,1,6,0,0,5,0,0,145408,145408,3.150420215838849,6.049788720452842,6.049788720452842,0,2208,3,10,0,0,0,0,0,80,0,0,2208,220,0,0,0,0,0,0,52,0,0,0,0,0,0,1,0,0,0,0,0,0,0,0,0,0,0,0,1,1,0,0,0,1,0,0,1,1,0,0,0,1,0,1,0,0,1,1,0,0,0,0,0,0,1,0,0,0,0x014c,0x010b,0x0002,.text
0d03f045d1f402dc3028be1b60df0bbd0ccd638b74a991c9aa5a78ca6e3720a8,dike_batch5,1,original,0d03f045d1f402dc3028be1b60df0bbd0ccd638b74a991c9aa5a78ca6e3720a8,208896,6.162458721391124,264,5,2012,0,224,8,0,4,0,0,0,4,0,143360,61440,0,77738,0.34507279829545456,1677721600,4096,4096,225280,4096,0.01818181818181818,0.6363636363636364,0.2727272727272727,242874,16,1048576,4096,1048576,4096,204800,218500,143360,143360,1,1,0,0,0,0,0,143360,143360,4.280646235114943,6.643661752884311,6.643661752884311,0,0,7,114,0,0,0,0,106,160,1364,0,0,7656,0,0,0,0,64,0,484,0,0,0,0,0,1,0,0,0,0,0,0,0,1,1,0,0,0,0,1,1,0,0,0,0,0,0,0,1,0,0,0,1,1,1,1,0,0,1,0,0,0,0,1,0,1,0,0,0,0x014c,0x010b,0x0002,.text
0d0534410d8e2bc91f769ff7747893d1f3918be32ef45aafb79f2ab4007abe7d,dike_batch5,1,original,0d0534410d8e2bc91f769ff7747893d1f3918be32ef45aafb79f2ab4007abe7d,425984,7.765441959312782,216,4,2012,0,224,7,0,4,0,0,0,4,0,28672,393216,217088,6523,0.006608005381224066,4259840,4096,4096,987136,4096,0.004149377593360996,0.029045643153526972,0.3983402489626556,484461,16,1048576,4096,1048576,4096,421888,981332,217088,776532,1,1,0,0,0,0,0,28672,28672,6.522551601752201,7.846770111937057,6.419925932310174,2,0,4,69,0,0,0,0,0,100,167581,0,0,0,0,0,0,0,0,0,292,0,0,0,1,0,0,1,1,0,0,0,0,0,0,0,0,0,0,0,1,1,0,0,0,0,0,1,0,1,0,0,0,1,0,1,1,0,0,0,0,0,0,0,0,0,1,0,0,0,0x014c,0x010b,0x0002,.text
0d0fb2b76ee1eb84a35cf42a2d9b4feea9f752ef8efc72087230b91b95a952af,dike_batch5,1,original,0d0fb2b76ee1eb84a35cf42a2d9b4feea9f752ef8efc72087230b91b95a952af,413696,7.808329772054274,216,4,2012,0,224,7,0,4,0,0,0,4,0,20480,389120,212992,5357,0.005426810490145228,4259840,4096,4096,987136,4096,0.004149377593360996,0.02074688796680498,0.3941908713692946,449166,16,1048576,4096,1048576,4096,409600,980536,212992,783928,1,1,0,0,0,0,0,20480,20480,6.472711508682016,7.897076321034839,6.479887642443766,2,0,2,58,0,0,0,0,0,60,167536,0,0,0,0,0,0,0,0,0,240,0,0,0,1,0,0,1,1,0,0,0,0,0,0,0,0,0,0,0,1,1,0,0,0,0,0,1,0,1,0,0,0,1,0,1,1,0,0,0,0,0,0,0,0,0,1,0,0,0,0x014c,0x010b,0x0002,.text
0d11c40116809d7259323c57415f6f84dd2b1f278b02fb46a92fd305d78af42d,dike_batch5,1,original,0d11c40116809d7259323c57415f6f84dd2b1f278b02fb46a92fd305d78af42d,503808,6.8344295307597065,224,4,2012,0,224,6,0,4,0,0,0,4,0,20480,479232,0,6355,0.007680760751856436,4194304,4096,4096,827392,4096,0.0049504950495049506,0.024752475247524754,0.5792079207920792,0,16,1048576,4096,1048576,4096,499712,819704,339968,339968,1,1,0,0,0,0,0,20480,20480,5.3733301932061766,7.976839154127797,6.18664488241582,1,0,4,45,0,0,0,0,0,100,336706,0,0,0,0,0,0,0,0,0,196,0,0,0,1,0,0,1,1,0,0,0,0,1,0,0,0,0,0,0,1,1,0,0,0,0,0,1,0,1,0,0,0,1,0,1,1,0,0,0,0,0,0,0,0,0,1,0,0,0,0x014c,0x010b,0x0002,.text
0d148c6d99c3f7d8215c13481e22455d86ef6e1de08e0041a2a517eff8f07a85,dike_batch5,1,original,0d148c6d99c3f7d8215c13481e22455d86ef6e1de08e0041a2a517eff8f07a85,195232,4.925620820270232,128,8,2012,0,224,2,50,4,0,0,0,4,0,145408,46592,0,5264,0.02424823113207547,4194304,4096,512,217088,1024,0.0047169811320754715,0.6698113207547169,0.21462264150943397,257749,16,1048576,4096,1048576,4096,192000,192000,145408,145408,1,6,0,0,5,0,0,145408,145408,3.1436643770379327,6.0507388033878895,6.0507388033878895,0,2208,3,10,0,0,0,0,0,80,0,0,2208,220,0,0,0,0,0,0,52,0,0,0,0,0,0,1,0,0,0,0,0,0,0,0,0,0,0,0,1,1,0,0,0,1,0,0,1,1,0,0,0,1,0,1,0,0,1,1,0,0,0,0,0,0,1,0,0,0,0x014c,0x010b,0x0002,.text
0d1cb5007883e88674d6afe6d30ff80448135aab34d9abf5b13cfa38e0ec56be,dike_batch5,1,original,0d1cb5007883e88674d6afe6d30ff80448135aab34d9abf5b13cfa38e0ec56be,206336,6.881066451264987,224,6,2012,0,224,89,0,5,1,0,0,5,1,165888,39424,0,98338,0.4365145596590909,4194304,4096,512,225280,1024,0.004545454545454545,0.7363636363636363,0.175,268140,16,1048576,4096,1048576,4096,205312,205312,165888,165888,1,2,0,0,2,0,0,165888,165888,4.816699744678586,6.592369271210665,6.579424302754435,0,0,7,30,0,0,0,0,132,180,5814,0,0,3276,28,0,0,0,0,0,152,0,0,0,0,0,0,1,0,0,0,0,0,0,0,0,0,0,0,0,1,1,0,0,0,1,0,0,0,1,0,0,0,1,1,1,1,0,0,1,1,0,0,0,0,0,1,0,0,0,0x014c,0x010b,0x0002,.text
0d2fd85092c9c13f0f77d5678a5f9b62dcfee0f5d3738ffea26a86d7d6672644,dike_batch5,1,original,0d2fd85092c9c13f0f77d5678a5f9b62dcfee0f5d3738ffea26a86d7d6672644,393216,7.729986541098786,224,4,2012,0,224,6,0,4,0,0,0,4,0,12288,376832,0,5528,0.006714474502487562,4194304,4096,4096,823296,4096,0.004975124378109453,0.014925373134328358,0.4577114427860697,0,16,1048576,4096,1048576,4096,389120,817954,311296,437026,1,1,0,0,0,0,0,12288,12288,6.774802274772042,7.922091514568043,6.365353581986833,1,0,3,44,0,0,0,0,0,80,6946,0,0,0,0,0,0,0,0,0,188,0,0,0,1,0,0,1,1,0,0,0,0,1,0,0,0,0,0,0,1,1,0,0,0,0,0,1,0,1,0,0,0,1,0,1,1,0,0,0,0,0,0,0,0,0,1,0,0,0,0x014c,0x010b,0x0002,.text
0d40d0b361f1f95c7b3465734d510bcc1de20976da909a7b535cc338b63f5979,dike_batch5,1,original,0d40d0b361f1f95c7b3465734d510bcc1de20976da909a7b535cc338b63f5979,471040,7.0466407422452955,248,5,2008,0,224,8,0,4,0,0,0,4,0,176128,290816,0,57568,0.11910752118644068,268435456,4096,4096,483328,4096,0.00847457627118644,0.3644067796610169,0.6016949152542372,531859,16,1048576,4096,1048576,4096,466944,475328,192512,192512,1,1,0,0,0,0,0,176128,176128,5.165370056030502,7.7460016040206305,6.641980876853285,1,0,5,59,0,0,0,0,1160,120,31648,0,0,13152,0,0,0,0,64,0,596,0,0,0,1,0,1,0,0,0,0,0,0,0,0,0,0,0,0,0,1,1,0,0,0,0,0,1,0,1,0,0,0,1,1,1,1,0,0,1,0,0,0,0,1,0,1,0,0,0,0x014c,0x010b,0x0002,.text
0d47722f675e4a08398ebdcc750ade6c6b32c44acdf74769642b32a57d1675b5,dike_batch5,1,original,0d47722f675e4a08398ebdcc750ade6c6b32c44acdf74769642b32a57d1675b5,164864,7.859150042418485,224,4,2011,0,224,10,0,5,1,0,0,5,1,157696,6144,0,142114,0.8068790879360465,4194304,4096,512,176128,1024,0.005813953488372093,0.8953488372093024,0.03488372093023256,199237,16,1048576,4096,1048576,4096,163840,163840,157696,157696,1,1,0,0,0,0,0,157696,157696,5.617469491237909,7.907221273696818,7.907221273696818,1,0,1,13,0,0,0,0,98,40,836,0,0,2040,28,0,0,0,0,0,56,0,0,0,1,0,0,1,0,0,0,0,0,0,0,0,0,0,0,0,1,1,0,0,0,0,0,1,0,1,0,0,0,1,1,1,1,0,0,1,1,0,0,0,0,0,1,0,0,0,0x014c,0x010b,0x0002,.text
0d4d408654a06316414c3b956560e96e21905e3828db46dcaad998f065e5809c,dike_batch5,1,original,0d4d408654a06316414c3b956560e96e21905e3828db46dcaad998f065e5809c,391168,7.841797195727951,124,4,0,0,224,10,0,4,0,0,0,4,0,5632,384512,0,5240,0.006364661069651742,4194304,4096,512,823296,1024,0.0012437810945273632,0.006840796019900498,0.4670398009950249,0,16,1048576,4096,1048576,4096,390144,814592,380928,425984,1,2,0,0,0,0,0,5632,5632,6.0777509375442165,7.8819987084459235,6.310477051968941,1,0,4,39,0,0,0,0,0,120,380434,0,0,0,0,0,0,0,0,0,176,176,0,0,1,0,0,1,1,0,1,0,0,1,0,0,0,0,0,0,1,1,0,0,0,0,0,1,0,1,0,0,0,1,0,1,1,0,0,0,0,0,0,0,0,0,1,1,0,0,0x014c,0x010b,0x0002,.text
0d4d63849cf5d4820e8bc0fd58c30514a0b86a967c1a9e00be17ac5c9b28688d,dike_batch5,1,original,0d4d63849cf5d4820e8bc0fd58c30514a0b86a967c1a9e00be17ac5c9b28688d,413696,7.672323975561109,216,4,2012,0,224,6,0,4,0,0,0,4,0,12288,397312,0,6339,0.007661422880569307,4194304,4096,4096,827392,4096,0.0049504950495049506,0.01485148514851485,0.4801980198019802,0,16,1048576,4096,1048576,4096,409600,822904,339968,429688,1,1,0,0,0,0,0,12288,12288,6.076295286448123,7.976159853425984,6.336610433248126,1,0,4,42,0,0,0,0,0,100,336706,0,0,0,0,0,0,0,0,0,184,0,0,0,1,0,0,1,1,0,0,0,0,1,0,0,0,0,0,0,1,1,0,0,0,0,0,1,0,1,0,0,0,1,0,1,1,0,0,0,0,0,0,0,0,0,1,0,0,0,0x014c,0x010b,0x0002,.text
0d56d83ccd3717e21b20cc8432903aca25a4f2970bafb658b12d75f1c18adc70,dike_batch5,1,original,0d56d83ccd3717e21b20cc8432903aca25a4f2970bafb658b12d75f1c18adc70,208896,6.180445668420595,264,5,2012,0,224,8,0,4,0,0,0,4,0,143360,61440,0,77738,0.34507279829545456,1677721600,4096,4096,225280,4096,0.01818181818181818,0.6363636363636364,0.2727272727272727,239044,16,1048576,4096,1048576,4096,204800,218500,143360,143360,1,1,0,0,0,0,0,143360,143360,4.347500737206362,6.644070165747278,6.644070165747278,0,0,7,114,0,0,0,0,106,160,1364,0,0,7656,0,0,0,0,64,0,484,0,0,0,0,0,1,0,0,0,0,0,0,0,1,1,0,0,0,0,1,1,0,0,0,0,0,0,0,1,0,0,0,1,1,1,1,0,0,1,0,0,0,0,1,0,1,0,0,0,0x014c,0x010b,0x0002,.text
0d58628cbbaa2ab859b6ae8dd197c48247225dc496780c0b18dc233b6821dc56,dike_batch5,1,original,0d58628cbbaa2ab859b6ae8dd197c48247225dc496780c0b18dc233b6821dc56,434176,7.519377563533616,208,4,2012,0,224,6,0,4,0,0,0,4,0,36864,393216,0,5648,0.006860230099502488,4194304,4096,4096,823296,4096,0.004975124378109453,0.04477611940298507,0.47761194029850745,0,16,1048576,4096,1048576,4096,430080,814796,364544,388624,1,1,0,0,0,0,0,36864,36864,5.949978928709413,7.731518542524031,6.144896843761346,1,0,4,59,0,0,0,0,0,100,7696,0,0,0,0,0,0,0,0,0,252,0,0,0,1,0,0,1,1,0,0,0,0,1,0,0,0,0,0,0,1,1,0,0,0,0,0,1,0,1,0,0,0,1,0,1,1,0,0,0,0,0,0,0,0,0,1,0,0,0,0x014c,0x010b,0x0002,.text
0d58d4c64dd86c34cbf59c528f5b4c9120dc94431dc1019449b6b25dfd02721f,dike_batch5,1,original,0d58d4c64dd86c34cbf59c528f5b4c9120dc94431dc1019449b6b25dfd02721f,430080,7.655165235282256,224,4,2012,0,224,7,0,4,0,0,0,4,0,20480,405504,229376,5544,0.005616247406639004,4259840,4096,4096,987136,4096,0.004149377593360996,0.02074688796680498,0.4107883817427386,468118,16,1048576,4096,1048576,4096,425984,980216,229376,783608,1,1,0,0,0,0,0,20480,20480,6.4698513489389295,7.858867706106364,6.4968485632126445,2,0,5,74,0,0,0,0,0,120,167536,0,0,0,0,0,0,0,0,0,316,0,0,0,1,0,0,1,1,0,0,0,0,0,0,0,0,0,0,0,1,1,0,0,0,0,0,1,0,1,0,0,0,1,0,1,1,0,0,0,0,0,0,0,0,0,1,0,0,0,0x014c,0x010b,0x0002,.text
0d5db9a50f420df283c2401bcdfb5204d70088daa88cd2bba5eae86c3e1ad78a,dike_batch5,1,original,0d5db9a50f420df283c2401bcdfb5204d70088daa88cd2bba5eae86c3e1ad78a,131168,6.85466520773825,128,9,2012,0,224,2,50,4,0,0,0,4,0,113152,15872,0,109808,0.7054893092105263,4194304,4096,512,155648,1024,0.006578947368421052,0.7269736842105263,0.10197368421052631,152192,16,1048576,4096,1048576,4096,129024,129024,108032,108032,1,1,0,0,5,0,0,108032,108032,2.5656361404673054,7.080754711209693,7.080754711209693,1,1120,4,243,0,0,0,0,0,100,7132,0,1119,1176,0,0,0,0,0,0,988,0,0,0,0,0,0,1,0,0,0,0,0,0,0,0,0,0,0,0,1,1,0,0,0,1,0,1,1,1,0,0,0,1,0,1,1,0,1,1,0,0,0,0,0,0,1,0,0,0,0x014c,0x010b,0x0002,.text
0d60fd3c60febe477be23573143396da6b7b8e7b92f46fdc50aec7b8b382e1a0,dike_batch5,1,original,0d60fd3c60febe477be23573143396da6b7b8e7b92f46fdc50aec7b8b382e1a0,356352,7.725453396166757,216,4,2012,0,224,7,0,4,0,0,0,4,0,90112,245140,499712,87166,0.10182182640550239,4194304,4096,4096,856064,4096,0.004784688995215311,0.10526315789473684,0.2863570947966507,389482,16,1048576,4096,1048576,4096,352256,848984,204800,701528,1,1,0,0,0,0,0,90112,90112,5.9981855006056275,7.968513306791462,7.968513306791462,3,0,4,14,0,0,0,0,0,100,49479,0,0,0,28,0,0,0,0,0,72,0,0,0,1,0,0,1,1,0,0,0,0,0,0,0,0,0,0,0,1,1,0,0,0,0,0,1,0,1,0,0,0,1,0,1,1,0,0,0,1,0,0,0,0,0,1,0,0,0,0x014c,0x010b,0x0002,.text
0d63eefc8b490c5f04c6fbeec1699687542937761ca5c2e62520961106b494c5,virusshare,1,original,0d63eefc8b490c5f04c6fbeec1699687542937761ca5c2e62520961106b494c5,254396,7.437771566253573,216,4,0,0,224,0,0,4,0,0,0,4,0,121856,376832,0,508033,0.9903486268577577,4194304,4096,512,512984,1024,0.0019961636230369758,0.23754347114140012,0.7345882132776071,0,16,1048576,4096,1048576,4096,179200,503320,121856,370712,0,4,0,0,4,0,3,5120,5120,6.855632955853006,7.79740256570447,7.79740256570447,3,74172,2,2,0,0,0,0,0,60,0,0,0,0,0,0,0,0,0,0,0,0,0,16384,1,0,0,1,1,0,1,0,0,1,0,0,0,0,0,0,1,0,1,0,0,1,0,1,1,1,0,0,0,1,0,1,0,0,0,0,0,0,0,0,0,0,0,0,0,0,0x014c,0x010b,0x0002,dfgdfgds
0d69dac909eef1f5016f6ca5bf37d384102ca08cbfd409825389b4aada929c8e,dike_batch5,1,original,0d69dac909eef1f5016f6ca5bf37d384102ca08cbfd409825389b4aada929c8e,417792,7.767500773245556,216,4,2012,0,224,7,0,4,0,0,0,4,0,20480,393216,16384,5410,0.005457854467975207,4259840,4096,4096,991232,4096,0.004132231404958678,0.02066115702479339,0.39669421487603307,427301,16,1048576,4096,1048576,4096,413696,985336,208896,588024,1,1,0,0,0,0,0,20480,20480,6.353666645927531,7.940924135843537,6.485730088043475,2,0,3,62,0,0,0,0,0,80,167512,0,0,0,0,0,0,0,0,0,260,0,0,0,1,0,0,1,1,0,0,0,0,0,0,0,0,0,0,0,1,1,0,0,0,0,0,1,0,1,0,0,0,1,0,1,1,0,0,0,0,0,0,0,0,0,1,0,0,0,0x014c,0x010b,0x0002,.text
0d6f3a614088ad2985628f2bc09e90e533c4a2357dcf5849fafc481c0618e108,dike_batch5,1,original,0d6f3a614088ad2985628f2bc09e90e533c4a2357dcf5849fafc481c0618e108,442368,7.6269775139157705,216,4,2012,0,224,7,0,4,0,0,0,4,0,32768,405504,376832,6708,0.0081884765625,4259840,4096,4096,819200,4096,0.005,0.04,0.495,442824,16,1048576,4096,1048576,4096,438272,815028,376832,753588,1,1,0,0,0,0,0,32768,32768,5.672178190531412,7.824661180539259,6.288307911789264,1,0,3,63,0,0,0,0,0,80,17116,0,0,0,0,0,0,0,0,0,264,0,0,0,1,0,0,1,1,0,0,0,0,0,0,0,0,0,0,0,1,1,0,0,0,0,0,1,0,1,0,0,0,1,0,1,1,0,0,0,0,0,0,0,0,0,1,0,0,0,0x014c,0x010b,0x0002,.text
0d77677df6f5922f91d889d6a1b2c375b2b6cf1458a66d58c06c1fbc23620f0f,dike_batch5,1,original,0d77677df6f5922f91d889d6a1b2c375b2b6cf1458a66d58c06c1fbc23620f0f,122848,6.7036206647409955,128,7,2012,0,224,2,50,4,0,0,0,4,0,14336,107008,0,5024,0.03504464285714286,4194304,4096,512,143360,1024,0.007142857142857143,0.1,0.7464285714285714,162615,16,1048576,4096,1048576,4096,120832,120928,99840,99936,1,4,0,0,3,0,0,14336,14336,3.818479884099621,7.286083434904736,2.222951494890147,1,992,2,9,0,0,0,0,0,60,2636,0,992,176,0,0,0,0,0,0,44,0,0,0,0,0,0,1,0,0,0,0,0,0,0,0,0,0,0,0,1,1,0,0,0,1,0,1,1,1,0,0,0,1,0,1,1,0,1,1,0,0,0,0,0,0,1,0,0,0,0x014c,0x010b,0x0002,.text
0d7f9a2daa3ce1ff75b726e758d99d622ac6e4c77ec216fc90853c356734dc76,dike_batch5,1,original,0d7f9a2daa3ce1ff75b726e758d99d622ac6e4c77ec216fc90853c356734dc76,284184,7.639001794665879,128,7,2012,0,224,2,50,4,0,0,0,4,0,4096,278016,0,4928,0.016481164383561644,4194304,4096,512,299008,1024,0.003424657534246575,0.0136986301369863,0.9297945205479452,326138,16,1048576,4096,1048576,4096,282112,282112,264192,264192,1,1,0,0,3,0,0,4096,4096,5.484211424909751,7.715831099508283,5.108183427914036,1,1048,5,275,8,0,0,0,0,120,1716,0,1047,1476,0,0,0,0,0,0,1120,0,0,0,1,0,0,1,0,0,0,0,0,0,0,0,0,0,0,0,1,1,0,0,0,1,0,1,1,1,0,0,1,1,0,1,1,0,1,1,0,0,0,0,0,0,1,0,0,0,0x014c,0x010b,0x0002,.text
0d8454f76403e10ef7343c675d06ee5cd25405d62969009443a13e3b8a9eb397,dike_batch5,1,original,0d8454f76403e10ef7343c675d06ee5cd25405d62969009443a13e3b8a9eb397,405504,7.331276885277402,216,4,2012,0,224,6,0,4,0,0,0,4,0,16384,385024,0,6504,0.008313563481675394,4194304,4096,4096,782336,4096,0.005235602094240838,0.020942408376963352,0.49214659685863876,0,16,1048576,4096,1048576,4096,401408,776988,270336,482076,1,1,0,0,0,0,0,16384,16384,6.054801627172118,7.806676737634514,6.050964959675992,2,0,2,45,0,0,0,0,0,60,4298,0,0,0,0,0,0,0,0,0,188,0,0,0,1,0,0,1,1,0,0,0,0,1,0,0,0,0,0,0,1,1,0,0,0,0,0,1,0,1,0,0,0,1,0,1,1,0,0,0,0,0,0,0,0,0,1,0,0,0,0x014c,0x010b,0x0002,.text
0d84e593ad8e1dd41bef3e64b05ad4cc39d61da41308a29143dc2b0447ee3386,dike_batch5,1,original,0d84e593ad8e1dd41bef3e64b05ad4cc39d61da41308a29143dc2b0447ee3386,208896,6.44105959302443,248,5,2012,0,224,8,0,4,0,0,0,4,0,143360,61440,0,78682,0.34926313920454544,1694498816,4096,4096,225280,4096,0.01818181818181818,0.6363636363636364,0.2727272727272727,240449,16,1048576,4096,1048576,4096,204800,218500,143360,143360,1,1,0,0,0,0,0,143360,143360,4.68103830291532,6.674702571784401,6.674702571784401,0,0,6,111,0,0,0,0,106,140,1364,0,0,7708,0,0,0,0,64,0,468,0,0,0,0,0,1,0,0,0,0,0,0,0,1,1,0,0,0,0,1,1,0,0,0,0,0,0,0,1,0,0,0,1,1,1,1,0,0,1,0,0,0,0,1,0,1,0,0,0,0x014c,0x010b,0x0002,.text
0d872458d3769d89f034a865b13b4ecddfb4abb4e59c56dcaf53342884bb10a8,dike_batch5,1,original,0d872458d3769d89f034a865b13b4ecddfb4abb4e59c56dcaf53342884bb10a8,142432,6.068473038428105,128,6,2012,0,224,2,50,4,0,0,0,4,0,126464,14336,0,5584,0.03587582236842105,4194304,4096,512,155648,1024,0.006578947368421052,0.8125,0.09210526315789473,155575,16,1048576,4096,1048576,4096,140288,140420,126464,126464,3,1,0,0,2,0,0,126464,126464,4.728840424599235,6.254608270396908,6.254608270396908,0,1120,6,104,0,0,0,0,0,140,7304,0,1120,540,0,0,0,0,0,0,440,0,0,0,0,0,0,1,0,0,0,0,0,0,0,0,0,0,0,0,1,1,0,0,0,1,0,0,1,1,0,0,0,1,0,1,1,0,1,1,0,0,0,0,0,0,1,0,0,0,0x014c,0x010b,0x0002,.text
0d95189a9386e77cde13fa553a8214e7f15d39d7e40a1e9204c3730677b5c48d,dike_batch5,1,original,0d95189a9386e77cde13fa553a8214e7f15d39d7e40a1e9204c3730677b5c48d,165024,5.617627538881281,128,8,2012,0,224,2,50,4,0,0,0,4,0,145408,16896,0,5360,0.028447690217391304,4194304,4096,512,188416,1024,0.005434782608695652,0.7717391304347826,0.08967391304347826,197621,16,1048576,4096,1048576,4096,161792,161992,145408,145408,1,6,0,0,5,0,0,145408,145408,3.2396445727775305,6.050628343507244,6.050628343507244,0,2208,3,10,0,0,0,0,0,80,0,0,2208,220,0,0,0,0,0,0,52,0,0,0,0,0,0,1,0,0,0,0,0,0,0,0,0,0,0,0,1,1,0,0,0,1,0,0,1,1,0,0,0,1,0,1,0,0,1,1,0,0,0,0,0,0,1,0,0,0,0x014c,0x010b,0x0002,.text
0d98e2b2f8be68dc81bddc7c705ae2b25f5697748c35a665ed76b5e4f367c51b,dike_batch5,1,original,0d98e2b2f8be68dc81bddc7c705ae2b25f5697748c35a665ed76b5e4f367c51b,433664,7.873392715326529,608,6,2008,0,224,9,0,6,1,6,1,5,1,60928,371200,0,427070,0.9847946797520661,65536,512,512,433664,1536,0.0035419126328217238,0.14049586776859505,0.8559622195985832,437752,16,262144,4096,1048576,4096,432128,432128,361472,361472,2,2,1,0,1,0,3,1024,1024,4.509977698761809,7.989044823236628,4.460868955828661,1,0,2,25,0,0,0,0,0,60,768,0,0,3144,0,0,0,0,64,0,108,0,0,0,1,0,0,1,0,0,0,0,0,0,0,0,0,0,0,0,1,1,1,1,1,1,0,1,0,1,0,0,0,1,0,1,1,0,0,1,0,0,0,0,1,0,1,0,0,0,0x014c,0x010b,0x0001,INIT
0da13afdf6874dbbe9976b537148614508967586ef7b92f50be2afd7f8b90d78,dike_batch5,1,original,0da13afdf6874dbbe9976b537148614508967586ef7b92f50be2afd7f8b90d78,208896,6.389174967092641,264,5,2012,0,224,8,0,4,0,0,0,4,0,143360,61440,0,77738,0.34507279829545456,1677721600,4096,4096,225280,4096,0.01818181818181818,0.6363636363636364,0.2727272727272727,225329,16,1048576,4096,1048576,4096,204800,218500,143360,143360,1,1,0,0,0,0,0,143360,143360,4.634620697745248,6.644025743017471,6.644025743017471,0,0,7,114,0,0,0,0,106,160,1364,0,0,7664,0,0,0,0,64,0,484,0,0,0,0,0,1,0,0,0,0,0,0,0,1,1,0,0,0,0,1,1,0,0,0,0,0,0,0,1,0,0,0,1,1,1,1,0,0,1,0,0,0,0,1,0,1,0,0,0,0x014c,0x010b,0x0002,.text
0da918ebd5cddc56c27be719b4da8eac17265e068699b036aaa24c9a37cc7376,dike_batch5,1,original,0da918ebd5cddc56c27be719b4da8eac17265e068699b036aaa24c9a37cc7376,172032,7.795838287356831,216,9,2011,0,224,10,0,5,1,0,0,5,1,161280,9728,0,4096,0.018518518518518517,4194304,4096,512,221184,1024,0.004629629629629629,0.7291666666666666,0.04398148148148148,180502,16,1048576,4096,1048576,4096,171008,192427,161280,161280,1,6,0,0,5,0,0,161280,161280,2.8390324084080767,7.892285048596706,7.892285048596706,1,0,3,27,0,0,0,0,101,80,980,0,0,2324,28,0,0,0,0,0,120,0,0,0,1,0,0,1,0,0,0,0,0,0,0,0,0,0,0,0,1,1,0,0,0,1,0,1,0,1,0,0,0,1,1,1,1,0,0,1,1,0,0,0,0,0,1,0,0,0,0x014c,0x010b,0x0002,.text
0dab267bbf44aee7106c7b2d128536748cf87b674e6f4d76ce478df263fb4565,dike_batch6,1,original,0dab267bbf44aee7106c7b2d128536748cf87b674e6f4d76ce478df263fb4565,417792,7.772852721156383,216,4,2012,0,224,7,0,4,0,0,0,4,0,20480,393216,16384,5335,0.005382191051136364,4259840,4096,4096,991232,4096,0.004132231404958678,0.02066115702479339,0.39669421487603307,476437,16,1048576,4096,1048576,4096,413696,985336,208896,588024,1,1,0,0,0,0,0,20480,20480,6.362937892358014,7.941596346340318,6.483167851457182,2,0,3,63,0,0,0,0,0,80,167512,0,0,0,0,0,0,0,0,0,264,0,0,0,1,0,0,1,1,0,0,0,0,0,0,0,0,0,0,0,1,1,0,0,0,0,0,1,0,1,0,0,0,1,0,1,1,0,0,0,0,0,0,0,0,0,1,0,0,0,0x014c,0x010b,0x0002,.text
0db4eb9bd85f7037e5949622f3bd73d2d62b21212b790c4116264f9ea92176e0,dike_batch6,1,original,0db4eb9bd85f7037e5949622f3bd73d2d62b21212b790c4116264f9ea92176e0,313384,7.483278731854507,128,6,2012,0,224,2,50,4,0,0,0,4,0,284672,26624,0,282192,0.8720826740506329,4194304,4096,512,323584,1024,0.0031645569620253164,0.879746835443038,0.08227848101265822,359225,16,1048576,4096,1048576,4096,311296,311296,282624,282624,1,1,0,0,2,0,0,282624,282624,4.045757660299137,7.566753345202434,7.566753345202434,1,1064,4,584,1,0,0,0,0,100,7132,0,1063,2792,0,0,0,0,0,0,2352,0,0,0,1,0,0,1,0,0,0,0,0,0,0,0,0,0,0,0,1,1,0,0,0,1,0,1,1,1,0,0,1,1,0,1,1,0,1,1,0,0,0,0,0,0,1,0,0,0,0x014c,0x010b,0x0002,.text
0dc3107f3d9c89a466222193d0af0905da9c4121f31c2d489cf620db62961bdf,dike_batch6,1,original,0dc3107f3d9c89a466222193d0af0905da9c4121f31c2d489cf620db62961bdf,464384,7.870761096070349,608,6,2008,0,224,9,0,6,1,6,1,5,1,60416,402432,0,457790,0.9858005443770672,65536,512,512,464384,1536,0.0033076074972436605,0.13009922822491732,0.8665931642778391,475691,16,262144,4096,1048576,4096,462848,462848,390656,390656,2,2,1,0,1,0,3,1024,1024,4.513525930085575,7.988824391026124,4.426298887512918,1,0,2,26,0,0,0,0,0,60,800,0,0,3140,0,0,0,0,64,0,112,0,0,0,1,0,0,1,0,0,0,0,0,0,0,0,0,0,0,0,1,1,1,1,1,1,0,1,0,1,0,0,0,1,0,1,1,0,0,1,0,0,0,0,1,0,1,0,0,0,0x014c,0x010b,0x0001,INIT
0dc51879fdb5cd6c9e2becceee60ccd64200518cd105e4b393714623eb904b1d,dike_batch6,1,original,0dc51879fdb5cd6c9e2becceee60ccd64200518cd105e4b393714623eb904b1d,146944,6.34005910752635,224,4,2014,0,224,9,0,5,0,0,0,5,0,92672,53248,0,52977,6.379299269841231e-05,4194304,4096,512,830451712,1024,1.2330638677760954e-06,0.00011159228003373662,6.411932112435695e-05,0,16,1048576,4096,1048576,4096,145920,830437676,92672,830296364,1,1,0,0,0,0,0,92672,92672,5.215050761299165,6.342793309090767,6.161671554101184,0,0,1,82,0,0,0,0,0,40,38764,0,0,0,0,0,0,0,64,0,332,0,0,0,0,0,0,1,1,0,0,0,0,1,0,0,0,0,0,1,1,1,0,0,0,0,0,0,0,1,0,0,0,1,0,1,1,0,0,0,0,0,0,0,1,0,1,0,0,0,0x014c,0x010b,0x0002,.text
0dca0a8ade1753f1374044ebc895a35804698fa0abc0e1332c0826ccda5c2428,virusshare,1,original,0dca0a8ade1753f1374044ebc895a35804698fa0abc0e1332c0826ccda5c2428,60928,7.825374621257051,224,3,2005,0,224,5,2,5,3,10,0,4,0,53248,8192,61440,118272,0.9314516129032258,4194304,4096,512,126976,4096,0.03225806451612903,0.41935483870967744,0.06451612903225806,0,16,1048576,4096,1048576,4096,59904,122880,53248,61440,2,3,2,1,2,0,1,53248,53248,6.765658544108192,7.9729786987769335,7.9729786987769335,1,0,1,6,0,0,0,0,0,220,6180,0,0,0,0,0,0,0,0,0,0,0,0,0,1,0,0,1,1,0,0,0,0,1,0,0,0,0,0,0,1,1,1,1,1,1,0,1,0,1,0,0,0,1,0,1,1,0,0,0,0,0,0,0,0,0,0,0,0,0,0x014c,0x010b,0x0002,UPX1
0ddf19fe8dfd79d191d17df9c93a7fd6e84aa80db5f2cd932ca4b0778e4f0281,dike_batch6,1,original,0ddf19fe8dfd79d191d17df9c93a7fd6e84aa80db5f2cd932ca4b0778e4f0281,136288,6.854958713030958,128,7,2012,0,224,2,50,4,0,0,0,4,0,113152,20992,0,110752,0.730785472972973,4194304,4096,512,151552,1024,0.006756756756756757,0.7466216216216216,0.13851351351351351,151936,16,1048576,4096,1048576,4096,134144,134144,110080,110080,1,1,0,0,3,0,0,110080,110080,3.402102259264275,6.998701400803686,6.998701400803686,0,1120,5,414,1,0,0,0,0,120,7132,0,1119,1996,0,0,0,0,0,0,1676,0,0,0,0,0,0,1,0,0,0,0,0,0,0,0,0,0,0,0,1,1,0,0,0,1,0,0,1,1,0,0,1,1,0,1,1,0,1,1,0,0,0,0,0,0,1,0,0,0,0x014c,0x010b,0x0002,.text
0de17fd2a09be217c250788c6d976727ab2bcd080c954ba28d6f7f22429104be,dike_batch6,1,original,0de17fd2a09be217c250788c6d976727ab2bcd080c954ba28d6f7f22429104be,434176,7.871474045956646,608,6,2008,0,224,9,0,6,1,6,1,5,1,60928,371712,0,427582,0.9848126105542453,65536,512,512,434176,1536,0.003537735849056604,0.1403301886792453,0.8561320754716981,442953,16,262144,4096,1048576,4096,432640,432640,361984,361984,2,2,1,0,1,0,3,1024,1024,4.51373124773134,7.987502842533278,4.458627755532122,1,0,2,25,0,0,0,0,0,60,768,0,0,3144,0,0,0,0,64,0,108,0,0,0,1,0,0,1,0,0,0,0,0,0,0,0,0,0,0,0,1,1,1,1,1,1,0,1,0,1,0,0,0,1,0,1,1,0,0,1,0,0,0,0,1,0,1,0,0,0,0x014c,0x010b,0x0001,INIT
0de383f74467ca98ed21fac7ad33226fa52fe8ffc856debe0b08fceb144823ce,dike_batch6,1,original,0de383f74467ca98ed21fac7ad33226fa52fe8ffc856debe0b08fceb144823ce,401408,7.731792168946863,216,4,2012,0,224,6,0,4,0,0,0,4,0,24576,372736,0,6483,0.008286720795157068,4194304,4096,4096,782336,4096,0.005235602094240838,0.031413612565445025,0.47643979057591623,0,16,1048576,4096,1048576,4096,397312,775000,348160,394072,1,1,0,0,0,0,0,24576,24576,5.380728737093797,7.946657561825275,6.083734170780091,1,0,3,48,0,0,0,0,0,80,345098,0,0,0,0,0,0,0,0,0,204,0,0,0,1,0,0,1,1,0,0,0,0,1,0,0,0,0,0,0,1,1,0,0,0,0,0,1,0,1,0,0,0,1,0,1,1,0,0,0,0,0,0,0,0,0,1,0,0,0,0x014c,0x010b,0x0002,.text
0df8b151f1594ce54fc4155a9adbf9d68b885320aef83691e8926c910cef08f1,dike_batch6,1,original,0df8b151f1594ce54fc4155a9adbf9d68b885320aef83691e8926c910cef08f1,131168,6.854867810929289,128,9,2012,0,224,2,50,4,0,0,0,4,0,113152,15872,0,109808,0.7054893092105263,4194304,4096,512,155648,1024,0.006578947368421052,0.7269736842105263,0.10197368421052631,138602,16,1048576,4096,1048576,4096,129024,129024,108032,108032,1,1,0,0,5,0,0,108032,108032,2.5654462767851394,7.080765445318983,7.080765445318983,1,1120,4,243,0,0,0,0,0,100,7132,0,1119,1176,0,0,0,0,0,0,988,0,0,0,0,0,0,1,0,0,0,0,0,0,0,0,0,0,0,0,1,1,0,0,0,1,0,1,1,1,0,0,0,1,0,1,1,0,1,1,0,0,0,0,0,0,1,0,0,0,0x014c,0x010b,0x0002,.text
0e00ee21e8dfe001f0b7f29604074fb7537cd19ff6cfc3e4059987ea6977075f,dike_batch6,1,original,0e00ee21e8dfe001f0b7f29604074fb7537cd19ff6cfc3e4059987ea6977075f,433664,7.873402451874553,608,6,2008,0,224,9,0,6,1,6,1,5,1,60928,371200,0,427070,0.9847946797520661,65536,512,512,433664,1536,0.0035419126328217238,0.14049586776859505,0.8559622195985832,444346,16,262144,4096,1048576,4096,432128,432128,361472,361472,2,2,1,0,1,0,3,1024,1024,4.510009042838063,7.98904858898757,4.460868955828661,1,0,2,25,0,0,0,0,0,60,768,0,0,3144,0,0,0,0,64,0,108,0,0,0,1,0,0,1,0,0,0,0,0,0,0,0,0,0,0,0,1,1,1,1,1,1,0,1,0,1,0,0,0,1,0,1,1,0,0,1,0,0,0,0,1,0,1,0,0,0,0x014c,0x010b,0x0001,INIT
0e0113a078fd33fb96ec6f1d56810013488150f2358bea299eacc478be671a1a,dike_batch6,1,original,0e0113a078fd33fb96ec6f1d56810013488150f2358bea299eacc478be671a1a,409600,7.2134518942150825,216,4,2012,0,224,7,0,4,0,0,0,4,0,98304,291551,397312,82849,0.10267414538388325,4259840,4096,4096,806912,4096,0.005076142131979695,0.1218274111675127,0.3613169713673858,410446,16,1048576,4096,1048576,4096,405504,800824,249856,645176,1,1,0,0,0,0,0,98304,98304,6.528143920694699,7.87619215449613,7.87619215449613,2,0,7,77,0,0,0,0,0,160,47200,0,0,0,0,0,0,0,0,0,336,0,0,0,1,0,0,1,1,0,0,0,0,0,0,0,0,0,0,0,1,1,0,0,0,0,0,1,0,1,0,0,0,1,0,1,1,0,0,0,0,0,0,0,0,0,1,0,0,0,0x014c,0x010b,0x0002,.text
0e0cd0289609ad69be5a948fa1ff21e61b0b722908e20594be145bd8fc60b914,dike_batch6,1,original,0e0cd0289609ad69be5a948fa1ff21e61b0b722908e20594be145bd8fc60b914,345088,7.847926806629906,124,4,2012,0,224,10,0,4,0,0,0,4,0,8704,335360,0,6276,0.008064350328947369,4194304,4096,512,778240,1024,0.0013157894736842105,0.01118421052631579,0.4309210526315789,0,16,1048576,4096,1048576,4096,344064,764416,332288,421888,1,2,0,0,0,0,0,8704,8704,4.145619267500394,7.92010245997356,4.546400331776131,1,0,4,39,0,0,0,0,0,100,331962,0,0,0,0,0,0,0,0,0,172,28,0,0,1,0,0,1,1,0,0,0,0,1,0,0,0,0,0,0,1,1,0,0,0,0,0,1,0,1,0,0,0,1,0,1,1,0,0,0,0,0,0,0,0,0,1,1,0,0,0x014c,0x010b,0x0002,.text
0e150dad76dd6038b0b394244e97192077d9f9d4828ac1019494d4b43d1b6e28,dike_batch6,1,original,0e150dad76dd6038b0b394244e97192077d9f9d4828ac1019494d4b43d1b6e28,117760,7.714951102105542,216,5,2012,0,224,10,0,5,1,0,0,5,1,9728,96256,0,11274,0.08340731534090909,4194304,4096,512,135168,1024,0.007575757575757576,0.07196969696969698,0.7121212121212122,73852,16,1048576,4096,1048576,4096,116736,118272,95232,95232,1,5,1,0,0,0,0,9728,9728,4.403404917643375,7.965989379700819,4.731699921383416,1,0,11,409,0,0,0,0,0,10752,95116,0,0,292,0,0,0,0,0,0,0,0,0,0,1,0,0,1,0,0,0,0,0,0,1,1,0,0,0,1,1,1,1,1,1,0,0,1,0,1,0,0,0,1,0,1,1,0,0,1,0,0,0,0,0,0,0,0,0,0,0x014c,0x010b,0x0002,.text
0e153a054fe8adedbb397543e16bdf0b1752bf78d3477bb34e35ebc006324ea6,dike_batch6,1,original,0e153a054fe8adedbb397543e16bdf0b1752bf78d3477bb34e35ebc006324ea6,405504,7.262760455330646,216,4,2012,0,224,7,0,4,0,0,0,4,0,94208,294382,405504,76383,0.09370951436871859,4259840,4096,4096,815104,4096,0.005025125628140704,0.11557788944723618,0.36115882145100503,409333,16,1048576,4096,1048576,4096,401408,808216,241664,648472,1,1,0,0,0,0,0,94208,94208,6.546374853271528,7.776352237143108,7.776352237143108,3,0,5,76,0,0,0,0,0,120,53605,0,0,0,0,0,0,0,0,0,324,0,0,0,1,0,0,1,1,0,0,0,0,0,0,0,0,0,0,0,1,1,0,0,0,0,0,1,0,1,0,0,0,1,0,1,1,0,0,0,0,0,0,0,0,0,1,0,0,0,0x014c,0x010b,0x0002,.text
0e35e4979a9a583aabc3b137197a5df75f05a8b5cb8b54f4c803717e1b181aa0,dike_batch6,1,original,0e35e4979a9a583aabc3b137197a5df75f05a8b5cb8b54f4c803717e1b181aa0,195072,7.533656253020966,200,3,2011,0,224,10,0,5,1,0,0,5,1,67584,0,0,36674,0.12610722931338028,4194304,4096,512,290816,1024,0.0035211267605633804,0.2323943661971831,0.0,227087,16,1048576,4096,1048576,4096,194048,279617,124416,209985,1,1,0,0,0,0,0,67584,67584,7.10257282030483,7.684076627241684,7.684076627241684,2,0,6,262,0,0,0,0,94,140,16,0,0,1784,0,0,0,0,0,0,1072,0,0,0,1,0,0,1,0,0,0,0,0,0,0,0,0,0,0,0,1,1,0,0,0,0,0,1,0,1,0,0,0,1,1,1,1,0,0,1,0,0,0,0,0,0,1,0,0,0,0x014c,0x010b,0x0002,.text
0e397f72147a79cb6b37a4076edbcca05ec4c5cb9918b0da4ec262c0907cda34,dike_batch6,1,original,0e397f72147a79cb6b37a4076edbcca05ec4c5cb9918b0da4ec262c0907cda34,446464,7.586332652864201,216,4,2012,0,224,7,0,4,0,0,0,4,0,28672,413696,237568,7380,0.007476173495850623,4259840,4096,4096,987136,4096,0.004149377593360996,0.029045643153526972,0.4190871369294606,510366,16,1048576,4096,1048576,4096,442368,978964,237568,774164,1,1,0,0,0,0,0,28672,28672,6.547083269270275,7.869733135209134,6.518721823065294,2,0,5,94,0,0,0,0,0,120,167536,0,0,0,0,0,0,0,0,0,396,0,0,0,1,0,0,1,1,0,0,0,0,0,0,0,0,0,0,0,1,1,0,0,0,0,0,1,0,1,0,0,0,1,0,1,1,0,0,0,0,0,0,0,0,0,1,0,0,0,0x014c,0x010b,0x0002,.text
0e48f7c00d8b3698d3aafc246c693d2388dd952004a2f7d46e3ef71a888fa395,dike_batch6,1,original,0e48f7c00d8b3698d3aafc246c693d2388dd952004a2f7d46e3ef71a888fa395,393216,7.7309708563524095,208,4,2012,0,224,6,0,4,0,0,0,4,0,12288,376832,0,5592,0.0067922108208955225,4194304,4096,4096,823296,4096,0.004975124378109453,0.014925373134328358,0.4577114427860697,0,16,1048576,4096,1048576,4096,389120,817954,311296,437026,1,1,0,0,0,0,0,12288,12288,6.778331082956418,7.922352671102744,6.376979890390848,1,0,3,46,0,0,0,0,0,80,6946,0,0,0,0,0,0,0,0,0,196,0,0,0,1,0,0,1,1,0,0,0,0,1,0,0,0,0,0,0,1,1,0,0,0,0,0,1,0,1,0,0,0,1,0,1,1,0,0,0,0,0,0,0,0,0,1,0,0,0,0x014c,0x010b,0x0002,.text
0e5147bcf9b4e04f056cb2fe0bb500fbb2b4d958034011156463c3879a43e049,dike_batch6,1,original,0e5147bcf9b4e04f056cb2fe0bb500fbb2b4d958034011156463c3879a43e049,463360,7.872182806114727,608,6,2008,0,224,9,0,6,1,6,1,5,1,60928,400896,0,456766,0.9857691643646409,65536,512,512,463360,1536,0.0033149171270718232,0.13149171270718232,0.8651933701657458,472659,16,262144,4096,1048576,4096,461824,461824,389120,389120,2,2,1,0,1,0,3,1024,1024,4.517147279869046,7.990787091943413,4.419465370293434,1,0,2,26,0,0,0,0,0,60,800,0,0,3148,0,0,0,0,64,0,112,0,0,0,1,0,0,1,0,0,0,0,0,0,0,0,0,0,0,0,1,1,1,1,1,1,0,1,0,1,0,0,0,1,0,1,1,0,0,1,0,0,0,0,1,0,1,0,0,0,0x014c,0x010b,0x0001,INIT
0e543d67435f462fed04e6074699d57b988e01fb3ba3bc6d3d89c46092758f3c,dike_batch6,1,original,0e543d67435f462fed04e6074699d57b988e01fb3ba3bc6d3d89c46092758f3c,442368,7.605145972811134,216,5,2012,0,224,7,0,4,0,0,0,4,0,28672,409600,4096,6539,0.007982177734375,4259840,4096,4096,819200,4096,0.005,0.035,0.5,463523,16,1048576,4096,1048576,4096,438272,813376,376832,379200,1,2,0,0,0,0,0,28672,28672,5.709373898903164,7.823318907275163,6.421826797011229,1,0,4,69,0,0,0,0,0,100,17116,0,0,0,0,0,0,0,0,0,292,0,0,0,1,0,0,1,1,0,0,0,0,0,0,0,0,0,0,0,1,1,0,0,0,0,0,1,0,1,0,0,0,1,0,1,1,0,0,0,0,0,0,0,0,0,1,0,0,0,0x014c,0x010b,0x0002,.text
0e545292e1d2f7d0c21387e5bf043e02e4764f672bdc6a18b7d54f2172d3be07,dike_batch6,1,original,0e545292e1d2f7d0c21387e5bf043e02e4764f672bdc6a18b7d54f2172d3be07,127968,6.68913882882905,128,7,2012,0,224,2,50,4,0,0,0,4,0,15360,111104,0,6000,0.040690104166666664,4194304,4096,512,147456,1024,0.006944444444444444,0.10416666666666667,0.7534722222222222,149708,16,1048576,4096,1048576,4096,125952,126124,100864,101036,1,4,0,0,3,0,0,15360,15360,4.688255115759267,7.282099396539529,2.6176438501958716,1,992,4,33,0,0,0,0,0,100,6004,0,992,384,0,0,0,0,0,0,148,0,0,0,0,0,0,1,0,0,0,0,0,0,0,0,0,0,0,0,1,1,0,0,0,1,0,1,1,1,0,0,0,1,0,1,1,0,1,1,0,0,0,0,0,0,1,0,0,0,0x014c,0x010b,0x0002,.text
0e568d2b934a35bbd69e29c1239a3903ea756df0418a3850c8d3d3a4952e7042,dike_batch6,1,original,0e568d2b934a35bbd69e29c1239a3903ea756df0418a3850c8d3d3a4952e7042,409600,7.680459113996435,232,4,2012,0,224,6,0,4,0,0,0,4,0,12288,393216,0,6260,0.007565942141089109,4194304,4096,4096,827392,4096,0.0049504950495049506,0.01485148514851485,0.4752475247524752,0,16,1048576,4096,1048576,4096,405504,819800,335872,430680,1,1,0,0,0,0,0,12288,12288,6.076258749375159,7.984888686373937,6.337250374856999,1,0,3,46,0,0,0,0,0,80,333272,0,0,0,0,0,0,0,0,0,196,0,0,0,1,0,0,1,1,0,0,0,0,1,0,0,0,0,0,0,1,1,0,0,0,0,0,1,0,1,0,0,0,1,0,1,1,0,0,0,0,0,0,0,0,0,1,0,0,0,0x014c,0x010b,0x0002,.text
0e5834ac82157ec7967e37a0589293b9c6d458436a325d0a27a7cd4c81512c9f,dike_batch6,1,original,0e5834ac82157ec7967e37a0589293b9c6d458436a325d0a27a7cd4c81512c9f,393216,7.845022550738148,208,4,2012,0,224,6,0,4,0,0,0,4,0,12288,376832,0,5528,0.006714474502487562,4194304,4096,4096,823296,4096,0.004975124378109453,0.014925373134328358,0.4577114427860697,0,16,1048576,4096,1048576,4096,389120,815510,258048,531930,1,1,0,0,0,0,0,12288,12288,7.207724843455498,7.921383507723553,6.3723229004695545,2,0,2,39,0,0,0,0,0,60,105946,0,0,0,0,0,0,0,0,0,164,0,0,0,1,0,0,1,1,0,0,0,0,1,0,0,0,0,0,0,1,1,0,0,0,0,0,1,0,1,0,0,0,1,0,1,1,0,0,0,0,0,0,0,0,0,1,0,0,0,0x014c,0x010b,0x0002,.text
0e613d92e547a74e2c7dcb7cb91c50616e91d8efc168233f516c13c67187eafa,virusshare,1,original,0e613d92e547a74e2c7dcb7cb91c50616e91d8efc168233f516c13c67187eafa,466944,7.172019413881279,232,4,2012,0,224,7,0,4,0,0,0,4,0,24576,425697,512000,7227,0.0073516845703125,4259840,4096,4096,983040,4096,0.004166666666666667,0.025,0.4330413818359375,490575,16,1048576,4096,1048576,4096,462848,975480,172032,668280,1,1,0,0,0,0,0,24576,24576,6.921714221216629,7.804455658913582,6.316923348601911,2,0,6,84,0,0,0,0,0,140,167944,0,0,0,0,0,0,0,0,0,360,0,0,0,1,0,0,1,1,0,0,0,0,0,0,0,0,0,0,0,1,1,0,0,0,0,0,1,0,1,0,0,0,1,0,1,1,0,0,0,0,0,0,0,0,0,1,0,0,0,0x014c,0x010b,0x0002,.text
0e6552ac4293fee527f13df550688f35b1712dae6a5cf6cf392dea5fdf9c7f9c,dike_batch6,1,original,0e6552ac4293fee527f13df550688f35b1712dae6a5cf6cf392dea5fdf9c7f9c,436224,7.8688439113304485,616,6,2008,0,224,9,0,6,1,6,1,5,1,61952,372736,0,429630,0.9848839128521126,65536,512,512,436224,1536,0.0035211267605633804,0.142018779342723,0.8544600938967136,469517,16,262144,4096,1048576,4096,434688,434688,363008,363008,2,2,1,0,1,0,3,1024,1024,4.404986523121532,7.988276496638737,3.8663936076951693,1,0,2,21,0,0,0,0,0,60,768,0,0,3156,0,0,0,0,64,0,92,0,0,0,1,0,0,1,0,0,0,0,0,0,0,0,0,0,0,0,1,1,1,1,1,1,0,1,0,1,0,0,0,1,0,1,1,0,0,1,0,0,0,0,1,0,1,0,0,0,0x014c,0x010b,0x0001,INIT
0e6d900559c5c615a2f38fe823bce10228589513e04c7f20b32a28e15679d6df,dike_batch6,1,original,0e6d900559c5c615a2f38fe823bce10228589513e04c7f20b32a28e15679d6df,183672,5.580385236887522,128,6,2012,0,224,2,50,4,0,0,0,4,0,126464,49152,0,4912,0.02551529255319149,4194304,4096,512,192512,1024,0.005319148936170213,0.6569148936170213,0.2553191489361702,212815,16,1048576,4096,1048576,4096,175616,175616,126464,126464,1,3,0,0,2,0,0,126464,126464,3.981667581340808,6.806107925529168,6.806107925529168,0,7032,3,104,0,0,0,0,0,80,2364,0,7032,616,0,0,0,0,0,0,428,0,0,0,0,0,0,1,0,0,0,0,0,0,0,0,0,0,0,0,1,1,0,0,0,1,0,0,1,1,0,0,0,1,0,1,1,0,1,1,0,0,0,0,0,0,1,0,0,0,0x014c,0x010b,0x0002,.text
0e6de178d605028fd6b155a3522d6178a87bae8a696fb003e8e5b1f71a227948,dike_batch6,1,original,0e6de178d605028fd6b155a3522d6178a87bae8a696fb003e8e5b1f71a227948,173056,7.829130016846534,224,4,2011,0,224,10,0,5,1,0,0,5,1,161792,10240,0,123879,0.6720865885416667,4194304,4096,512,184320,1024,0.005555555555555556,0.8777777777777778,0.05555555555555555,194826,16,1048576,4096,1048576,4096,172032,172032,161792,161792,1,1,0,0,0,0,0,161792,161792,5.621432182296835,7.902293404666029,7.902293404666029,1,0,2,23,0,0,0,0,98,60,836,0,0,2556,28,0,0,0,0,0,100,0,0,0,1,0,0,1,0,0,0,0,0,0,0,0,0,0,0,0,1,1,0,0,0,0,0,1,0,1,0,0,0,1,1,1,1,0,0,1,1,0,0,0,0,0,1,0,0,0,0x014c,0x010b,0x0002,.text
0e76364cbee61d70bf88f249cb1955c372c66b733f48087544bd4654b5f36b79,dike_batch6,1,original,0e76364cbee61d70bf88f249cb1955c372c66b733f48087544bd4654b5f36b79,356352,7.7317020764213575,216,4,2012,0,224,7,0,4,0,0,0,4,0,90112,245140,499712,87166,0.10182182640550239,4194304,4096,4096,856064,4096,0.004784688995215311,0.10526315789473684,0.2863570947966507,372965,16,1048576,4096,1048576,4096,352256,848984,204800,701528,1,1,0,0,0,0,0,90112,90112,6.008032010931199,7.969147821329157,7.969147821329157,3,0,4,14,0,0,0,0,0,100,49479,0,0,0,28,0,0,0,0,0,72,0,0,0,1,0,0,1,1,0,0,0,0,0,0,0,0,0,0,0,1,1,0,0,0,0,0,1,0,1,0,0,0,1,0,1,1,0,0,0,1,0,0,0,0,0,1,0,0,0,0x014c,0x010b,0x0002,.text
0e772ca402d25ff54acc1b573d983a898c09a4bc420018b568b4c9f73ad3c0cc,dike_batch6,1,original,0e772ca402d25ff54acc1b573d983a898c09a4bc420018b568b4c9f73ad3c0cc,458752,7.464536541830477,216,4,2012,0,224,7,0,4,0,0,0,4,0,28672,425984,249856,7354,0.007449834673236515,4259840,4096,4096,987136,4096,0.004149377593360996,0.029045643153526972,0.4315352697095436,501537,16,1048576,4096,1048576,4096,454656,979156,249856,774356,1,1,0,0,0,0,0,28672,28672,6.495107865182769,7.869131163506557,6.528486188654343,2,0,6,95,0,0,0,0,0,140,167536,0,0,0,0,0,0,0,0,0,404,0,0,0,1,0,0,1,1,0,0,0,0,0,0,0,0,0,0,0,1,1,0,0,0,0,0,1,0,1,0,0,0,1,0,1,1,0,0,0,0,0,0,0,0,0,1,0,0,0,0x014c,0x010b,0x0002,.text
0e8078997390e53ec0f6e94ee705f1ae07e045a8c710e705450e1c1b0443339a,dike_batch6,1,original,0e8078997390e53ec0f6e94ee705f1ae07e045a8c710e705450e1c1b0443339a,208896,6.182185548085481,264,5,2012,0,224,8,0,4,0,0,0,4,0,143360,61440,0,77738,0.34507279829545456,1677721600,4096,4096,225280,4096,0.01818181818181818,0.6363636363636364,0.2727272727272727,211640,16,1048576,4096,1048576,4096,204800,218500,143360,143360,1,1,0,0,0,0,0,143360,143360,4.349962317933684,6.643844233661677,6.643844233661677,0,0,7,114,0,0,0,0,106,160,1364,0,0,7660,0,0,0,0,64,0,484,0,0,0,0,0,1,0,0,0,0,0,0,0,1,1,0,0,0,0,1,1,0,0,0,0,0,0,0,1,0,0,0,1,1,1,1,0,0,1,0,0,0,0,1,0,1,0,0,0,0x014c,0x010b,0x0002,.text
0e80947db505a847ee1c9ed3098494e03e8d395d266730485beb99f2cf519b15,dike_batch6,1,original,0e80947db505a847ee1c9ed3098494e03e8d395d266730485beb99f2cf519b15,378880,7.879979237652524,124,4,2012,0,224,10,0,4,0,0,0,4,0,5632,372224,0,5192,0.006306358830845771,4194304,4096,512,823296,1024,0.0012437810945273632,0.006840796019900498,0.4521144278606965,0,16,1048576,4096,1048576,4096,377856,810496,369152,434176,1,2,0,0,0,0,0,5632,5632,4.566936763228836,7.914367684095989,6.395068494763973,1,0,4,39,0,0,0,0,0,120,368674,0,0,0,0,0,0,0,0,0,176,176,0,0,1,0,0,1,1,0,0,0,0,1,0,0,0,0,0,0,1,1,0,0,0,0,0,1,0,1,0,0,0,1,0,1,1,0,0,0,0,0,0,0,0,0,1,1,0,0,0x014c,0x010b,0x0002,.text
0e83016a20e8795e492eaa0e25a58f977d5ac918c060ba41bf595bc28fcf9049,dike_batch6,1,original,0e83016a20e8795e492eaa0e25a58f977d5ac918c060ba41bf595bc28fcf9049,430080,7.660325572566694,224,4,2012,0,224,6,0,4,0,0,0,4,0,36864,389120,0,5728,0.006957400497512438,4194304,4096,4096,823296,4096,0.004975124378109453,0.04477611940298507,0.472636815920398,0,16,1048576,4096,1048576,4096,425984,813804,360448,402192,1,1,0,0,0,0,0,36864,36864,5.095218159649073,7.904877078304303,6.141274261795069,1,0,4,64,0,0,0,0,0,100,13072,0,0,0,0,0,0,0,0,0,272,0,0,0,1,0,0,1,1,0,0,0,0,1,0,0,0,0,0,0,1,1,0,0,0,0,0,1,0,1,0,0,0,1,0,1,1,0,0,0,0,0,0,0,0,0,1,0,0,0,0x014c,0x010b,0x0002,.text
0e852d62692222b2a1fd6049ba9dd566798764437935a7b94001f6ecc59fe4cb,dike_batch6,1,original,0e852d62692222b2a1fd6049ba9dd566798764437935a7b94001f6ecc59fe4cb,409600,7.214161590218037,224,4,2012,0,224,7,0,4,0,0,0,4,0,94208,298478,401408,76383,0.09370951436871859,4259840,4096,4096,815104,4096,0.005025125628140704,0.11557788944723618,0.36618394707914576,416857,16,1048576,4096,1048576,4096,405504,808120,245760,648376,1,1,0,0,0,0,0,94208,94208,6.5161099864063905,7.7772017199762935,7.7772017199762935,2,0,6,73,0,0,0,0,0,140,53605,0,0,0,0,0,0,0,0,0,316,0,0,0,1,0,0,1,1,0,0,0,0,0,0,0,0,0,0,0,1,1,0,0,0,0,0,1,0,1,0,0,0,1,0,1,1,0,0,0,0,0,0,0,0,0,1,0,0,0,0x014c,0x010b,0x0002,.text
0e876ae536dc15efc9bc2b3d63117c43180eb6e6b5e2650ece69f64ac4113b80,dike_batch6,1,original,0e876ae536dc15efc9bc2b3d63117c43180eb6e6b5e2650ece69f64ac4113b80,209920,7.185939505278954,208,4,2011,0,224,10,0,5,1,0,0,5,1,206336,0,0,26205,0.09139578683035714,4194304,4096,512,286720,1024,0.0035714285714285713,0.7196428571428571,0.0,258521,16,1048576,4096,1048576,4096,208896,275850,137728,204682,2,1,1,0,0,0,0,68608,68608,5.216204957170161,7.861364077640958,7.861364077640958,1,0,6,254,0,0,0,0,93,140,16,0,0,1816,28,0,0,0,0,0,1040,0,0,0,1,0,0,1,0,0,0,0,0,0,0,0,0,0,0,0,1,1,0,0,1,0,0,1,0,1,0,0,0,1,1,1,1,0,0,1,1,0,0,0,0,0,1,0,0,0,0x014c,0x010b,0x0002,.text
0e89d504ddc2715bbab72b509489d577c163182374ece025377a788dc85d2c92,dike_batch6,1,original,0e89d504ddc2715bbab72b509489d577c163182374ece025377a788dc85d2c92,356352,7.726341496291866,216,4,2012,0,224,7,0,4,0,0,0,4,0,90112,245140,499712,87166,0.10182182640550239,4194304,4096,4096,856064,4096,0.004784688995215311,0.10526315789473684,0.2863570947966507,378290,16,1048576,4096,1048576,4096,352256,848984,204800,701528,1,1,0,0,0,0,0,90112,90112,5.995968643340199,7.967267522815377,7.967267522815377,3,0,4,14,0,0,0,0,0,100,49479,0,0,0,28,0,0,0,0,0,72,0,0,0,1,0,0,1,1,0,0,0,0,0,0,0,0,0,0,0,1,1,0,0,0,0,0,1,0,1,0,0,0,1,0,1,1,0,0,0,1,0,0,0,0,0,1,0,0,0,0x014c,0x010b,0x0002,.text
0e8dc264df4bfbcf9c252ad891ab338ee4de53a6fd34ff375532cb999bff1d9a,dike_batch6,1,original,0e8dc264df4bfbcf9c252ad891ab338ee4de53a6fd34ff375532cb999bff1d9a,148480,7.446292162276667,232,4,2012,0,224,10,0,5,1,0,0,5,1,39424,97280,0,20799,0.13020207331730768,4194304,4096,512,159744,1024,0.00641025641025641,0.2467948717948718,0.6089743589743589,96237,16,1048576,4096,1048576,4096,147456,148992,94720,94720,1,4,1,0,0,0,0,39424,39424,5.916627812619041,7.976703512376831,5.600924758769085,1,0,11,455,0,0,0,0,0,10752,94268,0,0,1644,0,0,0,0,64,0,0,0,0,0,1,0,0,1,0,0,0,0,0,0,1,1,0,0,0,1,1,1,1,1,1,0,0,1,0,1,0,0,0,1,0,1,1,0,0,1,0,0,0,0,1,0,0,0,0,0,0x014c,0x010b,0x0002,.text
0e8e7e60294cf2153440f71e11a12437079511220ae5a53341d93e534256a533,dike_batch6,1,original,0e8e7e60294cf2153440f71e11a12437079511220ae5a53341d93e534256a533,373760,7.881616149423292,124,4,0,0,224,12,0,4,0,0,0,4,0,5632,367104,0,5296,0.00595838133640553,4194304,4096,512,888832,1024,0.001152073732718894,0.006336405529953917,0.4130184331797235,0,16,1048576,4096,1048576,4096,372736,879104,363520,507904,1,2,0,0,0,0,0,5632,5632,6.085950921625073,7.921868162791521,6.283408490410528,1,0,4,39,0,0,0,0,0,120,363114,92,0,0,0,0,0,0,0,0,0,0,0,0,1,0,0,1,1,0,1,0,0,1,0,0,0,0,0,0,1,1,0,0,0,0,0,1,0,1,0,0,0,1,0,1,1,1,0,0,0,0,0,0,0,0,0,0,0,0,0x014c,0x010b,0x0002,.text
0e905059579b00fd9698b5f557520dc0992873d42e855c9f9b15f028f6bc5c3d,dike_batch6,1,original,0e905059579b00fd9698b5f557520dc0992873d42e855c9f9b15f028f6bc5c3d,454656,7.41293984952205,232,4,2012,0,224,7,0,4,0,0,0,4,0,20480,423234,397312,6145,0.007178201629784689,4259840,4096,4096,856064,4096,0.004784688995215311,0.023923444976076555,0.4943952788576555,472814,16,1048576,4096,1048576,4096,450560,849528,294912,693880,1,1,0,0,0,0,0,20480,20480,7.099359852655893,7.6922121532868895,6.697625439104286,2,0,6,74,0,0,0,0,0,140,31947,0,0,0,0,0,0,0,0,0,320,0,0,0,1,0,0,1,1,0,0,0,0,0,0,0,0,0,0,0,1,1,0,0,0,0,0,1,0,1,0,0,0,1,0,1,1,0,0,0,0,0,0,0,0,0,1,0,0,0,0x014c,0x010b,0x0002,.text
0e9159a9e1268654d76037a76f8a9520e0cfcea4d6df6b2ebf6538ad1cc1e7bf,dike_batch6,1,original,0e9159a9e1268654d76037a76f8a9520e0cfcea4d6df6b2ebf6538ad1cc1e7bf,454656,7.4122036571864385,216,4,2012,0,224,7,0,4,0,0,0,4,0,20480,419138,401408,6109,0.007136148699162679,4259840,4096,4096,856064,4096,0.004784688995215311,0.023923444976076555,0.4896105898624402,468379,16,1048576,4096,1048576,4096,450560,851512,282624,683576,1,1,0,0,0,0,0,20480,20480,7.01210462877801,7.569906335568263,6.67582015921899,2,0,4,76,0,0,0,0,0,100,31947,0,0,0,0,0,0,0,0,0,320,0,0,0,1,0,0,1,1,0,0,0,0,0,0,0,0,0,0,0,1,1,0,0,0,0,0,1,0,1,0,0,0,1,0,1,1,0,0,0,0,0,0,0,0,0,1,0,0,0,0x014c,0x010b,0x0002,.text
0e97e0a1040070e368113fc103b0b87cb1db6b57d1a9d92c632b38b2d57d8906,dike_batch6,1,original,0e97e0a1040070e368113fc103b0b87cb1db6b57d1a9d92c632b38b2d57d8906,434176,7.870249564818103,608,6,2008,0,224,9,0,6,1,6,1,5,1,60928,371712,0,427582,0.9848126105542453,65536,512,512,434176,1536,0.003537735849056604,0.1403301886792453,0.8561320754716981,487402,16,262144,4096,1048576,4096,432640,432640,361984,361984,2,2,1,0,1,0,3,1024,1024,4.514026070278457,7.987129726081412,4.467988999510339,1,0,2,25,0,0,0,0,0,60,768,0,0,3144,0,0,0,0,64,0,108,0,0,0,1,0,0,1,0,0,0,0,0,0,0,0,0,0,0,0,1,1,1,1,1,1,0,1,0,1,0,0,0,1,0,1,1,0,0,1,0,0,0,0,1,0,1,0,0,0,0x014c,0x010b,0x0001,INIT
0e989f26483b0a695c8792c5d1d3628e08b9d627ec162e22fef2221157bc1820,dike_batch6,1,original,0e989f26483b0a695c8792c5d1d3628e08b9d627ec162e22fef2221157bc1820,208896,6.390312304008489,264,5,2012,0,224,8,0,4,0,0,0,4,0,143360,61440,0,77738,0.34507279829545456,1677721600,4096,4096,225280,4096,0.01818181818181818,0.6363636363636364,0.2727272727272727,241259,16,1048576,4096,1048576,4096,204800,218500,143360,143360,1,1,0,0,0,0,0,143360,143360,4.634872914519145,6.643268331165132,6.643268331165132,0,0,7,114,0,0,0,0,106,160,1364,0,0,7664,0,0,0,0,64,0,484,0,0,0,0,0,1,0,0,0,0,0,0,0,1,1,0,0,0,0,1,1,0,0,0,0,0,0,0,1,0,0,0,1,1,1,1,0,0,1,0,0,0,0,1,0,1,0,0,0,0x014c,0x010b,0x0002,.text
0e9eb65eb25395a34ae9181b5e9c25f0fb0d0a0691edf2601a51b8e5611901a4,dike_batch6,1,original,0e9eb65eb25395a34ae9181b5e9c25f0fb0d0a0691edf2601a51b8e5611901a4,313384,7.483924469271232,128,6,2012,0,224,2,50,4,0,0,0,4,0,284672,26624,0,282192,0.8720826740506329,4194304,4096,512,323584,1024,0.0031645569620253164,0.879746835443038,0.08227848101265822,347851,16,1048576,4096,1048576,4096,311296,311296,282624,282624,1,1,0,0,2,0,0,282624,282624,4.044864242138941,7.567359813178476,7.567359813178476,1,1064,4,584,1,0,0,0,0,100,7132,0,1063,2792,0,0,0,0,0,0,2352,0,0,0,1,0,0,1,0,0,0,0,0,0,0,0,0,0,0,0,1,1,0,0,0,1,0,1,1,1,0,0,1,1,0,1,1,0,1,1,0,0,0,0,0,0,1,0,0,0,0x014c,0x010b,0x0002,.text
0ea38c5a4ecf52b78ccf6056944f658d52a5ac16f29806c235cfaa0d7abe81e4,dike_batch6,1,original,0ea38c5a4ecf52b78ccf6056944f658d52a5ac16f29806c235cfaa0d7abe81e4,367616,7.893015367277916,124,4,2011,0,224,10,0,4,0,0,0,4,0,9216,357376,0,7664,0.009308924129353234,4194304,4096,512,823296,1024,0.0012437810945273632,0.011194029850746268,0.43407960199004975,0,16,1048576,4096,1048576,4096,366592,811520,354304,446464,1,2,0,0,0,0,0,9216,9216,3.8539943109687567,7.9441722625019935,3.469851722826821,1,0,4,39,0,0,0,0,0,100,353956,0,0,0,0,0,0,0,0,0,0,28,0,0,1,0,0,1,1,0,0,0,0,1,0,0,0,0,0,0,1,1,0,0,0,0,0,1,0,1,0,0,0,1,0,1,1,0,0,0,0,0,0,0,0,0,0,1,0,0,0x014c,0x010b,0x0002,.text
0ec199cc9ff60932007e9fbad91ad88a8e517e7cc224bab89055a0651f46adb0,dike_batch6,1,original,0ec199cc9ff60932007e9fbad91ad88a8e517e7cc224bab89055a0651f46adb0,438272,7.490541514613454,208,4,2012,0,224,6,0,4,0,0,0,4,0,36864,397312,0,5680,0.006899098258706468,4194304,4096,4096,823296,4096,0.004975124378109453,0.04477611940298507,0.48258706467661694,0,16,1048576,4096,1048576,4096,434176,811890,364544,385718,1,1,0,0,0,0,0,36864,36864,5.70816855191899,7.73188329371034,6.1484690912075255,1,0,4,61,0,0,0,0,0,100,8886,0,0,0,0,0,0,0,0,0,260,0,0,0,1,0,0,1,1,0,0,0,0,1,0,0,0,0,0,0,1,1,0,0,0,0,0,1,0,1,0,0,0,1,0,1,1,0,0,0,0,0,0,0,0,0,1,0,0,0,0x014c,0x010b,0x0002,.text
0eccf6efc811048091423c64c7ed8726d3ae9d269a31f5ab013360adc54b6fc4,dike_batch6,1,original,0eccf6efc811048091423c64c7ed8726d3ae9d269a31f5ab013360adc54b6fc4,283160,7.607727193185986,128,5,2012,0,224,2,50,4,0,0,0,4,0,4096,276992,0,4928,0.01694542253521127,4194304,4096,512,290816,1024,0.0035211267605633804,0.014084507042253521,0.9524647887323944,304243,16,1048576,4096,1048576,4096,281088,281088,266240,266240,1,1,0,0,1,0,0,4096,4096,5.359026276626578,7.668907055395494,5.204911455554366,1,1048,4,287,0,0,0,0,0,100,1716,0,1047,1304,0,0,0,0,0,0,1164,0,0,0,1,0,0,1,0,0,0,0,0,0,0,0,0,0,0,0,1,1,0,0,0,1,0,1,1,1,0,0,0,1,0,1,1,0,1,1,0,0,0,0,0,0,1,0,0,0,0x014c,0x010b,0x0002,.text
0ecf8a4d326cb84bbfe6d15e603973754180ea12c51e768273dc7f6de34a197b,dike_batch6,1,original,0ecf8a4d326cb84bbfe6d15e603973754180ea12c51e768273dc7f6de34a197b,413696,7.67201429605628,224,4,2012,0,224,6,0,4,0,0,0,4,0,12288,397312,0,6323,0.007642085009282178,4194304,4096,4096,827392,4096,0.0049504950495049506,0.01485148514851485,0.4801980198019802,0,16,1048576,4096,1048576,4096,409600,822904,339968,429688,1,1,0,0,0,0,0,12288,12288,6.072601242380741,7.976512323005647,6.332496302148146,1,0,4,41,0,0,0,0,0,100,336706,0,0,0,0,0,0,0,0,0,180,0,0,0,1,0,0,1,1,0,0,0,0,1,0,0,0,0,0,0,1,1,0,0,0,0,0,1,0,1,0,0,0,1,0,1,1,0,0,0,0,0,0,0,0,0,1,0,0,0,0x014c,0x010b,0x0002,.text
0eddc7ab734587c32dbc9cbd68f2a2efd6acade721bad6f641378c56351ed80d,dike_batch6,1,original,0eddc7ab734587c32dbc9cbd68f2a2efd6acade721bad6f641378c56351ed80d,90624,6.354778700521783,208,6,2012,0,224,10,0,5,1,0,0,5,1,73728,60416,0,40468,0.2744411892361111,4194304,4096,512,147456,1024,0.006944444444444444,0.5,0.4097222222222222,0,16,1048576,4096,1048576,4096,89600,133880,73728,73728,1,1,0,0,0,0,0,73728,73728,4.45225989148451,6.460830856988009,6.460830856988009,0,0,3,36,0,0,0,0,0,80,4696,0,0,3692,0,0,0,0,0,0,156,0,0,0,0,0,0,1,0,0,0,0,0,1,0,0,0,0,0,0,1,1,0,0,0,0,0,0,0,1,0,0,0,1,0,1,1,0,0,1,0,0,0,0,0,0,1,0,0,0,0x014c,0x010b,0x0002,.text
0edef898c9cb41d3dd8ee72b38c7832a1e2da3f6f1b3cda882ead2fc0727f850,dike_batch6,1,original,0edef898c9cb41d3dd8ee72b38c7832a1e2da3f6f1b3cda882ead2fc0727f850,176128,7.7200217823307185,208,4,2012,0,224,34,0,5,1,0,0,5,1,163840,11264,0,95442,0.5178059895833333,4194304,4096,512,184320,1024,0.005555555555555556,0.8888888888888888,0.06111111111111111,232083,16,1048576,4096,1048576,4096,175104,175104,163840,163840,1,1,1,0,1,0,0,163840,163840,5.401956569853028,7.77116795011593,7.77116795011593,1,0,5,103,0,0,0,0,82,140,6504,0,0,3948,28,0,0,0,0,0,436,0,0,0,1,0,0,1,0,0,0,0,0,0,0,0,0,0,0,0,1,1,1,1,1,1,0,1,0,1,0,0,0,1,1,1,1,0,0,1,1,0,0,0,0,0,1,0,0,0,0x014c,0x010b,0x0002,.text
0ee6d51a795c7a1b04d7b09ea02a0c0f062d6996a9f932f8509b777b24c574a1,dike_batch6,1,original,0ee6d51a795c7a1b04d7b09ea02a0c0f062d6996a9f932f8509b777b24c574a1,434176,7.871472123080399,608,6,2008,0,224,9,0,6,1,6,1,5,1,60928,371712,0,427582,0.9848126105542453,65536,512,512,434176,1536,0.003537735849056604,0.1403301886792453,0.8561320754716981,458728,16,262144,4096,1048576,4096,432640,432640,361984,361984,2,2,1,0,1,0,3,1024,1024,4.513568627316001,7.987503682541246,4.458627755532122,1,0,2,25,0,0,0,0,0,60,768,0,0,3144,0,0,0,0,64,0,108,0,0,0,1,0,0,1,0,0,0,0,0,0,0,0,0,0,0,0,1,1,1,1,1,1,0,1,0,1,0,0,0,1,0,1,1,0,0,1,0,0,0,0,1,0,1,0,0,0,0x014c,0x010b,0x0001,INIT
0ee7de58292cee9e9660922d5ae1f5aff9a476bd74be17897931947d8065b167,dike_batch6,1,original,0ee7de58292cee9e9660922d5ae1f5aff9a476bd74be17897931947d8065b167,127968,6.690047855879273,128,7,2012,0,224,2,50,4,0,0,0,4,0,15360,111104,0,6000,0.040690104166666664,4194304,4096,512,147456,1024,0.006944444444444444,0.10416666666666667,0.7534722222222222,145691,16,1048576,4096,1048576,4096,125952,126124,100864,101036,1,4,0,0,3,0,0,15360,15360,4.6880613944600675,7.283046590156378,2.6176438501958716,1,992,4,33,0,0,0,0,0,100,6004,0,992,384,0,0,0,0,0,0,148,0,0,0,0,0,0,1,0,0,0,0,0,0,0,0,0,0,0,0,1,1,0,0,0,1,0,1,1,1,0,0,0,1,0,1,1,0,1,1,0,0,0,0,0,0,1,0,0,0,0x014c,0x010b,0x0002,.text
0ef0f2a9f3a05d4275103e39dfbb3a9f20a10dc07ea5112fcdce580e3a0bcfd7,dike_batch6,1,original,0ef0f2a9f3a05d4275103e39dfbb3a9f20a10dc07ea5112fcdce580e3a0bcfd7,413696,7.671950658499037,224,4,2012,0,224,6,0,4,0,0,0,4,0,12288,397312,0,6323,0.007642085009282178,4194304,4096,4096,827392,4096,0.0049504950495049506,0.01485148514851485,0.4801980198019802,0,16,1048576,4096,1048576,4096,409600,822904,339968,429688,1,1,0,0,0,0,0,12288,12288,6.072447680085624,7.9763418364092304,6.333490003921224,1,0,4,41,0,0,0,0,0,100,336706,0,0,0,0,0,0,0,0,0,180,0,0,0,1,0,0,1,1,0,0,0,0,1,0,0,0,0,0,0,1,1,0,0,0,0,0,1,0,1,0,0,0,1,0,1,1,0,0,0,0,0,0,0,0,0,1,0,0,0,0x014c,0x010b,0x0002,.text
0ef1742bf0ac0c3847d72cbcf6d8ed8955d13173225edf0e1432c923e65f2f97,dike_batch6,1,original,0ef1742bf0ac0c3847d72cbcf6d8ed8955d13173225edf0e1432c923e65f2f97,471040,7.045588351385377,248,5,2008,0,224,8,0,4,0,0,0,4,0,176128,290816,0,57568,0.11910752118644068,268435456,4096,4096,483328,4096,0.00847457627118644,0.3644067796610169,0.6016949152542372,526551,16,1048576,4096,1048576,4096,466944,475328,192512,192512,1,1,0,0,0,0,0,176128,176128,5.165037943835854,7.74511816906954,6.6416334595271005,1,0,5,59,0,0,0,0,1160,120,31648,0,0,13152,0,0,0,0,64,0,596,0,0,0,1,0,1,0,0,0,0,0,0,0,0,0,0,0,0,0,1,1,0,0,0,0,0,1,0,1,0,0,0,1,1,1,1,0,0,1,0,0,0,0,1,0,1,0,0,0,0x014c,0x010b,0x0002,.text
0f0832cdefe7013d8f8b8a33e6bf52d602c5619a6c9606f639e64c5cef856d95,dike_batch6,1,original,0f0832cdefe7013d8f8b8a33e6bf52d602c5619a6c9606f639e64c5cef856d95,151040,7.426030445920764,232,4,2012,0,224,10,0,5,1,0,0,5,1,49152,97280,0,30406,0.19034204727564102,4194304,4096,512,159744,1024,0.00641025641025641,0.3076923076923077,0.6089743589743589,94463,16,1048576,4096,1048576,4096,150016,150528,94720,94720,1,4,1,0,0,0,0,49152,49152,5.795818240453678,7.972869290094891,5.721797608006771,1,0,5,183,0,0,0,0,0,3584,94444,0,0,1644,0,0,0,0,64,0,0,0,0,0,1,0,0,1,0,0,0,0,0,0,1,1,0,0,0,1,1,1,1,1,1,0,0,1,0,1,0,0,0,1,0,1,1,0,0,1,0,0,0,0,1,0,0,0,0,0,0x014c,0x010b,0x0002,.text
0f0a34192c8bf3acdc8b356b4977c2a268528e7c75e58157c9709ec86ba44f51,dike_batch6,1,original,0f0a34192c8bf3acdc8b356b4977c2a268528e7c75e58157c9709ec86ba44f51,425984,7.764221283681964,232,4,2012,0,224,7,0,4,0,0,0,4,0,28672,393216,217088,6590,0.006675878501037344,4259840,4096,4096,987136,4096,0.004149377593360996,0.029045643153526972,0.3983402489626556,463828,16,1048576,4096,1048576,4096,421888,981364,217088,776564,1,1,0,0,0,0,0,28672,28672,6.52597299852806,7.844483319281526,6.4415941940458,2,0,4,69,0,0,0,0,0,100,167581,0,0,0,0,0,0,0,0,0,292,0,0,0,1,0,0,1,1,0,0,0,0,0,0,0,0,0,0,0,1,1,0,0,0,0,0,1,0,1,0,0,0,1,0,1,1,0,0,0,0,0,0,0,0,0,1,0,0,0,0x014c,0x010b,0x0002,.text
0f1efa66309218d3ad0e396503492a39956b7ef9176d24852656adbc960920a2,dike_batch6,1,original,0f1efa66309218d3ad0e396503492a39956b7ef9176d24852656adbc960920a2,434176,7.619358912142491,232,4,2012,0,224,7,0,4,0,0,0,4,0,20480,397267,606208,5619,0.0053797104779411764,4259840,4096,4096,1044480,4096,0.00392156862745098,0.0196078431372549,0.38034907322303924,452796,16,1048576,4096,1048576,4096,430080,1036952,221184,631448,1,1,0,0,0,0,0,20480,20480,6.106941460629438,7.8843944402991255,6.522423652235937,2,0,7,79,0,0,0,0,0,160,218542,0,0,0,0,0,0,0,0,0,344,0,0,0,1,0,0,1,1,0,0,0,0,0,0,0,0,0,0,0,1,1,0,0,0,0,0,1,0,1,0,0,0,1,0,1,1,0,0,0,0,0,0,0,0,0,1,0,0,0,0x014c,0x010b,0x0002,.text
0f227411c5509c0a8d229fb4324a26e34daf4f24e1be984246733f01c9225833,virusshare,1,original,0f227411c5509c0a8d229fb4324a26e34daf4f24e1be984246733f01c9225833,139264,7.007530635153752,216,5,2011,0,224,10,0,5,1,0,0,5,1,25600,112640,0,18137,0.06417360167572464,4194304,4096,512,282624,1024,0.0036231884057971015,0.09057971014492754,0.39855072463768115,164074,16,1048576,4096,1048576,4096,138240,269571,106496,134403,1,2,0,0,1,0,0,25600,25600,5.440846197905119,6.912084376099569,6.912084376099569,0,0,2,6,0,0,0,0,118,316,2032,0,0,1620,0,0,0,0,0,0,32,0,0,0,0,0,0,1,0,0,0,0,0,0,0,0,0,0,0,0,1,1,0,0,0,1,0,0,0,1,0,0,0,1,1,1,1,0,0,1,0,0,0,0,0,0,1,0,0,0,0x014c,0x010b,0x0002,.code
0f23184b6ef20e47ea1025b8ce045411423e9d35a8e98dc9219f89c242417b66,dike_batch8,1,original,0f23184b6ef20e47ea1025b8ce045411423e9d35a8e98dc9219f89c242417b66,385024,7.496652581136565,216,4,2012,0,224,7,0,4,0,0,0,4,0,94208,273902,425984,76367,0.09368988497173367,4259840,4096,4096,815104,4096,0.005025125628140704,0.11557788944723618,0.3360331933103015,448085,16,1048576,4096,1048576,4096,380928,807768,221184,648024,1,1,0,0,0,0,0,94208,94208,6.625754444150836,7.771236990984489,7.771236990984489,3,0,4,72,0,0,0,0,0,100,53605,0,0,0,0,0,0,0,0,0,304,0,0,0,1,0,0,1,1,0,0,0,0,0,0,0,0,0,0,0,1,1,0,0,0,0,0,1,0,1,0,0,0,1,0,1,1,0,0,0,0,0,0,0,0,0,1,0,0,0,0x014c,0x010b,0x0002,.text
0f238ec37c75fbe644de5281fa8a9e278040d522b66e77d809bd3c38fb6b0c0a,dike_batch8,1,original,0f238ec37c75fbe644de5281fa8a9e278040d522b66e77d809bd3c38fb6b0c0a,165344,5.548223131872193,128,12,2012,0,224,2,50,4,0,0,0,4,0,43008,120320,0,4096,0.0196078431372549,4194304,4096,512,208896,1024,0.004901960784313725,0.20588235294117646,0.5759803921568627,194124,16,1048576,4096,1048576,4096,163328,163328,115200,115200,1,10,0,0,9,0,0,43008,43008,3.254639923285365,6.540145989700961,0.7084378349416651,0,992,3,11,0,0,0,0,0,80,0,0,992,176,0,0,0,0,0,0,56,0,0,0,0,0,0,1,0,0,0,0,0,0,0,0,0,0,0,0,1,1,0,0,0,1,0,0,1,1,0,0,0,1,0,1,0,0,1,1,0,0,0,0,0,0,1,0,0,0,0x014c,0x010b,0x0002,.text
0f2766f1552af53c02f647e468bbd9ae3a40c573be69f114e256bdc3a6b7feec,virusshare,1,original,0f2766f1552af53c02f647e468bbd9ae3a40c573be69f114e256bdc3a6b7feec,99150,7.636846741553689,232,2,2015,0,224,6,0,4,0,0,0,4,0,82432,776,0,85785,0.14645876584353146,4194304,4096,512,585728,1024,0.0017482517482517483,0.14073426573426573,0.001324847027972028,0,16,1048576,4096,1048576,4096,83208,578312,82432,577536,1,0,0,0,2,1,0,82432,577536,5.9889300859824655,7.944740004557046,7.944740004557046,1,14918,12,19,1,0,0,0,0,260,0,0,0,0,0,0,0,0,0,0,124,0,0,0,1,0,0,1,1,0,0,0,0,1,0,0,0,0,0,0,1,1,0,0,0,1,1,1,1,1,0,0,1,1,0,1,0,0,0,0,0,0,0,0,0,0,1,0,0,0,0x014c,0x010b,0x0002,
0f325023066cae9d8586a64c537e00cd7117da28954987d2a442d93335a3a965,dike_batch8,1,original,0f325023066cae9d8586a64c537e00cd7117da28954987d2a442d93335a3a965,110176,6.990667978183553,128,4,2012,0,224,2,50,4,0,0,0,4,0,102912,5632,0,110208,0.896875,4194304,4096,512,122880,1024,0.008333333333333333,0.8375,0.04583333333333333,139908,16,1048576,4096,1048576,4096,108032,108300,102912,102912,0,2,0,0,0,0,1,102912,102912,4.176723200988998,7.130750997222735,7.130750997222735,1,1120,3,9,0,0,0,0,0,80,4044,0,1119,104,0,0,0,0,0,0,48,0,0,0,0,0,0,1,0,0,0,0,0,0,0,0,0,0,0,0,1,0,1,0,0,0,0,1,1,1,0,0,0,1,0,1,1,0,1,1,0,0,0,0,0,0,1,0,0,0,0x014c,0x010b,0x0002,.text
0f335a51a72dacc839b2b03b71c9072dec7f21d354b981e192942cc205a2f29c,dike_batch8,1,original,0f335a51a72dacc839b2b03b71c9072dec7f21d354b981e192942cc205a2f29c,371808,6.569734360149743,128,6,2012,0,224,2,50,4,0,0,0,4,0,348672,20992,0,347088,0.9014710771276596,4194304,4096,512,385024,1024,0.0026595744680851063,0.9055851063829787,0.05452127659574468,382823,16,1048576,4096,1048576,4096,369664,369664,346624,346624,1,1,0,0,2,0,0,346624,346624,3.8643883949890157,6.573756741449241,6.573756741449241,0,1120,5,414,1,0,0,0,0,120,7132,0,1119,2004,0,0,0,0,0,0,1676,0,0,0,0,0,0,1,0,0,0,0,0,0,0,0,0,0,0,0,1,1,0,0,0,1,0,0,1,1,0,0,1,1,0,1,1,0,1,1,0,0,0,0,0,0,1,0,0,0,0x014c,0x010b,0x0002,.text
0f3689265294b1bf13111e404849b532441bfadb6adef863f7d04d6d2d14a440,dike_batch8,1,original,0f3689265294b1bf13111e404849b532441bfadb6adef863f7d04d6d2d14a440,319528,7.452895668379726,128,8,2012,0,224,2,50,4,0,0,0,4,0,269312,48128,0,5248,0.015436746987951807,4194304,4096,512,339968,1024,0.0030120481927710845,0.7921686746987951,0.14156626506024098,374380,16,1048576,4096,1048576,4096,317440,317440,269312,269312,1,5,0,0,4,0,0,269312,269312,5.933221773108936,7.670270406739761,7.670270406739761,1,1064,9,738,10,0,0,0,0,200,20568,0,1063,4096,0,0,0,0,0,0,2988,0,0,0,1,0,0,1,0,0,0,0,0,0,0,0,0,0,0,0,1,1,0,0,0,1,0,1,1,1,0,0,1,1,0,1,1,0,1,1,0,0,0,0,0,0,1,0,0,0,0x014c,0x010b,0x0002,.text
0f4561f71316ad4c5dbf3de0a442ebaaf3a18d30f961d044eed6006c2b55d93f,dike_batch8,1,original,0f4561f71316ad4c5dbf3de0a442ebaaf3a18d30f961d044eed6006c2b55d93f,195232,4.923805864301403,128,8,2012,0,224,2,50,4,0,0,0,4,0,145408,46592,0,5248,0.024174528301886794,4194304,4096,512,217088,1024,0.0047169811320754715,0.6698113207547169,0.21462264150943397,202204,16,1048576,4096,1048576,4096,192000,192000,145408,145408,1,6,0,0,5,0,0,145408,145408,3.1499339504262207,6.048329924214959,6.048329924214959,0,2208,3,10,0,0,0,0,0,80,0,0,2208,220,0,0,0,0,0,0,52,0,0,0,0,0,0,1,0,0,0,0,0,0,0,0,0,0,0,0,1,1,0,0,0,1,0,0,1,1,0,0,0,1,0,1,0,0,1,1,0,0,0,0,0,0,1,0,0,0,0x014c,0x010b,0x0002,.text
0f4b2c805b480218aab8defa60e52aa9b56710235f16e6a42eede66c0e3f1c80,dike_batch8,1,original,0f4b2c805b480218aab8defa60e52aa9b56710235f16e6a42eede66c0e3f1c80,458752,7.451708968520853,216,4,2012,0,224,7,0,4,0,0,0,4,0,28672,425984,249856,6970,0.007060830523858921,4259840,4096,4096,987136,4096,0.004149377593360996,0.029045643153526972,0.4315352697095436,466189,16,1048576,4096,1048576,4096,454656,980180,249856,775380,1,1,0,0,0,0,0,28672,28672,6.437555758801407,7.845734479917121,6.480471364619165,2,0,4,85,0,0,0,0,0,100,167581,0,0,0,0,0,0,0,0,0,356,0,0,0,1,0,0,1,1,0,0,0,0,0,0,0,0,0,0,0,1,1,0,0,0,0,0,1,0,1,0,0,0,1,0,1,1,0,0,0,0,0,0,0,0,0,1,0,0,0,0x014c,0x010b,0x0002,.text
0f571ef05bcef1cc66e59e7db9fa4d0ae8a68a0eaf4efe9db207f6175638ea85,dike_batch8,1,original,0f571ef05bcef1cc66e59e7db9fa4d0ae8a68a0eaf4efe9db207f6175638ea85,148064,5.65919238064692,128,4,2012,0,224,2,50,4,0,0,0,4,0,141824,4608,0,5104,0.03195112179487179,4194304,4096,512,159744,1024,0.00641025641025641,0.8878205128205128,0.028846153846153848,205943,16,1048576,4096,1048576,4096,145920,146104,141824,141824,1,1,0,0,0,0,0,141824,141824,3.7342212155757344,5.682343264272444,5.682343264272444,0,1120,2,5,0,0,0,0,0,60,2824,0,1120,104,0,0,0,0,0,0,28,0,0,0,0,0,0,1,0,0,0,0,0,0,0,0,0,0,0,0,1,1,0,0,0,0,0,0,1,1,0,0,0,1,0,1,1,0,1,1,0,0,0,0,0,0,1,0,0,0,0x014c,0x010b,0x0002,.text
0f57def69d957ce742ddc7a4cb5c2ce99f7f7ae8cfae5ef25272121cea68cc30,dike_batch8,1,original,0f57def69d957ce742ddc7a4cb5c2ce99f7f7ae8cfae5ef25272121cea68cc30,405504,7.554236455202659,216,4,2012,0,224,6,0,4,0,0,0,4,0,12288,389120,0,6208,0.00793520942408377,4194304,4096,4096,782336,4096,0.005235602094240838,0.015706806282722512,0.4973821989528796,0,16,1048576,4096,1048576,4096,401408,777884,344064,401052,1,1,0,0,0,0,0,12288,12288,4.670124195549186,7.9643039297627665,6.343982855255131,1,0,2,42,0,0,0,0,0,60,341016,0,0,0,0,0,0,0,0,0,176,0,0,0,1,0,0,1,1,0,0,0,0,1,0,0,0,0,0,0,1,1,0,0,0,0,0,1,0,1,0,0,0,1,0,1,1,0,0,0,0,0,0,0,0,0,1,0,0,0,0x014c,0x010b,0x0002,.text
0f5a792372ccf55879440379f7f0ff4412813d12e061ca2485c6b5c8fdb146df,dike_batch8,1,original,0f5a792372ccf55879440379f7f0ff4412813d12e061ca2485c6b5c8fdb146df,405504,7.683016046451857,208,4,2012,0,224,6,0,4,0,0,0,4,0,12288,389120,0,5560,0.0067533426616915426,4194304,4096,4096,823296,4096,0.004975124378109453,0.014925373134328358,0.472636815920398,0,16,1048576,4096,1048576,4096,401408,815280,258048,515316,1,1,0,0,0,0,0,12288,12288,6.410360586730929,7.921998277169706,6.382167298155665,2,0,2,41,0,0,0,0,0,60,101620,0,0,0,0,0,0,0,0,0,172,0,0,0,1,0,0,1,1,0,0,0,0,1,0,0,0,0,0,0,1,1,0,0,0,0,0,1,0,1,0,0,0,1,0,1,1,0,0,0,0,0,0,0,0,0,1,0,0,0,0x014c,0x010b,0x0002,.text
0f5b0bbfc6b1b1d2aa41f2617abda3525ab00aae0bdaa853c4adc6dd84bbcf8e,dike_batch8,1,original,0f5b0bbfc6b1b1d2aa41f2617abda3525ab00aae0bdaa853c4adc6dd84bbcf8e,458752,7.464290246231281,216,4,2012,0,224,7,0,4,0,0,0,4,0,28672,425984,249856,7354,0.007449834673236515,4259840,4096,4096,987136,4096,0.004149377593360996,0.029045643153526972,0.4315352697095436,478248,16,1048576,4096,1048576,4096,454656,979156,249856,774356,1,1,0,0,0,0,0,28672,28672,6.495013786506153,7.867743627153446,6.528271560224273,2,0,6,95,0,0,0,0,0,140,167536,0,0,0,0,0,0,0,0,0,404,0,0,0,1,0,0,1,1,0,0,0,0,0,0,0,0,0,0,0,1,1,0,0,0,0,0,1,0,1,0,0,0,1,0,1,1,0,0,0,0,0,0,0,0,0,1,0,0,0,0x014c,0x010b,0x0002,.text
0f62bb15d8c91be1903a946f2e1509b2213d6e80419a2ec417a0c5e91bc05630,dike_batch8,1,original,0f62bb15d8c91be1903a946f2e1509b2213d6e80419a2ec417a0c5e91bc05630,378880,7.87998941937737,124,4,2012,0,224,10,0,4,0,0,0,4,0,5632,372224,0,5484,0.00666103078358209,4194304,4096,512,823296,1024,0.0012437810945273632,0.006840796019900498,0.4521144278606965,0,16,1048576,4096,1048576,4096,377856,810496,369152,434176,1,2,0,0,0,0,0,5632,5632,4.564771714355217,7.914443790115218,6.390346487852259,1,0,4,39,0,0,0,0,0,120,368674,0,0,0,0,0,0,0,0,0,176,176,0,0,1,0,0,1,1,0,0,0,0,1,0,0,0,0,0,0,1,1,0,0,0,0,0,1,0,1,0,0,0,1,0,1,1,0,0,0,0,0,0,0,0,0,1,1,0,0,0x014c,0x010b,0x0002,.text
0f63f6df132bb7c33689711e01191e18b3bfffb19fa3e2b136aa5ba02fa934e3,dike_batch8,1,original,0f63f6df132bb7c33689711e01191e18b3bfffb19fa3e2b136aa5ba02fa934e3,417792,7.767505336174483,216,4,2012,0,224,7,0,4,0,0,0,4,0,20480,393216,16384,5410,0.005457854467975207,4259840,4096,4096,991232,4096,0.004132231404958678,0.02066115702479339,0.39669421487603307,429348,16,1048576,4096,1048576,4096,413696,985336,208896,588024,1,1,0,0,0,0,0,20480,20480,6.353673881785894,7.940924135843537,6.485730088043475,2,0,3,62,0,0,0,0,0,80,167512,0,0,0,0,0,0,0,0,0,260,0,0,0,1,0,0,1,1,0,0,0,0,0,0,0,0,0,0,0,1,1,0,0,0,0,0,1,0,1,0,0,0,1,0,1,1,0,0,0,0,0,0,0,0,0,1,0,0,0,0x014c,0x010b,0x0002,.text
0f789797a3e31d562ad34a5946566a9802ff8c838a84059de78f6a0b16ac6b14,dike_batch8,1,original,0f789797a3e31d562ad34a5946566a9802ff8c838a84059de78f6a0b16ac6b14,405504,7.682292568757502,224,4,2012,0,224,6,0,4,0,0,0,4,0,12288,389120,0,5560,0.0067533426616915426,4194304,4096,4096,823296,4096,0.004975124378109453,0.014925373134328358,0.472636815920398,0,16,1048576,4096,1048576,4096,401408,815280,258048,515316,1,1,0,0,0,0,0,12288,12288,6.408672010857973,7.9215159397339745,6.3800786632597974,2,0,2,40,0,0,0,0,0,60,101620,0,0,0,0,0,0,0,0,0,168,0,0,0,1,0,0,1,1,0,0,0,0,1,0,0,0,0,0,0,1,1,0,0,0,0,0,1,0,1,0,0,0,1,0,1,1,0,0,0,0,0,0,0,0,0,1,0,0,0,0x014c,0x010b,0x0002,.text
0fa149eefe2103119cb7fe0291e0e6fb7885b50b7f362f17da95d236d5ea1e22,dike_batch8,1,original,0fa149eefe2103119cb7fe0291e0e6fb7885b50b7f362f17da95d236d5ea1e22,433664,7.873264950395659,608,6,2008,0,224,9,0,6,1,6,1,5,1,60928,371200,0,427070,0.9847946797520661,65536,512,512,433664,1536,0.0035419126328217238,0.14049586776859505,0.8559622195985832,478461,16,262144,4096,1048576,4096,432128,432128,361472,361472,2,2,1,0,1,0,3,1024,1024,4.510959660759685,7.988768133470895,4.455285668243139,1,0,2,25,0,0,0,0,0,60,768,0,0,3144,0,0,0,0,64,0,108,0,0,0,1,0,0,1,0,0,0,0,0,0,0,0,0,0,0,0,1,1,1,1,1,1,0,1,0,1,0,0,0,1,0,1,1,0,0,1,0,0,0,0,1,0,1,0,0,0,0x014c,0x010b,0x0001,INIT
0fa4be17c569412dd73d1a04bdb662fcf3ec59f5c40f5482c2a196e70d8dd0c7,dike_batch8,1,original,0fa4be17c569412dd73d1a04bdb662fcf3ec59f5c40f5482c2a196e70d8dd0c7,458752,7.370474443854245,216,4,2012,0,224,7,0,4,0,0,0,4,0,20480,434176,32768,5531,0.00619422842603211,4259840,4096,4096,892928,4096,0.0045871559633027525,0.022935779816513763,0.48623853211009177,511915,16,1048576,4096,1048576,4096,454656,888184,331776,466296,1,1,0,0,0,0,0,20480,20480,5.839046423939629,7.713534394862881,6.508440034532976,2,0,7,75,0,0,0,0,0,160,67536,0,0,0,0,0,0,0,0,0,328,0,0,0,1,0,0,1,1,0,0,0,0,0,0,0,0,0,0,0,1,1,0,0,0,0,0,1,0,1,0,0,0,1,0,1,1,0,0,0,0,0,0,0,0,0,1,0,0,0,0x014c,0x010b,0x0002,.text
0faaf0d68f2e83f6cb8335f6868ed1efba70062ce5a938546328621e98bc0d87,dike_batch8,1,original,0faaf0d68f2e83f6cb8335f6868ed1efba70062ce5a938546328621e98bc0d87,434176,7.871840704760906,608,6,2008,0,224,9,0,6,1,6,1,5,1,60928,371712,0,427582,0.9848126105542453,65536,512,512,434176,1536,0.003537735849056604,0.1403301886792453,0.8561320754716981,494029,16,262144,4096,1048576,4096,432640,432640,361984,361984,2,2,1,0,1,0,3,1024,1024,4.5154701796800865,7.987373749698556,4.46747208055235,1,0,2,25,0,0,0,0,0,60,768,0,0,3144,0,0,0,0,64,0,108,0,0,0,1,0,0,1,0,0,0,0,0,0,0,0,0,0,0,0,1,1,1,1,1,1,0,1,0,1,0,0,0,1,0,1,1,0,0,1,0,0,0,0,1,0,1,0,0,0,0x014c,0x010b,0x0001,INIT
0fb730884155df9c8701e924387e41d61c02ed7fce27888eb8f39251ee2b0bf5,dike_batch8,1,original,0fb730884155df9c8701e924387e41d61c02ed7fce27888eb8f39251ee2b0bf5,131168,6.854657798351095,128,9,2012,0,224,2,50,4,0,0,0,4,0,113152,15872,0,109808,0.7054893092105263,4194304,4096,512,155648,1024,0.006578947368421052,0.7269736842105263,0.10197368421052631,184108,16,1048576,4096,1048576,4096,129024,129024,108032,108032,1,1,0,0,5,0,0,108032,108032,2.5654456146358067,7.0807594859749905,7.0807594859749905,1,1120,4,243,0,0,0,0,0,100,7132,0,1119,1176,0,0,0,0,0,0,988,0,0,0,0,0,0,1,0,0,0,0,0,0,0,0,0,0,0,0,1,1,0,0,0,1,0,1,1,1,0,0,0,1,0,1,1,0,1,1,0,0,0,0,0,0,1,0,0,0,0x014c,0x010b,0x0002,.text
0fbabf18ed9c6d9a4d930665a42a3cb3edeb3449fc8e7a0dad16665f64a5c0dc,dike_batch8,1,original,0fbabf18ed9c6d9a4d930665a42a3cb3edeb3449fc8e7a0dad16665f64a5c0dc,356352,7.728313063951735,208,4,2012,0,224,7,0,4,0,0,0,4,0,8192,329282,540672,4672,0.005208333333333333,4194304,4096,4096,897024,4096,0.0045662100456621,0.0091324200913242,0.3670827090468037,366976,16,1048576,4096,1048576,4096,352256,892476,245760,785980,1,1,0,0,0,0,0,8192,8192,5.722463381329557,7.836718181499771,6.648826039673123,2,0,3,11,0,0,0,0,0,80,91875,0,0,0,0,0,0,0,0,0,56,0,0,0,1,0,0,1,1,0,0,0,0,0,0,0,0,0,0,0,1,1,0,0,0,0,0,1,0,1,0,0,0,1,0,1,1,0,0,0,0,0,0,0,0,0,1,0,0,0,0x014c,0x010b,0x0002,.text
0fbbf393b34488063fa158a7117051a8bbb6f663e30c0bc6b465bfff4e2f0db9,dike_batch8,1,original,0fbbf393b34488063fa158a7117051a8bbb6f663e30c0bc6b465bfff4e2f0db9,131168,6.854682209655512,128,9,2012,0,224,2,50,4,0,0,0,4,0,113152,15872,0,109808,0.7054893092105263,4194304,4096,512,155648,1024,0.006578947368421052,0.7269736842105263,0.10197368421052631,193219,16,1048576,4096,1048576,4096,129024,129024,108032,108032,1,1,0,0,5,0,0,108032,108032,2.564391569958128,7.0807594931058135,7.0807594931058135,1,1120,4,243,0,0,0,0,0,100,7132,0,1119,1176,0,0,0,0,0,0,988,0,0,0,0,0,0,1,0,0,0,0,0,0,0,0,0,0,0,0,1,1,0,0,0,1,0,1,1,1,0,0,0,1,0,1,1,0,1,1,0,0,0,0,0,0,1,0,0,0,0x014c,0x010b,0x0002,.text
0fbd91015f013a277f90d9c88756d776af606683645daf3dfb24081aeb052f9c,dike_batch8,1,original,0fbd91015f013a277f90d9c88756d776af606683645daf3dfb24081aeb052f9c,208896,6.168150853206385,264,5,2012,0,224,8,0,4,0,0,0,4,0,143360,61440,0,77738,0.34507279829545456,1677721600,4096,4096,225280,4096,0.01818181818181818,0.6363636363636364,0.2727272727272727,242874,16,1048576,4096,1048576,4096,204800,218500,143360,143360,1,1,0,0,0,0,0,143360,143360,4.3303548999088495,6.643661752884311,6.643661752884311,0,0,7,114,0,0,0,0,106,160,1364,0,0,7656,0,0,0,0,64,0,484,0,0,0,0,0,1,0,0,0,0,0,0,0,1,1,0,0,0,0,1,1,0,0,0,0,0,0,0,1,0,0,0,1,1,1,1,0,0,1,0,0,0,0,1,0,1,0,0,0,0x014c,0x010b,0x0002,.text
0fc2e293112e83ee306181032018f8860f112f6a4ddcfc62aedc7d08e9a68760,dike_batch8,1,original,0fc2e293112e83ee306181032018f8860f112f6a4ddcfc62aedc7d08e9a68760,434176,7.507301081079619,232,4,2012,0,224,6,0,4,0,0,0,4,0,36864,393216,0,5776,0.007015702736318408,4194304,4096,4096,823296,4096,0.004975124378109453,0.04477611940298507,0.47761194029850745,0,16,1048576,4096,1048576,4096,430080,812376,364544,385372,1,1,0,0,0,0,0,36864,36864,5.624688350076519,7.736156885024521,6.232310067919124,1,0,5,69,0,0,0,0,75,120,4444,0,0,0,0,0,0,0,0,0,296,0,0,0,1,0,0,1,1,0,0,0,0,1,0,0,0,0,0,0,1,1,0,0,0,0,0,1,0,1,0,0,0,1,1,1,1,0,0,0,0,0,0,0,0,0,1,0,0,0,0x014c,0x010b,0x0002,.text
0fc3db4c5e15c83d52b999b9c2e66b780fb72312234549f93f6be6d95f486916,dike_batch8,1,original,0fc3db4c5e15c83d52b999b9c2e66b780fb72312234549f93f6be6d95f486916,95785,7.626831873494082,128,5,2012,0,224,2,50,4,0,0,0,4,0,2048,91648,0,4640,0.04195601851851852,4194304,4096,512,110592,1024,0.009259259259259259,0.018518518518518517,0.8287037037037037,129621,16,1048576,4096,1048576,4096,93696,93696,88064,88064,1,1,0,0,0,0,0,2048,2048,4.12006287271034,7.757649118465228,5.49026667392277,1,1065,3,6,0,0,0,0,0,80,1636,0,1024,132,0,0,0,0,0,0,36,0,0,0,1,0,0,1,0,0,0,0,0,0,0,0,0,0,0,0,1,1,0,0,0,0,0,1,1,1,0,0,0,1,0,1,1,0,1,1,0,0,0,0,0,0,1,0,0,0,0x014c,0x010b,0x0002,.text
0fcd43a295209bc44da40e397813d77051edb4c02b082792338cf43b2733308c,dike_batch8,1,original,0fcd43a295209bc44da40e397813d77051edb4c02b082792338cf43b2733308c,438272,7.504314228187139,232,4,2012,0,224,6,0,4,0,0,0,4,0,36864,397312,0,5744,0.006976834577114428,4194304,4096,4096,823296,4096,0.004975124378109453,0.04477611940298507,0.48258706467661694,0,16,1048576,4096,1048576,4096,434176,812722,364544,385718,1,1,0,0,0,0,0,36864,36864,5.750799262266042,7.736413818549331,6.22960795053103,1,0,5,66,0,0,0,0,0,120,8886,0,0,0,0,0,0,0,0,0,284,0,0,0,1,0,0,1,1,0,0,0,0,1,0,0,0,0,0,0,1,1,0,0,0,0,0,1,0,1,0,0,0,1,0,1,1,0,0,0,0,0,0,0,0,0,1,0,0,0,0x014c,0x010b,0x0002,.text
0fd1bf7ce8f7e4cb7c2916a804c7cda288a5d43b045d0af6ad0ef42a9149330b,dike_batch8,1,original,0fd1bf7ce8f7e4cb7c2916a804c7cda288a5d43b045d0af6ad0ef42a9149330b,208896,6.163888246376366,264,5,2012,0,224,8,0,4,0,0,0,4,0,143360,61440,0,77738,0.34507279829545456,1677721600,4096,4096,225280,4096,0.01818181818181818,0.6363636363636364,0.2727272727272727,241295,16,1048576,4096,1048576,4096,204800,218500,143360,143360,1,1,0,0,0,0,0,143360,143360,4.282566247094304,6.643807595934528,6.643807595934528,0,0,7,114,0,0,0,0,106,160,1364,0,0,7664,0,0,0,0,64,0,484,0,0,0,0,0,1,0,0,0,0,0,0,0,1,1,0,0,0,0,1,1,0,0,0,0,0,0,0,1,0,0,0,1,1,1,1,0,0,1,0,0,0,0,1,0,1,0,0,0,0x014c,0x010b,0x0002,.text
0fd786ba35e5d2c580ac771c35ac0e2b5ea130fb3f531bb7980bbfb4172ca58e,dike_batch8,1,original,0fd786ba35e5d2c580ac771c35ac0e2b5ea130fb3f531bb7980bbfb4172ca58e,413696,7.6724152783847375,224,4,2012,0,224,6,0,4,0,0,0,4,0,12288,397312,0,6355,0.007680760751856436,4194304,4096,4096,827392,4096,0.0049504950495049506,0.01485148514851485,0.4801980198019802,0,16,1048576,4096,1048576,4096,409600,822904,339968,429688,1,1,0,0,0,0,0,12288,12288,6.07430688740962,7.9764002374490754,6.346672685407695,1,0,4,43,0,0,0,0,0,100,336706,0,0,0,0,0,0,0,0,0,188,0,0,0,1,0,0,1,1,0,0,0,0,1,0,0,0,0,0,0,1,1,0,0,0,0,0,1,0,1,0,0,0,1,0,1,1,0,0,0,0,0,0,0,0,0,1,0,0,0,0x014c,0x010b,0x0002,.text
0fd86af4fe35fe2516188a666a625a9d89c9b582c299598e42c8d0549adba777,dike_batch8,1,original,0fd86af4fe35fe2516188a666a625a9d89c9b582c299598e42c8d0549adba777,442368,7.603622205912367,216,5,2012,0,224,7,0,4,0,0,0,4,0,28672,409600,4096,6533,0.007974853515625,4259840,4096,4096,819200,4096,0.005,0.035,0.5,449794,16,1048576,4096,1048576,4096,438272,813376,376832,379200,1,2,0,0,0,0,0,28672,28672,5.703487055163808,7.822578310248527,6.418990342155994,1,0,4,69,0,0,0,0,0,100,17116,0,0,0,0,0,0,0,0,0,292,0,0,0,1,0,0,1,1,0,0,0,0,0,0,0,0,0,0,0,1,1,0,0,0,0,0,1,0,1,0,0,0,1,0,1,1,0,0,0,0,0,0,0,0,0,1,0,0,0,0x014c,0x010b,0x0002,.text
0fe989f9606c53aa0877ab6fe8f5093c49ccfa19991cdd557ae412c01898f35d,dike_batch8,1,original,0fe989f9606c53aa0877ab6fe8f5093c49ccfa19991cdd557ae412c01898f35d,442368,7.489955654604319,224,4,2012,0,224,6,0,4,0,0,0,4,0,45056,393216,0,5968,0.007248911691542289,4194304,4096,4096,823296,4096,0.004975124378109453,0.05472636815920398,0.47761194029850745,0,16,1048576,4096,1048576,4096,438272,811556,364544,377180,1,1,0,0,0,0,0,45056,45056,5.618330823175746,7.729667118788674,6.188537291554999,1,0,4,72,0,0,0,0,75,100,4444,0,0,0,0,0,0,0,0,0,304,0,0,0,1,0,0,1,1,0,0,0,0,1,0,0,0,0,0,0,1,1,0,0,0,0,0,1,0,1,0,0,0,1,1,1,1,0,0,0,0,0,0,0,0,0,1,0,0,0,0x014c,0x010b,0x0002,.text
0fee54da832c59eeebc1145b86b07bbc8a6a6d6d6f439e638d2c379e73b59f59,dike_batch8,1,original,0fee54da832c59eeebc1145b86b07bbc8a6a6d6d6f439e638d2c379e73b59f59,63104,5.827873205632484,608,7,2008,0,224,8,0,6,0,6,0,5,1,46592,15360,0,56464,0.8947768762677485,65536,128,128,63104,1152,0.018255578093306288,0.7383367139959433,0.2434077079107505,96278,16,262144,4096,1048576,4096,61952,61952,44032,44032,2,2,1,0,1,0,4,2560,2560,4.0253572553140815,6.3941118328368365,5.530936179722302,0,0,2,98,0,0,0,0,139,60,968,0,0,2744,28,0,0,0,64,0,400,0,0,0,0,0,0,1,0,0,0,0,0,0,0,0,0,0,0,0,1,1,1,1,1,1,0,0,0,1,0,0,0,1,1,1,1,0,0,1,1,0,0,0,1,0,1,0,0,0,0x014c,0x010b,0x0001,INIT
0ff0bfa768d188ea3c279002b8869edd0992003b2634971e6fb9c0cc47687a69,dike_batch8,1,original,0ff0bfa768d188ea3c279002b8869edd0992003b2634971e6fb9c0cc47687a69,458752,7.453132537407402,216,4,2012,0,224,7,0,4,0,0,0,4,0,28672,425984,249856,6970,0.007060830523858921,4259840,4096,4096,987136,4096,0.004149377593360996,0.029045643153526972,0.4315352697095436,478355,16,1048576,4096,1048576,4096,454656,980180,249856,775380,1,1,0,0,0,0,0,28672,28672,6.437638601189899,7.8476544761257605,6.480592357951834,2,0,4,85,0,0,0,0,0,100,167581,0,0,0,0,0,0,0,0,0,356,0,0,0,1,0,0,1,1,0,0,0,0,0,0,0,0,0,0,0,1,1,0,0,0,0,0,1,0,1,0,0,0,1,0,1,1,0,0,0,0,0,0,0,0,0,1,0,0,0,0x014c,0x010b,0x0002,.text
0ff4f86c664d9502747ef6d687c661c303a91e234b5bb66c994355af44a575c7,dike_batch8,1,original,0ff4f86c664d9502747ef6d687c661c303a91e234b5bb66c994355af44a575c7,151081,6.978264218682158,128,9,2012,0,224,2,50,4,0,0,0,4,0,99840,49664,0,5120,0.029069767441860465,4194304,4096,512,176128,1024,0.005813953488372093,0.5668604651162791,0.2819767441860465,198085,16,1048576,4096,1048576,4096,148992,149080,99840,99840,1,6,0,0,5,0,0,99840,99840,5.988631236325871,7.519115690854668,7.519115690854668,1,1065,9,738,10,0,0,0,0,200,20568,0,1063,4096,0,0,0,0,0,0,2988,0,0,0,1,0,0,1,0,0,0,0,0,0,0,0,0,0,0,0,1,1,0,0,0,1,0,1,1,1,0,0,1,1,0,1,1,0,1,1,0,0,0,0,0,0,1,0,0,0,0x014c,0x010b,0x0002,.text
0ff9b5d6f6c55ed9cfeead24755b7e9e081f75bfc4972ac09b3b4ef83c581954,dike_batch8,1,original,0ff9b5d6f6c55ed9cfeead24755b7e9e081f75bfc4972ac09b3b4ef83c581954,167936,7.835377525034483,216,9,2011,0,224,10,0,5,1,0,0,5,1,142336,24576,0,112794,0.5859063331117021,4194304,4096,512,192512,1024,0.005319148936170213,0.7393617021276596,0.1276595744680851,194057,16,1048576,4096,1048576,4096,166912,166912,142336,142336,1,6,1,0,5,0,0,142336,142336,3.0929983826313427,7.970941624711565,7.929675214920185,2,0,2,18,0,0,0,0,85,60,3872,0,0,2112,28,0,0,0,0,0,80,0,0,0,1,0,0,1,0,0,0,0,0,0,0,0,0,0,0,0,1,1,1,1,1,1,0,1,0,1,0,0,0,1,1,1,1,0,0,1,1,0,0,0,0,0,1,0,0,0,0x014c,0x010b,0x0002,.text
0ffd0f8ff899cca7f895bc4ef726a390ffeeab04a7be0a0370a788cc3e0d16fc,dike_batch8,1,original,0ffd0f8ff899cca7f895bc4ef726a390ffeeab04a7be0a0370a788cc3e0d16fc,393216,7.415287540282933,232,4,2012,0,224,7,0,4,0,0,0,4,0,98304,275167,413696,83269,0.1031946482392132,4259840,4096,4096,806912,4096,0.005076142131979695,0.1218274111675127,0.341012402839467,409351,16,1048576,4096,1048576,4096,389120,802168,233472,646520,1,1,0,0,0,0,0,98304,98304,6.663118734856224,7.889349152936892,7.889349152936892,3,0,5,84,0,0,0,0,0,120,47200,0,0,0,0,0,0,0,0,0,356,0,0,0,1,0,0,1,1,0,0,0,0,0,0,0,0,0,0,0,1,1,0,0,0,0,0,1,0,1,0,0,0,1,0,1,1,0,0,0,0,0,0,0,0,0,1,0,0,0,0x014c,0x010b,0x0002,.text
1004d48dbc19b5f3eb9405292f9acbd40248cbc597cd52718f9289a94876a00f,dike_batch8,1,original,1004d48dbc19b5f3eb9405292f9acbd40248cbc597cd52718f9289a94876a00f,436224,7.8595710657421,616,6,2008,0,224,9,0,6,1,6,1,5,1,60416,374272,0,429630,0.9848839128521126,65536,512,512,436224,1536,0.0035211267605633804,0.13849765258215962,0.857981220657277,489253,16,262144,4096,1048576,4096,434688,434688,362496,362496,2,2,1,0,1,0,3,1024,1024,4.492681819144635,7.988850735681485,4.53333380525884,1,0,2,26,0,0,0,0,0,60,744,0,0,3120,0,0,0,0,64,0,112,0,0,0,1,0,0,1,0,0,0,0,0,0,0,0,0,0,0,0,1,1,1,1,1,1,0,1,0,1,0,0,0,1,0,1,1,0,0,1,0,0,0,0,1,0,1,0,0,0,0x014c,0x010b,0x0001,INIT
1015607b2862e5fbaec28b49f7612472641b10553afa16840561ff19be100491,dike_batch8,1,original,1015607b2862e5fbaec28b49f7612472641b10553afa16840561ff19be100491,174080,7.860224121141553,200,4,2010,0,224,10,0,5,1,0,0,5,1,170496,0,0,85556,0.41775390625,4194304,4096,512,204800,1024,0.005,0.8325,0.0,204060,16,1048576,4096,1048576,4096,173056,194448,114176,114176,2,1,1,0,0,0,0,114176,114176,5.502864685122279,7.934002500117486,7.934002500117486,2,0,5,253,1,0,0,0,102,120,16,0,0,1888,28,0,0,0,0,0,1032,0,0,0,1,0,0,1,0,0,0,0,0,0,0,0,0,0,0,0,1,1,0,0,1,0,0,1,0,1,0,0,1,1,1,1,1,0,0,1,1,0,0,0,0,0,1,0,0,0,0x014c,0x010b,0x0002,.text
1016348ef020ed0df5c3a2d9cb8aaeaa0b072c37318035b0d5646e247e78314c,dike_batch8,1,original,1016348ef020ed0df5c3a2d9cb8aaeaa0b072c37318035b0d5646e247e78314c,442368,7.604137178515767,216,5,2012,0,224,7,0,4,0,0,0,4,0,28672,409600,4096,6533,0.007974853515625,4259840,4096,4096,819200,4096,0.005,0.035,0.5,494144,16,1048576,4096,1048576,4096,438272,813376,376832,379200,1,2,0,0,0,0,0,28672,28672,5.6969212368228135,7.823350089735062,6.417166435465377,1,0,4,68,0,0,0,0,0,100,17116,0,0,0,0,0,0,0,0,0,288,0,0,0,1,0,0,1,1,0,0,0,0,0,0,0,0,0,0,0,1,1,0,0,0,0,0,1,0,1,0,0,0,1,0,1,1,0,0,0,0,0,0,0,0,0,1,0,0,0,0x014c,0x010b,0x0002,.text
10206acc89c607389aa4e6979c178ae38c84fa4d437fc629ffce7935b279ee82,dike_batch8,1,original,10206acc89c607389aa4e6979c178ae38c84fa4d437fc629ffce7935b279ee82,168960,7.831592487204848,224,6,2011,0,224,10,0,5,1,0,0,5,1,131584,36352,0,4096,0.02127659574468085,4194304,4096,512,192512,1024,0.005319148936170213,0.6835106382978723,0.18882978723404256,202574,16,1048576,4096,1048576,4096,167936,173973,131584,131584,1,3,1,0,2,0,0,131584,131584,4.671102278276767,7.943581576705096,7.943581576705096,2,0,2,19,0,0,0,0,88,60,3948,0,0,1972,28,0,0,0,0,0,84,0,0,0,1,0,0,1,0,0,0,0,0,0,0,0,0,0,0,0,1,1,1,1,1,1,0,1,0,1,0,0,0,1,1,1,1,0,0,1,1,0,0,0,0,0,1,0,0,0,0x014c,0x010b,0x0002,.text
102929c0125c9c32b257f5682332a7125bc161913748137347adbd600cd48560,dike_batch8,1,original,102929c0125c9c32b257f5682332a7125bc161913748137347adbd600cd48560,110688,6.9690495428748385,128,5,2012,0,224,2,50,4,0,0,0,4,0,103424,5632,0,5152,0.04192708333333333,4194304,4096,512,122880,1024,0.008333333333333333,0.8416666666666667,0.04583333333333333,158029,16,1048576,4096,1048576,4096,108544,108736,101376,101376,1,1,0,0,1,0,0,2048,2048,4.292273717136875,7.123968600841873,5.13070010046136,1,1120,2,7,0,0,0,0,0,60,4044,0,1119,96,0,0,0,0,0,0,36,0,0,0,0,0,0,1,0,0,0,0,0,0,0,0,0,0,0,0,1,1,0,0,0,1,0,1,1,1,0,0,0,1,0,1,1,0,1,1,0,0,0,0,0,0,1,0,0,0,0x014c,0x010b,0x0002,.text
102b5a0e7ee8d15fffed0aa98ae0f125f9e98bffd96c111f154bf6b6574820a3,dike_batch8,1,original,102b5a0e7ee8d15fffed0aa98ae0f125f9e98bffd96c111f154bf6b6574820a3,208896,6.174644527194891,264,5,2012,0,224,8,0,4,0,0,0,4,0,143360,61440,0,77738,0.34507279829545456,1677721600,4096,4096,225280,4096,0.01818181818181818,0.6363636363636364,0.2727272727272727,272703,16,1048576,4096,1048576,4096,204800,218500,143360,143360,1,1,0,0,0,0,0,143360,143360,4.338814235786201,6.643441007385033,6.643441007385033,0,0,7,114,0,0,0,0,106,160,1356,0,0,7656,0,0,0,0,64,0,484,0,0,0,0,0,1,0,0,0,0,0,0,0,1,1,0,0,0,0,1,1,0,0,0,0,0,0,0,1,0,0,0,1,1,1,1,0,0,1,0,0,0,0,1,0,1,0,0,0,0x014c,0x010b,0x0002,.text
102e939f3d0f220c3217c199d374e7c3d8bb0f31062934066d794cd43dd46179,dike_batch8,1,original,102e939f3d0f220c3217c199d374e7c3d8bb0f31062934066d794cd43dd46179,208384,6.894369118752219,224,7,2012,0,224,89,0,5,1,0,0,5,1,169472,37888,0,80451,0.350738525390625,4194304,4096,512,229376,1024,0.004464285714285714,0.7388392857142857,0.16517857142857142,265517,16,1048576,4096,1048576,4096,207360,207360,169472,169472,1,2,0,0,3,0,0,169472,169472,4.154054925024353,6.608868777824586,6.581552559050431,0,0,6,32,0,0,0,0,130,160,4398,0,0,3404,28,0,0,0,0,0,156,0,0,0,0,0,0,1,0,0,0,0,0,0,0,0,0,0,0,0,1,1,0,0,0,1,0,0,0,1,0,0,0,1,1,1,1,0,0,1,1,0,0,0,0,0,1,0,0,0,0x014c,0x010b,0x0002,.text
103856e0a723e698bac1f0e4321f5aa91f4b3a7b51055bd85dd6434ca1eefc18,dike_batch8,1,original,103856e0a723e698bac1f0e4321f5aa91f4b3a7b51055bd85dd6434ca1eefc18,208896,6.172658244560592,264,5,2012,0,224,8,0,4,0,0,0,4,0,143360,61440,0,77738,0.34507279829545456,1677721600,4096,4096,225280,4096,0.01818181818181818,0.6363636363636364,0.2727272727272727,244397,16,1048576,4096,1048576,4096,204800,218500,143360,143360,1,1,0,0,0,0,0,143360,143360,4.334844298503276,6.643901770030211,6.643901770030211,0,0,7,114,0,0,0,0,106,160,1364,0,0,7660,0,0,0,0,64,0,484,0,0,0,0,0,1,0,0,0,0,0,0,0,1,1,0,0,0,0,1,1,0,0,0,0,0,0,0,1,0,0,0,1,1,1,1,0,0,1,0,0,0,0,1,0,1,0,0,0,0x014c,0x010b,0x0002,.text
103e76e2d55b7a92aa23c940878b49eff38476166f64e6aa0b6ed166f8ead503,dike_batch8,1,original,103e76e2d55b7a92aa23c940878b49eff38476166f64e6aa0b6ed166f8ead503,409600,7.212339801759727,224,4,2012,0,224,7,0,4,0,0,0,4,0,94208,298478,401408,76383,0.09370951436871859,4259840,4096,4096,815104,4096,0.005025125628140704,0.11557788944723618,0.36618394707914576,458084,16,1048576,4096,1048576,4096,405504,808120,245760,648376,1,1,0,0,0,0,0,94208,94208,6.518241396254048,7.77738053947455,7.77738053947455,2,0,6,73,0,0,0,0,0,140,53605,0,0,0,0,0,0,0,0,0,316,0,0,0,1,0,0,1,1,0,0,0,0,0,0,0,0,0,0,0,1,1,0,0,0,0,0,1,0,1,0,0,0,1,0,1,1,0,0,0,0,0,0,0,0,0,1,0,0,0,0x014c,0x010b,0x0002,.text
104376748480c03b98ba424dc9787377f1580eb830c04fbe0ece1a5fe5558167,dike_batch8,1,original,104376748480c03b98ba424dc9787377f1580eb830c04fbe0ece1a5fe5558167,417792,7.666891194780875,232,4,2012,0,224,7,0,4,0,0,0,4,0,94208,307678,491520,76217,0.08344244850056054,4259840,4096,4096,913408,4096,0.004484304932735426,0.1031390134529148,0.33684618483744394,420706,16,1048576,4096,1048576,4096,413696,905848,208896,701048,1,1,0,0,0,0,0,94208,94208,6.722006759722538,7.77140553934967,7.77140553934967,3,0,2,60,0,0,0,0,0,60,98559,0,0,0,0,0,0,0,0,0,248,0,0,0,1,0,0,1,1,0,0,0,0,0,0,0,0,0,0,0,1,1,0,0,0,0,0,1,0,1,0,0,0,1,0,1,1,0,0,0,0,0,0,0,0,0,1,0,0,0,0x014c,0x010b,0x0002,.text
104a7ebe303ba82f2ad20bb35097f2ef768da26a01581a32902405163bb03183,dike_batch8,1,original,104a7ebe303ba82f2ad20bb35097f2ef768da26a01581a32902405163bb03183,454656,7.4069030255907835,232,4,2012,0,224,7,0,4,0,0,0,4,0,20480,423234,397312,6145,0.007178201629784689,4259840,4096,4096,856064,4096,0.004784688995215311,0.023923444976076555,0.4943952788576555,500693,16,1048576,4096,1048576,4096,450560,849528,294912,693880,1,1,0,0,0,0,0,20480,20480,7.092095708166321,7.691117450716293,6.696963442651251,2,0,6,74,0,0,0,0,0,140,31947,0,0,0,0,0,0,0,0,0,320,0,0,0,1,0,0,1,1,0,0,0,0,0,0,0,0,0,0,0,1,1,0,0,0,0,0,1,0,1,0,0,0,1,0,1,1,0,0,0,0,0,0,0,0,0,1,0,0,0,0x014c,0x010b,0x0002,.text
104e71ed24c44df222ea4d73c85ee898345aeedf2ba7d05246dd3aa37b96efa8,dike_batch8,1,original,104e71ed24c44df222ea4d73c85ee898345aeedf2ba7d05246dd3aa37b96efa8,417792,7.665193082796075,232,4,2012,0,224,7,0,4,0,0,0,4,0,94208,307678,491520,76217,0.08344244850056054,4259840,4096,4096,913408,4096,0.004484304932735426,0.1031390134529148,0.33684618483744394,437627,16,1048576,4096,1048576,4096,413696,905848,208896,701048,1,1,0,0,0,0,0,94208,94208,6.720774688481885,7.76872887012774,7.76872887012774,3,0,2,60,0,0,0,0,0,60,98559,0,0,0,0,0,0,0,0,0,248,0,0,0,1,0,0,1,1,0,0,0,0,0,0,0,0,0,0,0,1,1,0,0,0,0,0,1,0,1,0,0,0,1,0,1,1,0,0,0,0,0,0,0,0,0,1,0,0,0,0x014c,0x010b,0x0002,.text
104fd99405065a19d5c738a91f4780fa74f0326a36954649a1984d5bd89d93ba,dike_batch8,1,original,104fd99405065a19d5c738a91f4780fa74f0326a36954649a1984d5bd89d93ba,372736,7.97417987998587,64,4,2011,0,224,10,0,4,0,0,0,4,0,4608,367104,0,787420,0.6745305646929824,4259840,4096,512,1167360,786432,0.6736842105263158,0.003947368421052632,0.3144736842105263,376840,16,1048576,4096,1048576,4096,371712,371712,364544,364544,1,2,0,0,0,0,0,4608,4608,5.400888538924838,7.987993821973357,6.787384581821623,1,0,4,39,0,0,0,0,0,100,14146,0,0,0,0,0,0,0,0,0,204,0,0,0,1,0,0,1,1,0,0,0,0,0,0,0,0,0,0,0,1,1,0,0,0,0,0,1,0,1,0,0,0,1,0,1,1,0,0,0,0,0,0,0,0,0,1,0,0,0,0x014c,0x010b,0x0002,.text
105108447bf3b5d14365dd67caf1ca307c9a71f400a00686572612c757e22e3e,dike_batch8,1,original,105108447bf3b5d14365dd67caf1ca307c9a71f400a00686572612c757e22e3e,425984,7.675340961691656,216,4,2012,0,224,6,0,4,0,0,0,4,0,36864,385024,0,5600,0.006801927860696518,4194304,4096,4096,823296,4096,0.004975124378109453,0.04477611940298507,0.46766169154228854,0,16,1048576,4096,1048576,4096,421888,816390,360448,403786,1,1,0,0,0,0,0,36864,36864,5.138366053454531,7.903567519878091,6.130966699693998,1,0,3,58,0,0,0,0,0,80,10570,0,0,0,0,0,0,0,0,0,244,0,0,0,1,0,0,1,1,0,0,0,0,1,0,0,0,0,0,0,1,1,0,0,0,0,0,1,0,1,0,0,0,1,0,1,1,0,0,0,0,0,0,0,0,0,1,0,0,0,0x014c,0x010b,0x0002,.text
1056a60637d4be391490fbdc00a9bb0a2e50ece6e7671f65553310c4f59593cc,virusshare,1,original,1056a60637d4be391490fbdc00a9bb0a2e50ece6e7671f65553310c4f59593cc,60928,7.825372942060877,224,3,2005,0,224,5,2,5,3,10,0,4,0,53248,8192,61440,118272,0.9314516129032258,4194304,4096,512,126976,4096,0.03225806451612903,0.41935483870967744,0.06451612903225806,0,16,1048576,4096,1048576,4096,59904,122880,53248,61440,2,3,2,1,2,0,1,53248,53248,6.765658544108192,7.9729786987769335,7.9729786987769335,1,0,1,6,0,0,0,0,0,220,6180,0,0,0,0,0,0,0,0,0,0,0,0,0,1,0,0,1,1,0,0,0,0,1,0,0,0,0,0,0,1,1,1,1,1,1,0,1,0,1,0,0,0,1,0,1,1,0,0,0,0,0,0,0,0,0,0,0,0,0,0x014c,0x010b,0x0002,UPX1
105f0f87aa7fe3102f10b24e1f990ebec12fa2b38a2656360b47f4d4bb4b6d68,dike_batch8,1,original,105f0f87aa7fe3102f10b24e1f990ebec12fa2b38a2656360b47f4d4bb4b6d68,401408,7.732929013705844,216,4,2012,0,224,6,0,4,0,0,0,4,0,24576,372736,0,6483,0.008286720795157068,4194304,4096,4096,782336,4096,0.005235602094240838,0.031413612565445025,0.47643979057591623,0,16,1048576,4096,1048576,4096,397312,775000,348160,394072,1,1,0,0,0,0,0,24576,24576,5.384606570014287,7.946574198650927,6.084567375685252,1,0,3,48,0,0,0,0,0,80,345098,0,0,0,0,0,0,0,0,0,204,0,0,0,1,0,0,1,1,0,0,0,0,1,0,0,0,0,0,0,1,1,0,0,0,0,0,1,0,1,0,0,0,1,0,1,1,0,0,0,0,0,0,0,0,0,1,0,0,0,0x014c,0x010b,0x0002,.text
1060c7fbcd786906c8a52466d9c557889546b262aaa96bf2a5ca3c52409b4cd3,dike_batch8,1,original,1060c7fbcd786906c8a52466d9c557889546b262aaa96bf2a5ca3c52409b4cd3,208896,6.169007876835533,264,5,2012,0,224,8,0,4,0,0,0,4,0,143360,61440,0,77738,0.34507279829545456,1677721600,4096,4096,225280,4096,0.01818181818181818,0.6363636363636364,0.2727272727272727,272703,16,1048576,4096,1048576,4096,204800,218500,143360,143360,1,1,0,0,0,0,0,143360,143360,4.28826449419892,6.643441007385033,6.643441007385033,0,0,7,114,0,0,0,0,106,160,1356,0,0,7656,0,0,0,0,64,0,484,0,0,0,0,0,1,0,0,0,0,0,0,0,1,1,0,0,0,0,1,1,0,0,0,0,0,0,0,1,0,0,0,1,1,1,1,0,0,1,0,0,0,0,1,0,1,0,0,0,0x014c,0x010b,0x0002,.text
106565af9403b3d1b6d62ac444fe46460fa2946e0e269b421ad48b63218cf0f4,dike_batch8,1,original,106565af9403b3d1b6d62ac444fe46460fa2946e0e269b421ad48b63218cf0f4,417792,7.663814237212432,232,4,2012,0,224,7,0,4,0,0,0,4,0,94208,307678,491520,76137,0.08335486441984305,4259840,4096,4096,913408,4096,0.004484304932735426,0.1031390134529148,0.33684618483744394,446147,16,1048576,4096,1048576,4096,413696,905848,208896,701048,1,1,0,0,0,0,0,94208,94208,6.708793453456059,7.76537131887703,7.76537131887703,3,0,2,58,0,0,0,0,0,60,98559,0,0,0,0,0,0,0,0,0,240,0,0,0,1,0,0,1,1,0,0,0,0,0,0,0,0,0,0,0,1,1,0,0,0,0,0,1,0,1,0,0,0,1,0,1,1,0,0,0,0,0,0,0,0,0,1,0,0,0,0x014c,0x010b,0x0002,.text
106869c25227b3878560d95293a714dedd781e9891bcc4db2341cb89c3131673,dike_batch8,1,original,106869c25227b3878560d95293a714dedd781e9891bcc4db2341cb89c3131673,393216,7.729879547224196,224,4,2012,0,224,6,0,4,0,0,0,4,0,12288,376832,0,5528,0.006714474502487562,4194304,4096,4096,823296,4096,0.004975124378109453,0.014925373134328358,0.4577114427860697,0,16,1048576,4096,1048576,4096,389120,817954,311296,437026,1,1,0,0,0,0,0,12288,12288,6.773823648457711,7.92222907528523,6.364877501151965,1,0,3,44,0,0,0,0,0,80,6946,0,0,0,0,0,0,0,0,0,188,0,0,0,1,0,0,1,1,0,0,0,0,1,0,0,0,0,0,0,1,1,0,0,0,0,0,1,0,1,0,0,0,1,0,1,1,0,0,0,0,0,0,0,0,0,1,0,0,0,0x014c,0x010b,0x0002,.text
106f1d95fc755769e8d61ed358b8d4c29032371a54e010e34f57598fcf812070,dike_batch8,1,original,106f1d95fc755769e8d61ed358b8d4c29032371a54e010e34f57598fcf812070,442368,7.4924416154870475,224,4,2012,0,224,6,0,4,0,0,0,4,0,45056,393216,0,5968,0.007248911691542289,4194304,4096,4096,823296,4096,0.004975124378109453,0.05472636815920398,0.47761194029850745,0,16,1048576,4096,1048576,4096,438272,811556,364544,377180,1,1,0,0,0,0,0,45056,45056,5.625234470525761,7.731603601479853,6.188482545382025,1,0,4,72,0,0,0,0,75,100,4444,0,0,0,0,0,0,0,0,0,304,0,0,0,1,0,0,1,1,0,0,0,0,1,0,0,0,0,0,0,1,1,0,0,0,0,0,1,0,1,0,0,0,1,1,1,1,0,0,0,0,0,0,0,0,0,1,0,0,0,0x014c,0x010b,0x0002,.text
10705e4f25e351942e72300b15ef2987b841f9d0caf1612556fd330e27828612,dike_batch8,1,original,10705e4f25e351942e72300b15ef2987b841f9d0caf1612556fd330e27828612,208896,6.176190418250276,264,5,2012,0,224,8,0,4,0,0,0,4,0,143360,61440,0,77738,0.34507279829545456,1677721600,4096,4096,225280,4096,0.01818181818181818,0.6363636363636364,0.2727272727272727,211640,16,1048576,4096,1048576,4096,204800,218500,143360,143360,1,1,0,0,0,0,0,143360,143360,4.299807021999707,6.643844233661677,6.643844233661677,0,0,7,114,0,0,0,0,106,160,1364,0,0,7660,0,0,0,0,64,0,484,0,0,0,0,0,1,0,0,0,0,0,0,0,1,1,0,0,0,0,1,1,0,0,0,0,0,0,0,1,0,0,0,1,1,1,1,0,0,1,0,0,0,0,1,0,1,0,0,0,0x014c,0x010b,0x0002,.text
107191733d8a951949338068a6bc5fcc39653965bfd579b637649a532769776b,virusshare,1,original,107191733d8a951949338068a6bc5fcc39653965bfd579b637649a532769776b,27136,7.453637199024322,256,8,1992,0,224,2,25,4,0,0,0,4,0,5120,20992,0,8524,0.14864676339285715,2097152,4096,512,57344,1024,0.017857142857142856,0.08928571428571429,0.36607142857142855,0,16,1048576,16384,1048576,4096,26112,26729,18944,18944,1,4,0,2,0,0,0,5120,5120,3.996859615859513,7.944499182874992,6.147770664180742,1,0,2,17,0,0,0,0,0,428,120,0,0,444,0,0,0,24,0,0,0,0,0,0,1,0,0,1,0,0,0,0,0,1,0,0,0,0,0,0,1,1,0,0,0,0,0,1,0,1,0,0,0,1,0,1,1,0,0,1,0,0,0,1,0,0,0,0,0,0,0x014c,0x010b,0x0002,CODE
109723a583819eb2191423deda023a7925c9dcc3ba7085415494fe89be8f03e8,dike_batch8,1,original,109723a583819eb2191423deda023a7925c9dcc3ba7085415494fe89be8f03e8,95272,7.587918766661683,128,3,2012,0,224,2,50,4,0,0,0,4,0,92160,2048,0,4720,0.044320913461538464,4194304,4096,512,106496,512,0.004807692307692308,0.8653846153846154,0.019230769230769232,141366,16,1048576,4096,1048576,4096,93696,93904,92160,92160,1,1,0,0,0,0,0,92160,92160,4.9861578203913774,7.625552305102748,7.625552305102748,1,1064,5,13,0,0,0,0,0,120,0,0,1063,208,0,0,0,0,0,0,72,0,0,0,1,0,0,1,0,0,0,0,0,0,0,0,0,0,0,0,1,1,0,0,0,0,0,1,1,1,0,0,0,1,0,1,0,0,1,1,0,0,0,0,0,0,1,0,0,0,0x014c,0x010b,0x0002,.text
1097ea8aa4235bae09e4ea21af4e18c2f9a5ac9d5c107d7901c93d4b8577081d,dike_batch8,1,original,1097ea8aa4235bae09e4ea21af4e18c2f9a5ac9d5c107d7901c93d4b8577081d,179200,7.721012994475941,208,4,2012,0,224,34,0,5,1,0,0,5,1,165888,12288,0,92126,0.47854679188829785,4194304,4096,512,192512,1024,0.005319148936170213,0.8617021276595744,0.06382978723404255,198281,16,1048576,4096,1048576,4096,178176,178176,165888,165888,1,1,1,0,1,0,0,165888,165888,5.382554221649691,7.775348637801743,7.775348637801743,1,0,4,191,0,0,0,0,76,120,6432,0,0,3984,28,0,0,0,0,0,784,0,0,0,1,0,0,1,0,0,0,0,0,0,0,0,0,0,0,0,1,1,1,1,1,1,0,1,0,1,0,0,0,1,1,1,1,0,0,1,1,0,0,0,0,0,1,0,0,0,0x014c,0x010b,0x0002,.text
109bd81e66b167cb0af906712ee6eaf00bbab360004a2ea68b29c6adf99f12c7,dike_batch8,1,original,109bd81e66b167cb0af906712ee6eaf00bbab360004a2ea68b29c6adf99f12c7,454656,7.413156941314711,232,4,2012,0,224,7,0,4,0,0,0,4,0,24576,420539,397312,6469,0.007556678005382775,4259840,4096,4096,856064,4096,0.004784688995215311,0.028708133971291867,0.4912471497458134,506468,16,1048576,4096,1048576,4096,450560,849336,376832,415160,1,1,0,0,0,0,0,24576,24576,5.76456231747416,7.637137667563604,6.090842719735415,1,0,5,85,0,0,0,0,0,120,32422,0,0,0,0,0,0,0,0,0,360,0,0,0,1,0,0,1,1,0,0,0,0,0,0,0,0,0,0,0,1,1,0,0,0,0,0,1,0,1,0,0,0,1,0,1,1,0,0,0,0,0,0,0,0,0,1,0,0,0,0x014c,0x010b,0x0002,.text
10a1bb2df72d29a02deb7d09f00452f327192031c9493d8e81e39a57988c8788,dike_batch8,1,original,10a1bb2df72d29a02deb7d09f00452f327192031c9493d8e81e39a57988c8788,210432,7.176849218163966,208,4,2011,0,224,10,0,5,1,0,0,5,1,206848,0,0,26205,0.09010852222711267,4194304,4096,512,290816,1024,0.0035211267605633804,0.7112676056338029,0.0,274306,16,1048576,4096,1048576,4096,209408,276106,138240,204938,2,1,1,0,0,0,0,68608,68608,5.2102089796524576,7.860333296031463,7.860333296031463,1,0,6,254,0,0,0,0,93,140,16,0,0,1816,28,0,0,0,0,0,1040,0,0,0,1,0,0,1,0,0,0,0,0,0,0,0,0,0,0,0,1,1,0,0,1,0,0,1,0,1,0,0,0,1,1,1,1,0,0,1,1,0,0,0,0,0,1,0,0,0,0x014c,0x010b,0x0002,.text
10b148efce74a1428874c1668154e0daf3fd1d07eb44c2c2b492507e3881b687,dike_batch8,1,original,10b148efce74a1428874c1668154e0daf3fd1d07eb44c2c2b492507e3881b687,208896,6.169000492698138,264,5,2012,0,224,8,0,4,0,0,0,4,0,143360,61440,0,77738,0.34507279829545456,1677721600,4096,4096,225280,4096,0.01818181818181818,0.6363636363636364,0.2727272727272727,268692,16,1048576,4096,1048576,4096,204800,218500,143360,143360,1,1,0,0,0,0,0,143360,143360,4.287874218425452,6.644363543432543,6.644363543432543,0,0,7,114,0,0,0,0,106,160,1364,0,0,7660,0,0,0,0,64,0,484,0,0,0,0,0,1,0,0,0,0,0,0,0,1,1,0,0,0,0,1,1,0,0,0,0,0,0,0,1,0,0,0,1,1,1,1,0,0,1,0,0,0,0,1,0,1,0,0,0,0x014c,0x010b,0x0002,.text
10c68a2d628effcf0bf5d1798b403e20cff6a586b72bfe4674969aa4f50acf11,dike_batch8,1,original,10c68a2d628effcf0bf5d1798b403e20cff6a586b72bfe4674969aa4f50acf11,393216,7.844860550423771,208,4,2012,0,224,6,0,4,0,0,0,4,0,12288,376832,0,5528,0.006714474502487562,4194304,4096,4096,823296,4096,0.004975124378109453,0.014925373134328358,0.4577114427860697,0,16,1048576,4096,1048576,4096,389120,815510,258048,531930,1,1,0,0,0,0,0,12288,12288,7.204216205837467,7.921797649746479,6.3711560907826295,2,0,2,39,0,0,0,0,0,60,105946,0,0,0,0,0,0,0,0,0,164,0,0,0,1,0,0,1,1,0,0,0,0,1,0,0,0,0,0,0,1,1,0,0,0,0,0,1,0,1,0,0,0,1,0,1,1,0,0,0,0,0,0,0,0,0,1,0,0,0,0x014c,0x010b,0x0002,.text
10d2756c151be2ac68467e94accdc058a269cce44e441ec10579179f885ab075,dike_batch8,1,original,10d2756c151be2ac68467e94accdc058a269cce44e441ec10579179f885ab075,208896,6.395300086764007,264,5,2012,0,224,8,0,4,0,0,0,4,0,143360,61440,0,77738,0.34507279829545456,1677721600,4096,4096,225280,4096,0.01818181818181818,0.6363636363636364,0.2727272727272727,240078,16,1048576,4096,1048576,4096,204800,218500,143360,143360,1,1,0,0,0,0,0,143360,143360,4.64322531765471,6.6441407968086885,6.6441407968086885,0,0,7,114,0,0,0,0,106,160,1364,0,0,7660,0,0,0,0,64,0,484,0,0,0,0,0,1,0,0,0,0,0,0,0,1,1,0,0,0,0,1,1,0,0,0,0,0,0,0,1,0,0,0,1,1,1,1,0,0,1,0,0,0,0,1,0,1,0,0,0,0x014c,0x010b,0x0002,.text
10d66482a43fbbc787c78c34b40de456631866a3756774ecaf1d2e9091a56cc8,dike_batch8,1,original,10d66482a43fbbc787c78c34b40de456631866a3756774ecaf1d2e9091a56cc8,454656,7.586394349577953,216,4,2012,0,224,6,0,4,0,0,0,4,0,61440,389120,0,7056,0.008570429104477612,4194304,4096,4096,823296,4096,0.004975124378109453,0.07462686567164178,0.472636815920398,0,16,1048576,4096,1048576,4096,450560,814676,221184,519060,1,1,0,0,0,0,0,61440,61440,6.557149517708362,7.98209059782945,6.244979313827163,2,0,3,72,0,0,0,0,75,80,158612,0,0,0,0,0,0,0,0,0,300,0,0,0,1,0,0,1,1,0,0,0,0,1,0,0,0,0,0,0,1,1,0,0,0,0,0,1,0,1,0,0,0,1,1,1,1,0,0,0,0,0,0,0,0,0,1,0,0,0,0x014c,0x010b,0x0002,.text
10dabd6539131c6e336b86ea90d45fbc2758e2b37b789783cfb8bec21d660949,dike_batch8,1,original,10dabd6539131c6e336b86ea90d45fbc2758e2b37b789783cfb8bec21d660949,208384,7.196529748730697,200,4,2011,0,224,10,0,5,1,0,0,5,1,204800,0,0,55149,0.18963537081866197,4194304,4096,512,290816,1024,0.0035211267605633804,0.704225352112676,0.0,272186,16,1048576,4096,1048576,4096,207360,275914,137728,206282,2,1,1,0,0,0,0,67072,67072,5.225967316701505,7.86147615710213,7.86147615710213,1,0,5,254,0,0,0,0,102,120,16,0,0,1792,28,0,0,0,0,0,1036,0,0,0,1,0,0,1,0,0,0,0,0,0,0,0,0,0,0,0,1,1,0,0,1,0,0,1,0,1,0,0,0,1,1,1,1,0,0,1,1,0,0,0,0,0,1,0,0,0,0x014c,0x010b,0x0002,.text
10de88ca3cf7e8ac62ef6ee80102423f8a3dbe4f04aca2fd59f2bc9916765df3,dike_batch8,1,original,10de88ca3cf7e8ac62ef6ee80102423f8a3dbe4f04aca2fd59f2bc9916765df3,405504,7.682367879829719,224,4,2012,0,224,6,0,4,0,0,0,4,0,12288,389120,0,5560,0.0067533426616915426,4194304,4096,4096,823296,4096,0.004975124378109453,0.014925373134328358,0.472636815920398,0,16,1048576,4096,1048576,4096,401408,815280,258048,515316,1,1,0,0,0,0,0,12288,12288,6.408525560793045,7.9216268641125245,6.379867567198195,2,0,2,40,0,0,0,0,0,60,101620,0,0,0,0,0,0,0,0,0,168,0,0,0,1,0,0,1,1,0,0,0,0,1,0,0,0,0,0,0,1,1,0,0,0,0,0,1,0,1,0,0,0,1,0,1,1,0,0,0,0,0,0,0,0,0,1,0,0,0,0x014c,0x010b,0x0002,.text
10dfa268094d0d62d3ed8bff71f475215e5b21d18ad1eafdc611da60a8e95e71,dike_batch8,1,original,10dfa268094d0d62d3ed8bff71f475215e5b21d18ad1eafdc611da60a8e95e71,348160,7.820519881512379,216,4,2012,0,224,7,0,4,0,0,0,4,0,94208,237306,499712,92382,0.10895748414855072,4194304,4096,4096,847872,4096,0.004830917874396135,0.1111111111111111,0.279884227807971,354466,16,1048576,4096,1048576,4096,344064,843380,200704,700020,1,1,0,0,0,0,0,94208,94208,5.928290442352619,7.994035215471615,7.994035215471615,3,0,3,8,0,0,0,0,0,80,44137,0,0,0,0,0,0,0,0,0,44,0,0,0,1,0,0,1,1,0,0,0,0,0,0,0,0,0,0,0,1,1,0,0,0,0,0,1,0,1,0,0,0,1,0,1,1,0,0,0,0,0,0,0,0,0,1,0,0,0,0x014c,0x010b,0x0002,.text
10e3ec68675edda86bf07c04f1c40880b3f78e66635a8e7cec1bffc9cb8bb355,dike_batch8,1,original,10e3ec68675edda86bf07c04f1c40880b3f78e66635a8e7cec1bffc9cb8bb355,208896,6.394397257288635,264,5,2012,0,224,8,0,4,0,0,0,4,0,143360,61440,0,77738,0.34507279829545456,1677721600,4096,4096,225280,4096,0.01818181818181818,0.6363636363636364,0.2727272727272727,272703,16,1048576,4096,1048576,4096,204800,218500,143360,143360,1,1,0,0,0,0,0,143360,143360,4.639776530506617,6.643441007385033,6.643441007385033,0,0,7,114,0,0,0,0,106,160,1364,0,0,7656,0,0,0,0,64,0,484,0,0,0,0,0,1,0,0,0,0,0,0,0,1,1,0,0,0,0,1,1,0,0,0,0,0,0,0,1,0,0,0,1,1,1,1,0,0,1,0,0,0,0,1,0,1,0,0,0,0x014c,0x010b,0x0002,.text
10e65d7e69f099d3871550c558017e8c630fe1ffe8110c1d0cf00c06558e4f46,dike_batch8,1,original,10e65d7e69f099d3871550c558017e8c630fe1ffe8110c1d0cf00c06558e4f46,136288,6.856926306848798,128,7,2012,0,224,2,50,4,0,0,0,4,0,113152,20992,0,110752,0.730785472972973,4194304,4096,512,151552,1024,0.006756756756756757,0.7466216216216216,0.13851351351351351,173776,16,1048576,4096,1048576,4096,134144,134144,110080,110080,1,1,0,0,3,0,0,110080,110080,3.402651710962256,7.001683052910764,7.001683052910764,1,1120,5,414,1,0,0,0,0,120,7132,0,1119,1996,0,0,0,0,0,0,1676,0,0,0,0,0,0,1,0,0,0,0,0,0,0,0,0,0,0,0,1,1,0,0,0,1,0,1,1,1,0,0,1,1,0,1,1,0,1,1,0,0,0,0,0,0,1,0,0,0,0x014c,0x010b,0x0002,.text
10ea8072870d3775a5d41ad0257204c0eb7b067c8eafb945bad43f8b832a4845,dike_batch8,1,original,10ea8072870d3775a5d41ad0257204c0eb7b067c8eafb945bad43f8b832a4845,479232,7.317055456780752,232,4,2012,0,224,7,0,4,0,0,0,4,0,28672,446464,262144,6976,0.007008744855967078,4259840,4096,4096,995328,4096,0.00411522633744856,0.02880658436213992,0.448559670781893,535674,16,1048576,4096,1048576,4096,475136,990164,262144,777172,1,1,0,0,0,0,0,28672,28672,6.377011275331904,7.83067034589474,6.487306995890216,1,0,6,84,0,0,0,0,0,140,173048,0,0,0,0,0,0,0,0,0,360,0,0,0,1,0,0,1,1,0,0,0,0,0,0,0,0,0,0,0,1,1,0,0,0,0,0,1,0,1,0,0,0,1,0,1,1,0,0,0,0,0,0,0,0,0,1,0,0,0,0x014c,0x010b,0x0002,.text
10fa459ab09fd2b4acc2700629f9388694159d78e64fa7874bf19854f4d82afc,dike_batch8,1,original,10fa459ab09fd2b4acc2700629f9388694159d78e64fa7874bf19854f4d82afc,212992,6.4020347229386605,248,5,2011,0,224,8,0,4,0,0,0,4,0,147456,61440,0,79418,0.34623500279017855,1677721600,4096,4096,229376,4096,0.017857142857142856,0.6428571428571429,0.26785714285714285,242436,16,1048576,4096,1048576,4096,208896,222788,147456,147456,1,1,0,0,0,0,0,147456,147456,4.699734212287067,6.621145106231213,6.621145106231213,0,0,7,115,0,0,0,0,106,160,1364,0,0,8544,0,0,0,0,64,0,488,0,0,0,0,0,1,0,0,0,0,0,0,0,1,1,0,0,0,0,1,1,0,0,0,0,0,0,0,1,0,0,0,1,1,1,1,0,0,1,0,0,0,0,1,0,1,0,0,0,0x014c,0x010b,0x0002,.text
10fae93fe86de6d5937cc4902c34384a7689a40525300a9baffd76578df7426a,dike_batch8,1,original,10fae93fe86de6d5937cc4902c34384a7689a40525300a9baffd76578df7426a,195584,7.517737732440497,200,3,2011,0,224,10,0,5,1,0,0,5,1,67584,0,0,36674,0.12790876116071428,4194304,4096,512,286720,1024,0.0035714285714285713,0.2357142857142857,0.0,245113,16,1048576,4096,1048576,4096,194560,275777,124928,206145,1,1,0,0,0,0,0,67584,67584,7.093493619855438,7.682399530252314,7.682399530252314,2,0,6,262,0,0,0,0,94,140,16,0,0,1784,0,0,0,0,0,0,1072,0,0,0,1,0,0,1,0,0,0,0,0,0,0,0,0,0,0,0,1,1,0,0,0,0,0,1,0,1,0,0,0,1,1,1,1,0,0,1,0,0,0,0,0,0,1,0,0,0,0x014c,0x010b,0x0002,.text
10fe076cadca37a5b51c773b2744428cc431806768b0d308fb98d818022127a0,virusshare,1,original,10fe076cadca37a5b51c773b2744428cc431806768b0d308fb98d818022127a0,196608,7.8774317034165025,256,3,1992,0,224,2,25,1,0,0,0,4,0,192512,8192,335872,530384,0.9809718276515151,4194304,4096,512,540672,4096,0.007575757575757576,0.3560606060606061,0.015151515151515152,0,16,0,0,1048576,4096,195584,536576,190976,335872,2,3,2,1,2,0,1,190976,192512,5.763921392052042,7.913358298493398,7.913358298493398,1,0,7,8,0,0,0,0,168,408,3888,0,0,12,0,0,0,0,0,0,0,0,0,0,1,0,1,0,0,0,0,0,0,1,0,0,0,0,0,0,1,1,1,1,1,1,0,1,0,1,0,0,0,1,1,1,1,0,0,1,0,0,0,0,0,0,0,0,0,0,0x014c,0x010b,0x0002,UPX1
11040aa18c7311b97c83b56652770374154d3277a6163c4fb0460aede20b09f9,dike_batch8,1,original,11040aa18c7311b97c83b56652770374154d3277a6163c4fb0460aede20b09f9,208896,6.394439123718581,264,5,2012,0,224,8,0,4,0,0,0,4,0,143360,61440,0,77738,0.34507279829545456,1677721600,4096,4096,225280,4096,0.01818181818181818,0.6363636363636364,0.2727272727272727,268692,16,1048576,4096,1048576,4096,204800,218500,143360,143360,1,1,0,0,0,0,0,143360,143360,4.64118598744232,6.644363543432543,6.644363543432543,0,0,7,114,0,0,0,0,106,160,1364,0,0,7660,0,0,0,0,64,0,484,0,0,0,0,0,1,0,0,0,0,0,0,0,1,1,0,0,0,0,1,1,0,0,0,0,0,0,0,1,0,0,0,1,1,1,1,0,0,1,0,0,0,0,1,0,1,0,0,0,0x014c,0x010b,0x0002,.text
110cfde712ee0b0409ab9cb0f0af2d7a172b0ba089a488ba6df2d1d006d4ef75,dike_batch8,1,original,110cfde712ee0b0409ab9cb0f0af2d7a172b0ba089a488ba6df2d1d006d4ef75,356352,7.731250412041051,216,4,2012,0,224,7,0,4,0,0,0,4,0,4096,333616,585728,4564,0.004844599184782608,4194304,4096,4096,942080,4096,0.004347826086956522,0.004347826086956522,0.3541270380434783,367969,16,1048576,4096,1048576,4096,352256,937836,188416,773996,1,1,0,0,0,0,0,4096,4096,5.931177022819133,7.8708242995701285,2.1348386860406623,2,0,4,12,0,0,0,0,0,100,137050,0,0,0,0,0,0,0,0,0,64,0,0,0,1,0,0,1,1,0,0,0,0,0,0,0,0,0,0,0,1,1,0,0,0,0,0,1,0,1,0,0,0,1,0,1,1,0,0,0,0,0,0,0,0,0,1,0,0,0,0x014c,0x010b,0x0002,.text
110ff5a0689cf2cde5f126692fdd5568003da3980e0c70a5869c939d08c19f98,dike_batch8,1,original,110ff5a0689cf2cde5f126692fdd5568003da3980e0c70a5869c939d08c19f98,208896,6.1791745346330496,264,5,2012,0,224,8,0,4,0,0,0,4,0,143360,61440,0,77738,0.34507279829545456,1677721600,4096,4096,225280,4096,0.01818181818181818,0.6363636363636364,0.2727272727272727,213841,16,1048576,4096,1048576,4096,204800,218500,143360,143360,1,1,0,0,0,0,0,143360,143360,4.345129974586515,6.643716243363028,6.643716243363028,0,0,7,114,0,0,0,0,106,160,1364,0,0,7656,0,0,0,0,64,0,484,0,0,0,0,0,1,0,0,0,0,0,0,0,1,1,0,0,0,0,1,1,0,0,0,0,0,0,0,1,0,0,0,1,1,1,1,0,0,1,0,0,0,0,1,0,1,0,0,0,0x014c,0x010b,0x0002,.text
1116b11b61b76d79638747c405e7279093f919ad9b6a9af4753749a2d60d8642,dike_batch8,1,original,1116b11b61b76d79638747c405e7279093f919ad9b6a9af4753749a2d60d8642,127968,6.689306565697457,128,7,2012,0,224,2,50,4,0,0,0,4,0,15360,111104,0,6000,0.040690104166666664,4194304,4096,512,147456,1024,0.006944444444444444,0.10416666666666667,0.7534722222222222,161641,16,1048576,4096,1048576,4096,125952,126124,100864,101036,1,4,0,0,3,0,0,15360,15360,4.688071971966767,7.282156895766084,2.6176438501958716,1,992,4,33,0,0,0,0,0,100,6004,0,992,384,0,0,0,0,0,0,148,0,0,0,0,0,0,1,0,0,0,0,0,0,0,0,0,0,0,0,1,1,0,0,0,1,0,1,1,1,0,0,0,1,0,1,1,0,1,1,0,0,0,0,0,0,1,0,0,0,0x014c,0x010b,0x0002,.text
11176315ad64d599dcbd5bc6250ee97f51ea5784a6eb6220d47a25ad1743025b,dike_batch8,1,original,11176315ad64d599dcbd5bc6250ee97f51ea5784a6eb6220d47a25ad1743025b,433664,7.872003482211197,608,6,2008,0,224,9,0,6,1,6,1,5,1,60928,371200,0,427070,0.9847946797520661,65536,512,512,433664,1536,0.0035419126328217238,0.14049586776859505,0.8559622195985832,441226,16,262144,4096,1048576,4096,432128,432128,361472,361472,2,2,1,0,1,0,3,1024,1024,4.513116315116547,7.988118592801448,4.455424572022101,1,0,2,25,0,0,0,0,0,60,768,0,0,3136,0,0,0,0,64,0,108,0,0,0,1,0,0,1,0,0,0,0,0,0,0,0,0,0,0,0,1,1,1,1,1,1,0,1,0,1,0,0,0,1,0,1,1,0,0,1,0,0,0,0,1,0,1,0,0,0,0x014c,0x010b,0x0001,INIT
11188b97ae905ab195ce0fcf2e5bf10a5263e578ea4bc57aa3db8e52bddefa79,dike_batch8,1,original,11188b97ae905ab195ce0fcf2e5bf10a5263e578ea4bc57aa3db8e52bddefa79,390656,7.845780000070475,124,4,2011,0,224,10,0,4,0,0,0,4,0,5632,384000,0,5432,0.006597870024875622,4194304,4096,512,823296,1024,0.0012437810945273632,0.006840796019900498,0.4664179104477612,0,16,1048576,4096,1048576,4096,389632,814080,380928,425984,1,2,0,0,0,0,0,5632,5632,6.057669943234038,7.881556445801187,6.280128419846927,1,0,4,39,0,0,0,0,0,120,380434,0,0,0,0,0,0,0,0,0,176,176,0,0,1,0,0,1,1,0,0,0,0,1,0,0,0,0,0,0,1,1,0,0,0,0,0,1,0,1,0,0,0,1,0,1,1,0,0,0,0,0,0,0,0,0,1,1,0,0,0x014c,0x010b,0x0002,.text
111a34180bb6bb4c33bb2df696c310fb2d0d8006c7e8635278f48d5ffad5ba2e,dike_batch8,1,original,111a34180bb6bb4c33bb2df696c310fb2d0d8006c7e8635278f48d5ffad5ba2e,503808,7.047628217669542,216,5,2012,0,224,7,0,4,0,0,0,4,0,32768,466944,4096,8020,0.0097900390625,4259840,4096,4096,819200,4096,0.005,0.04,0.57,548861,16,1048576,4096,1048576,4096,499712,813376,434176,434176,1,2,0,0,0,0,0,32768,32768,5.61938837485067,7.195885730337544,6.4243958798856005,1,0,6,78,0,0,0,0,0,140,17116,0,0,0,0,0,0,0,0,0,336,0,0,0,0,0,0,1,1,0,0,0,0,0,0,0,0,0,0,0,1,1,0,0,0,0,0,1,0,1,0,0,0,1,0,1,1,0,0,0,0,0,0,0,0,0,1,0,0,0,0x014c,0x010b,0x0002,.text
1135222add714613bd08bc04af38609417a5a34e5179c93d1ac4ed00548fa4f8,dike_batch8,1,original,1135222add714613bd08bc04af38609417a5a34e5179c93d1ac4ed00548fa4f8,483328,7.321210515309083,232,4,2012,0,224,7,0,4,0,0,0,4,0,28672,450560,262144,6976,0.006980020491803279,4259840,4096,4096,999424,4096,0.004098360655737705,0.028688524590163935,0.45081967213114754,500800,16,1048576,4096,1048576,4096,479232,994260,262144,777172,1,1,0,0,0,0,0,28672,28672,6.37547977606561,7.823868067003238,6.487992777119516,1,0,6,84,0,0,0,0,0,140,176792,0,0,0,0,0,0,0,0,0,360,0,0,0,1,0,0,1,1,0,0,0,0,0,0,0,0,0,0,0,1,1,0,0,0,0,0,1,0,1,0,0,0,1,0,1,1,0,0,0,0,0,0,0,0,0,1,0,0,0,0x014c,0x010b,0x0002,.text
114a8b27c6b27cbd9fd2ef1ad76fe759fc31651ba9b4662f6ac2c8b5740c58ca,dike_batch10,1,original,114a8b27c6b27cbd9fd2ef1ad76fe759fc31651ba9b4662f6ac2c8b5740c58ca,378880,7.879385844298202,124,4,2012,0,224,10,0,4,0,0,0,4,0,5632,372224,0,5172,0.006282066231343283,4194304,4096,512,823296,1024,0.0012437810945273632,0.006840796019900498,0.4521144278606965,0,16,1048576,4096,1048576,4096,377856,810496,369152,434176,1,2,0,0,0,0,0,5632,5632,4.564456367757551,7.9141632821791426,6.374924808202844,1,0,4,39,0,0,0,0,0,120,368674,0,0,0,0,0,0,0,0,0,176,176,0,0,1,0,0,1,1,0,0,0,0,1,0,0,0,0,0,0,1,1,0,0,0,0,0,1,0,1,0,0,0,1,0,1,1,0,0,0,0,0,0,0,0,0,1,1,0,0,0x014c,0x010b,0x0002,.text
1157b41300739f897a949a9878db437e977769d1c678f9029c91495dd70bb807,dike_batch10,1,original,1157b41300739f897a949a9878db437e977769d1c678f9029c91495dd70bb807,348160,7.820781577826609,216,4,2012,0,224,7,0,4,0,0,0,4,0,94208,237306,499712,92382,0.10895748414855072,4194304,4096,4096,847872,4096,0.004830917874396135,0.1111111111111111,0.279884227807971,356444,16,1048576,4096,1048576,4096,344064,843380,200704,700020,1,1,0,0,0,0,0,94208,94208,5.928769343811099,7.994341452748602,7.994341452748602,3,0,3,8,0,0,0,0,0,80,44137,0,0,0,0,0,0,0,0,0,44,0,0,0,1,0,0,1,1,0,0,0,0,0,0,0,0,0,0,0,1,1,0,0,0,0,0,1,0,1,0,0,0,1,0,1,1,0,0,0,0,0,0,0,0,0,1,0,0,0,0x014c,0x010b,0x0002,.text
11668696918a1745480fa2d147064b39712995877417cb146581b8a5ebd14e2b,dike_batch10,1,original,11668696918a1745480fa2d147064b39712995877417cb146581b8a5ebd14e2b,94760,7.588958972610485,128,3,2012,0,224,2,50,4,0,0,0,4,0,91648,1536,0,4720,0.044320913461538464,4194304,4096,512,106496,512,0.004807692307692308,0.8605769230769231,0.014423076923076924,97266,16,1048576,4096,1048576,4096,93184,93184,91648,91648,1,1,0,0,0,0,0,91648,91648,4.338874694517076,7.636349278865381,7.636349278865381,1,1064,3,8,0,0,0,0,0,80,0,0,1063,132,0,0,0,0,0,0,44,0,0,0,1,0,0,1,0,0,0,0,0,0,0,0,0,0,0,0,1,1,0,0,0,0,0,1,1,1,0,0,0,1,0,1,0,0,1,1,0,0,0,0,0,0,1,0,0,0,0x014c,0x010b,0x0002,.text
117429bd5cfd4c82f52fb0d37333672b788b613e69d196a6dcfc18f212e0d746,dike_batch10,1,original,117429bd5cfd4c82f52fb0d37333672b788b613e69d196a6dcfc18f212e0d746,208896,6.399427333555439,264,5,2012,0,224,8,0,4,0,0,0,4,0,143360,61440,0,77738,0.34507279829545456,1677721600,4096,4096,225280,4096,0.01818181818181818,0.6363636363636364,0.2727272727272727,239044,16,1048576,4096,1048576,4096,204800,218500,143360,143360,1,1,0,0,0,0,0,143360,143360,4.647263025723168,6.644070165747278,6.644070165747278,0,0,7,114,0,0,0,0,106,160,1364,0,0,7656,0,0,0,0,64,0,484,0,0,0,0,0,1,0,0,0,0,0,0,0,1,1,0,0,0,0,1,1,0,0,0,0,0,0,0,1,0,0,0,1,1,1,1,0,0,1,0,0,0,0,1,0,1,0,0,0,0x014c,0x010b,0x0002,.text
117a8d44059368cd8dd048404a0f98fac4c0e7a2f9da479d0fb9ed61ce24e549,dike_batch10,1,original,117a8d44059368cd8dd048404a0f98fac4c0e7a2f9da479d0fb9ed61ce24e549,458752,7.453911729790047,216,4,2012,0,224,7,0,4,0,0,0,4,0,28672,425984,249856,6970,0.007060830523858921,4259840,4096,4096,987136,4096,0.004149377593360996,0.029045643153526972,0.4315352697095436,486112,16,1048576,4096,1048576,4096,454656,980180,249856,775380,1,1,0,0,0,0,0,28672,28672,6.438226247959392,7.847710641136325,6.480273312491789,2,0,4,85,0,0,0,0,0,100,167581,0,0,0,0,0,0,0,0,0,356,0,0,0,1,0,0,1,1,0,0,0,0,0,0,0,0,0,0,0,1,1,0,0,0,0,0,1,0,1,0,0,0,1,0,1,1,0,0,0,0,0,0,0,0,0,1,0,0,0,0x014c,0x010b,0x0002,.text
117bc7c690dc2d08afbab1bdfdd55ae76a39517b90bf0584bdce982692c7289e,dike_batch10,1,original,117bc7c690dc2d08afbab1bdfdd55ae76a39517b90bf0584bdce982692c7289e,438272,7.578881809487477,224,4,2012,0,224,7,0,4,0,0,0,4,0,20480,402754,417792,6137,0.007168856534090909,4259840,4096,4096,856064,4096,0.004784688995215311,0.023923444976076555,0.4704718338815789,494923,16,1048576,4096,1048576,4096,434176,850392,274432,690648,1,1,0,0,0,0,0,20480,20480,7.139552325191001,7.698464582407261,6.711180283365824,2,0,6,75,0,0,0,0,0,140,31947,0,0,0,0,0,0,0,0,0,324,0,0,0,1,0,0,1,1,0,0,0,0,0,0,0,0,0,0,0,1,1,0,0,0,0,0,1,0,1,0,0,0,1,0,1,1,0,0,0,0,0,0,0,0,0,1,0,0,0,0x014c,0x010b,0x0002,.text
11895fd5a74d167ca0ca570e4f23928eca77e4bce2c2ff9e0a64abc2e649bfa4,dike_batch9,1,original,11895fd5a74d167ca0ca570e4f23928eca77e4bce2c2ff9e0a64abc2e649bfa4,95785,7.62667139270888,128,5,2012,0,224,2,50,4,0,0,0,4,0,2048,91648,0,4640,0.04195601851851852,4194304,4096,512,110592,1024,0.009259259259259259,0.018518518518518517,0.8287037037037037,124797,16,1048576,4096,1048576,4096,93696,93696,88064,88064,1,1,0,0,0,0,0,2048,2048,4.11909412824625,7.757345855277024,5.49026667392277,1,1065,3,6,0,0,0,0,0,80,1636,0,1024,132,0,0,0,0,0,0,36,0,0,0,1,0,0,1,0,0,0,0,0,0,0,0,0,0,0,0,1,1,0,0,0,0,0,1,1,1,0,0,0,1,0,1,1,0,1,1,0,0,0,0,0,0,1,0,0,0,0x014c,0x010b,0x0002,.text
118b9214adc5de503dc23676dadc9eedc8dece3ab568b6cc53a901ca7231839f,dike_batch9,1,original,118b9214adc5de503dc23676dadc9eedc8dece3ab568b6cc53a901ca7231839f,110688,6.968950650493242,128,5,2012,0,224,2,50,4,0,0,0,4,0,103424,5632,0,5152,0.04192708333333333,4194304,4096,512,122880,1024,0.008333333333333333,0.8416666666666667,0.04583333333333333,128959,16,1048576,4096,1048576,4096,108544,108736,101376,101376,1,1,0,0,1,0,0,2048,2048,4.292395963827343,7.123962323304716,5.13070010046136,1,1120,2,7,0,0,0,0,0,60,4044,0,1119,96,0,0,0,0,0,0,36,0,0,0,0,0,0,1,0,0,0,0,0,0,0,0,0,0,0,0,1,1,0,0,0,1,0,1,1,1,0,0,0,1,0,1,1,0,1,1,0,0,0,0,0,0,1,0,0,0,0x014c,0x010b,0x0002,.text
118dea5059cd9fee6c21204f452f37ec0d11c4dada34a46ecf0db9f007b7e964,dike_batch9,1,original,118dea5059cd9fee6c21204f452f37ec0d11c4dada34a46ecf0db9f007b7e964,394240,7.820531321952013,124,4,2011,0,224,10,0,4,0,0,0,4,0,5632,387584,0,5392,0.006549284825870647,4194304,4096,512,823296,1024,0.0012437810945273632,0.006840796019900498,0.47077114427860695,0,16,1048576,4096,1048576,4096,393216,813568,384512,421888,1,2,0,0,0,0,0,5632,5632,6.1422948495303045,7.853050696879293,6.447729341957287,1,0,4,39,0,0,0,0,0,120,384476,0,0,0,0,0,0,0,0,0,176,176,0,0,1,0,0,1,1,0,0,0,0,1,0,0,0,0,0,0,1,1,0,0,0,0,0,1,0,1,0,0,0,1,0,1,1,0,0,0,0,0,0,0,0,0,1,1,0,0,0x014c,0x010b,0x0002,.text
119a79b7067506445435b68cda7606217ae606421af8d300e4efa95f8c70a488,dike_batch9,1,original,119a79b7067506445435b68cda7606217ae606421af8d300e4efa95f8c70a488,110176,6.993737783694358,128,4,2012,0,224,2,50,4,0,0,0,4,0,102912,5632,0,110272,0.8973958333333333,4194304,4096,512,122880,1024,0.008333333333333333,0.8375,0.04583333333333333,170398,16,1048576,4096,1048576,4096,108032,108268,102912,102912,0,2,0,0,0,0,1,102912,102912,4.1741822679614184,7.134031191018451,7.134031191018451,1,1120,2,9,0,0,0,0,0,60,4044,0,1119,108,0,0,0,0,0,0,44,0,0,0,0,0,0,1,0,0,0,0,0,0,0,0,0,0,0,0,1,0,1,0,0,0,0,1,1,1,0,0,0,1,0,1,1,0,1,1,0,0,0,0,0,0,1,0,0,0,0x014c,0x010b,0x0002,.text
119fd0c88dfa6a6f64e9fe200cd7854adbce6511c2bdd3ca8ae9460800fbc4b7,dike_batch9,1,original,119fd0c88dfa6a6f64e9fe200cd7854adbce6511c2bdd3ca8ae9460800fbc4b7,283160,7.607869399548871,128,5,2012,0,224,2,50,4,0,0,0,4,0,4096,276992,0,4928,0.01694542253521127,4194304,4096,512,290816,1024,0.0035211267605633804,0.014084507042253521,0.9524647887323944,318714,16,1048576,4096,1048576,4096,281088,281088,266240,266240,1,1,0,0,1,0,0,4096,4096,5.359054578164749,7.669048563086353,5.204911455554366,1,1048,4,287,0,0,0,0,0,100,1716,0,1047,1304,0,0,0,0,0,0,1164,0,0,0,1,0,0,1,0,0,0,0,0,0,0,0,0,0,0,0,1,1,0,0,0,1,0,1,1,1,0,0,0,1,0,1,1,0,1,1,0,0,0,0,0,0,1,0,0,0,0x014c,0x010b,0x0002,.text
11a1cbe0858266aa72c1b5671e1eb114e7b2dd2ac1238259fb3df51fa64571be,dike_batch9,1,original,11a1cbe0858266aa72c1b5671e1eb114e7b2dd2ac1238259fb3df51fa64571be,210432,7.175042490250463,208,4,2011,0,224,10,0,5,1,0,0,5,1,206848,0,0,26205,0.09010852222711267,4194304,4096,512,290816,1024,0.0035211267605633804,0.7112676056338029,0.0,225659,16,1048576,4096,1048576,4096,209408,275978,138240,204810,2,1,1,0,0,0,0,68608,68608,5.213676982336426,7.861203193147262,7.861203193147262,1,0,6,254,0,0,0,0,93,140,16,0,0,1816,28,0,0,0,0,0,1040,0,0,0,1,0,0,1,0,0,0,0,0,0,0,0,0,0,0,0,1,1,0,0,1,0,0,1,0,1,0,0,0,1,1,1,1,0,0,1,1,0,0,0,0,0,1,0,0,0,0x014c,0x010b,0x0002,.text
11a535acfd78a802e1990e0f89655dd1c9aa8410a21781440951912e523d16ae,dike_batch9,1,original,11a535acfd78a802e1990e0f89655dd1c9aa8410a21781440951912e523d16ae,389120,7.6345469918001525,216,4,2012,0,224,6,0,4,0,0,0,4,0,20480,364544,0,5391,0.006890901096204188,4194304,4096,4096,782336,4096,0.005235602094240838,0.02617801047120419,0.46596858638743455,0,16,1048576,4096,1048576,4096,385024,775336,344064,734376,1,1,0,0,0,0,0,20480,20480,5.407386950810645,7.831240520701598,6.049945240678259,1,0,3,46,0,0,0,0,0,80,14560,0,0,0,0,0,0,0,0,0,196,0,0,0,1,0,0,1,1,0,0,0,0,1,0,0,0,0,0,0,1,1,0,0,0,0,0,1,0,1,0,0,0,1,0,1,1,0,0,0,0,0,0,0,0,0,1,0,0,0,0x014c,0x010b,0x0002,.text
11ae7d5a3d25ecad5a694daad49b912015d88c529caa2bd096d32bdc573ad99b,virusshare,1,original,11ae7d5a3d25ecad5a694daad49b912015d88c529caa2bd096d32bdc573ad99b,20112,7.790405365433906,232,3,2008,0,224,6,0,4,0,0,0,4,0,0,20480,307200,311995,0.9289104182545732,4194304,4096,512,335872,1536,0.004573170731707317,0.0,0.06097560975609756,67538,16,1048576,4096,1048576,4096,19088,331241,19088,307200,3,3,3,2,3,0,1,19088,20480,7.926959319164511,7.926959319164511,7.926959319164511,1,0,8,13,1,0,0,0,0,180,4464,0,0,8,0,0,0,0,0,0,0,0,0,1048576,1,0,0,1,1,0,0,0,0,0,0,0,0,0,0,0,1,1,1,1,1,1,0,1,0,1,0,0,1,1,0,1,1,0,0,1,0,0,0,0,0,0,0,0,0,0,0x014c,0x010b,0x0002,.nsp1
11c111edf0450c1a60181f34a2a682db2903bedff654b65dd5e403edc8d4f277,dike_batch9,1,original,11c111edf0450c1a60181f34a2a682db2903bedff654b65dd5e403edc8d4f277,209920,7.184541893626535,208,4,2011,0,224,10,0,5,1,0,0,5,1,206336,0,0,26205,0.09139578683035714,4194304,4096,512,286720,1024,0.0035714285714285713,0.7196428571428571,0.0,245898,16,1048576,4096,1048576,4096,208896,275850,137728,204682,2,1,1,0,0,0,0,68608,68608,5.215804755345252,7.861375461992035,7.861375461992035,1,0,6,254,0,0,0,0,93,140,16,0,0,1816,28,0,0,0,0,0,1040,0,0,0,1,0,0,1,0,0,0,0,0,0,0,0,0,0,0,0,1,1,0,0,1,0,0,1,0,1,0,0,0,1,1,1,1,0,0,1,1,0,0,0,0,0,1,0,0,0,0x014c,0x010b,0x0002,.text
11d0d8319eb27263a3bf43b9ef398f84d0ec5e743271b351d68d5bcbd179a010,dike_batch9,1,original,11d0d8319eb27263a3bf43b9ef398f84d0ec5e743271b351d68d5bcbd179a010,117760,7.715109045353802,216,5,2012,0,224,10,0,5,1,0,0,5,1,9728,96256,0,11274,0.08340731534090909,4194304,4096,512,135168,1024,0.007575757575757576,0.07196969696969698,0.7121212121212122,73852,16,1048576,4096,1048576,4096,116736,118272,95232,95232,1,5,1,0,0,0,0,9728,9728,4.403342785749031,7.965678720229096,4.731699921383416,1,0,11,409,0,0,0,0,0,10752,95116,0,0,292,0,0,0,0,0,0,0,0,0,0,1,0,0,1,0,0,0,0,0,0,1,1,0,0,0,1,1,1,1,1,1,0,0,1,0,1,0,0,0,1,0,1,1,0,0,1,0,0,0,0,0,0,0,0,0,0,0x014c,0x010b,0x0002,.text
11d5482bc2ad08301743845e2671cbd157f64f4861097e05d6ff13ae49d073bf,dike_batch9,1,original,11d5482bc2ad08301743845e2671cbd157f64f4861097e05d6ff13ae49d073bf,504320,6.617944234050206,124,4,0,0,224,12,0,4,0,0,0,4,0,5632,497664,0,5196,0.005845874135944701,4194304,4096,512,888832,1024,0.001152073732718894,0.006336405529953917,0.5599078341013825,0,16,1048576,4096,1048576,4096,503296,878592,494080,494080,1,2,0,0,0,0,0,5632,5632,5.627776334936613,6.642904041572571,6.208655972727914,0,0,4,39,0,0,0,0,0,120,493746,92,0,0,0,0,0,0,0,0,0,0,0,0,0,0,0,1,1,0,1,0,0,1,0,0,0,0,0,0,1,1,0,0,0,0,0,0,0,1,0,0,0,1,0,1,1,1,0,0,0,0,0,0,0,0,0,0,0,0,0x014c,0x010b,0x0002,.text
11d78bd5203f4181856dc3f0f46ae83454f8a296885be9705da209bfbdbf17b2,dike_batch9,1,original,11d78bd5203f4181856dc3f0f46ae83454f8a296885be9705da209bfbdbf17b2,471040,7.044333077873287,248,5,2008,0,224,8,0,4,0,0,0,4,0,176128,290816,0,57568,0.11910752118644068,268435456,4096,4096,483328,4096,0.00847457627118644,0.3644067796610169,0.6016949152542372,527527,16,1048576,4096,1048576,4096,466944,475328,192512,192512,1,1,0,0,0,0,0,176128,176128,5.166051633480892,7.742423804707627,6.641209161915963,1,0,5,59,0,0,0,0,1160,120,31648,0,0,13156,0,0,0,0,64,0,596,0,0,0,1,0,1,0,0,0,0,0,0,0,0,0,0,0,0,0,1,1,0,0,0,0,0,1,0,1,0,0,0,1,1,1,1,0,0,1,0,0,0,0,1,0,1,0,0,0,0x014c,0x010b,0x0002,.text
11d81f99427ab7aea532817595934d3fce95a53e41f2d1fd711c4032cc1404d1,dike_batch9,1,original,11d81f99427ab7aea532817595934d3fce95a53e41f2d1fd711c4032cc1404d1,323624,7.39365045263143,128,9,2012,0,224,2,50,4,0,0,0,4,0,271872,50176,0,5120,0.014534883720930232,4194304,4096,512,352256,1024,0.0029069767441860465,0.7718023255813954,0.14244186046511628,326131,16,1048576,4096,1048576,4096,321536,321624,271872,271872,1,6,0,0,5,0,0,271872,271872,5.9292778637089425,7.635179196758924,7.635179196758924,1,1064,9,738,10,0,0,0,0,200,20568,0,1063,4104,0,0,0,0,0,0,2988,0,0,0,1,0,0,1,0,0,0,0,0,0,0,0,0,0,0,0,1,1,0,0,0,1,0,1,1,1,0,0,1,1,0,1,1,0,1,1,0,0,0,0,0,0,1,0,0,0,0x014c,0x010b,0x0002,.text
11e36cc05771e8a94ad6da9d73c1c25c350758514d9cf6b4e6e2598939e84bb6,dike_batch9,1,original,11e36cc05771e8a94ad6da9d73c1c25c350758514d9cf6b4e6e2598939e84bb6,434176,7.5067140762022575,248,4,2012,0,224,6,0,4,0,0,0,4,0,36864,393216,0,5776,0.007015702736318408,4194304,4096,4096,823296,4096,0.004975124378109453,0.04477611940298507,0.47761194029850745,0,16,1048576,4096,1048576,4096,430080,812376,364544,385372,1,1,0,0,0,0,0,36864,36864,5.623278429968315,7.73612969509472,6.23329922729625,1,0,4,69,0,0,0,0,75,100,4444,0,0,0,0,0,0,0,0,0,292,0,0,0,1,0,0,1,1,0,0,0,0,1,0,0,0,0,0,0,1,1,0,0,0,0,0,1,0,1,0,0,0,1,1,1,1,0,0,0,0,0,0,0,0,0,1,0,0,0,0x014c,0x010b,0x0002,.text
11f8c93b03a92436eff07c8ab4bfaea6cc581b9a94f8a92bc328ad1b5a243f09,dike_batch9,1,original,11f8c93b03a92436eff07c8ab4bfaea6cc581b9a94f8a92bc328ad1b5a243f09,301096,7.624488319067927,128,4,2012,0,224,2,50,4,0,0,0,4,0,272384,26624,0,271584,0.8840625,4194304,4096,512,307200,1024,0.0033333333333333335,0.8866666666666667,0.08666666666666667,302948,16,1048576,4096,1048576,4096,299008,299008,272384,272384,1,1,0,0,0,0,0,272384,272384,5.99081641850756,7.703562365619351,7.703562365619351,1,1064,4,584,1,0,0,0,0,100,7132,0,1063,2784,0,0,0,0,0,0,2352,0,0,0,1,0,0,1,0,0,0,0,0,0,0,0,0,0,0,0,1,1,0,0,0,0,0,1,1,1,0,0,1,1,0,1,1,0,1,1,0,0,0,0,0,0,1,0,0,0,0x014c,0x010b,0x0002,.text
11fbeda18f46a7938efdd1de777f14d8f697742ddf7ac3880a052f559cdc50b3,dike_batch9,1,original,11fbeda18f46a7938efdd1de777f14d8f697742ddf7ac3880a052f559cdc50b3,442368,7.6265822015397475,216,4,2012,0,224,7,0,4,0,0,0,4,0,32768,405504,376832,6708,0.0081884765625,4259840,4096,4096,819200,4096,0.005,0.04,0.495,463196,16,1048576,4096,1048576,4096,438272,815028,376832,753588,1,1,0,0,0,0,0,32768,32768,5.672545721132861,7.824675539014373,6.287855537822632,1,0,3,63,0,0,0,0,0,80,17116,0,0,0,0,0,0,0,0,0,264,0,0,0,1,0,0,1,1,0,0,0,0,0,0,0,0,0,0,0,1,1,0,0,0,0,0,1,0,1,0,0,0,1,0,1,1,0,0,0,0,0,0,0,0,0,1,0,0,0,0x014c,0x010b,0x0002,.text
1203cbc48cdea38908e07b73eb0b7d9bdc32412dbafb5e61ff0f04576a33865c,dike_batch9,1,original,1203cbc48cdea38908e07b73eb0b7d9bdc32412dbafb5e61ff0f04576a33865c,421888,7.66346473881699,224,4,2012,0,224,6,0,4,0,0,0,4,0,36864,380928,0,5616,0.006821361940298507,4194304,4096,4096,823296,4096,0.004975124378109453,0.04477611940298507,0.4626865671641791,0,16,1048576,4096,1048576,4096,417792,814118,360448,402506,1,1,0,0,0,0,0,36864,36864,4.803392586059746,7.904387856574025,6.129812866790644,1,0,4,62,0,0,0,0,0,100,5194,0,0,0,0,0,0,0,0,0,264,0,0,0,1,0,0,1,1,0,0,0,0,1,0,0,0,0,0,0,1,1,0,0,0,0,0,1,0,1,0,0,0,1,0,1,1,0,0,0,0,0,0,0,0,0,1,0,0,0,0x014c,0x010b,0x0002,.text
1203f683bc8e6f98a639c6ac590c011f53901ce2994f8941704f66d6504c6832,dike_batch9,1,original,1203f683bc8e6f98a639c6ac590c011f53901ce2994f8941704f66d6504c6832,458752,7.464665539635009,216,4,2012,0,224,7,0,4,0,0,0,4,0,28672,425984,249856,7354,0.007449834673236515,4259840,4096,4096,987136,4096,0.004149377593360996,0.029045643153526972,0.4315352697095436,518000,16,1048576,4096,1048576,4096,454656,979156,249856,774356,1,1,0,0,0,0,0,28672,28672,6.494840277184272,7.867753635204261,6.52793273875411,2,0,6,95,0,0,0,0,0,140,167536,0,0,0,0,0,0,0,0,0,404,0,0,0,1,0,0,1,1,0,0,0,0,0,0,0,0,0,0,0,1,1,0,0,0,0,0,1,0,1,0,0,0,1,0,1,1,0,0,0,0,0,0,0,0,0,1,0,0,0,0x014c,0x010b,0x0002,.text
1209405050421e47cbb638c48e6437721018fb0787837b1a9be2718547873155,dike_batch9,1,original,1209405050421e47cbb638c48e6437721018fb0787837b1a9be2718547873155,438272,7.5043227954352885,232,4,2012,0,224,6,0,4,0,0,0,4,0,36864,397312,0,5744,0.006976834577114428,4194304,4096,4096,823296,4096,0.004975124378109453,0.04477611940298507,0.48258706467661694,0,16,1048576,4096,1048576,4096,434176,812722,364544,385718,1,1,0,0,0,0,0,36864,36864,5.750152698196848,7.736359331031954,6.2298164327438545,1,0,5,66,0,0,0,0,0,120,8886,0,0,0,0,0,0,0,0,0,284,0,0,0,1,0,0,1,1,0,0,0,0,1,0,0,0,0,0,0,1,1,0,0,0,0,0,1,0,1,0,0,0,1,0,1,1,0,0,0,0,0,0,0,0,0,1,0,0,0,0x014c,0x010b,0x0002,.text
1217cbd3c9f0146dce5dcbaa1b384c273b50f770f92f62520fa902889ab68f4d,dike_batch9,1,original,1217cbd3c9f0146dce5dcbaa1b384c273b50f770f92f62520fa902889ab68f4d,124896,6.714150840236809,128,7,2012,0,224,2,50,4,0,0,0,4,0,14848,108544,0,5872,0.04095982142857143,4194304,4096,512,143360,1024,0.007142857142857143,0.10357142857142858,0.7571428571428571,177339,16,1048576,4096,1048576,4096,122880,123148,101376,101644,1,4,0,0,3,0,0,14848,14848,4.373879944862174,7.280465834159046,2.474500015925819,1,992,4,24,0,0,0,0,0,100,2636,0,992,328,0,0,0,0,0,0,112,0,0,0,0,0,0,1,0,0,0,0,0,0,0,0,0,0,0,0,1,1,0,0,0,1,0,1,1,1,0,0,0,1,0,1,1,0,1,1,0,0,0,0,0,0,1,0,0,0,0x014c,0x010b,0x0002,.text
121b2067d7ba005613283de4e6cbcde667519aeb34306f35018391efaef19b1d,dike_batch9,1,original,121b2067d7ba005613283de4e6cbcde667519aeb34306f35018391efaef19b1d,208896,6.1804988878762135,264,5,2012,0,224,8,0,4,0,0,0,4,0,143360,61440,0,77738,0.34507279829545456,1677721600,4096,4096,225280,4096,0.01818181818181818,0.6363636363636364,0.2727272727272727,239044,16,1048576,4096,1048576,4096,204800,218500,143360,143360,1,1,0,0,0,0,0,143360,143360,4.347510084158108,6.644070165747278,6.644070165747278,0,0,7,114,0,0,0,0,106,160,1364,0,0,7656,0,0,0,0,64,0,484,0,0,0,0,0,1,0,0,0,0,0,0,0,1,1,0,0,0,0,1,1,0,0,0,0,0,0,0,1,0,0,0,1,1,1,1,0,0,1,0,0,0,0,1,0,1,0,0,0,0x014c,0x010b,0x0002,.text
121e7f531ee89f859421f5a8fd3295536da20cbbe3d45954a09bad9029d51054,dike_batch9,1,original,121e7f531ee89f859421f5a8fd3295536da20cbbe3d45954a09bad9029d51054,442368,7.492443522649841,224,4,2012,0,224,6,0,4,0,0,0,4,0,45056,393216,0,5968,0.007248911691542289,4194304,4096,4096,823296,4096,0.004975124378109453,0.05472636815920398,0.47761194029850745,0,16,1048576,4096,1048576,4096,438272,811556,364544,377180,1,1,0,0,0,0,0,45056,45056,5.6249532771740025,7.731603601479853,6.188482545382025,1,0,4,72,0,0,0,0,75,100,4444,0,0,0,0,0,0,0,0,0,304,0,0,0,1,0,0,1,1,0,0,0,0,1,0,0,0,0,0,0,1,1,0,0,0,0,0,1,0,1,0,0,0,1,1,1,1,0,0,0,0,0,0,0,0,0,1,0,0,0,0x014c,0x010b,0x0002,.text
122698737d586955bf4960c60239eae59620d2030809fc0b03decd4e6112a895,dike_batch9,1,original,122698737d586955bf4960c60239eae59620d2030809fc0b03decd4e6112a895,110688,6.96565183622599,128,5,2012,0,224,2,50,4,0,0,0,4,0,103424,5632,0,5168,0.04205729166666667,4194304,4096,512,122880,1024,0.008333333333333333,0.8416666666666667,0.04583333333333333,117016,16,1048576,4096,1048576,4096,108544,108664,101376,101376,1,1,0,0,1,0,0,2048,2048,4.19483913592713,7.122492467644692,5.150180639815341,1,1120,1,6,0,0,0,0,0,40,4044,0,1119,92,0,0,0,0,0,0,28,0,0,0,0,0,0,1,0,0,0,0,0,0,0,0,0,0,0,0,1,1,0,0,0,1,0,1,1,1,0,0,0,1,0,1,1,0,1,1,0,0,0,0,0,0,1,0,0,0,0x014c,0x010b,0x0002,.text
122a8073ec52f48e0742d23fe7f40fc4f09aa09a5492c2dc5d161005489c32a8,dike_batch9,1,original,122a8073ec52f48e0742d23fe7f40fc4f09aa09a5492c2dc5d161005489c32a8,129632,6.886985279568892,128,8,2012,0,224,2,50,4,0,0,0,4,0,112128,15872,0,109760,0.7242398648648649,4194304,4096,512,151552,1024,0.006756756756756757,0.7398648648648649,0.10472972972972973,153549,16,1048576,4096,1048576,4096,127488,127700,108032,108032,1,1,0,0,4,0,0,108032,108032,2.897606729791094,7.080849157660231,7.080849157660231,1,1120,4,237,0,0,0,0,0,100,7132,0,1119,1112,0,0,0,0,0,0,964,0,0,0,0,0,0,1,0,0,0,0,0,0,0,0,0,0,0,0,1,1,0,0,0,1,0,1,1,1,0,0,0,1,0,1,1,0,1,1,0,0,0,0,0,0,1,0,0,0,0x014c,0x010b,0x0002,.text
1230a52405dd02ac03820fd3020b9f41fdf6544350271c4bfb688f3b54c4b4de,dike_batch9,1,original,1230a52405dd02ac03820fd3020b9f41fdf6544350271c4bfb688f3b54c4b4de,371808,6.569524667408474,128,6,2012,0,224,2,50,4,0,0,0,4,0,348672,20992,0,347088,0.9014710771276596,4194304,4096,512,385024,1024,0.0026595744680851063,0.9055851063829787,0.05452127659574468,405287,16,1048576,4096,1048576,4096,369664,369664,346624,346624,1,1,0,0,2,0,0,346624,346624,3.864429882240282,6.57351930904962,6.57351930904962,0,1120,5,414,1,0,0,0,0,120,7132,0,1119,2004,0,0,0,0,0,0,1676,0,0,0,0,0,0,1,0,0,0,0,0,0,0,0,0,0,0,0,1,1,0,0,0,1,0,0,1,1,0,0,1,1,0,1,1,0,1,1,0,0,0,0,0,0,1,0,0,0,0x014c,0x010b,0x0002,.text
1237618ab1ab1d575169bb06fec2c503637141508430535e820f94900b0c30a3,dike_batch9,1,original,1237618ab1ab1d575169bb06fec2c503637141508430535e820f94900b0c30a3,110176,6.993890970509459,128,4,2012,0,224,2,50,4,0,0,0,4,0,102912,5632,0,110272,0.8973958333333333,4194304,4096,512,122880,1024,0.008333333333333333,0.8375,0.04583333333333333,142970,16,1048576,4096,1048576,4096,108032,108268,102912,102912,0,2,0,0,0,0,1,102912,102912,4.173689248797541,7.1340425903638485,7.1340425903638485,1,1120,2,9,0,0,0,0,0,60,4044,0,1119,108,0,0,0,0,0,0,44,0,0,0,0,0,0,1,0,0,0,0,0,0,0,0,0,0,0,0,1,0,1,0,0,0,0,1,1,1,0,0,0,1,0,1,1,0,1,1,0,0,0,0,0,0,1,0,0,0,0x014c,0x010b,0x0002,.text
12424d0fcc1fc52f3dc52eb7cd0897e44a20e96c4ebcafa47ab035f3f8174c86,dike_batch9,1,original,12424d0fcc1fc52f3dc52eb7cd0897e44a20e96c4ebcafa47ab035f3f8174c86,393216,7.7298907074462955,224,4,2012,0,224,6,0,4,0,0,0,4,0,12288,376832,0,5528,0.006714474502487562,4194304,4096,4096,823296,4096,0.004975124378109453,0.014925373134328358,0.4577114427860697,0,16,1048576,4096,1048576,4096,389120,817954,311296,437026,1,1,0,0,0,0,0,12288,12288,6.773935990875512,7.92222907528523,6.364877501151965,1,0,3,44,0,0,0,0,0,80,6946,0,0,0,0,0,0,0,0,0,188,0,0,0,1,0,0,1,1,0,0,0,0,1,0,0,0,0,0,0,1,1,0,0,0,0,0,1,0,1,0,0,0,1,0,1,1,0,0,0,0,0,0,0,0,0,1,0,0,0,0x014c,0x010b,0x0002,.text
1251fbc83952e7ac38859c441252396313ab50b5e690bccba6df44b1a0b85de9,dike_batch9,1,original,1251fbc83952e7ac38859c441252396313ab50b5e690bccba6df44b1a0b85de9,434176,7.871481155950767,608,6,2008,0,224,9,0,6,1,6,1,5,1,60928,371712,0,427582,0.9848126105542453,65536,512,512,434176,1536,0.003537735849056604,0.1403301886792453,0.8561320754716981,496654,16,262144,4096,1048576,4096,432640,432640,361984,361984,2,2,1,0,1,0,3,1024,1024,4.513588540659722,7.987503478766735,4.458627755532122,1,0,2,25,0,0,0,0,0,60,768,0,0,3144,0,0,0,0,64,0,108,0,0,0,1,0,0,1,0,0,0,0,0,0,0,0,0,0,0,0,1,1,1,1,1,1,0,1,0,1,0,0,0,1,0,1,1,0,0,1,0,0,0,0,1,0,1,0,0,0,0x014c,0x010b,0x0001,INIT
1256562c8c9578e8c077a8c371f09990129d91b96fd08a01e5c01820904c7458,virusshare,1,original,1256562c8c9578e8c077a8c371f09990129d91b96fd08a01e5c01820904c7458,512272,7.643113002678408,232,5,2014,0,224,10,0,5,1,0,0,5,1,119808,385536,0,61300,0.11692047119140625,4194304,4096,512,524288,1024,0.001953125,0.228515625,0.7353515625,550845,16,1048576,4096,1048576,4096,505344,513348,335872,335872,1,1,0,0,0,0,0,119808,119808,5.663247971191327,7.959982806250412,6.596304013090196,1,5904,7,116,0,0,0,0,0,160,335556,0,5648,5872,0,0,0,0,64,0,492,0,0,0,1,0,0,1,0,0,0,0,0,0,1,1,0,0,0,1,1,1,0,0,0,0,0,1,1,1,0,0,0,1,0,1,1,0,1,1,0,0,0,0,1,0,1,0,0,0,0x014c,0x010b,0x0002,.text
1256e949344015ed24bb15ce75401fd6eaafcf6c26cb6acc408702693b1c5a97,dike_batch9,1,original,1256e949344015ed24bb15ce75401fd6eaafcf6c26cb6acc408702693b1c5a97,417792,7.6544721981462,232,4,2012,0,224,7,0,4,0,0,0,4,0,94208,307678,491520,76217,0.08344244850056054,4259840,4096,4096,913408,4096,0.004484304932735426,0.1031390134529148,0.33684618483744394,466172,16,1048576,4096,1048576,4096,413696,905848,208896,701048,1,1,0,0,0,0,0,94208,94208,6.70959045278577,7.762823886947938,7.762823886947938,3,0,2,60,0,0,0,0,0,60,98559,0,0,0,0,0,0,0,0,0,248,0,0,0,1,0,0,1,1,0,0,0,0,0,0,0,0,0,0,0,1,1,0,0,0,0,0,1,0,1,0,0,0,1,0,1,1,0,0,0,0,0,0,0,0,0,1,0,0,0,0x014c,0x010b,0x0002,.text
12577c0565fdbf8fc2c45876755600364d196ea4a69692a0dc13b201000f124f,dike_batch9,1,original,12577c0565fdbf8fc2c45876755600364d196ea4a69692a0dc13b201000f124f,208896,6.394450025343767,264,5,2012,0,224,8,0,4,0,0,0,4,0,143360,61440,0,77738,0.34507279829545456,1677721600,4096,4096,225280,4096,0.01818181818181818,0.6363636363636364,0.2727272727272727,268692,16,1048576,4096,1048576,4096,204800,218500,143360,143360,1,1,0,0,0,0,0,143360,143360,4.640532239703509,6.644363543432543,6.644363543432543,0,0,7,114,0,0,0,0,106,160,1364,0,0,7660,0,0,0,0,64,0,484,0,0,0,0,0,1,0,0,0,0,0,0,0,1,1,0,0,0,0,1,1,0,0,0,0,0,0,0,1,0,0,0,1,1,1,1,0,0,1,0,0,0,0,1,0,1,0,0,0,0x014c,0x010b,0x0002,.text
125b87d227a9a2f9622e371ed9385a16192bebe8b8dd94624c3e4d532a530b6d,dike_batch9,1,original,125b87d227a9a2f9622e371ed9385a16192bebe8b8dd94624c3e4d532a530b6d,110176,6.990633615443651,128,4,2012,0,224,2,50,4,0,0,0,4,0,102912,5632,0,110208,0.896875,4194304,4096,512,122880,1024,0.008333333333333333,0.8375,0.04583333333333333,114101,16,1048576,4096,1048576,4096,108032,108300,102912,102912,0,2,0,0,0,0,1,102912,102912,4.17581054097344,7.130750717140906,7.130750717140906,1,1120,3,9,0,0,0,0,0,80,4044,0,1119,104,0,0,0,0,0,0,48,0,0,0,0,0,0,1,0,0,0,0,0,0,0,0,0,0,0,0,1,0,1,0,0,0,0,1,1,1,0,0,0,1,0,1,1,0,1,1,0,0,0,0,0,0,1,0,0,0,0x014c,0x010b,0x0002,.text
125d2570d7bc2395275541661cb9513c2aa7db5cf652af409c96f2bd10ad34d7,dike_batch9,1,original,125d2570d7bc2395275541661cb9513c2aa7db5cf652af409c96f2bd10ad34d7,413696,7.672192219476457,216,4,2012,0,224,6,0,4,0,0,0,4,0,12288,397312,0,6339,0.007661422880569307,4194304,4096,4096,827392,4096,0.0049504950495049506,0.01485148514851485,0.4801980198019802,0,16,1048576,4096,1048576,4096,409600,822904,339968,429688,1,1,0,0,0,0,0,12288,12288,6.0683059983690075,7.976637464560738,6.338444365354704,1,0,4,42,0,0,0,0,0,100,336706,0,0,0,0,0,0,0,0,0,184,0,0,0,1,0,0,1,1,0,0,0,0,1,0,0,0,0,0,0,1,1,0,0,0,0,0,1,0,1,0,0,0,1,0,1,1,0,0,0,0,0,0,0,0,0,1,0,0,0,0x014c,0x010b,0x0002,.text
126098ebd05b174855d9b4c5be852ca1ab07433d37fe1997396f1776c9da9f00,dike_batch9,1,original,126098ebd05b174855d9b4c5be852ca1ab07433d37fe1997396f1776c9da9f00,425984,7.762123441871957,232,4,2012,0,224,7,0,4,0,0,0,4,0,28672,393216,217088,6590,0.006675878501037344,4259840,4096,4096,987136,4096,0.004149377593360996,0.029045643153526972,0.3983402489626556,467594,16,1048576,4096,1048576,4096,421888,981364,217088,776564,1,1,0,0,0,0,0,28672,28672,6.524635087122002,7.84027957971573,6.441806159173705,2,0,4,69,0,0,0,0,0,100,167581,0,0,0,0,0,0,0,0,0,292,0,0,0,1,0,0,1,1,0,0,0,0,0,0,0,0,0,0,0,1,1,0,0,0,0,0,1,0,1,0,0,0,1,0,1,1,0,0,0,0,0,0,0,0,0,1,0,0,0,0x014c,0x010b,0x0002,.text
1262317231a774adfc312f31a050afbd77445199a0f9561aa4d999df9709cfc2,dike_batch9,1,original,1262317231a774adfc312f31a050afbd77445199a0f9561aa4d999df9709cfc2,438272,7.57955413203891,216,4,2012,0,224,7,0,4,0,0,0,4,0,20480,402754,417792,6103,0.007129139877392344,4259840,4096,4096,856064,4096,0.004784688995215311,0.023923444976076555,0.4704718338815789,466679,16,1048576,4096,1048576,4096,434176,851224,274432,691480,1,1,0,0,0,0,0,20480,20480,7.139184560076185,7.6976787318770645,6.706502981137979,2,0,7,80,0,0,0,0,0,160,31947,0,0,0,0,0,0,0,0,0,348,0,0,0,1,0,0,1,1,0,0,0,0,0,0,0,0,0,0,0,1,1,0,0,0,0,0,1,0,1,0,0,0,1,0,1,1,0,0,0,0,0,0,0,0,0,1,0,0,0,0x014c,0x010b,0x0002,.text
126578356ffb34d842df17bb945875e755ccccfcfdffcc88c4e67f08147d019a,dike_batch9,1,original,126578356ffb34d842df17bb945875e755ccccfcfdffcc88c4e67f08147d019a,208896,6.441062849749625,248,5,2012,0,224,8,0,4,0,0,0,4,0,143360,61440,0,78682,0.34926313920454544,1694498816,4096,4096,225280,4096,0.01818181818181818,0.6363636363636364,0.2727272727272727,240449,16,1048576,4096,1048576,4096,204800,218500,143360,143360,1,1,0,0,0,0,0,143360,143360,4.680892672678557,6.674702571784401,6.674702571784401,0,0,6,111,0,0,0,0,106,140,1364,0,0,7708,0,0,0,0,64,0,468,0,0,0,0,0,1,0,0,0,0,0,0,0,1,1,0,0,0,0,1,1,0,0,0,0,0,0,0,1,0,0,0,1,1,1,1,0,0,1,0,0,0,0,1,0,1,0,0,0,0x014c,0x010b,0x0002,.text
126d8ddc6054dab645c0265d72a3c09e3326534e49d11de86ce2b55a6f5acb89,dike_batch9,1,original,126d8ddc6054dab645c0265d72a3c09e3326534e49d11de86ce2b55a6f5acb89,458752,7.479456566125286,240,4,2012,0,224,6,0,4,0,0,0,4,0,45056,409600,0,5968,0.007248911691542289,4194304,4096,4096,823296,4096,0.004975124378109453,0.05472636815920398,0.4975124378109453,0,16,1048576,4096,1048576,4096,454656,813468,364544,379092,1,1,0,0,0,0,0,45056,45056,5.975239452766479,7.729552567074391,6.189648885572455,1,0,4,71,0,0,0,0,75,100,22740,0,0,0,0,0,0,0,0,0,300,0,0,0,1,0,0,1,1,0,0,0,0,1,0,0,0,0,0,0,1,1,0,0,0,0,0,1,0,1,0,0,0,1,1,1,1,0,0,0,0,0,0,0,0,0,1,0,0,0,0x014c,0x010b,0x0002,.text
126f56bc8f45c20f26dcf91dfb24df4faceb88816ef75afc83dab6689eafeae3,dike_batch9,1,original,126f56bc8f45c20f26dcf91dfb24df4faceb88816ef75afc83dab6689eafeae3,434176,7.506613276346285,232,4,2012,0,224,6,0,4,0,0,0,4,0,36864,393216,0,5776,0.007015702736318408,4194304,4096,4096,823296,4096,0.004975124378109453,0.04477611940298507,0.47761194029850745,0,16,1048576,4096,1048576,4096,430080,812376,364544,385372,1,1,0,0,0,0,0,36864,36864,5.616515936173808,7.736734615150359,6.232487596774601,1,0,5,69,0,0,0,0,75,120,4444,0,0,0,0,0,0,0,0,0,296,0,0,0,1,0,0,1,1,0,0,0,0,1,0,0,0,0,0,0,1,1,0,0,0,0,0,1,0,1,0,0,0,1,1,1,1,0,0,0,0,0,0,0,0,0,1,0,0,0,0x014c,0x010b,0x0002,.text
127681129c4105eeeeebaa25622a73f2fa38630ce606d70df99d21c67523dea8,dike_batch9,1,original,127681129c4105eeeeebaa25622a73f2fa38630ce606d70df99d21c67523dea8,132096,6.987116450246147,128,5,2012,0,224,2,50,4,0,0,0,4,0,122880,8192,0,7888,0.05349392361111111,4194304,4096,512,147456,1024,0.006944444444444444,0.8333333333333334,0.05555555555555555,185121,16,1048576,4096,1048576,4096,131072,131072,122880,122880,1,1,0,0,2,0,0,122880,122880,3.624474801458142,7.044838847516587,7.044838847516587,1,0,7,170,0,0,0,0,0,160,0,0,2832,848,0,0,0,0,0,0,708,0,0,0,0,0,0,1,0,0,0,0,0,0,0,0,0,0,0,0,1,1,0,0,0,1,0,1,0,1,0,0,0,1,0,1,0,0,1,1,0,0,0,0,0,0,1,0,0,0,0x014c,0x010b,0x0002,.text
127d0ea2270cfe31dd36c5cf1e2e090c020d8a0cdda69b6177cad5573cba5208,dike_batch9,1,original,127d0ea2270cfe31dd36c5cf1e2e090c020d8a0cdda69b6177cad5573cba5208,95785,7.625100615749357,128,5,2012,0,224,2,50,4,0,0,0,4,0,2048,91648,0,4640,0.04195601851851852,4194304,4096,512,110592,1024,0.009259259259259259,0.018518518518518517,0.8287037037037037,109225,16,1048576,4096,1048576,4096,93696,93696,88064,88064,1,1,0,0,0,0,0,2048,2048,4.120957358029752,7.756019945520592,5.49026667392277,1,1065,3,6,0,0,0,0,0,80,1636,0,1024,132,0,0,0,0,0,0,36,0,0,0,1,0,0,1,0,0,0,0,0,0,0,0,0,0,0,0,1,1,0,0,0,0,0,1,1,1,0,0,0,1,0,1,1,0,1,1,0,0,0,0,0,0,1,0,0,0,0x014c,0x010b,0x0002,.text
127e7a58ff5b3585de933dab15df1582cd03797304fc8efa37e835dc35993cf3,dike_batch9,1,original,127e7a58ff5b3585de933dab15df1582cd03797304fc8efa37e835dc35993cf3,503808,6.8320692068991455,224,4,2012,0,224,6,0,4,0,0,0,4,0,20480,479232,0,6355,0.007680760751856436,4194304,4096,4096,827392,4096,0.0049504950495049506,0.024752475247524754,0.5792079207920792,0,16,1048576,4096,1048576,4096,499712,819704,339968,339968,1,1,0,0,0,0,0,20480,20480,5.375028087895025,7.976100365339243,6.186134534570232,1,0,4,45,0,0,0,0,0,100,336706,0,0,0,0,0,0,0,0,0,196,0,0,0,1,0,0,1,1,0,0,0,0,1,0,0,0,0,0,0,1,1,0,0,0,0,0,1,0,1,0,0,0,1,0,1,1,0,0,0,0,0,0,0,0,0,1,0,0,0,0x014c,0x010b,0x0002,.text
129aa50fd3b87c7968a2d47b514e3f033f6f82deae618f1b729317e9f02886d4,dike_batch9,1,original,129aa50fd3b87c7968a2d47b514e3f033f6f82deae618f1b729317e9f02886d4,433664,7.872548755990353,608,6,2008,0,224,9,0,6,1,6,1,5,1,60928,371200,0,427070,0.9847946797520661,65536,512,512,433664,1536,0.0035419126328217238,0.14049586776859505,0.8559622195985832,488554,16,262144,4096,1048576,4096,432128,432128,361472,361472,2,2,1,0,1,0,3,1024,1024,4.5099614972793685,7.988430379000581,4.459762819161562,1,0,2,25,0,0,0,0,0,60,768,0,0,3136,0,0,0,0,64,0,108,0,0,0,1,0,0,1,0,0,0,0,0,0,0,0,0,0,0,0,1,1,1,1,1,1,0,1,0,1,0,0,0,1,0,1,1,0,0,1,0,0,0,0,1,0,1,0,0,0,0x014c,0x010b,0x0001,INIT
12a8a9e1e31f675d12fb00967c0f39bc96187d025c843cb3891b869ec7dd3133,dike_batch9,1,original,12a8a9e1e31f675d12fb00967c0f39bc96187d025c843cb3891b869ec7dd3133,97321,7.560884793585464,128,5,2012,0,224,2,50,4,0,0,0,4,0,2048,93184,0,4128,0.03732638888888889,4194304,4096,512,110592,1024,0.009259259259259259,0.018518518518518517,0.8425925925925926,106585,16,1048576,4096,1048576,4096,95232,95232,89600,89600,1,2,0,0,1,0,0,2048,2048,4.42590755621448,7.715119509198277,5.461138278306418,1,1065,2,5,0,0,0,0,0,60,1636,0,1024,128,0,0,0,0,0,0,28,0,0,0,1,0,0,1,0,0,0,0,0,0,0,0,0,0,0,0,1,1,0,0,0,1,0,1,1,1,0,0,0,1,0,1,1,0,1,1,0,0,0,0,0,0,1,0,0,0,0x014c,0x010b,0x0002,.text
12b246a145cc2aadd003a3bc3ef3b272f47e656c7977bed3abf781601c70cda3,dike_batch9,1,original,12b246a145cc2aadd003a3bc3ef3b272f47e656c7977bed3abf781601c70cda3,350720,7.964522960184744,64,4,2011,0,224,10,0,4,0,0,0,4,0,4096,18432,0,726188,0.9635434358016305,4259840,4096,512,753664,724992,0.9619565217391305,0.005434782608695652,0.024456521739130436,411122,16,1048576,4096,1048576,4096,22528,22528,14336,14336,1,2,0,0,0,0,0,4096,4096,4.623364261211323,7.106051899529964,5.467763145006602,1,327168,4,39,0,0,0,0,0,100,14146,0,0,0,28,0,0,0,0,0,172,0,0,0,0,0,0,1,1,0,0,0,0,0,0,0,0,0,0,0,1,1,0,0,0,0,0,1,1,1,0,0,0,1,0,1,1,0,0,0,1,0,0,0,0,0,1,0,0,0,0x014c,0x010b,0x0002,.text
12b77f80b6d222541b067560ce1bc67da09caf5683d6e74f5f2b7ab812c13299,dike_batch9,1,original,12b77f80b6d222541b067560ce1bc67da09caf5683d6e74f5f2b7ab812c13299,391168,7.84219800872243,124,4,0,0,224,10,0,4,0,0,0,4,0,5632,384512,0,5416,0.006578435945273632,4194304,4096,512,823296,1024,0.0012437810945273632,0.006840796019900498,0.4670398009950249,0,16,1048576,4096,1048576,4096,390144,814592,380928,425984,1,2,0,0,0,0,0,5632,5632,6.091362264297271,7.882290676088264,6.318664463413562,1,0,4,39,0,0,0,0,0,120,380434,0,0,0,0,0,0,0,0,0,176,176,0,0,1,0,0,1,1,0,1,0,0,1,0,0,0,0,0,0,1,1,0,0,0,0,0,1,0,1,0,0,0,1,0,1,1,0,0,0,0,0,0,0,0,0,1,1,0,0,0x014c,0x010b,0x0002,.text
12b911b7ffe3866bc85452e111d5ee1743ca6a594595d994c8692c9df5a9d6c4,dike_batch9,1,original,12b911b7ffe3866bc85452e111d5ee1743ca6a594595d994c8692c9df5a9d6c4,95272,7.573830379495341,128,3,2012,0,224,2,50,4,0,0,0,4,0,92160,2048,0,4720,0.044320913461538464,4194304,4096,512,106496,512,0.004807692307692308,0.8653846153846154,0.019230769230769232,141375,16,1048576,4096,1048576,4096,93696,93792,92160,92160,1,1,0,0,0,0,0,92160,92160,4.532996535822624,7.617997934867389,7.617997934867389,1,1064,4,10,0,0,0,0,0,100,0,0,1063,144,0,0,0,0,0,0,56,0,0,0,1,0,0,1,0,0,0,0,0,0,0,0,0,0,0,0,1,1,0,0,0,0,0,1,1,1,0,0,0,1,0,1,0,0,1,1,0,0,0,0,0,0,1,0,0,0,0x014c,0x010b,0x0002,.text
12b9d0b54368cbf8ede3d676d30e74e6e21ce7a58bdae5a1d14cc6998641fc76,dike_batch9,1,original,12b9d0b54368cbf8ede3d676d30e74e6e21ce7a58bdae5a1d14cc6998641fc76,208896,6.17453558363066,264,5,2012,0,224,8,0,4,0,0,0,4,0,143360,61440,0,77738,0.34507279829545456,1677721600,4096,4096,225280,4096,0.01818181818181818,0.6363636363636364,0.2727272727272727,239044,16,1048576,4096,1048576,4096,204800,218500,143360,143360,1,1,0,0,0,0,0,143360,143360,4.297108086348204,6.644070165747278,6.644070165747278,0,0,7,114,0,0,0,0,106,160,1364,0,0,7656,0,0,0,0,64,0,484,0,0,0,0,0,1,0,0,0,0,0,0,0,1,1,0,0,0,0,1,1,0,0,0,0,0,0,0,1,0,0,0,1,1,1,1,0,0,1,0,0,0,0,1,0,1,0,0,0,0x014c,0x010b,0x0002,.text
12c14aba428ccf0b9664793dd1d647ecbc44d74513538e72289bdae0bc048d28,dike_batch9,1,original,12c14aba428ccf0b9664793dd1d647ecbc44d74513538e72289bdae0bc048d28,212992,6.165803801464419,248,5,2012,0,224,8,0,4,0,0,0,4,0,147456,61440,0,79418,0.34623500279017855,1677721600,4096,4096,229376,4096,0.017857142857142856,0.6428571428571429,0.26785714285714285,222931,16,1048576,4096,1048576,4096,208896,222788,147456,147456,1,1,0,0,0,0,0,147456,147456,4.335701572952952,6.621467325824777,6.621467325824777,0,0,7,115,0,0,0,0,106,160,1284,0,0,8540,0,0,0,0,64,0,488,0,0,0,0,0,1,0,0,0,0,0,0,0,1,1,0,0,0,0,1,1,0,0,0,0,0,0,0,1,0,0,0,1,1,1,1,0,0,1,0,0,0,0,1,0,1,0,0,0,0x014c,0x010b,0x0002,.text
12c31c38e13f0b89dbf3cc524c89904b3c5109d4a76d14680f4cbe9b55f3e80b,virusshare,1,original,12c31c38e13f0b89dbf3cc524c89904b3c5109d4a76d14680f4cbe9b55f3e80b,572136,6.2004919157844975,216,5,2009,0,224,6,0,4,0,6,0,4,0,24064,164864,1024,12538,0.03874728045886076,4194304,4096,512,323584,1024,0.0031645569620253164,0.07436708860759493,0.509493670886076,0,16,1048576,4096,1048576,4096,47104,311384,24064,154712,1,2,0,1,1,0,0,24064,24064,5.562796698709833,6.440105549497955,6.440105549497955,0,524008,8,155,1,0,0,0,0,180,16544,0,3992,0,0,0,0,0,0,0,652,0,0,0,0,0,0,1,1,0,0,0,0,1,0,0,0,0,0,1,1,1,0,0,0,1,0,0,1,1,0,0,1,1,0,1,1,0,1,0,0,0,0,0,0,0,1,0,0,0,0x014c,0x010b,0x0002,.text
12c8f3ca64142eccfeef52eeed4ff6081394c934f36e73166d2a7ab50c87248d,dike_batch9,1,original,12c8f3ca64142eccfeef52eeed4ff6081394c934f36e73166d2a7ab50c87248d,458752,7.465138597185861,216,4,2012,0,224,7,0,4,0,0,0,4,0,28672,425984,249856,7354,0.007449834673236515,4259840,4096,4096,987136,4096,0.004149377593360996,0.029045643153526972,0.4315352697095436,503403,16,1048576,4096,1048576,4096,454656,979156,249856,774356,1,1,0,0,0,0,0,28672,28672,6.495640404693287,7.868786034262521,6.528811262490956,2,0,6,95,0,0,0,0,0,140,167536,0,0,0,0,0,0,0,0,0,404,0,0,0,1,0,0,1,1,0,0,0,0,0,0,0,0,0,0,0,1,1,0,0,0,0,0,1,0,1,0,0,0,1,0,1,1,0,0,0,0,0,0,0,0,0,1,0,0,0,0x014c,0x010b,0x0002,.text
12d614d530aedb595523e09538994f3acd162b9292f283ed645470ae7838a1c1,dike_batch9,1,original,12d614d530aedb595523e09538994f3acd162b9292f283ed645470ae7838a1c1,372736,7.974010935458733,64,4,2011,0,224,10,0,4,0,0,0,4,0,4608,367104,0,787480,0.6745819627192983,4259840,4096,512,1167360,786432,0.6736842105263158,0.003947368421052632,0.3144736842105263,408779,16,1048576,4096,1048576,4096,371712,371712,364544,364544,1,2,0,0,0,0,0,4608,4608,5.387721463937478,7.988037635536686,6.741110473713058,1,0,4,39,0,0,0,0,0,100,14146,0,0,0,0,0,0,0,0,0,204,0,0,0,1,0,0,1,1,0,0,0,0,0,0,0,0,0,0,0,1,1,0,0,0,0,0,1,0,1,0,0,0,1,0,1,1,0,0,0,0,0,0,0,0,0,1,0,0,0,0x014c,0x010b,0x0002,.text
12eed95d75afccbf5e7db4f8ea6807c4066770c0d66b7c55e220cab0f16b39f3,dike_batch9,1,original,12eed95d75afccbf5e7db4f8ea6807c4066770c0d66b7c55e220cab0f16b39f3,140840,6.872980489555481,128,4,2012,0,224,2,50,4,0,0,0,4,0,112128,26624,0,111456,0.755859375,4194304,4096,512,147456,1024,0.006944444444444444,0.7604166666666666,0.18055555555555555,189067,16,1048576,4096,1048576,4096,138752,138752,112128,112128,1,1,0,0,0,0,0,112128,112128,5.785388822391493,6.979225290212247,6.979225290212247,0,1064,4,584,1,0,0,0,0,100,7132,0,1063,2784,0,0,0,0,0,0,2352,0,0,0,0,0,0,1,0,0,0,0,0,0,0,0,0,0,0,0,1,1,0,0,0,0,0,0,1,1,0,0,1,1,0,1,1,0,1,1,0,0,0,0,0,0,1,0,0,0,0x014c,0x010b,0x0002,.text
12f137f820ed23da6447dd5d54893a4ede416ae27b186ff121b6e6fb49f66ff0,dike_batch9,1,original,12f137f820ed23da6447dd5d54893a4ede416ae27b186ff121b6e6fb49f66ff0,394240,7.820646538159715,124,4,2011,0,224,10,0,4,0,0,0,4,0,5632,387584,0,5288,0.006422963308457711,4194304,4096,512,823296,1024,0.0012437810945273632,0.006840796019900498,0.47077114427860695,0,16,1048576,4096,1048576,4096,393216,813568,384512,421888,1,2,0,0,0,0,0,5632,5632,6.153802183210309,7.85308902956486,6.469760404790056,1,0,4,39,0,0,0,0,0,120,384476,0,0,0,0,0,0,0,0,0,176,176,0,0,1,0,0,1,1,0,0,0,0,1,0,0,0,0,0,0,1,1,0,0,0,0,0,1,0,1,0,0,0,1,0,1,1,0,0,0,0,0,0,0,0,0,1,1,0,0,0x014c,0x010b,0x0002,.text
12fc96490b806fea7ab2fe4beae20ea82c704007cb0b1b5093bf332c6f6b25af,dike_batch9,1,original,12fc96490b806fea7ab2fe4beae20ea82c704007cb0b1b5093bf332c6f6b25af,430080,7.658605034495826,224,4,2012,0,224,6,0,4,0,0,0,4,0,36864,389120,0,5664,0.0068796641791044775,4194304,4096,4096,823296,4096,0.004975124378109453,0.04477611940298507,0.472636815920398,0,16,1048576,4096,1048576,4096,425984,813804,360448,402192,1,1,0,0,0,0,0,36864,36864,5.0925214746916545,7.90358903545326,6.1366368925052885,1,0,3,59,0,0,0,0,0,80,13072,0,0,0,0,0,0,0,0,0,248,0,0,0,1,0,0,1,1,0,0,0,0,1,0,0,0,0,0,0,1,1,0,0,0,0,0,1,0,1,0,0,0,1,0,1,1,0,0,0,0,0,0,0,0,0,1,0,0,0,0x014c,0x010b,0x0002,.text
12ff4f3c100b750ab43202e32c2dab95617547636779a95f2d937b986aed31f5,dike_batch9,1,original,12ff4f3c100b750ab43202e32c2dab95617547636779a95f2d937b986aed31f5,458752,7.450860516151357,216,4,2012,0,224,7,0,4,0,0,0,4,0,28672,425984,249856,6970,0.007060830523858921,4259840,4096,4096,987136,4096,0.004149377593360996,0.029045643153526972,0.4315352697095436,496962,16,1048576,4096,1048576,4096,454656,980180,249856,775380,1,1,0,0,0,0,0,28672,28672,6.435931979249004,7.8392968999863095,6.480414109903311,2,0,4,85,0,0,0,0,0,100,167581,0,0,0,0,0,0,0,0,0,356,0,0,0,1,0,0,1,1,0,0,0,0,0,0,0,0,0,0,0,1,1,0,0,0,0,0,1,0,1,0,0,0,1,0,1,1,0,0,0,0,0,0,0,0,0,1,0,0,0,0x014c,0x010b,0x0002,.text
1301c1d6ae64525d5c8a75a32fed530eabcb1a883948f79bab1047c3071aae90,dike_batch9,1,original,1301c1d6ae64525d5c8a75a32fed530eabcb1a883948f79bab1047c3071aae90,430080,7.66091758476726,224,4,2012,0,224,6,0,4,0,0,0,4,0,36864,389120,0,5728,0.006957400497512438,4194304,4096,4096,823296,4096,0.004975124378109453,0.04477611940298507,0.472636815920398,0,16,1048576,4096,1048576,4096,425984,813804,360448,402192,1,1,0,0,0,0,0,36864,36864,5.09493104502783,7.904868322264627,6.141093193728674,1,0,4,64,0,0,0,0,0,100,13072,0,0,0,0,0,0,0,0,0,272,0,0,0,1,0,0,1,1,0,0,0,0,1,0,0,0,0,0,0,1,1,0,0,0,0,0,1,0,1,0,0,0,1,0,1,1,0,0,0,0,0,0,0,0,0,1,0,0,0,0x014c,0x010b,0x0002,.text
13094cae02c8e2a7f69cac880542948e33be1049c278959eda1014507b4c5d91,dike_batch9,1,original,13094cae02c8e2a7f69cac880542948e33be1049c278959eda1014507b4c5d91,393728,7.9675386019346,64,4,2011,0,224,10,0,4,0,0,0,4,0,5120,18432,0,775360,0.9608978426395939,4259840,4096,512,806912,774144,0.9593908629441624,0.006345177664974619,0.02284263959390863,429117,16,1048576,4096,1048576,4096,23552,23552,14336,14336,1,2,0,0,0,0,0,5120,5120,4.609212043269849,7.078222761030971,5.421791614245361,1,369152,4,39,0,0,0,0,0,100,14146,0,0,28,0,0,0,0,0,0,0,0,0,0,0,0,0,1,1,0,0,0,0,0,0,0,0,0,0,0,1,1,0,0,0,0,0,1,1,1,0,0,0,1,0,1,1,0,0,1,0,0,0,0,0,0,0,0,0,0,0x014c,0x010b,0x0002,.text
13127cc39d42fdaa06aefd4e37feb9497efed325a2ab3538b554b12c6fcb2da1,dike_batch9,1,original,13127cc39d42fdaa06aefd4e37feb9497efed325a2ab3538b554b12c6fcb2da1,413696,7.671563980815855,208,4,2012,0,224,6,0,4,0,0,0,4,0,12288,397312,0,5560,0.0067533426616915426,4194304,4096,4096,823296,4096,0.004975124378109453,0.014925373134328358,0.48258706467661694,0,16,1048576,4096,1048576,4096,409600,811692,339968,741424,1,1,0,0,0,0,0,12288,12288,6.08446132021076,7.976902523898317,6.388639838090486,1,0,3,43,0,0,0,0,0,80,335920,0,0,0,0,0,0,0,0,0,184,0,0,0,1,0,0,1,1,0,0,0,0,1,0,0,0,0,0,0,1,1,0,0,0,0,0,1,0,1,0,0,0,1,0,1,1,0,0,0,0,0,0,0,0,0,1,0,0,0,0x014c,0x010b,0x0002,.text
13136b8a68f484e3de31afe7dfdd03e688bf9706ef0f259893d7f18cf270a41c,dike_batch9,1,original,13136b8a68f484e3de31afe7dfdd03e688bf9706ef0f259893d7f18cf270a41c,284184,7.639270290627778,128,7,2012,0,224,2,50,4,0,0,0,4,0,4096,278016,0,4928,0.016481164383561644,4194304,4096,512,299008,1024,0.003424657534246575,0.0136986301369863,0.9297945205479452,339425,16,1048576,4096,1048576,4096,282112,282112,264192,264192,1,1,0,0,3,0,0,4096,4096,5.484252379332315,7.7160358716211,5.108183427914036,1,1048,5,275,8,0,0,0,0,120,1716,0,1047,1476,0,0,0,0,0,0,1120,0,0,0,1,0,0,1,0,0,0,0,0,0,0,0,0,0,0,0,1,1,0,0,0,1,0,1,1,1,0,0,1,1,0,1,1,0,1,1,0,0,0,0,0,0,1,0,0,0,0x014c,0x010b,0x0002,.text
1315cd235e0574d5a56468d10fc966d1debf2eee0f1cd74383d20059b2c7d644,dike_batch9,1,original,1315cd235e0574d5a56468d10fc966d1debf2eee0f1cd74383d20059b2c7d644,394240,7.819927763574564,124,4,2012,0,224,10,0,4,0,0,0,4,0,5632,387584,0,5436,0.00660272854477612,4194304,4096,512,823296,1024,0.0012437810945273632,0.006840796019900498,0.47077114427860695,0,16,1048576,4096,1048576,4096,393216,813568,384512,421888,1,2,0,0,0,0,0,5632,5632,6.134580150216965,7.852490573834074,6.459673545634983,1,0,4,39,0,0,0,0,0,120,384476,0,0,0,0,0,0,0,0,0,176,176,0,0,1,0,0,1,1,0,0,0,0,1,0,0,0,0,0,0,1,1,0,0,0,0,0,1,0,1,0,0,0,1,0,1,1,0,0,0,0,0,0,0,0,0,1,1,0,0,0x014c,0x010b,0x0002,.text
1317f8027adba788646a638a6d52aebd7f27a18f8fc08015db3b9bbbdf6e292f,virusshare,1,original,1317f8027adba788646a638a6d52aebd7f27a18f8fc08015db3b9bbbdf6e292f,98304,5.754330032747555,256,9,2013,0,224,2,25,5,0,0,0,5,0,48128,49152,0,53600,0.37388392857142855,4194304,4096,512,143360,1024,0.007142857142857143,0.3357142857142857,0.34285714285714286,0,16,1048576,16384,1048576,4096,97280,121732,46592,46592,2,4,0,2,1,0,1,1536,1536,4.0400379499116585,6.453321634715008,4.55382268152255,0,0,7,79,0,0,0,0,0,2304,36352,0,0,5892,0,0,0,24,0,0,344,0,0,0,0,0,0,1,0,0,0,0,0,1,0,0,0,0,0,0,1,1,0,0,0,1,0,0,0,1,0,0,0,1,0,1,1,0,0,1,0,0,0,1,0,0,1,0,0,0,0x014c,0x010b,0x0003,.itext
1318f251551d231059acec8da61ea71dc7ff425533217a2769792dd4608909f5,dike_batch9,1,original,1318f251551d231059acec8da61ea71dc7ff425533217a2769792dd4608909f5,417792,7.664938664263162,232,4,2012,0,224,7,0,4,0,0,0,4,0,94208,307678,491520,76137,0.08335486441984305,4259840,4096,4096,913408,4096,0.004484304932735426,0.1031390134529148,0.33684618483744394,475601,16,1048576,4096,1048576,4096,413696,905848,208896,701048,1,1,0,0,0,0,0,94208,94208,6.71130112386399,7.76609149258067,7.76609149258067,3,0,2,58,0,0,0,0,0,60,98559,0,0,0,0,0,0,0,0,0,240,0,0,0,1,0,0,1,1,0,0,0,0,0,0,0,0,0,0,0,1,1,0,0,0,0,0,1,0,1,0,0,0,1,0,1,1,0,0,0,0,0,0,0,0,0,1,0,0,0,0x014c,0x010b,0x0002,.text
131c23e8ea4d41be37bc32ddf67da237ae8355e91a4235244ea2e1df5078e8cb,dike_batch9,1,original,131c23e8ea4d41be37bc32ddf67da237ae8355e91a4235244ea2e1df5078e8cb,151040,7.426030868933118,232,4,2012,0,224,10,0,5,1,0,0,5,1,49152,97280,0,30406,0.19034204727564102,4194304,4096,512,159744,1024,0.00641025641025641,0.3076923076923077,0.6089743589743589,94463,16,1048576,4096,1048576,4096,150016,150528,94720,94720,1,4,1,0,0,0,0,49152,49152,5.7958167552384126,7.972863349233828,5.721797608006771,1,0,5,183,0,0,0,0,0,3584,94444,0,0,1644,0,0,0,0,64,0,0,0,0,0,1,0,0,1,0,0,0,0,0,0,1,1,0,0,0,1,1,1,1,1,1,0,0,1,0,1,0,0,0,1,0,1,1,0,0,1,0,0,0,0,1,0,0,0,0,0,0x014c,0x010b,0x0002,.text
133a772781f9727e1e9dd8605e56c1336928d89b4440f0d91a30467bb504e374,dike_batch9,1,original,133a772781f9727e1e9dd8605e56c1336928d89b4440f0d91a30467bb504e374,131168,6.854903672648484,128,9,2012,0,224,2,50,4,0,0,0,4,0,113152,15872,0,109808,0.7054893092105263,4194304,4096,512,155648,1024,0.006578947368421052,0.7269736842105263,0.10197368421052631,185050,16,1048576,4096,1048576,4096,129024,129024,108032,108032,1,1,0,0,5,0,0,108032,108032,2.5648755970219272,7.0807423405480625,7.0807423405480625,1,1120,4,243,0,0,0,0,0,100,7132,0,1119,1176,0,0,0,0,0,0,988,0,0,0,0,0,0,1,0,0,0,0,0,0,0,0,0,0,0,0,1,1,0,0,0,1,0,1,1,1,0,0,0,1,0,1,1,0,1,1,0,0,0,0,0,0,1,0,0,0,0x014c,0x010b,0x0002,.text
13481d555c56cff6b7d74aff4292e338a99c0e5e96dba079506df25779dade4c,dike_batch9,1,original,13481d555c56cff6b7d74aff4292e338a99c0e5e96dba079506df25779dade4c,208896,6.1785359824602555,264,5,2012,0,224,8,0,4,0,0,0,4,0,143360,61440,0,77738,0.34507279829545456,1677721600,4096,4096,225280,4096,0.01818181818181818,0.6363636363636364,0.2727272727272727,240974,16,1048576,4096,1048576,4096,204800,218500,143360,143360,1,1,0,0,0,0,0,143360,143360,4.345361323142475,6.6440475422847785,6.6440475422847785,0,0,7,114,0,0,0,0,106,160,1364,0,0,7660,0,0,0,0,64,0,484,0,0,0,0,0,1,0,0,0,0,0,0,0,1,1,0,0,0,0,1,1,0,0,0,0,0,0,0,1,0,0,0,1,1,1,1,0,0,1,0,0,0,0,1,0,1,0,0,0,0x014c,0x010b,0x0002,.text
134ede13a9b98537aa47cbffc4d1b66cf07a2b2e7d6204ff770610416d53b1c1,dike_batch9,1,original,134ede13a9b98537aa47cbffc4d1b66cf07a2b2e7d6204ff770610416d53b1c1,417792,7.66419803587206,232,4,2012,0,224,7,0,4,0,0,0,4,0,94208,307678,491520,76137,0.08335486441984305,4259840,4096,4096,913408,4096,0.004484304932735426,0.1031390134529148,0.33684618483744394,470656,16,1048576,4096,1048576,4096,413696,905848,208896,701048,1,1,0,0,0,0,0,94208,94208,6.711567077332913,7.765328692504982,7.765328692504982,3,0,2,58,0,0,0,0,0,60,98559,0,0,0,0,0,0,0,0,0,240,0,0,0,1,0,0,1,1,0,0,0,0,0,0,0,0,0,0,0,1,1,0,0,0,0,0,1,0,1,0,0,0,1,0,1,1,0,0,0,0,0,0,0,0,0,1,0,0,0,0x014c,0x010b,0x0002,.text
135253c0a88a48855e388b11b61fcb2ff3a7f49ba469ee8c3f8dca677e8b6a8e,dike_batch9,1,original,135253c0a88a48855e388b11b61fcb2ff3a7f49ba469ee8c3f8dca677e8b6a8e,403712,7.9000423800449795,608,6,2010,0,224,9,0,6,1,6,1,5,1,47744,354816,0,397630,0.9849348050095117,65536,128,128,403712,1152,0.0028535193405199747,0.11826252377932783,0.8788839568801522,460386,16,262144,4096,1048576,4096,402560,402560,346496,346496,2,2,1,0,1,0,3,1280,1280,4.763681078439615,7.988324056411779,5.505653363585789,1,0,2,46,0,0,0,0,0,60,768,0,0,2624,0,0,0,0,64,0,192,0,0,0,1,0,0,1,0,0,0,0,0,0,0,0,0,0,0,0,1,1,1,1,1,1,0,1,0,1,0,0,0,1,0,1,1,0,0,1,0,0,0,0,1,0,1,0,0,0,0x014c,0x010b,0x0001,INIT
136640a23945249677477fca6061a38e676b3213e814dbee4bc1ae789c7b7ceb,dike_batch9,1,original,136640a23945249677477fca6061a38e676b3213e814dbee4bc1ae789c7b7ceb,417792,7.772679532489285,216,4,2012,0,224,7,0,4,0,0,0,4,0,20480,393216,16384,5299,0.005345872611053719,4259840,4096,4096,991232,4096,0.004132231404958678,0.02066115702479339,0.39669421487603307,467984,16,1048576,4096,1048576,4096,413696,985336,208896,588024,1,1,0,0,0,0,0,20480,20480,6.365219492420097,7.940989378313638,6.474628241222468,2,0,3,62,0,0,0,0,0,80,167512,0,0,0,0,0,0,0,0,0,260,0,0,0,1,0,0,1,1,0,0,0,0,0,0,0,0,0,0,0,1,1,0,0,0,0,0,1,0,1,0,0,0,1,0,1,1,0,0,0,0,0,0,0,0,0,1,0,0,0,0x014c,0x010b,0x0002,.text
1384ece2fba8d9e49634146e069309a399d973cf3c02ef2075bac5c76b552f41,dike_batch9,1,original,1384ece2fba8d9e49634146e069309a399d973cf3c02ef2075bac5c76b552f41,417792,7.772863585055514,216,4,2012,0,224,7,0,4,0,0,0,4,0,20480,393216,16384,5335,0.005382191051136364,4259840,4096,4096,991232,4096,0.004132231404958678,0.02066115702479339,0.39669421487603307,476180,16,1048576,4096,1048576,4096,413696,985336,208896,588024,1,1,0,0,0,0,0,20480,20480,6.362947370697315,7.941596346340318,6.483167851457182,2,0,3,63,0,0,0,0,0,80,167512,0,0,0,0,0,0,0,0,0,264,0,0,0,1,0,0,1,1,0,0,0,0,0,0,0,0,0,0,0,1,1,0,0,0,0,0,1,0,1,0,0,0,1,0,1,1,0,0,0,0,0,0,0,0,0,1,0,0,0,0x014c,0x010b,0x0002,.text
138ddbc3ed8ead5576b4db26656e64da35a45be04915b96c07cef90e2e6c6790,dike_batch9,1,original,138ddbc3ed8ead5576b4db26656e64da35a45be04915b96c07cef90e2e6c6790,364032,7.908155265106752,124,4,2011,0,224,10,0,4,0,0,0,4,0,5632,357376,0,5276,0.006408387748756219,4194304,4096,512,823296,1024,0.0012437810945273632,0.006840796019900498,0.43407960199004975,0,16,1048576,4096,1048576,4096,363008,812032,354304,450560,1,2,0,0,0,0,0,5632,5632,4.528522730184556,7.9438691406080215,6.136317547692313,1,0,4,39,0,0,0,0,0,100,353956,0,0,0,0,0,0,0,0,0,176,0,0,0,1,0,0,1,1,0,0,0,0,1,0,0,0,0,0,0,1,1,0,0,0,0,0,1,0,1,0,0,0,1,0,1,1,0,0,0,0,0,0,0,0,0,1,0,0,0,0x014c,0x010b,0x0002,.text
13901d8e465cd3a881d455110f8509eeea5a5ef0f36c892a05f13f1443456549,dike_batch9,1,original,13901d8e465cd3a881d455110f8509eeea5a5ef0f36c892a05f13f1443456549,454656,7.417941862558674,232,4,2012,0,224,7,0,4,0,0,0,4,0,24576,420539,397312,6469,0.007556678005382775,4259840,4096,4096,856064,4096,0.004784688995215311,0.028708133971291867,0.4912471497458134,482510,16,1048576,4096,1048576,4096,450560,849336,376832,415160,1,1,0,0,0,0,0,24576,24576,5.784051033575727,7.639134056410922,6.118954398848203,1,0,5,85,0,0,0,0,0,120,32422,0,0,0,0,0,0,0,0,0,360,0,0,0,1,0,0,1,1,0,0,0,0,0,0,0,0,0,0,0,1,1,0,0,0,0,0,1,0,1,0,0,0,1,0,1,1,0,0,0,0,0,0,0,0,0,1,0,0,0,0x014c,0x010b,0x0002,.text
1390bc44cfc6d28117e2cf0c6e285692286c1838c97cb4260835125cb448d0f3,dike_batch9,1,original,1390bc44cfc6d28117e2cf0c6e285692286c1838c97cb4260835125cb448d0f3,131168,6.854651571335534,128,9,2012,0,224,2,50,4,0,0,0,4,0,113152,15872,0,109808,0.7054893092105263,4194304,4096,512,155648,1024,0.006578947368421052,0.7269736842105263,0.10197368421052631,161485,16,1048576,4096,1048576,4096,129024,129024,108032,108032,1,1,0,0,5,0,0,108032,108032,2.5646064864994482,7.080794753814019,7.080794753814019,1,1120,4,243,0,0,0,0,0,100,7132,0,1119,1176,0,0,0,0,0,0,988,0,0,0,0,0,0,1,0,0,0,0,0,0,0,0,0,0,0,0,1,1,0,0,0,1,0,1,1,1,0,0,0,1,0,1,1,0,1,1,0,0,0,0,0,0,1,0,0,0,0x014c,0x010b,0x0002,.text
139788e0c12928b0cbc9fc2e9ec7d6558362c4387e3a4080128c54c236145d3e,dike_batch9,1,original,139788e0c12928b0cbc9fc2e9ec7d6558362c4387e3a4080128c54c236145d3e,393216,7.298036420401104,216,5,2012,0,224,7,0,4,0,0,0,4,0,4096,374120,425984,4781,0.005836181640625,4194304,4096,4096,819200,4096,0.005,0.005,0.456689453125,398878,16,1048576,4096,1048576,4096,389120,813547,352256,432619,1,2,0,0,0,0,0,4096,4096,3.9332142971617783,7.554376727515656,2.4234383695097512,1,0,8,31,0,0,0,0,0,180,14146,0,0,0,0,0,0,0,0,0,156,0,0,0,1,0,0,1,1,0,0,0,0,0,0,0,0,0,0,0,1,1,0,0,0,0,0,1,0,1,0,0,0,1,0,1,1,0,0,0,0,0,0,0,0,0,1,0,0,0,0x014c,0x010b,0x0002,.text
139b1f1498c4ca983af2d1adf8988380a7abcb902d12e393ab78e11e695b0a34,dike_batch9,1,original,139b1f1498c4ca983af2d1adf8988380a7abcb902d12e393ab78e11e695b0a34,421888,7.66322381005406,224,4,2012,0,224,6,0,4,0,0,0,4,0,36864,380928,0,5616,0.006821361940298507,4194304,4096,4096,823296,4096,0.004975124378109453,0.04477611940298507,0.4626865671641791,0,16,1048576,4096,1048576,4096,417792,814118,360448,402506,1,1,0,0,0,0,0,36864,36864,4.8045254401379225,7.904692545313348,6.129932037432736,1,0,4,62,0,0,0,0,0,100,5194,0,0,0,0,0,0,0,0,0,264,0,0,0,1,0,0,1,1,0,0,0,0,1,0,0,0,0,0,0,1,1,0,0,0,0,0,1,0,1,0,0,0,1,0,1,1,0,0,0,0,0,0,0,0,0,1,0,0,0,0x014c,0x010b,0x0002,.text
139bc5209c8436cfb4afc205c906256d6abdf5131c05adfced8711d25b49e0d8,dike_batch9,1,original,139bc5209c8436cfb4afc205c906256d6abdf5131c05adfced8711d25b49e0d8,458752,7.481771506727169,240,4,2012,0,224,6,0,4,0,0,0,4,0,45056,409600,0,5968,0.007248911691542289,4194304,4096,4096,823296,4096,0.004975124378109453,0.05472636815920398,0.4975124378109453,0,16,1048576,4096,1048576,4096,454656,813468,364544,379092,1,1,0,0,0,0,0,45056,45056,5.970732599543016,7.731746936647267,6.1897008856729245,1,0,4,71,0,0,0,0,75,100,22740,0,0,0,0,0,0,0,0,0,300,0,0,0,1,0,0,1,1,0,0,0,0,1,0,0,0,0,0,0,1,1,0,0,0,0,0,1,0,1,0,0,0,1,1,1,1,0,0,0,0,0,0,0,0,0,1,0,0,0,0x014c,0x010b,0x0002,.text
13a479780c4e93be6709cc8411e0e353a4b3a8cc9a06a5a2439b36a5312a893f,dike_batch9,1,original,13a479780c4e93be6709cc8411e0e353a4b3a8cc9a06a5a2439b36a5312a893f,434176,7.506117061825911,248,4,2012,0,224,6,0,4,0,0,0,4,0,36864,393216,0,5776,0.007015702736318408,4194304,4096,4096,823296,4096,0.004975124378109453,0.04477611940298507,0.47761194029850745,0,16,1048576,4096,1048576,4096,430080,812376,364544,385372,1,1,0,0,0,0,0,36864,36864,5.6180816083705505,7.73591021402832,6.23316164791183,1,0,4,69,0,0,0,0,75,100,4444,0,0,0,0,0,0,0,0,0,292,0,0,0,1,0,0,1,1,0,0,0,0,1,0,0,0,0,0,0,1,1,0,0,0,0,0,1,0,1,0,0,0,1,1,1,1,0,0,0,0,0,0,0,0,0,1,0,0,0,0x014c,0x010b,0x0002,.text
13b5ffe75f82174f70d5b3d0902e5c662f492d7a17708bc2f38548ee1d5c125d,virusshare,1,original,13b5ffe75f82174f70d5b3d0902e5c662f492d7a17708bc2f38548ee1d5c125d,173636,6.322746187210311,208,5,2007,0,224,5,12,5,0,5,0,5,0,18272,3136,0,768,0.034782608695652174,65536,32,32,22080,672,0.030434782608695653,0.827536231884058,0.14202898550724638,236990,16,262144,4096,1048576,4096,21408,21408,17216,17216,2,2,1,0,1,0,0,17216,17216,3.97353690264381,5.436835747687907,5.13205465766139,0,151556,1,43,0,0,0,0,0,40,0,0,0,428,84,0,0,0,0,0,176,0,0,0,0,0,0,1,0,0,0,0,0,0,0,0,0,0,0,0,1,1,0,0,1,1,0,0,1,1,0,0,0,1,0,1,0,0,0,1,1,0,0,0,0,0,1,0,0,0,0x014c,0x010b,0x0001,.text
13bfdd97de9e30c4a0fffc5f3857fab8622d8017ca2928b9b360b2cd8e9a3495,dike_batch9,1,original,13bfdd97de9e30c4a0fffc5f3857fab8622d8017ca2928b9b360b2cd8e9a3495,221184,6.485989790914959,264,5,2012,0,224,8,0,4,0,0,0,4,0,151552,65536,0,84506,0.355712890625,1677721600,4096,4096,237568,4096,0.017241379310344827,0.6379310344827587,0.27586206896551724,276621,16,1048576,4096,1048576,4096,217088,231012,151552,151552,1,1,0,0,0,0,0,151552,151552,4.7852670666249875,6.6658485748994085,6.6658485748994085,0,0,7,114,0,0,0,0,106,160,1364,0,0,8976,0,0,0,0,64,0,484,0,0,0,0,0,1,0,0,0,0,0,0,0,1,1,0,0,0,0,1,1,0,0,0,0,0,0,0,1,0,0,0,1,1,1,1,0,0,1,0,0,0,0,1,0,1,0,0,0,0x014c,0x010b,0x0002,.text
13c149d0c448c2ba24b033c53ab941a80b5795aead9ad3ec62de4f358ea6a244,dike_batch9,1,original,13c149d0c448c2ba24b033c53ab941a80b5795aead9ad3ec62de4f358ea6a244,169472,7.816544784566193,224,6,2011,0,224,10,0,5,1,0,0,5,1,131584,36864,0,4096,0.02127659574468085,4194304,4096,512,192512,1024,0.005319148936170213,0.6835106382978723,0.19148936170212766,213670,16,1048576,4096,1048576,4096,168448,174053,131584,131584,1,3,1,0,2,0,0,131584,131584,4.655978323283513,7.943662997913667,7.943662997913667,2,0,2,19,0,0,0,0,88,60,3948,0,0,1972,28,0,0,0,0,0,84,0,0,0,1,0,0,1,0,0,0,0,0,0,0,0,0,0,0,0,1,1,1,1,1,1,0,1,0,1,0,0,0,1,1,1,1,0,0,1,1,0,0,0,0,0,1,0,0,0,0x014c,0x010b,0x0002,.text
13c15e3c58ca80ea52a2b96c4fc6f8cadd6b842e9c340f9fcf4131601d3a67ca,virusshare,1,original,13c15e3c58ca80ea52a2b96c4fc6f8cadd6b842e9c340f9fcf4131601d3a67ca,300568,7.907478492723729,256,3,1992,0,224,2,25,4,0,0,0,4,0,0,303104,770048,803300,0.7400685436320755,4194304,4096,512,1085440,1024,0.0009433962264150943,0.0,0.2792452830188679,348505,16,1048576,16384,1048576,4096,299544,1078496,299544,770048,3,3,3,2,3,0,1,299544,303104,7.915864885070428,7.915864885070428,7.915864885070428,1,0,1,6,0,0,0,0,0,40,28788,0,0,8,0,0,0,24,0,0,0,0,0,0,1,0,0,1,0,0,0,0,0,0,0,0,0,0,0,0,1,1,1,1,1,1,0,1,0,1,0,0,0,1,0,1,1,0,0,1,0,0,0,1,0,0,0,0,0,0,0x014c,0x010b,0x0002,.nsp1
13c35d1cc60d3212c5db85784671f28d8917c0ae3da344dc5b8004c81081e142,dike_batch9,1,original,13c35d1cc60d3212c5db85784671f28d8917c0ae3da344dc5b8004c81081e142,348160,7.819708981160252,216,4,2012,0,224,7,0,4,0,0,0,4,0,94208,237306,499712,92382,0.10895748414855072,4194304,4096,4096,847872,4096,0.004830917874396135,0.1111111111111111,0.279884227807971,395037,16,1048576,4096,1048576,4096,344064,843380,200704,700020,1,1,0,0,0,0,0,94208,94208,5.92741861365954,7.99413085877004,7.99413085877004,3,0,3,8,0,0,0,0,0,80,44137,0,0,0,0,0,0,0,0,0,44,0,0,0,1,0,0,1,1,0,0,0,0,0,0,0,0,0,0,0,1,1,0,0,0,0,0,1,0,1,0,0,0,1,0,1,1,0,0,0,0,0,0,0,0,0,1,0,0,0,0x014c,0x010b,0x0002,.text
13c859c68007934316189e9e33fb849ecc85b22323cacbb18c7b2da7a05d6693,dike_batch9,1,original,13c859c68007934316189e9e33fb849ecc85b22323cacbb18c7b2da7a05d6693,430080,7.660614612046662,224,4,2012,0,224,6,0,4,0,0,0,4,0,36864,389120,0,5728,0.006957400497512438,4194304,4096,4096,823296,4096,0.004975124378109453,0.04477611940298507,0.472636815920398,0,16,1048576,4096,1048576,4096,425984,813804,360448,402192,1,1,0,0,0,0,0,36864,36864,5.095090613789067,7.905145452789517,6.141474307475031,1,0,4,64,0,0,0,0,0,100,13072,0,0,0,0,0,0,0,0,0,272,0,0,0,1,0,0,1,1,0,0,0,0,1,0,0,0,0,0,0,1,1,0,0,0,0,0,1,0,1,0,0,0,1,0,1,1,0,0,0,0,0,0,0,0,0,1,0,0,0,0x014c,0x010b,0x0002,.text
13d28227a7fb6e16a424b1ad7f54a716ed69c449d62cc7c8e10d7a2ad12dabec,dike_batch9,1,original,13d28227a7fb6e16a424b1ad7f54a716ed69c449d62cc7c8e10d7a2ad12dabec,123872,6.723129925106927,128,7,2012,0,224,2,50,4,0,0,0,4,0,14848,107520,0,5872,0.04095982142857143,4194304,4096,512,143360,1024,0.007142857142857143,0.10357142857142858,0.75,183380,16,1048576,4096,1048576,4096,121856,122276,100352,100772,1,4,0,0,3,0,0,14848,14848,4.376124461439587,7.290368868159572,2.465709107910124,1,992,4,24,0,0,0,0,0,100,2636,0,992,324,0,0,0,0,0,0,112,0,0,0,0,0,0,1,0,0,0,0,0,0,0,0,0,0,0,0,1,1,0,0,0,1,0,1,1,1,0,0,0,1,0,1,1,0,1,1,0,0,0,0,0,0,1,0,0,0,0x014c,0x010b,0x0002,.text
13d9c96c57ad169e8cceb38a5dde6b328d21d291d485a61272f932cac10503e1,dike_batch9,1,original,13d9c96c57ad169e8cceb38a5dde6b328d21d291d485a61272f932cac10503e1,164512,5.671598152226533,128,5,2012,0,224,2,50,4,0,0,0,4,0,117760,43520,0,5088,0.028888081395348836,4194304,4096,512,176128,1024,0.005813953488372093,0.6686046511627907,0.24709302325581395,172579,16,1048576,4096,1048576,4096,161280,161280,117760,117760,1,3,0,0,2,0,0,117760,117760,3.449241314280718,7.071032141585195,7.071032141585195,1,2208,2,9,0,0,0,0,0,60,0,0,2208,228,0,0,0,0,0,0,44,0,0,0,0,0,0,1,0,0,0,0,0,0,0,0,0,0,0,0,1,1,0,0,0,1,0,1,1,1,0,0,0,1,0,1,0,0,1,1,0,0,0,0,0,0,1,0,0,0,0x014c,0x010b,0x0002,.text
13df47f0729e6cb4f6c115f02f4d0402b7a5aec716365b3757c63ef496e2575b,dike_batch9,1,original,13df47f0729e6cb4f6c115f02f4d0402b7a5aec716365b3757c63ef496e2575b,195232,4.925171175017161,128,8,2012,0,224,2,50,4,0,0,0,4,0,145408,46592,0,5248,0.024174528301886794,4194304,4096,512,217088,1024,0.0047169811320754715,0.6698113207547169,0.21462264150943397,228473,16,1048576,4096,1048576,4096,192000,192000,145408,145408,1,6,0,0,5,0,0,145408,145408,3.150490257957346,6.049998846808335,6.049998846808335,0,2208,3,10,0,0,0,0,0,80,0,0,2208,220,0,0,0,0,0,0,52,0,0,0,0,0,0,1,0,0,0,0,0,0,0,0,0,0,0,0,1,1,0,0,0,1,0,0,1,1,0,0,0,1,0,1,0,0,1,1,0,0,0,0,0,0,1,0,0,0,0x014c,0x010b,0x0002,.text
13e04f23ced4063b8c0e62d0bbc2a4e37277a9efd4baa80447e749e2d3e2febc,dike_batch9,1,original,13e04f23ced4063b8c0e62d0bbc2a4e37277a9efd4baa80447e749e2d3e2febc,212992,6.156353689694879,248,5,2011,0,224,8,0,4,0,0,0,4,0,147456,61440,0,79210,0.3453281947544643,1677721600,4096,4096,229376,4096,0.017857142857142856,0.6428571428571429,0.26785714285714285,241030,16,1048576,4096,1048576,4096,208896,222756,147456,147456,1,1,0,0,0,0,0,147456,147456,4.371507601111203,6.614083430878571,6.614083430878571,0,0,7,116,0,0,0,0,106,160,1284,0,0,8504,0,0,0,0,64,0,492,0,0,0,0,0,1,0,0,0,0,0,0,0,1,1,0,0,0,0,1,1,0,0,0,0,0,0,0,1,0,0,0,1,1,1,1,0,0,1,0,0,0,0,1,0,1,0,0,0,0x014c,0x010b,0x0002,.text
13e673c52404cb1943661b8744985f1db99e392197e99fe655e6f6a5df36b3d2,dike_batch9,1,original,13e673c52404cb1943661b8744985f1db99e392197e99fe655e6f6a5df36b3d2,434176,7.519264970818406,208,4,2012,0,224,6,0,4,0,0,0,4,0,36864,393216,0,5648,0.006860230099502488,4194304,4096,4096,823296,4096,0.004975124378109453,0.04477611940298507,0.47761194029850745,0,16,1048576,4096,1048576,4096,430080,814796,364544,388624,1,1,0,0,0,0,0,36864,36864,5.9577776605929635,7.731179230874774,6.145121810577347,1,0,4,59,0,0,0,0,0,100,7696,0,0,0,0,0,0,0,0,0,252,0,0,0,1,0,0,1,1,0,0,0,0,1,0,0,0,0,0,0,1,1,0,0,0,0,0,1,0,1,0,0,0,1,0,1,1,0,0,0,0,0,0,0,0,0,1,0,0,0,0x014c,0x010b,0x0002,.text
13e7f7481dd79f4d0b0012eaf7b6a1f95f57fce8caa2597f34437667e318e7b7,dike_batch9,1,original,13e7f7481dd79f4d0b0012eaf7b6a1f95f57fce8caa2597f34437667e318e7b7,148480,7.445785502194671,232,4,2012,0,224,10,0,5,1,0,0,5,1,39424,97280,0,20799,0.13020207331730768,4194304,4096,512,159744,1024,0.00641025641025641,0.2467948717948718,0.6089743589743589,96237,16,1048576,4096,1048576,4096,147456,148992,94720,94720,1,4,1,0,0,0,0,39424,39424,5.916616726347481,7.976659167290594,5.600924758769085,1,0,11,455,0,0,0,0,0,10752,94268,0,0,1644,0,0,0,0,64,0,0,0,0,0,1,0,0,1,0,0,0,0,0,0,1,1,0,0,0,1,1,1,1,1,1,0,0,1,0,1,0,0,0,1,0,1,1,0,0,1,0,0,0,0,1,0,0,0,0,0,0x014c,0x010b,0x0002,.text
13ebc8a3a4862336aff629e6e344d4bdc1a383ad7fa1150e133418cdc8802492,dike_batch9,1,original,13ebc8a3a4862336aff629e6e344d4bdc1a383ad7fa1150e133418cdc8802492,195232,4.92116312818692,128,8,2012,0,224,2,50,4,0,0,0,4,0,145408,46592,0,5248,0.024174528301886794,4194304,4096,512,217088,1024,0.0047169811320754715,0.6698113207547169,0.21462264150943397,254740,16,1048576,4096,1048576,4096,192000,192000,145408,145408,1,6,0,0,5,0,0,145408,145408,3.148882466016311,6.045175470985228,6.045175470985228,0,2208,3,10,0,0,0,0,0,80,0,0,2208,220,0,0,0,0,0,0,52,0,0,0,0,0,0,1,0,0,0,0,0,0,0,0,0,0,0,0,1,1,0,0,0,1,0,0,1,1,0,0,0,1,0,1,0,0,1,1,0,0,0,0,0,0,1,0,0,0,0x014c,0x010b,0x0002,.text
13f0d2c5c6813def9184cfbf0f022662672162eaf949ad4507b6e1328a9bc3e1,dike_batch9,1,original,13f0d2c5c6813def9184cfbf0f022662672162eaf949ad4507b6e1328a9bc3e1,221184,6.244890056188031,264,5,2012,0,224,8,0,4,0,0,0,4,0,151552,65536,0,84506,0.355712890625,1677721600,4096,4096,237568,4096,0.017241379310344827,0.6379310344827587,0.27586206896551724,228548,16,1048576,4096,1048576,4096,217088,231012,151552,151552,1,1,0,0,0,0,0,151552,151552,3.5135129324475316,6.666428875106949,6.666428875106949,0,0,7,114,0,0,0,0,106,160,1364,0,0,8980,0,0,0,0,64,0,484,0,0,0,0,0,1,0,0,0,0,0,0,0,1,1,0,0,0,0,1,1,0,0,0,0,0,0,0,1,0,0,0,1,1,1,1,0,0,1,0,0,0,0,1,0,1,0,0,0,0x014c,0x010b,0x0002,.text
13facd4ea5c152122792d0e4c5ae689848188fc600bce0d03c957bddf94f8402,dike_batch9,1,original,13facd4ea5c152122792d0e4c5ae689848188fc600bce0d03c957bddf94f8402,390656,7.844992532396038,124,4,2011,0,224,10,0,4,0,0,0,4,0,5632,384000,0,5432,0.006597870024875622,4194304,4096,512,823296,1024,0.0012437810945273632,0.006840796019900498,0.4664179104477612,0,16,1048576,4096,1048576,4096,389632,814080,380928,425984,1,2,0,0,0,0,0,5632,5632,6.041535050544662,7.881500009580452,6.20787345234234,1,0,4,39,0,0,0,0,0,120,380434,0,0,0,0,0,0,0,0,0,176,176,0,0,1,0,0,1,1,0,0,0,0,1,0,0,0,0,0,0,1,1,0,0,0,0,0,1,0,1,0,0,0,1,0,1,1,0,0,0,0,0,0,0,0,0,1,1,0,0,0x014c,0x010b,0x0002,.text
140a64a14af8618e8dc617ba276d4dd44458157ef78d57c6e31b379bb83f7671,dike_batch9,1,original,140a64a14af8618e8dc617ba276d4dd44458157ef78d57c6e31b379bb83f7671,195232,4.925125910080303,128,8,2012,0,224,2,50,4,0,0,0,4,0,145408,46592,0,5248,0.024174528301886794,4194304,4096,512,217088,1024,0.0047169811320754715,0.6698113207547169,0.21462264150943397,232494,16,1048576,4096,1048576,4096,192000,192000,145408,145408,1,6,0,0,5,0,0,145408,145408,3.1504937078029145,6.05000919634504,6.05000919634504,0,2208,3,10,0,0,0,0,0,80,0,0,2208,220,0,0,0,0,0,0,52,0,0,0,0,0,0,1,0,0,0,0,0,0,0,0,0,0,0,0,1,1,0,0,0,1,0,0,1,1,0,0,0,1,0,1,0,0,1,1,0,0,0,0,0,0,1,0,0,0,0x014c,0x010b,0x0002,.text
140b697b5a0c588c88eab98d65be425adce66b29492aa4c83e6a710a63c488b5,dike_batch9,1,original,140b697b5a0c588c88eab98d65be425adce66b29492aa4c83e6a710a63c488b5,409600,7.303013217518187,208,4,2012,0,224,6,0,4,0,0,0,4,0,12288,393216,0,6232,0.007965886780104712,4194304,4096,4096,782336,4096,0.005235602094240838,0.015706806282722512,0.5026178010471204,0,16,1048576,4096,1048576,4096,405504,775740,266240,484924,1,1,0,0,0,0,0,12288,12288,6.493419262609303,7.812028221557813,6.313946182131265,2,0,4,48,0,0,0,0,0,100,10308,0,0,0,0,0,0,0,0,0,208,0,0,0,1,0,0,1,1,0,0,0,0,1,0,0,0,0,0,0,1,1,0,0,0,0,0,1,0,1,0,0,0,1,0,1,1,0,0,0,0,0,0,0,0,0,1,0,0,0,0x014c,0x010b,0x0002,.text
140d26d09c7d6a7433cd10a7d6bdabffbafcc63ed61927511378ba35601412d8,dike_batch9,1,original,140d26d09c7d6a7433cd10a7d6bdabffbafcc63ed61927511378ba35601412d8,208384,6.894490107604142,224,7,2012,0,224,89,0,5,1,0,0,5,1,169472,37888,0,80451,0.350738525390625,4194304,4096,512,229376,1024,0.004464285714285714,0.7388392857142857,0.16517857142857142,253789,16,1048576,4096,1048576,4096,207360,207360,169472,169472,1,2,0,0,3,0,0,169472,169472,4.15272051317772,6.608868777824586,6.58099884618725,0,0,6,32,0,0,0,0,130,160,4398,0,0,3400,28,0,0,0,0,0,156,0,0,0,0,0,0,1,0,0,0,0,0,0,0,0,0,0,0,0,1,1,0,0,0,1,0,0,0,1,0,0,0,1,1,1,1,0,0,1,1,0,0,0,0,0,1,0,0,0,0x014c,0x010b,0x0002,.text
141514d574a3b1cd343d4d72c066ca86504bdf7276dbff1b7375a935ed2007f4,dike_batch9,1,original,141514d574a3b1cd343d4d72c066ca86504bdf7276dbff1b7375a935ed2007f4,434176,7.614340957104653,232,4,2012,0,224,7,0,4,0,0,0,4,0,20480,409600,233472,5536,0.005608143153526971,4259840,4096,4096,987136,4096,0.004149377593360996,0.02074688796680498,0.4149377593360996,491046,16,1048576,4096,1048576,4096,430080,980536,233472,783928,1,1,0,0,0,0,0,20480,20480,6.422056940178683,7.862037017644051,6.502359335277747,2,0,4,68,0,0,0,0,0,100,167536,0,0,0,0,0,0,0,0,0,288,0,0,0,1,0,0,1,1,0,0,0,0,0,0,0,0,0,0,0,1,1,0,0,0,0,0,1,0,1,0,0,0,1,0,1,1,0,0,0,0,0,0,0,0,0,1,0,0,0,0x014c,0x010b,0x0002,.text
141783ac51ba4566042ec730ecb48e1ee8b62d0ab12870b7773c50f42f9d0e7f,dike_batch9,1,original,141783ac51ba4566042ec730ecb48e1ee8b62d0ab12870b7773c50f42f9d0e7f,393216,7.413355465973595,232,4,2012,0,224,7,0,4,0,0,0,4,0,98304,275167,413696,83269,0.1031946482392132,4259840,4096,4096,806912,4096,0.005076142131979695,0.1218274111675127,0.341012402839467,443184,16,1048576,4096,1048576,4096,389120,802168,233472,646520,1,1,0,0,0,0,0,98304,98304,6.6595108817996485,7.8869850312392265,7.8869850312392265,3,0,5,84,0,0,0,0,0,120,47200,0,0,0,0,0,0,0,0,0,356,0,0,0,1,0,0,1,1,0,0,0,0,0,0,0,0,0,0,0,1,1,0,0,0,0,0,1,0,1,0,0,0,1,0,1,1,0,0,0,0,0,0,0,0,0,1,0,0,0,0x014c,0x010b,0x0002,.text
142224c7727d535e8ff2a0ede7eaf30e7b965db91f7195d4c698eb01c6c1f0f5,dike_batch9,1,original,142224c7727d535e8ff2a0ede7eaf30e7b965db91f7195d4c698eb01c6c1f0f5,183672,5.581325237369489,128,6,2012,0,224,2,50,4,0,0,0,4,0,126464,49152,0,4912,0.02551529255319149,4194304,4096,512,192512,1024,0.005319148936170213,0.6569148936170213,0.2553191489361702,202522,16,1048576,4096,1048576,4096,175616,175616,126464,126464,1,3,0,0,2,0,0,126464,126464,3.981998731852325,6.807432527575237,6.807432527575237,0,7032,3,104,0,0,0,0,0,80,2364,0,7032,616,0,0,0,0,0,0,428,0,0,0,0,0,0,1,0,0,0,0,0,0,0,0,0,0,0,0,1,1,0,0,0,1,0,0,1,1,0,0,0,1,0,1,1,0,1,1,0,0,0,0,0,0,1,0,0,0,0x014c,0x010b,0x0002,.text
142567efdc774bd292dd2cc721b093a01a64e9b8124d25031b7d47e83c2035a7,dike_batch9,1,original,142567efdc774bd292dd2cc721b093a01a64e9b8124d25031b7d47e83c2035a7,208896,6.397951972906398,264,5,2012,0,224,8,0,4,0,0,0,4,0,143360,61440,0,77738,0.34507279829545456,1677721600,4096,4096,225280,4096,0.01818181818181818,0.6363636363636364,0.2727272727272727,240974,16,1048576,4096,1048576,4096,204800,218500,143360,143360,1,1,0,0,0,0,0,143360,143360,4.64441724238883,6.6440475422847785,6.6440475422847785,0,0,7,114,0,0,0,0,106,160,1356,0,0,7660,0,0,0,0,64,0,484,0,0,0,0,0,1,0,0,0,0,0,0,0,1,1,0,0,0,0,1,1,0,0,0,0,0,0,0,1,0,0,0,1,1,1,1,0,0,1,0,0,0,0,1,0,1,0,0,0,0x014c,0x010b,0x0002,.text
142e0303d25018a2dfa8f6af94e1ad3f166c9affd0c36e4642a4389013430ffb,dike_batch9,1,original,142e0303d25018a2dfa8f6af94e1ad3f166c9affd0c36e4642a4389013430ffb,208896,6.387789780683277,264,5,2012,0,224,8,0,4,0,0,0,4,0,143360,61440,0,77738,0.34507279829545456,1677721600,4096,4096,225280,4096,0.01818181818181818,0.6363636363636364,0.2727272727272727,242874,16,1048576,4096,1048576,4096,204800,218500,143360,143360,1,1,0,0,0,0,0,143360,143360,4.634078584970018,6.643661752884311,6.643661752884311,0,0,7,114,0,0,0,0,106,160,1364,0,0,7656,0,0,0,0,64,0,484,0,0,0,0,0,1,0,0,0,0,0,0,0,1,1,0,0,0,0,1,1,0,0,0,0,0,0,0,1,0,0,0,1,1,1,1,0,0,1,0,0,0,0,1,0,1,0,0,0,0x014c,0x010b,0x0002,.text
14392255d5a8f9359f3cf75a586b9e4040583b02c76c8394735216ded83147d4,dike_batch9,1,original,14392255d5a8f9359f3cf75a586b9e4040583b02c76c8394735216ded83147d4,179200,7.789546256971628,216,4,2011,0,224,10,0,5,1,0,0,5,1,140288,37888,0,115148,0.5737205038265306,4194304,4096,512,200704,1024,0.00510204081632653,0.6989795918367347,0.18877551020408162,217771,16,1048576,4096,1048576,4096,178176,185951,140288,148063,1,1,0,0,0,0,0,140288,148063,6.350297468365358,7.876339109484337,7.876339109484337,2,0,5,25,0,0,0,0,95,120,4170,0,0,2548,28,0,0,0,0,0,120,0,0,0,1,0,0,1,0,0,0,0,0,0,0,0,0,0,0,0,1,1,0,0,0,0,0,1,0,1,0,0,0,1,1,1,1,0,0,1,1,0,0,0,0,0,1,0,0,0,0x014c,0x010b,0x0002,.text
143a42018021258359133888fc04ab542115966e064ccae3310ba4ccdbd9e404,dike_batch9,1,original,143a42018021258359133888fc04ab542115966e064ccae3310ba4ccdbd9e404,165344,5.550395597436138,128,12,2012,0,224,2,50,4,0,0,0,4,0,43008,120320,0,4096,0.0196078431372549,4194304,4096,512,208896,1024,0.004901960784313725,0.20588235294117646,0.5759803921568627,207694,16,1048576,4096,1048576,4096,163328,163328,115200,115200,1,10,0,0,9,0,0,43008,43008,3.2554915878406336,6.542700983366767,0.7084378349416651,0,992,3,11,0,0,0,0,0,80,0,0,992,176,0,0,0,0,0,0,56,0,0,0,0,0,0,1,0,0,0,0,0,0,0,0,0,0,0,0,1,1,0,0,0,1,0,0,1,1,0,0,0,1,0,1,0,0,1,1,0,0,0,0,0,0,1,0,0,0,0x014c,0x010b,0x0002,.text
146413ed923e16b7c7975e8246bcbbe996eb817c71600c595db2b4b77578a610,dike_batch9,1,original,146413ed923e16b7c7975e8246bcbbe996eb817c71600c595db2b4b77578a610,430080,7.660936154829027,224,4,2012,0,224,6,0,4,0,0,0,4,0,36864,389120,0,5728,0.006957400497512438,4194304,4096,4096,823296,4096,0.004975124378109453,0.04477611940298507,0.472636815920398,0,16,1048576,4096,1048576,4096,425984,813804,360448,402192,1,1,0,0,0,0,0,36864,36864,5.095903467211489,7.90494265759055,6.1412908737390675,1,0,4,64,0,0,0,0,0,100,13072,0,0,0,0,0,0,0,0,0,272,0,0,0,1,0,0,1,1,0,0,0,0,1,0,0,0,0,0,0,1,1,0,0,0,0,0,1,0,1,0,0,0,1,0,1,1,0,0,0,0,0,0,0,0,0,1,0,0,0,0x014c,0x010b,0x0002,.text
1464b2ecb3d7607b189f431089825039cd32fc628175c51f7bac09acdf9b8ce5,dike_batch9,1,original,1464b2ecb3d7607b189f431089825039cd32fc628175c51f7bac09acdf9b8ce5,142432,6.064582739032297,128,6,2012,0,224,2,50,4,0,0,0,4,0,126464,14336,0,5584,0.03587582236842105,4194304,4096,512,155648,1024,0.006578947368421052,0.8125,0.09210526315789473,155602,16,1048576,4096,1048576,4096,140288,140420,126464,126464,3,1,0,0,2,0,0,126464,126464,4.728055997356249,6.250275283056791,6.250275283056791,0,1120,6,104,0,0,0,0,0,140,7304,0,1120,540,0,0,0,0,0,0,440,0,0,0,0,0,0,1,0,0,0,0,0,0,0,0,0,0,0,0,1,1,0,0,0,1,0,0,1,1,0,0,0,1,0,1,1,0,1,1,0,0,0,0,0,0,1,0,0,0,0x014c,0x010b,0x0002,.text
146b324c16ef0184917b8e43acb73dbf2a22e22b19917d98809ecde5fbc46f85,dike_batch9,1,original,146b324c16ef0184917b8e43acb73dbf2a22e22b19917d98809ecde5fbc46f85,160768,7.732011067331938,224,8,2012,0,224,17,0,5,1,0,0,5,1,23040,136704,0,16366,0.06342230902777778,4194304,4096,512,258048,1024,0.003968253968253968,0.08928571428571429,0.5297619047619048,201690,16,1048576,4096,1048576,4096,159744,232934,103424,103424,1,1,0,0,4,0,0,23040,23040,4.435601754605702,7.991989867716356,6.306788754344835,1,0,4,98,0,0,0,0,78,100,16,0,0,2284,28,0,0,0,0,0,408,0,0,0,1,0,0,1,0,0,0,0,0,0,0,1,0,0,0,1,1,1,0,0,0,1,0,1,0,1,0,0,0,1,1,1,1,0,0,1,1,0,0,0,0,0,1,0,0,0,0x014c,0x010b,0x0002,.text
1472505d53004c5999dce9c324f4b0875df2eeb1f010629a65536d4ef2515024,dike_batch10,1,original,1472505d53004c5999dce9c324f4b0875df2eeb1f010629a65536d4ef2515024,434176,7.506234456761136,232,4,2012,0,224,6,0,4,0,0,0,4,0,36864,393216,0,5776,0.007015702736318408,4194304,4096,4096,823296,4096,0.004975124378109453,0.04477611940298507,0.47761194029850745,0,16,1048576,4096,1048576,4096,430080,812376,364544,385372,1,1,0,0,0,0,0,36864,36864,5.614580551097219,7.736288309626577,6.232178569484399,1,0,5,69,0,0,0,0,75,120,4444,0,0,0,0,0,0,0,0,0,296,0,0,0,1,0,0,1,1,0,0,0,0,1,0,0,0,0,0,0,1,1,0,0,0,0,0,1,0,1,0,0,0,1,1,1,1,0,0,0,0,0,0,0,0,0,1,0,0,0,0x014c,0x010b,0x0002,.text
1475a0c3136624a929014f37bdad99af8e87f910a29f1168e31b134c1a5ca881,dike_batch10,1,original,1475a0c3136624a929014f37bdad99af8e87f910a29f1168e31b134c1a5ca881,458752,7.585866947825145,216,4,2012,0,224,6,0,4,0,0,0,4,0,61440,393216,0,6992,0.008492692786069652,4194304,4096,4096,823296,4096,0.004975124378109453,0.07462686567164178,0.47761194029850745,0,16,1048576,4096,1048576,4096,454656,818106,217088,523386,1,1,0,0,0,0,0,61440,61440,6.920638776803998,7.970095750294573,6.249598428230801,2,0,3,72,0,0,0,0,75,80,162938,0,0,0,0,0,0,0,0,0,300,0,0,0,1,0,0,1,1,0,0,0,0,1,0,0,0,0,0,0,1,1,0,0,0,0,0,1,0,1,0,0,0,1,1,1,1,0,0,0,0,0,0,0,0,0,1,0,0,0,0x014c,0x010b,0x0002,.text
147af17f0585ae95c831e2bf1e2980eb227c08a94a3176806a250a2798f9e717,dike_batch10,1,original,147af17f0585ae95c831e2bf1e2980eb227c08a94a3176806a250a2798f9e717,413696,7.670632313004911,224,4,2012,0,224,6,0,4,0,0,0,4,0,12288,397312,0,5576,0.006772776741293532,4194304,4096,4096,823296,4096,0.004975124378109453,0.014925373134328358,0.48258706467661694,0,16,1048576,4096,1048576,4096,409600,811692,339968,741424,1,1,0,0,0,0,0,12288,12288,6.087970362940135,7.976471105342433,6.397260249478516,1,0,3,44,0,0,0,0,0,80,335920,0,0,0,0,0,0,0,0,0,188,0,0,0,1,0,0,1,1,0,0,0,0,1,0,0,0,0,0,0,1,1,0,0,0,0,0,1,0,1,0,0,0,1,0,1,1,0,0,0,0,0,0,0,0,0,1,0,0,0,0x014c,0x010b,0x0002,.text
148138e7f20aef8bf4e64238f1ea9701031c5a6494a3f06bc63d9fb4b36792cb,dike_batch10,1,original,148138e7f20aef8bf4e64238f1ea9701031c5a6494a3f06bc63d9fb4b36792cb,208896,6.175002867082354,264,5,2012,0,224,8,0,4,0,0,0,4,0,143360,61440,0,77738,0.34507279829545456,1677721600,4096,4096,225280,4096,0.01818181818181818,0.6363636363636364,0.2727272727272727,272703,16,1048576,4096,1048576,4096,204800,218500,143360,143360,1,1,0,0,0,0,0,143360,143360,4.338991071137929,6.643441007385033,6.643441007385033,0,0,7,114,0,0,0,0,106,160,1356,0,0,7656,0,0,0,0,64,0,484,0,0,0,0,0,1,0,0,0,0,0,0,0,1,1,0,0,0,0,1,1,0,0,0,0,0,0,0,1,0,0,0,1,1,1,1,0,0,1,0,0,0,0,1,0,1,0,0,0,0x014c,0x010b,0x0002,.text
14821da859dd5e5fed25736f5fb79460e0ee46f6b0c8db9928b19ae280b84538,dike_batch10,1,original,14821da859dd5e5fed25736f5fb79460e0ee46f6b0c8db9928b19ae280b84538,409600,7.301232141072462,208,4,2012,0,224,6,0,4,0,0,0,4,0,12288,393216,0,6248,0.00798633835078534,4194304,4096,4096,782336,4096,0.005235602094240838,0.015706806282722512,0.5026178010471204,0,16,1048576,4096,1048576,4096,405504,775740,266240,484924,1,1,0,0,0,0,0,12288,12288,6.492565003761245,7.810929213219626,6.312947923995633,2,0,4,47,0,0,0,0,0,100,10308,0,0,0,0,0,0,0,0,0,204,0,0,0,1,0,0,1,1,0,0,0,0,1,0,0,0,0,0,0,1,1,0,0,0,0,0,1,0,1,0,0,0,1,0,1,1,0,0,0,0,0,0,0,0,0,1,0,0,0,0x014c,0x010b,0x0002,.text
1482235cd878bd4f9bc27acbf3fa29e6c19800dc3752c73072a3d1a1b10e0ac7,dike_batch10,1,original,1482235cd878bd4f9bc27acbf3fa29e6c19800dc3752c73072a3d1a1b10e0ac7,151040,7.426033414942355,232,4,2012,0,224,10,0,5,1,0,0,5,1,49152,97280,0,30406,0.19034204727564102,4194304,4096,512,159744,1024,0.00641025641025641,0.3076923076923077,0.6089743589743589,94463,16,1048576,4096,1048576,4096,150016,150528,94720,94720,1,4,1,0,0,0,0,49152,49152,5.795817558209584,7.972866561118514,5.721797608006771,1,0,5,183,0,0,0,0,0,3584,94444,0,0,1644,0,0,0,0,64,0,0,0,0,0,1,0,0,1,0,0,0,0,0,0,1,1,0,0,0,1,1,1,1,1,1,0,0,1,0,1,0,0,0,1,0,1,1,0,0,1,0,0,0,0,1,0,0,0,0,0,0x014c,0x010b,0x0002,.text
1484ad44a8fc1250903c50df8961854b12a06edc77e9cd67ed7d83e8af3ebed3,dike_batch10,1,original,1484ad44a8fc1250903c50df8961854b12a06edc77e9cd67ed7d83e8af3ebed3,350720,7.965017336180225,64,4,2011,0,224,10,0,4,0,0,0,4,0,4096,18432,0,726132,0.9634691321331522,4259840,4096,512,753664,724992,0.9619565217391305,0.005434782608695652,0.024456521739130436,388268,16,1048576,4096,1048576,4096,22528,22528,14336,14336,1,2,0,0,0,0,0,4096,4096,4.637400051750453,7.105838945709292,5.518835394976153,1,327168,4,39,0,0,0,0,0,100,14146,0,0,0,28,0,0,0,0,0,172,0,0,0,0,0,0,1,1,0,0,0,0,0,0,0,0,0,0,0,1,1,0,0,0,0,0,1,1,1,0,0,0,1,0,1,1,0,0,0,1,0,0,0,0,0,1,0,0,0,0x014c,0x010b,0x0002,.text
14958ce3b73232c0354597833747c064e067c0ff3b60d430d292d7623cbf5b5e,dike_batch10,1,original,14958ce3b73232c0354597833747c064e067c0ff3b60d430d292d7623cbf5b5e,372736,7.627816635288381,232,4,2012,0,224,7,0,4,0,0,0,4,0,94208,261614,438272,76217,0.093505859375,4259840,4096,4096,815104,4096,0.005025125628140704,0.11557788944723618,0.3209578164258794,432914,16,1048576,4096,1048576,4096,368640,807544,208896,647800,1,1,0,0,0,0,0,94208,94208,6.629701805357316,7.763278527520269,7.763278527520269,3,0,2,60,0,0,0,0,0,60,53605,0,0,0,0,0,0,0,0,0,248,0,0,0,1,0,0,1,1,0,0,0,0,0,0,0,0,0,0,0,1,1,0,0,0,0,0,1,0,1,0,0,0,1,0,1,1,0,0,0,0,0,0,0,0,0,1,0,0,0,0x014c,0x010b,0x0002,.text
149901dd4a0057e477c65868027527ab63329d6109be8e907e5b110319dfef13,dike_batch10,1,original,149901dd4a0057e477c65868027527ab63329d6109be8e907e5b110319dfef13,95785,7.625279795541738,128,5,2012,0,224,2,50,4,0,0,0,4,0,2048,91648,0,4640,0.04195601851851852,4194304,4096,512,110592,1024,0.009259259259259259,0.018518518518518517,0.8287037037037037,148067,16,1048576,4096,1048576,4096,93696,93696,88064,88064,1,1,0,0,0,0,0,2048,2048,4.119780190078783,7.756235705307442,5.49026667392277,1,1065,3,6,0,0,0,0,0,80,1636,0,1024,132,0,0,0,0,0,0,36,0,0,0,1,0,0,1,0,0,0,0,0,0,0,0,0,0,0,0,1,1,0,0,0,0,0,1,1,1,0,0,0,1,0,1,1,0,1,1,0,0,0,0,0,0,1,0,0,0,0x014c,0x010b,0x0002,.text
149eb62884a861e563d4dd6f54126d134c600765f93b7ef8fd7530dc8b5ed28a,dike_batch10,1,original,149eb62884a861e563d4dd6f54126d134c600765f93b7ef8fd7530dc8b5ed28a,364032,7.908003912574213,124,4,2011,0,224,10,0,4,0,0,0,4,0,5632,357376,0,5116,0.006214046952736319,4194304,4096,512,823296,1024,0.0012437810945273632,0.006840796019900498,0.43407960199004975,0,16,1048576,4096,1048576,4096,363008,812032,354304,450560,1,2,0,0,0,0,0,5632,5632,4.520362594331995,7.943836729820485,6.119021235681122,1,0,4,39,0,0,0,0,0,100,353956,0,0,0,0,0,0,0,0,0,176,0,0,0,1,0,0,1,1,0,0,0,0,1,0,0,0,0,0,0,1,1,0,0,0,0,0,1,0,1,0,0,0,1,0,1,1,0,0,0,0,0,0,0,0,0,1,0,0,0,0x014c,0x010b,0x0002,.text
14ae2134bb308c746b0ca684ec3b81e66b152fe8e2913e790c323c59a05a6c16,dike_batch10,1,original,14ae2134bb308c746b0ca684ec3b81e66b152fe8e2913e790c323c59a05a6c16,208896,6.166928480660684,264,5,2012,0,224,8,0,4,0,0,0,4,0,143360,61440,0,77738,0.34507279829545456,1677721600,4096,4096,225280,4096,0.01818181818181818,0.6363636363636364,0.2727272727272727,270773,16,1048576,4096,1048576,4096,204800,218500,143360,143360,1,1,0,0,0,0,0,143360,143360,4.286611711900966,6.64419896944634,6.64419896944634,0,0,7,114,0,0,0,0,106,160,1364,0,0,7656,0,0,0,0,64,0,484,0,0,0,0,0,1,0,0,0,0,0,0,0,1,1,0,0,0,0,1,1,0,0,0,0,0,0,0,1,0,0,0,1,1,1,1,0,0,1,0,0,0,0,1,0,1,0,0,0,0x014c,0x010b,0x0002,.text
14aeaed4ce4a4e00f2b8719f2ed8695594896e40e962a89183f18d0d7cb5281a,dike_batch10,1,original,14aeaed4ce4a4e00f2b8719f2ed8695594896e40e962a89183f18d0d7cb5281a,417792,7.667232498348556,232,4,2012,0,224,7,0,4,0,0,0,4,0,94208,307678,491520,76217,0.08344244850056054,4259840,4096,4096,913408,4096,0.004484304932735426,0.1031390134529148,0.33684618483744394,448631,16,1048576,4096,1048576,4096,413696,905848,208896,701048,1,1,0,0,0,0,0,94208,94208,6.722629605021786,7.770532257625867,7.770532257625867,3,0,2,60,0,0,0,0,0,60,98559,0,0,0,0,0,0,0,0,0,248,0,0,0,1,0,0,1,1,0,0,0,0,0,0,0,0,0,0,0,1,1,0,0,0,0,0,1,0,1,0,0,0,1,0,1,1,0,0,0,0,0,0,0,0,0,1,0,0,0,0x014c,0x010b,0x0002,.text
14afd4408b3de8c40fb4db34a7742bc0ac92d067d1ab9a6df9241417bbe4f6ac,dike_batch10,1,original,14afd4408b3de8c40fb4db34a7742bc0ac92d067d1ab9a6df9241417bbe4f6ac,5158686,7.993594202953579,240,5,2012,0,224,9,0,5,0,0,0,5,0,74752,30208,0,44167,0.20345205630896226,4194304,4096,512,217088,1024,0.0047169811320754715,0.3443396226415094,0.1391509433962264,0,16,1048576,4096,1048576,4096,104960,200484,74752,96036,1,1,0,0,0,0,0,74752,74752,4.205308284623699,6.555548101442709,6.555548101442709,0,5052702,10,168,0,0,0,0,51,220,21068,0,0,0,28,0,0,0,0,0,712,0,0,0,0,0,0,1,1,0,0,0,0,1,0,1,0,0,0,1,1,1,0,0,0,0,0,0,1,1,0,0,0,1,1,1,1,0,0,0,1,0,0,0,0,0,1,0,0,0,0x014c,0x010b,0x0002,.text
14b647a4d509921f043c7fd291cb58889025f124433a52cadc7be94ee9a8dd34,virusshare,1,original,14b647a4d509921f043c7fd291cb58889025f124433a52cadc7be94ee9a8dd34,476672,7.992797755928588,256,4,1991,0,224,1,52,4,0,0,0,4,0,471040,0,0,6631,0.007358620383522727,6160384,4096,512,901120,1024,0.0011363636363636363,0.5227272727272727,0.0,0,16,1048576,65536,1048576,65536,475648,897024,471040,884736,1,3,1,0,0,0,0,471040,884736,3.659455189254489,7.999555454061292,7.999555454061292,1,0,1,2,0,0,0,0,0,512,3584,0,0,0,0,0,0,512,0,0,0,0,0,0,1,0,0,1,1,0,0,0,0,1,0,0,0,0,0,0,1,1,1,1,1,0,0,1,0,1,0,0,0,1,0,1,1,0,0,0,0,0,0,1,0,0,0,0,0,0,0x014c,0x010b,0x0002,.text
14bd0d0903c67486654ab62709fe048d13323dbd1f4feef0961d07fa6aa43ce9,dike_batch10,1,original,14bd0d0903c67486654ab62709fe048d13323dbd1f4feef0961d07fa6aa43ce9,393216,7.413344133899507,232,4,2012,0,224,7,0,4,0,0,0,4,0,98304,275167,413696,83269,0.1031946482392132,4259840,4096,4096,806912,4096,0.005076142131979695,0.1218274111675127,0.341012402839467,443441,16,1048576,4096,1048576,4096,389120,802168,233472,646520,1,1,0,0,0,0,0,98304,98304,6.659467278230757,7.8869850312392265,7.8869850312392265,3,0,5,84,0,0,0,0,0,120,47200,0,0,0,0,0,0,0,0,0,356,0,0,0,1,0,0,1,1,0,0,0,0,0,0,0,0,0,0,0,1,1,0,0,0,0,0,1,0,1,0,0,0,1,0,1,1,0,0,0,0,0,0,0,0,0,1,0,0,0,0x014c,0x010b,0x0002,.text
14c0c7a9c27c31f76f8d64af3656786c4a4572095c16a8e99e35fe280928a294,dike_batch10,1,original,14c0c7a9c27c31f76f8d64af3656786c4a4572095c16a8e99e35fe280928a294,421888,7.734025935484768,232,4,2012,0,224,7,0,4,0,0,0,4,0,20480,390466,430080,5873,0.006860468376196172,4259840,4096,4096,856064,4096,0.004784688995215311,0.023923444976076555,0.45611776689593303,431714,16,1048576,4096,1048576,4096,417792,848056,262144,532664,1,1,0,0,0,0,0,20480,20480,7.207820367371995,7.8745379959430695,6.631146077453865,2,0,4,63,0,0,0,0,0,100,31947,0,0,0,0,0,0,0,0,0,268,0,0,0,1,0,0,1,1,0,0,0,0,0,0,0,0,0,0,0,1,1,0,0,0,0,0,1,0,1,0,0,0,1,0,1,1,0,0,0,0,0,0,0,0,0,1,0,0,0,0x014c,0x010b,0x0002,.text
14d3a03afb6564b61f9518a36ba1057c3a641ad1ff1658c2bf2151961a882e54,dike_batch10,1,original,14d3a03afb6564b61f9518a36ba1057c3a641ad1ff1658c2bf2151961a882e54,413696,7.671793037861984,224,4,2012,0,224,6,0,4,0,0,0,4,0,12288,397312,0,6355,0.007680760751856436,4194304,4096,4096,827392,4096,0.0049504950495049506,0.01485148514851485,0.4801980198019802,0,16,1048576,4096,1048576,4096,409600,822904,339968,429688,1,1,0,0,0,0,0,12288,12288,6.072102019309712,7.97607281167207,6.344924104762273,1,0,4,43,0,0,0,0,0,100,336706,0,0,0,0,0,0,0,0,0,188,0,0,0,1,0,0,1,1,0,0,0,0,1,0,0,0,0,0,0,1,1,0,0,0,0,0,1,0,1,0,0,0,1,0,1,1,0,0,0,0,0,0,0,0,0,1,0,0,0,0x014c,0x010b,0x0002,.text
14d8b190632d4c1de8b2217505d07143e58c3b5b00ec5b73fe870ef1e891b3bf,dike_batch10,1,original,14d8b190632d4c1de8b2217505d07143e58c3b5b00ec5b73fe870ef1e891b3bf,405504,7.65323265057158,208,4,2012,0,224,6,0,4,0,0,0,4,0,12288,389120,0,5432,0.006597870024875622,4194304,4096,4096,823296,4096,0.004975124378109453,0.014925373134328358,0.472636815920398,0,16,1048576,4096,1048576,4096,401408,815546,274432,516538,1,1,0,0,0,0,0,12288,12288,7.13485291376265,7.823371191867332,6.346906811563809,2,0,2,39,0,0,0,0,0,60,98746,0,0,0,0,0,0,0,0,0,164,0,0,0,1,0,0,1,1,0,0,0,0,1,0,0,0,0,0,0,1,1,0,0,0,0,0,1,0,1,0,0,0,1,0,1,1,0,0,0,0,0,0,0,0,0,1,0,0,0,0x014c,0x010b,0x0002,.text
14d9c0e7d19aa8d1f40c8ce0f3f4bce528aa83dc7183fcf4b5d01648891196c9,dike_batch10,1,original,14d9c0e7d19aa8d1f40c8ce0f3f4bce528aa83dc7183fcf4b5d01648891196c9,417792,7.664883262533479,232,4,2012,0,224,7,0,4,0,0,0,4,0,94208,307678,491520,76217,0.08344244850056054,4259840,4096,4096,913408,4096,0.004484304932735426,0.1031390134529148,0.33684618483744394,454344,16,1048576,4096,1048576,4096,413696,905848,208896,701048,1,1,0,0,0,0,0,94208,94208,6.71895425616153,7.769819434479246,7.769819434479246,3,0,2,60,0,0,0,0,0,60,98559,0,0,0,0,0,0,0,0,0,248,0,0,0,1,0,0,1,1,0,0,0,0,0,0,0,0,0,0,0,1,1,0,0,0,0,0,1,0,1,0,0,0,1,0,1,1,0,0,0,0,0,0,0,0,0,1,0,0,0,0x014c,0x010b,0x0002,.text
14dd2135c471c363e02d1d35a97d759664170c42da2d1dbf2c65faf1122f9c96,dike_batch10,1,original,14dd2135c471c363e02d1d35a97d759664170c42da2d1dbf2c65faf1122f9c96,466944,7.293510674607861,232,4,2012,0,224,7,0,4,0,0,0,4,0,24576,428731,389120,6519,0.007615084853468899,4259840,4096,4096,856064,4096,0.004784688995215311,0.028708133971291867,0.500816527736244,532226,16,1048576,4096,1048576,4096,462848,850296,376832,416120,1,1,0,0,0,0,0,24576,24576,5.535048902517219,7.638575924039599,6.120935087946331,1,0,4,80,0,0,0,0,0,100,32422,0,0,0,0,0,0,0,0,0,336,0,0,0,1,0,0,1,1,0,0,0,0,0,0,0,0,0,0,0,1,1,0,0,0,0,0,1,0,1,0,0,0,1,0,1,1,0,0,0,0,0,0,0,0,0,1,0,0,0,0x014c,0x010b,0x0002,.text
14de93b75aeed39cb17d7f1ab0a89b85fbfe6c0fa77aeb18c0f6d88c3ff31ac0,dike_batch10,1,original,14de93b75aeed39cb17d7f1ab0a89b85fbfe6c0fa77aeb18c0f6d88c3ff31ac0,471040,7.353610505924111,216,4,2012,0,224,7,0,4,0,0,0,4,0,32768,434176,405504,6980,0.0085205078125,4259840,4096,4096,819200,4096,0.005,0.04,0.53,508566,16,1048576,4096,1048576,4096,466944,811380,405504,749940,1,1,0,0,0,0,0,32768,32768,5.669521814202104,7.515434080723074,6.31128850891932,1,0,6,78,0,0,0,0,0,140,17116,0,0,0,0,0,0,0,0,0,336,0,0,0,1,0,0,1,1,0,0,0,0,0,0,0,0,0,0,0,1,1,0,0,0,0,0,1,0,1,0,0,0,1,0,1,1,0,0,0,0,0,0,0,0,0,1,0,0,0,0x014c,0x010b,0x0002,.text
14e3e740b665ae69f2c1893ad89f75c42f25f3b2f7ded9535b39008612d25fc5,dike_batch10,1,original,14e3e740b665ae69f2c1893ad89f75c42f25f3b2f7ded9535b39008612d25fc5,373760,7.971019114775705,64,4,2011,0,224,10,0,4,0,0,0,4,0,5632,367104,0,787884,0.6749280427631579,4259840,4096,512,1167360,786432,0.6736842105263158,0.004824561403508772,0.3144736842105263,382009,16,1048576,4096,1048576,4096,372736,372736,364544,364544,1,2,0,0,0,0,0,5632,5632,5.2890474992711045,7.987996843325661,6.349451104449238,1,0,4,39,0,0,0,0,0,100,14146,0,0,0,0,0,0,0,0,0,204,0,0,0,1,0,0,1,1,0,0,0,0,0,0,0,0,0,0,0,1,1,0,0,0,0,0,1,0,1,0,0,0,1,0,1,1,0,0,0,0,0,0,0,0,0,1,0,0,0,0x014c,0x010b,0x0002,.text
14e67bc6b72881e02e76ccc7aae4740424ab74cfd6349c6f57cfb54b9b537298,dike_batch10,1,original,14e67bc6b72881e02e76ccc7aae4740424ab74cfd6349c6f57cfb54b9b537298,433664,7.8746898612018565,608,6,2008,0,224,9,0,6,1,6,1,5,1,60928,371200,0,427070,0.9847946797520661,65536,512,512,433664,1536,0.0035419126328217238,0.14049586776859505,0.8559622195985832,466747,16,262144,4096,1048576,4096,432128,432128,361472,361472,2,2,1,0,1,0,3,1024,1024,4.516302622389513,7.989350955027337,4.462995284067917,1,0,2,25,0,0,0,0,0,60,768,0,0,3144,0,0,0,0,64,0,108,0,0,0,1,0,0,1,0,0,0,0,0,0,0,0,0,0,0,0,1,1,1,1,1,1,0,1,0,1,0,0,0,1,0,1,1,0,0,1,0,0,0,0,1,0,1,0,0,0,0x014c,0x010b,0x0001,INIT
14f22aa08445d5b935e15387df480b1452baff2dddcf1182cb8fa828eb104ada,virusshare,1,original,14f22aa08445d5b935e15387df480b1452baff2dddcf1182cb8fa828eb104ada,354816,6.515712089686122,240,6,2013,0,224,11,0,5,1,5,1,5,1,57344,316416,0,36364,0.09444606050531915,4194304,4096,512,385024,1024,0.0026595744680851063,0.14893617021276595,0.8218085106382979,366230,16,4000000,4096,1048576,4096,353792,373460,135680,135680,1,2,0,0,1,0,0,57344,57344,5.1483853302722276,7.5277776142438935,6.454577700544037,1,0,1,67,0,0,0,0,0,40,110200,0,0,3468,0,0,0,0,64,0,272,0,0,0,1,0,0,1,0,0,0,0,0,0,0,0,0,0,0,1,1,1,0,0,0,1,0,1,0,1,0,0,0,1,0,1,1,0,0,1,0,0,0,0,1,0,1,0,0,0,0x014c,0x010b,0x0002,.text
1506d45c8dc808cb5f541322a8741f9aa63a562e1161c44bae7240bb17c0c599,virusshare,1,original,1506d45c8dc808cb5f541322a8741f9aa63a562e1161c44bae7240bb17c0c599,14376,6.710507684669669,240,3,2011,0,224,6,0,4,0,0,0,4,0,4096,8192,24576,31328,0.76484375,4194304,4096,512,40960,4096,0.1,0.1,0.2,24682,16,1048576,4096,1048576,4096,8192,36864,5120,24576,2,3,2,1,2,0,1,3072,4096,6.258430291925443,7.653373016584987,7.653373016584987,1,5160,7,12,1,0,0,0,0,468,4640,0,5160,0,0,0,0,0,0,0,0,0,0,0,1,0,0,1,1,0,0,0,0,0,0,0,0,0,0,0,1,1,1,1,1,1,0,1,1,1,0,0,1,1,0,1,1,0,1,0,0,0,0,0,0,0,0,0,0,0,0x014c,0x010b,0x0002,UPX1
150737aeecfab1828a8e2349059f28628e7ea6d7db4086a41dae48eef550ce6b,dike_batch10,1,original,150737aeecfab1828a8e2349059f28628e7ea6d7db4086a41dae48eef550ce6b,411648,7.945862017519967,128,4,2005,0,224,9,0,5,1,5,1,4,0,275456,621056,0,269932,0.2968530053490991,4259840,4096,512,909312,1024,0.0011261261261261261,0.30292792792792794,0.6829954954954955,418991,16,1048576,4096,1048576,4096,410624,896312,275456,549688,1,1,0,0,0,0,0,275456,275456,7.415176134650149,7.9699129670645465,7.969320351730578,3,0,6,203,0,0,0,0,0,140,18975,0,0,0,0,0,0,0,64,0,836,0,0,0,1,0,0,1,1,0,0,0,0,0,0,0,0,0,0,0,1,1,0,0,0,0,0,1,0,1,0,0,0,1,0,1,1,0,0,0,0,0,0,0,1,0,1,0,0,0,0x014c,0x010b,0x0002,.text
150781f9796d496a98f76016f1e02bcea855ceecf6a6a1a2ed5d53a1a7f89664,dike_batch10,1,original,150781f9796d496a98f76016f1e02bcea855ceecf6a6a1a2ed5d53a1a7f89664,208896,6.39783543512149,264,5,2012,0,224,8,0,4,0,0,0,4,0,143360,61440,0,77738,0.34507279829545456,1677721600,4096,4096,225280,4096,0.01818181818181818,0.6363636363636364,0.2727272727272727,240974,16,1048576,4096,1048576,4096,204800,218500,143360,143360,1,1,0,0,0,0,0,143360,143360,4.6452486469344825,6.6440475422847785,6.6440475422847785,0,0,7,114,0,0,0,0,106,160,1364,0,0,7660,0,0,0,0,64,0,484,0,0,0,0,0,1,0,0,0,0,0,0,0,1,1,0,0,0,0,1,1,0,0,0,0,0,0,0,1,0,0,0,1,1,1,1,0,0,1,0,0,0,0,1,0,1,0,0,0,0x014c,0x010b,0x0002,.text
15118984482ef1bee0606b4ac461c8ed1cb6f66a2ed0de20bcd1eef898615ee1,dike_batch10,1,original,15118984482ef1bee0606b4ac461c8ed1cb6f66a2ed0de20bcd1eef898615ee1,421888,7.663347129378924,224,4,2012,0,224,6,0,4,0,0,0,4,0,36864,380928,0,5616,0.006821361940298507,4194304,4096,4096,823296,4096,0.004975124378109453,0.04477611940298507,0.4626865671641791,0,16,1048576,4096,1048576,4096,417792,814118,360448,402506,1,1,0,0,0,0,0,36864,36864,4.804765038917626,7.904664727694161,6.129600589795845,1,0,4,62,0,0,0,0,0,100,5194,0,0,0,0,0,0,0,0,0,264,0,0,0,1,0,0,1,1,0,0,0,0,1,0,0,0,0,0,0,1,1,0,0,0,0,0,1,0,1,0,0,0,1,0,1,1,0,0,0,0,0,0,0,0,0,1,0,0,0,0x014c,0x010b,0x0002,.text
151504c13146fdbb9feed385680231bb590e68bb356e6a76a55557382d29ecab,dike_batch10,1,original,151504c13146fdbb9feed385680231bb590e68bb356e6a76a55557382d29ecab,348160,7.66381974981045,200,4,2012,0,224,7,0,4,0,0,0,4,0,86016,242655,454656,82832,0.10317681760204081,4259840,4096,4096,802816,4096,0.00510204081632653,0.10714285714285714,0.3022548130580357,348801,16,1048576,4096,1048576,4096,344064,796268,200704,652908,1,1,0,0,0,0,0,86016,86016,6.480731601738823,7.946727165640066,7.946727165640066,2,0,3,17,0,0,0,0,0,80,41824,0,0,0,0,0,0,0,0,0,80,0,0,0,1,0,0,1,1,0,0,0,0,0,0,0,0,0,0,0,1,1,0,0,0,0,0,1,0,1,0,0,0,1,0,1,1,0,0,0,0,0,0,0,0,0,1,0,0,0,0x014c,0x010b,0x0002,.text
151d541dafa4a2c99ca1405be074f4942b4e69196c53433ac432c1ec144fa623,dike_batch10,1,original,151d541dafa4a2c99ca1405be074f4942b4e69196c53433ac432c1ec144fa623,364032,7.908857082370024,124,4,2011,0,224,10,0,4,0,0,0,4,0,5632,357376,0,5464,0.006636738184079602,4194304,4096,512,823296,1024,0.0012437810945273632,0.006840796019900498,0.43407960199004975,0,16,1048576,4096,1048576,4096,363008,812032,354304,450560,1,2,0,0,0,0,0,5632,5632,4.534988221997381,7.94420105603311,6.166497526564909,1,0,4,39,0,0,0,0,0,100,353956,0,0,0,0,0,0,0,0,0,176,0,0,0,1,0,0,1,1,0,0,0,0,1,0,0,0,0,0,0,1,1,0,0,0,0,0,1,0,1,0,0,0,1,0,1,1,0,0,0,0,0,0,0,0,0,1,0,0,0,0x014c,0x010b,0x0002,.text
1521e289dbe1d369ceab3b362c8201d1fceb228815daec2ada6d9827f8c32062,dike_batch10,1,original,1521e289dbe1d369ceab3b362c8201d1fceb228815daec2ada6d9827f8c32062,393216,7.968753408098573,64,4,2011,0,224,10,0,4,0,0,0,4,0,4608,18432,0,775452,0.9610118575507615,4259840,4096,512,806912,774144,0.9593908629441624,0.005710659898477157,0.02284263959390863,433732,16,1048576,4096,1048576,4096,23040,23040,14336,14336,1,2,0,0,0,0,0,4608,4608,4.618857880419118,7.094594488171263,5.438736639485851,1,369152,4,39,0,0,0,0,0,100,14146,0,0,28,0,0,0,0,0,0,0,0,0,0,0,0,0,1,1,0,0,0,0,0,0,0,0,0,0,0,1,1,0,0,0,0,0,1,1,1,0,0,0,1,0,1,1,0,0,1,0,0,0,0,0,0,0,0,0,0,0x014c,0x010b,0x0002,.text
1521f70cc0ec330ffc4278a76b128d7f73fd5cc8ac1693114618d3167c6f5fe4,dike_batch10,1,original,1521f70cc0ec330ffc4278a76b128d7f73fd5cc8ac1693114618d3167c6f5fe4,364032,7.908487719100758,124,4,2011,0,224,10,0,4,0,0,0,4,0,5632,357376,0,5572,0.0067679182213930345,4194304,4096,512,823296,1024,0.0012437810945273632,0.006840796019900498,0.43407960199004975,0,16,1048576,4096,1048576,4096,363008,812032,354304,450560,1,2,0,0,0,0,0,5632,5632,4.533025449629884,7.943907643496242,6.154983641547727,1,0,4,39,0,0,0,0,0,100,353956,0,0,0,0,0,0,0,0,0,176,0,0,0,1,0,0,1,1,0,0,0,0,1,0,0,0,0,0,0,1,1,0,0,0,0,0,1,0,1,0,0,0,1,0,1,1,0,0,0,0,0,0,0,0,0,1,0,0,0,0x014c,0x010b,0x0002,.text
15329f7cdf68ec0a3dbe88dd1e138756140adbddc0227fae5180aa421c8ff1ac,dike_batch10,1,original,15329f7cdf68ec0a3dbe88dd1e138756140adbddc0227fae5180aa421c8ff1ac,434176,7.519577723617726,208,4,2012,0,224,6,0,4,0,0,0,4,0,36864,393216,0,5648,0.006860230099502488,4194304,4096,4096,823296,4096,0.004975124378109453,0.04477611940298507,0.47761194029850745,0,16,1048576,4096,1048576,4096,430080,814796,364544,388624,1,1,0,0,0,0,0,36864,36864,5.944384010671615,7.73179448031157,6.1449651930152065,1,0,4,59,0,0,0,0,0,100,7696,0,0,0,0,0,0,0,0,0,252,0,0,0,1,0,0,1,1,0,0,0,0,1,0,0,0,0,0,0,1,1,0,0,0,0,0,1,0,1,0,0,0,1,0,1,1,0,0,0,0,0,0,0,0,0,1,0,0,0,0x014c,0x010b,0x0002,.text
1534bb32a757f8261cd698fb3280e52c5c1e6125b78acf18613ed680eacfda43,dike_batch10,1,original,1534bb32a757f8261cd698fb3280e52c5c1e6125b78acf18613ed680eacfda43,96297,7.402374683875507,128,4,2012,0,224,2,50,4,0,0,0,4,0,2048,92160,0,4880,0.045823317307692304,4194304,4096,512,106496,1024,0.009615384615384616,0.019230769230769232,0.8653846153846154,148614,16,1048576,4096,1048576,4096,94208,94208,89600,89600,1,1,0,0,0,0,0,2048,2048,4.4319698892883,7.526316312462275,5.540884032674573,1,1065,2,7,0,0,0,0,0,60,1636,0,1024,140,0,0,0,0,0,0,36,0,0,0,1,0,0,1,0,0,0,0,0,0,0,0,0,0,0,0,1,1,0,0,0,0,0,1,1,1,0,0,0,1,0,1,1,0,1,1,0,0,0,0,0,0,1,0,0,0,0x014c,0x010b,0x0002,.text
1537225ce91f184ba98f41cc6bf4fa2566f8dc1a31836e0f57b8245c7856665a,virusshare,1,original,1537225ce91f184ba98f41cc6bf4fa2566f8dc1a31836e0f57b8245c7856665a,3054040,7.998704041571974,216,6,2006,0,224,6,0,4,0,0,0,4,0,23552,121344,1024,188416,0.9787234042553191,4194304,4096,512,192512,1024,0.005319148936170213,0.12234042553191489,0.6303191489361702,2936215,16,1048576,4096,1048576,4096,33280,180756,23552,111636,2,4,1,1,2,0,5,1536,4096,5.32002442040901,7.011790623176678,7.011790623176678,1,176088,8,152,1,0,0,0,0,180,4096,0,2248,0,0,0,0,0,0,0,640,0,0,0,0,0,0,1,1,0,0,0,0,0,0,0,0,0,0,0,1,1,1,1,1,1,0,1,1,1,0,0,1,1,0,1,1,0,1,0,0,0,0,0,0,0,1,0,0,0,0x014c,0x010b,0x0002,.rol
153f42fcc921c6f14f72eaa5da46a98aaf11aeeec0cc94cf30b6eba22593513b,dike_batch10,1,original,153f42fcc921c6f14f72eaa5da46a98aaf11aeeec0cc94cf30b6eba22593513b,434176,7.60907498656852,232,4,2012,0,224,7,0,4,0,0,0,4,0,20480,409600,233472,5536,0.005608143153526971,4259840,4096,4096,987136,4096,0.004149377593360996,0.02074688796680498,0.4149377593360996,490772,16,1048576,4096,1048576,4096,430080,980536,233472,783928,1,1,0,0,0,0,0,20480,20480,6.420735187837478,7.854987044388327,6.504876903890295,2,0,4,68,0,0,0,0,0,100,167536,0,0,0,0,0,0,0,0,0,288,0,0,0,1,0,0,1,1,0,0,0,0,0,0,0,0,0,0,0,1,1,0,0,0,0,0,1,0,1,0,0,0,1,0,1,1,0,0,0,0,0,0,0,0,0,1,0,0,0,0x014c,0x010b,0x0002,.text
1563427648a363944c645b105f665f4f5a75cdf897f454feb41669394a6c0da0,dike_batch10,1,original,1563427648a363944c645b105f665f4f5a75cdf897f454feb41669394a6c0da0,95272,7.569225526432608,128,3,2012,0,224,2,50,4,0,0,0,4,0,92160,2048,0,4720,0.044320913461538464,4194304,4096,512,106496,512,0.004807692307692308,0.8653846153846154,0.019230769230769232,151333,16,1048576,4096,1048576,4096,93696,93792,92160,92160,1,1,0,0,0,0,0,92160,92160,4.531559975781074,7.613688254742739,7.613688254742739,1,1064,4,10,0,0,0,0,0,100,0,0,1063,144,0,0,0,0,0,0,56,0,0,0,1,0,0,1,0,0,0,0,0,0,0,0,0,0,0,0,1,1,0,0,0,0,0,1,1,1,0,0,0,1,0,1,0,0,1,1,0,0,0,0,0,0,1,0,0,0,0x014c,0x010b,0x0002,.text
1591d03e23411c263be6e567bed4a2c7a334f8fd91ff9625242bf21a808dcb10,dike_batch10,1,original,1591d03e23411c263be6e567bed4a2c7a334f8fd91ff9625242bf21a808dcb10,413696,7.671105021003787,208,4,2012,0,224,6,0,4,0,0,0,4,0,12288,397312,0,5576,0.006772776741293532,4194304,4096,4096,823296,4096,0.004975124378109453,0.014925373134328358,0.48258706467661694,0,16,1048576,4096,1048576,4096,409600,811692,339968,741424,1,1,0,0,0,0,0,12288,12288,6.085573982303879,7.976593489391292,6.395177793643174,1,0,3,43,0,0,0,0,0,80,335920,0,0,0,0,0,0,0,0,0,184,0,0,0,1,0,0,1,1,0,0,0,0,1,0,0,0,0,0,0,1,1,0,0,0,0,0,1,0,1,0,0,0,1,0,1,1,0,0,0,0,0,0,0,0,0,1,0,0,0,0x014c,0x010b,0x0002,.text
15925d8dd6e137715015b485de384e7d63ee300ca30c47f0260f55eb499f4f81,dike_batch10,1,original,15925d8dd6e137715015b485de384e7d63ee300ca30c47f0260f55eb499f4f81,458752,7.58606998526943,224,4,2012,0,224,6,0,4,0,0,0,4,0,61440,393216,0,7008,0.008512126865671642,4194304,4096,4096,823296,4096,0.004975124378109453,0.07462686567164178,0.47761194029850745,0,16,1048576,4096,1048576,4096,454656,818138,217088,523386,1,1,0,0,0,0,0,61440,61440,6.914464081637254,7.969769427161024,6.25335238754017,2,0,3,71,0,0,0,0,75,80,162938,0,0,0,0,0,0,0,0,0,296,0,0,0,1,0,0,1,1,0,0,0,0,1,0,0,0,0,0,0,1,1,0,0,0,0,0,1,0,1,0,0,0,1,1,1,1,0,0,0,0,0,0,0,0,0,1,0,0,0,0x014c,0x010b,0x0002,.text
1595348cb651f3a4842f85e647d72c29e2f9f0e85b0e6a65717bc76b13e58efe,dike_batch10,1,original,1595348cb651f3a4842f85e647d72c29e2f9f0e85b0e6a65717bc76b13e58efe,389632,7.847866136102655,124,4,0,0,224,10,0,4,0,0,0,4,0,5632,382976,0,5156,0.006262632151741294,4194304,4096,512,823296,1024,0.0012437810945273632,0.006840796019900498,0.4651741293532338,0,16,1048576,4096,1048576,4096,388608,813056,379392,425984,1,2,0,0,0,0,0,5632,5632,6.087323396086507,7.887766443712009,6.326103623234267,1,0,4,39,0,0,0,0,0,120,379244,0,0,0,0,0,0,0,0,0,192,160,0,0,1,0,0,1,1,0,1,0,0,1,0,0,0,0,0,0,1,1,0,0,0,0,0,1,0,1,0,0,0,1,0,1,1,0,0,0,0,0,0,0,0,0,1,1,0,0,0x014c,0x010b,0x0002,.text
1597ce9060c81d15d05f4f9c8c4dec9c9cf00159126e2b8dbf0f857de97027c0,dike_batch10,1,original,1597ce9060c81d15d05f4f9c8c4dec9c9cf00159126e2b8dbf0f857de97027c0,435200,7.870496811845161,616,6,2008,0,224,9,0,6,1,6,1,5,1,61952,371712,0,428606,0.9848483455882353,65536,512,512,435200,1536,0.0035294117647058825,0.1423529411764706,0.8541176470588235,469541,16,262144,4096,1048576,4096,433664,433664,361984,361984,2,2,1,0,1,0,3,1024,1024,4.406827385655752,7.988629254507214,3.8431029080173267,1,0,2,21,0,0,0,0,0,60,768,0,0,3156,0,0,0,0,64,0,92,0,0,0,1,0,0,1,0,0,0,0,0,0,0,0,0,0,0,0,1,1,1,1,1,1,0,1,0,1,0,0,0,1,0,1,1,0,0,1,0,0,0,0,1,0,1,0,0,0,0x014c,0x010b,0x0001,INIT
159837e9b5ef241a8a36244398f0a78307b9b8c805f1fdaca587e00b396fd3e6,dike_batch10,1,original,159837e9b5ef241a8a36244398f0a78307b9b8c805f1fdaca587e00b396fd3e6,503808,6.833324372983804,224,4,2012,0,224,6,0,4,0,0,0,4,0,20480,479232,0,6355,0.007680760751856436,4194304,4096,4096,827392,4096,0.0049504950495049506,0.024752475247524754,0.5792079207920792,0,16,1048576,4096,1048576,4096,499712,819704,339968,339968,1,1,0,0,0,0,0,20480,20480,5.368667144430435,7.9762180486399235,6.1875777450439085,1,0,4,45,0,0,0,0,0,100,336706,0,0,0,0,0,0,0,0,0,196,0,0,0,1,0,0,1,1,0,0,0,0,1,0,0,0,0,0,0,1,1,0,0,0,0,0,1,0,1,0,0,0,1,0,1,1,0,0,0,0,0,0,0,0,0,1,0,0,0,0x014c,0x010b,0x0002,.text
159b329d316ae0b96077fbbde49b089986bc600d7db7357dd57cce5deaf6976f,dike_batch10,1,original,159b329d316ae0b96077fbbde49b089986bc600d7db7357dd57cce5deaf6976f,442880,7.551665659579228,124,4,2011,0,224,10,0,4,0,0,0,4,0,8704,433152,0,6088,0.007431640625,4194304,4096,512,819200,1024,0.00125,0.010625,0.52875,0,16,1048576,4096,1048576,4096,441856,808960,430080,430080,1,2,0,0,0,0,0,8704,8704,4.032635968852559,7.619114067542136,4.50840475664648,1,0,4,39,0,0,0,0,0,100,429904,0,0,0,0,0,0,0,0,0,0,28,0,0,1,0,0,1,1,0,0,0,0,1,0,0,0,0,0,0,1,1,0,0,0,0,0,1,0,1,0,0,0,1,0,1,1,0,0,0,0,0,0,0,0,0,0,1,0,0,0x014c,0x010b,0x0002,.text
15a5e7452155069444548108da7855ffb5bd31dc2440f4a47de73f53d81eb23f,dike_batch10,1,original,15a5e7452155069444548108da7855ffb5bd31dc2440f4a47de73f53d81eb23f,95272,7.592761014315968,128,3,2012,0,224,2,50,4,0,0,0,4,0,92160,2048,0,4720,0.044320913461538464,4194304,4096,512,106496,512,0.004807692307692308,0.8653846153846154,0.019230769230769232,158289,16,1048576,4096,1048576,4096,93696,93904,92160,92160,1,1,0,0,0,0,0,92160,92160,4.987727983145921,7.630262793366377,7.630262793366377,1,1064,5,13,0,0,0,0,0,120,0,0,1063,208,0,0,0,0,0,0,72,0,0,0,1,0,0,1,0,0,0,0,0,0,0,0,0,0,0,0,1,1,0,0,0,0,0,1,1,1,0,0,0,1,0,1,0,0,1,1,0,0,0,0,0,0,1,0,0,0,0x014c,0x010b,0x0002,.text
15a8944744d4a8d98c2afcab0d9a7e6ce996c132876352c96aa0b9eb55d2221d,dike_batch10,1,original,15a8944744d4a8d98c2afcab0d9a7e6ce996c132876352c96aa0b9eb55d2221d,208896,6.401477604633621,264,5,2012,0,224,8,0,4,0,0,0,4,0,143360,61440,0,77738,0.34507279829545456,1677721600,4096,4096,225280,4096,0.01818181818181818,0.6363636363636364,0.2727272727272727,211640,16,1048576,4096,1048576,4096,204800,218500,143360,143360,1,1,0,0,0,0,0,143360,143360,4.648244397678864,6.643844233661677,6.643844233661677,0,0,7,114,0,0,0,0,106,160,1356,0,0,7660,0,0,0,0,64,0,484,0,0,0,0,0,1,0,0,0,0,0,0,0,1,1,0,0,0,0,1,1,0,0,0,0,0,0,0,1,0,0,0,1,1,1,1,0,0,1,0,0,0,0,1,0,1,0,0,0,0x014c,0x010b,0x0002,.text
15ac02c19c55e02ac3890706749c27319c8958c5792a432eb97aac65aeb8db66,dike_batch10,1,original,15ac02c19c55e02ac3890706749c27319c8958c5792a432eb97aac65aeb8db66,405504,7.652723941663516,208,4,2012,0,224,6,0,4,0,0,0,4,0,12288,389120,0,5432,0.006597870024875622,4194304,4096,4096,823296,4096,0.004975124378109453,0.014925373134328358,0.472636815920398,0,16,1048576,4096,1048576,4096,401408,815546,274432,516538,1,1,0,0,0,0,0,12288,12288,7.140490894259099,7.82264327202943,6.34671340637991,2,0,2,39,0,0,0,0,0,60,98746,0,0,0,0,0,0,0,0,0,164,0,0,0,1,0,0,1,1,0,0,0,0,1,0,0,0,0,0,0,1,1,0,0,0,0,0,1,0,1,0,0,0,1,0,1,1,0,0,0,0,0,0,0,0,0,1,0,0,0,0x014c,0x010b,0x0002,.text
15b23faf041b76c39bdfe6befc52008859e1d614512f6c47d792fa67476ed5bb,dike_batch10,1,original,15b23faf041b76c39bdfe6befc52008859e1d614512f6c47d792fa67476ed5bb,195232,4.922789729594018,128,8,2012,0,224,2,50,4,0,0,0,4,0,145408,46592,0,5248,0.024174528301886794,4194304,4096,512,217088,1024,0.0047169811320754715,0.6698113207547169,0.21462264150943397,236279,16,1048576,4096,1048576,4096,192000,192000,145408,145408,1,6,0,0,5,0,0,145408,145408,3.1495251511450864,6.047103526371554,6.047103526371554,0,2208,3,10,0,0,0,0,0,80,0,0,2208,220,0,0,0,0,0,0,52,0,0,0,0,0,0,1,0,0,0,0,0,0,0,0,0,0,0,0,1,1,0,0,0,1,0,0,1,1,0,0,0,1,0,1,0,0,1,1,0,0,0,0,0,0,1,0,0,0,0x014c,0x010b,0x0002,.text
15cc0964d096282e012655790f71374ad080917a74805598f1599056af8215fe,dike_batch10,1,original,15cc0964d096282e012655790f71374ad080917a74805598f1599056af8215fe,433664,7.873398044298857,608,6,2008,0,224,9,0,6,1,6,1,5,1,60928,371200,0,427070,0.9847946797520661,65536,512,512,433664,1536,0.0035419126328217238,0.14049586776859505,0.8559622195985832,463157,16,262144,4096,1048576,4096,432128,432128,361472,361472,2,2,1,0,1,0,3,1024,1024,4.510090428431858,7.98904862130034,4.460868955828661,1,0,2,25,0,0,0,0,0,60,768,0,0,3144,0,0,0,0,64,0,108,0,0,0,1,0,0,1,0,0,0,0,0,0,0,0,0,0,0,0,1,1,1,1,1,1,0,1,0,1,0,0,0,1,0,1,1,0,0,1,0,0,0,0,1,0,1,0,0,0,0x014c,0x010b,0x0001,INIT
15f256725955f7f40ff39b8953e0128522d78c4c45884b799f29b71e8f0bcf2d,dike_batch10,1,original,15f256725955f7f40ff39b8953e0128522d78c4c45884b799f29b71e8f0bcf2d,208896,6.416366995902021,264,5,2012,0,224,8,0,4,0,0,0,4,0,143360,61440,0,78314,0.34762961647727275,1694498816,4096,4096,225280,4096,0.01818181818181818,0.6363636363636364,0.2727272727272727,214085,16,1048576,4096,1048576,4096,204800,218500,143360,143360,1,1,0,0,0,0,0,143360,143360,4.654903868841272,6.665690017864341,6.665690017864341,0,0,7,114,0,0,0,0,106,160,1364,0,0,7652,0,0,0,0,64,0,484,0,0,0,0,0,1,0,0,0,0,0,0,0,1,1,0,0,0,0,1,1,0,0,0,0,0,0,0,1,0,0,0,1,1,1,1,0,0,1,0,0,0,0,1,0,1,0,0,0,0x014c,0x010b,0x0002,.text
15fd34cfb375b5ea486231699dd3843ce1e325173d9505e257e2d5dcce9ffb41,dike_batch10,1,original,15fd34cfb375b5ea486231699dd3843ce1e325173d9505e257e2d5dcce9ffb41,341504,7.633345251835301,128,7,2012,0,224,2,50,4,0,0,0,4,0,331264,9728,0,332400,0.9118240870786517,4194304,4096,512,364544,1024,0.0028089887640449437,0.9087078651685393,0.026685393258426966,364961,16,1048576,4096,1048576,4096,340480,340632,331264,331264,1,1,0,0,3,0,0,331264,331264,3.4223578132287287,7.657458107115946,7.657458107115946,1,0,7,159,0,0,0,0,0,160,496,0,2832,796,0,0,0,0,0,0,664,0,0,0,1,0,0,1,0,0,0,0,0,0,0,0,0,0,0,0,1,1,0,0,0,1,0,1,0,1,0,0,0,1,0,1,1,0,1,1,0,0,0,0,0,0,1,0,0,0,0x014c,0x010b,0x0002,.text
15fd3d69eb5da2ddc02c5c64cf8b123ba57e82e202e2a15fef056153deef647a,dike_batch10,1,original,15fd3d69eb5da2ddc02c5c64cf8b123ba57e82e202e2a15fef056153deef647a,442368,7.625902942117961,216,4,2012,0,224,7,0,4,0,0,0,4,0,32768,405504,376832,6708,0.0081884765625,4259840,4096,4096,819200,4096,0.005,0.04,0.495,447895,16,1048576,4096,1048576,4096,438272,815028,376832,753588,1,1,0,0,0,0,0,32768,32768,5.672094137508763,7.824177761263095,6.287636529303001,1,0,3,63,0,0,0,0,0,80,17116,0,0,0,0,0,0,0,0,0,264,0,0,0,1,0,0,1,1,0,0,0,0,0,0,0,0,0,0,0,1,1,0,0,0,0,0,1,0,1,0,0,0,1,0,1,1,0,0,0,0,0,0,0,0,0,1,0,0,0,0x014c,0x010b,0x0002,.text
1600cdfc2408b69a75a6993a41d50ad0ac8c4666269785cae0731fe43a855ee5,dike_batch10,1,original,1600cdfc2408b69a75a6993a41d50ad0ac8c4666269785cae0731fe43a855ee5,169984,7.829379625560252,216,6,2011,0,224,10,0,5,1,0,0,5,1,77312,91648,0,4096,0.016666666666666666,4194304,4096,512,245760,1024,0.004166666666666667,0.3145833333333333,0.3729166666666667,200750,16,1048576,4096,1048576,4096,168960,228263,85504,144807,1,3,1,0,2,0,0,77312,77312,4.74869190022882,7.87949273572908,7.87949273572908,2,0,2,20,0,0,0,0,88,60,3872,0,0,2052,28,0,0,0,0,0,88,0,0,0,1,0,0,1,0,0,0,0,0,0,0,0,0,0,0,0,1,1,1,1,1,1,0,1,0,1,0,0,0,1,1,1,1,0,0,1,1,0,0,0,0,0,1,0,0,0,0x014c,0x010b,0x0002,.text
160325bc0767e16f91cd60a1bfac9b553c271c102546e108a6c92249a577e74c,dike_batch10,1,original,160325bc0767e16f91cd60a1bfac9b553c271c102546e108a6c92249a577e74c,454656,7.410448576919995,232,4,2012,0,224,7,0,4,0,0,0,4,0,20480,423234,397312,6145,0.007178201629784689,4259840,4096,4096,856064,4096,0.004784688995215311,0.023923444976076555,0.4943952788576555,459024,16,1048576,4096,1048576,4096,450560,849528,294912,693880,1,1,0,0,0,0,0,20480,20480,7.094349325651165,7.691160930814201,6.697027586319935,2,0,6,74,0,0,0,0,0,140,31947,0,0,0,0,0,0,0,0,0,320,0,0,0,1,0,0,1,1,0,0,0,0,0,0,0,0,0,0,0,1,1,0,0,0,0,0,1,0,1,0,0,0,1,0,1,1,0,0,0,0,0,0,0,0,0,1,0,0,0,0x014c,0x010b,0x0002,.text
160684a7223267c27de0cb540772c5cd7b21751ac66ba15943212d65a8ddf3b9,dike_batch10,1,original,160684a7223267c27de0cb540772c5cd7b21751ac66ba15943212d65a8ddf3b9,393216,7.730571996150528,208,4,2012,0,224,6,0,4,0,0,0,4,0,12288,376832,0,5592,0.0067922108208955225,4194304,4096,4096,823296,4096,0.004975124378109453,0.014925373134328358,0.4577114427860697,0,16,1048576,4096,1048576,4096,389120,817954,311296,437026,1,1,0,0,0,0,0,12288,12288,6.7757300512386855,7.9225444657139015,6.376244433523728,1,0,3,46,0,0,0,0,0,80,6946,0,0,0,0,0,0,0,0,0,196,0,0,0,1,0,0,1,1,0,0,0,0,1,0,0,0,0,0,0,1,1,0,0,0,0,0,1,0,1,0,0,0,1,0,1,1,0,0,0,0,0,0,0,0,0,1,0,0,0,0x014c,0x010b,0x0002,.text
160a42e9a2964d22a6f127f941a92e3a3bc2850396d4eff9ad5c3cc5bbc547ac,dike_batch10,1,original,160a42e9a2964d22a6f127f941a92e3a3bc2850396d4eff9ad5c3cc5bbc547ac,208896,6.394454013742402,264,5,2012,0,224,8,0,4,0,0,0,4,0,143360,61440,0,77738,0.34507279829545456,1677721600,4096,4096,225280,4096,0.01818181818181818,0.6363636363636364,0.2727272727272727,268692,16,1048576,4096,1048576,4096,204800,218500,143360,143360,1,1,0,0,0,0,0,143360,143360,4.641716711794606,6.644363543432543,6.644363543432543,0,0,7,114,0,0,0,0,106,160,1364,0,0,7660,0,0,0,0,64,0,484,0,0,0,0,0,1,0,0,0,0,0,0,0,1,1,0,0,0,0,1,1,0,0,0,0,0,0,0,1,0,0,0,1,1,1,1,0,0,1,0,0,0,0,1,0,1,0,0,0,0x014c,0x010b,0x0002,.text
160d421bbd6e22960791d741b0b234f621024dd76c6e85881c7a00fbb72cc8ed,virusshare,1,original,160d421bbd6e22960791d741b0b234f621024dd76c6e85881c7a00fbb72cc8ed,49100,7.494512492474164,224,3,2008,0,224,6,0,4,0,0,0,4,0,0,8192,36864,41632,0.7818509615384616,4194304,4096,512,53248,1024,0.019230769230769232,0.0,0.15384615384615385,15747,16,1048576,4096,1048576,4096,6536,48353,6536,36864,3,3,3,2,3,0,1,6536,8192,7.650838074345117,7.650838074345117,7.650838074345117,1,41540,7,12,0,0,0,0,0,160,0,0,0,0,0,0,0,0,0,0,0,0,0,0,1,0,0,1,1,0,0,0,0,0,0,0,0,0,0,0,1,1,1,1,1,1,0,1,1,1,0,0,0,1,0,1,0,0,0,0,0,0,0,0,0,0,0,0,0,0,0x014c,0x010b,0x0002,.nsp1
160f0f6d18b45802bfc008c5eb03fc59775bc530f96c64589f5db8721e9fc745,dike_batch10,1,original,160f0f6d18b45802bfc008c5eb03fc59775bc530f96c64589f5db8721e9fc745,405504,7.682774829096282,208,4,2012,0,224,6,0,4,0,0,0,4,0,12288,389120,0,5560,0.0067533426616915426,4194304,4096,4096,823296,4096,0.004975124378109453,0.014925373134328358,0.472636815920398,0,16,1048576,4096,1048576,4096,401408,815280,258048,515316,1,1,0,0,0,0,0,12288,12288,6.4106311177222475,7.921638592967724,6.382356217682306,2,0,2,41,0,0,0,0,0,60,101620,0,0,0,0,0,0,0,0,0,172,0,0,0,1,0,0,1,1,0,0,0,0,1,0,0,0,0,0,0,1,1,0,0,0,0,0,1,0,1,0,0,0,1,0,1,1,0,0,0,0,0,0,0,0,0,1,0,0,0,0x014c,0x010b,0x0002,.text
16127bbd48a8e4114510c334a92e1aa41c90a0bb796eb412c543287556212cfc,dike_batch10,1,original,16127bbd48a8e4114510c334a92e1aa41c90a0bb796eb412c543287556212cfc,405504,7.331301455214646,216,4,2012,0,224,6,0,4,0,0,0,4,0,16384,385024,0,6504,0.008313563481675394,4194304,4096,4096,782336,4096,0.005235602094240838,0.020942408376963352,0.49214659685863876,0,16,1048576,4096,1048576,4096,401408,776988,270336,482076,1,1,0,0,0,0,0,16384,16384,6.055331141515276,7.806396304132927,6.05137094603668,2,0,2,45,0,0,0,0,0,60,4298,0,0,0,0,0,0,0,0,0,188,0,0,0,1,0,0,1,1,0,0,0,0,1,0,0,0,0,0,0,1,1,0,0,0,0,0,1,0,1,0,0,0,1,0,1,1,0,0,0,0,0,0,0,0,0,1,0,0,0,0x014c,0x010b,0x0002,.text
1624049bf3a982049abd2df16525529ca8e58c96235f4de20e6382a7f6ccd088,dike_batch10,1,original,1624049bf3a982049abd2df16525529ca8e58c96235f4de20e6382a7f6ccd088,421888,7.664125318455335,224,4,2012,0,224,6,0,4,0,0,0,4,0,36864,380928,0,5616,0.006821361940298507,4194304,4096,4096,823296,4096,0.004975124378109453,0.04477611940298507,0.4626865671641791,0,16,1048576,4096,1048576,4096,417792,814118,360448,402506,1,1,0,0,0,0,0,36864,36864,4.80392504336514,7.904686474457177,6.129890375974838,1,0,4,62,0,0,0,0,0,100,5194,0,0,0,0,0,0,0,0,0,264,0,0,0,1,0,0,1,1,0,0,0,0,1,0,0,0,0,0,0,1,1,0,0,0,0,0,1,0,1,0,0,0,1,0,1,1,0,0,0,0,0,0,0,0,0,1,0,0,0,0x014c,0x010b,0x0002,.text
1629594f628defbbe4c8b0e3217534cc4c7854ba195305df42260eaf0bccf5bc,dike_batch10,1,original,1629594f628defbbe4c8b0e3217534cc4c7854ba195305df42260eaf0bccf5bc,208896,6.398268416198662,264,5,2012,0,224,8,0,4,0,0,0,4,0,143360,61440,0,77738,0.34507279829545456,1677721600,4096,4096,225280,4096,0.01818181818181818,0.6363636363636364,0.2727272727272727,209039,16,1048576,4096,1048576,4096,204800,218500,143360,143360,1,1,0,0,0,0,0,143360,143360,4.647504769226364,6.64316075947627,6.64316075947627,0,0,7,114,0,0,0,0,106,160,1364,0,0,7660,0,0,0,0,64,0,484,0,0,0,0,0,1,0,0,0,0,0,0,0,1,1,0,0,0,0,1,1,0,0,0,0,0,0,0,1,0,0,0,1,1,1,1,0,0,1,0,0,0,0,1,0,1,0,0,0,0x014c,0x010b,0x0002,.text
162c83dc0e75b178d8ed7999281e8c67f5dbdeae8d145a22e655ac3755a0d943,dike_batch7,1,original,162c83dc0e75b178d8ed7999281e8c67f5dbdeae8d145a22e655ac3755a0d943,413696,7.671320058192056,224,4,2012,0,224,6,0,4,0,0,0,4,0,12288,397312,0,5576,0.006772776741293532,4194304,4096,4096,823296,4096,0.004975124378109453,0.014925373134328358,0.48258706467661694,0,16,1048576,4096,1048576,4096,409600,811692,339968,741424,1,1,0,0,0,0,0,12288,12288,6.0853145843826235,7.976552509004533,6.397661365743484,1,0,3,44,0,0,0,0,0,80,335920,0,0,0,0,0,0,0,0,0,188,0,0,0,1,0,0,1,1,0,0,0,0,1,0,0,0,0,0,0,1,1,0,0,0,0,0,1,0,1,0,0,0,1,0,1,1,0,0,0,0,0,0,0,0,0,1,0,0,0,0x014c,0x010b,0x0002,.text
162d8324dd064b46eb35b848c9dce9ea950e8f183af46fc0c6395111dbcb0f47,dike_batch10,1,original,162d8324dd064b46eb35b848c9dce9ea950e8f183af46fc0c6395111dbcb0f47,208896,6.441095286933756,248,5,2012,0,224,8,0,4,0,0,0,4,0,143360,61440,0,78682,0.34926313920454544,1694498816,4096,4096,225280,4096,0.01818181818181818,0.6363636363636364,0.2727272727272727,240449,16,1048576,4096,1048576,4096,204800,218500,143360,143360,1,1,0,0,0,0,0,143360,143360,4.68243275743135,6.674702571784401,6.674702571784401,0,0,6,111,0,0,0,0,106,140,1364,0,0,7708,0,0,0,0,64,0,468,0,0,0,0,0,1,0,0,0,0,0,0,0,1,1,0,0,0,0,1,1,0,0,0,0,0,0,0,1,0,0,0,1,1,1,1,0,0,1,0,0,0,0,1,0,1,0,0,0,0x014c,0x010b,0x0002,.text
1631055b7effd9a196f83e5b9521dedae5e7d43ebf6723dac8a751e75c363332,dike_batch10,1,original,1631055b7effd9a196f83e5b9521dedae5e7d43ebf6723dac8a751e75c363332,413696,7.671130045102864,224,4,2012,0,224,6,0,4,0,0,0,4,0,12288,397312,0,6323,0.007642085009282178,4194304,4096,4096,827392,4096,0.0049504950495049506,0.01485148514851485,0.4801980198019802,0,16,1048576,4096,1048576,4096,409600,822904,339968,429688,1,1,0,0,0,0,0,12288,12288,6.069548253981106,7.976135403226694,6.3340752508767535,1,0,4,41,0,0,0,0,0,100,336706,0,0,0,0,0,0,0,0,0,180,0,0,0,1,0,0,1,1,0,0,0,0,1,0,0,0,0,0,0,1,1,0,0,0,0,0,1,0,1,0,0,0,1,0,1,1,0,0,0,0,0,0,0,0,0,1,0,0,0,0x014c,0x010b,0x0002,.text
1633a8fcb49648dba0793808a77716df91001d05d45cc139fcfb3703616d453b,dike_batch10,1,original,1633a8fcb49648dba0793808a77716df91001d05d45cc139fcfb3703616d453b,164512,5.670643463847584,128,5,2012,0,224,2,50,4,0,0,0,4,0,117760,43520,0,5088,0.028888081395348836,4194304,4096,512,176128,1024,0.005813953488372093,0.6686046511627907,0.24709302325581395,166456,16,1048576,4096,1048576,4096,161280,161280,117760,117760,1,3,0,0,2,0,0,117760,117760,3.4488662029289556,7.069906807529906,7.069906807529906,1,2208,2,9,0,0,0,0,0,60,0,0,2208,228,0,0,0,0,0,0,44,0,0,0,0,0,0,1,0,0,0,0,0,0,0,0,0,0,0,0,1,1,0,0,0,1,0,1,1,1,0,0,0,1,0,1,0,0,1,1,0,0,0,0,0,0,1,0,0,0,0x014c,0x010b,0x0002,.text
163e7257f113211d251065742340ab27513fc19d8e30787c098450dac73595a7,dike_batch10,1,original,163e7257f113211d251065742340ab27513fc19d8e30787c098450dac73595a7,405504,7.258145118641996,216,4,2012,0,224,7,0,4,0,0,0,4,0,94208,294382,405504,76383,0.09370951436871859,4259840,4096,4096,815104,4096,0.005025125628140704,0.11557788944723618,0.36115882145100503,427935,16,1048576,4096,1048576,4096,401408,808216,241664,648472,1,1,0,0,0,0,0,94208,94208,6.541346755358974,7.772784364103479,7.772784364103479,3,0,5,76,0,0,0,0,0,120,53605,0,0,0,0,0,0,0,0,0,324,0,0,0,1,0,0,1,1,0,0,0,0,0,0,0,0,0,0,0,1,1,0,0,0,0,0,1,0,1,0,0,0,1,0,1,1,0,0,0,0,0,0,0,0,0,1,0,0,0,0x014c,0x010b,0x0002,.text
163ed026f473e6c8d2629198ab0b942aadfaf407f3ce53fe5a7f11cc58553ec8,dike_batch10,1,original,163ed026f473e6c8d2629198ab0b942aadfaf407f3ce53fe5a7f11cc58553ec8,458752,7.481306982989794,240,4,2012,0,224,6,0,4,0,0,0,4,0,45056,409600,0,5952,0.0072294776119402986,4194304,4096,4096,823296,4096,0.004975124378109453,0.05472636815920398,0.4975124378109453,0,16,1048576,4096,1048576,4096,454656,813468,364544,379092,1,1,0,0,0,0,0,45056,45056,5.971286143255385,7.731470863888037,6.188624778232446,1,0,4,71,0,0,0,0,75,100,22740,0,0,0,0,0,0,0,0,0,300,0,0,0,1,0,0,1,1,0,0,0,0,1,0,0,0,0,0,0,1,1,0,0,0,0,0,1,0,1,0,0,0,1,1,1,1,0,0,0,0,0,0,0,0,0,1,0,0,0,0x014c,0x010b,0x0002,.text
16440c4b5b60c27b68a6fcf3a75333cebb7689c5efb82a967886ee7274a5d579,dike_batch10,1,original,16440c4b5b60c27b68a6fcf3a75333cebb7689c5efb82a967886ee7274a5d579,232448,7.689249632842699,176,1,1970,0,224,5,12,4,0,0,0,4,0,231936,0,0,208546,0.8778370824353449,4194304,4096,512,237568,512,0.0021551724137931034,0.9762931034482759,0.0,0,16,1048576,4096,1048576,4096,231936,231936,231936,231936,0,1,0,0,0,0,0,231936,231936,7.692428952078879,7.692428952078879,7.692428952078879,1,0,0,0,0,0,0,0,0,0,0,0,0,0,0,0,0,0,0,0,0,0,0,0,1,0,0,1,1,0,0,1,0,1,0,0,0,0,0,0,1,0,1,0,0,0,0,1,0,0,0,0,0,1,0,0,0,0,0,0,0,0,0,0,0,0,0,0,0,0,0x014c,0x010b,0x0002,.text
164863f4479bceebaa2bce23b2a3a5238cbfa251a30e63a538ef33b5d1da4d83,dike_batch10,1,original,164863f4479bceebaa2bce23b2a3a5238cbfa251a30e63a538ef33b5d1da4d83,194560,7.530990407215086,208,3,2011,0,224,10,0,5,1,0,0,5,1,67072,0,0,37139,0.1277061784771127,4194304,4096,512,290816,1024,0.0035211267605633804,0.2306338028169014,0.0,216051,16,1048576,4096,1048576,4096,193536,279938,124416,210818,1,1,0,0,0,0,0,67072,67072,7.092183204336499,7.68262628497103,7.68262628497103,2,0,5,260,0,0,0,0,90,120,16,0,0,1792,0,0,0,0,0,0,1060,0,0,0,1,0,0,1,0,0,0,0,0,0,0,0,0,0,0,0,1,1,0,0,0,0,0,1,0,1,0,0,0,1,1,1,1,0,0,1,0,0,0,0,0,0,1,0,0,0,0x014c,0x010b,0x0002,.text
16494134ccf3643d9b56c4c85f468215501eb22ca9c83315d6866f354993dedb,dike_batch10,1,original,16494134ccf3643d9b56c4c85f468215501eb22ca9c83315d6866f354993dedb,208896,6.399406429920622,264,5,2012,0,224,8,0,4,0,0,0,4,0,143360,61440,0,77738,0.34507279829545456,1677721600,4096,4096,225280,4096,0.01818181818181818,0.6363636363636364,0.2727272727272727,239044,16,1048576,4096,1048576,4096,204800,218500,143360,143360,1,1,0,0,0,0,0,143360,143360,4.647522883898622,6.644070165747278,6.644070165747278,0,0,7,114,0,0,0,0,106,160,1364,0,0,7656,0,0,0,0,64,0,484,0,0,0,0,0,1,0,0,0,0,0,0,0,1,1,0,0,0,0,1,1,0,0,0,0,0,0,0,1,0,0,0,1,1,1,1,0,0,1,0,0,0,0,1,0,1,0,0,0,0x014c,0x010b,0x0002,.text
16625da983c3aef5b51069563ec1727be5c7a705fcebaae2a126e46d8e5b9c44,dike_batch10,1,original,16625da983c3aef5b51069563ec1727be5c7a705fcebaae2a126e46d8e5b9c44,208896,6.175188447682116,264,5,2012,0,224,8,0,4,0,0,0,4,0,143360,61440,0,77738,0.34507279829545456,1677721600,4096,4096,225280,4096,0.01818181818181818,0.6363636363636364,0.2727272727272727,238168,16,1048576,4096,1048576,4096,204800,218500,143360,143360,1,1,0,0,0,0,0,143360,143360,4.342237567438421,6.644098036754653,6.644098036754653,0,0,7,114,0,0,0,0,106,160,1364,0,0,7660,0,0,0,0,64,0,484,0,0,0,0,0,1,0,0,0,0,0,0,0,1,1,0,0,0,0,1,1,0,0,0,0,0,0,0,1,0,0,0,1,1,1,1,0,0,1,0,0,0,0,1,0,1,0,0,0,0x014c,0x010b,0x0002,.text
1669d61b263c5f41fe6e85680c6298945cc63f7b82a1433a8328caad11890780,dike_batch10,1,original,1669d61b263c5f41fe6e85680c6298945cc63f7b82a1433a8328caad11890780,434176,7.869816227093452,608,6,2008,0,224,9,0,6,1,6,1,5,1,60928,371712,0,427582,0.9848126105542453,65536,512,512,434176,1536,0.003537735849056604,0.1403301886792453,0.8561320754716981,472782,16,262144,4096,1048576,4096,432640,432640,361984,361984,2,2,1,0,1,0,3,1024,1024,4.512468480563283,7.986781199109545,4.456260061028274,1,0,2,25,0,0,0,0,0,60,768,0,0,3144,0,0,0,0,64,0,108,0,0,0,1,0,0,1,0,0,0,0,0,0,0,0,0,0,0,0,1,1,1,1,1,1,0,1,0,1,0,0,0,1,0,1,1,0,0,1,0,0,0,0,1,0,1,0,0,0,0x014c,0x010b,0x0001,INIT
1673abf3916aa5aaedf3d0fccfd300e16db8b3a92611b9891587d053d2a70a44,dike_batch10,1,original,1673abf3916aa5aaedf3d0fccfd300e16db8b3a92611b9891587d053d2a70a44,409600,7.68335073302612,216,4,2012,0,224,6,0,4,0,0,0,4,0,12288,393216,0,6292,0.007604617883663367,4194304,4096,4096,827392,4096,0.0049504950495049506,0.01485148514851485,0.4752475247524752,0,16,1048576,4096,1048576,4096,405504,819800,335872,430680,1,1,0,0,0,0,0,12288,12288,6.086841381035528,7.9854641358160325,6.348147750616562,1,0,3,48,0,0,0,0,0,80,333272,0,0,0,0,0,0,0,0,0,204,0,0,0,1,0,0,1,1,0,0,0,0,1,0,0,0,0,0,0,1,1,0,0,0,0,0,1,0,1,0,0,0,1,0,1,1,0,0,0,0,0,0,0,0,0,1,0,0,0,0x014c,0x010b,0x0002,.text
16765310f4489ee56045883f8c26c42c160c605e652cc36bb7f115c9ebf92399,dike_batch10,1,original,16765310f4489ee56045883f8c26c42c160c605e652cc36bb7f115c9ebf92399,148480,7.445426469926345,232,4,2012,0,224,10,0,5,1,0,0,5,1,39424,97280,0,20799,0.13020207331730768,4194304,4096,512,159744,1024,0.00641025641025641,0.2467948717948718,0.6089743589743589,96237,16,1048576,4096,1048576,4096,147456,148992,94720,94720,1,4,1,0,0,0,0,39424,39424,5.9166104645184445,7.976634119974447,5.600924758769085,1,0,11,455,0,0,0,0,0,10752,94268,0,0,1644,0,0,0,0,64,0,0,0,0,0,1,0,0,1,0,0,0,0,0,0,1,1,0,0,0,1,1,1,1,1,1,0,0,1,0,1,0,0,0,1,0,1,1,0,0,1,0,0,0,0,1,0,0,0,0,0,0x014c,0x010b,0x0002,.text
167d50678896d289a81a7e1f05a72139d41096ae14d5ddb102a5b99c8fb13af6,dike_batch10,1,original,167d50678896d289a81a7e1f05a72139d41096ae14d5ddb102a5b99c8fb13af6,466944,7.292856980824338,232,4,2012,0,224,7,0,4,0,0,0,4,0,24576,428731,389120,6519,0.007615084853468899,4259840,4096,4096,856064,4096,0.004784688995215311,0.028708133971291867,0.500816527736244,474500,16,1048576,4096,1048576,4096,462848,850296,376832,416120,1,1,0,0,0,0,0,24576,24576,5.535819953715802,7.637716499446039,6.1191483366734865,1,0,4,80,0,0,0,0,0,100,32422,0,0,0,0,0,0,0,0,0,336,0,0,0,1,0,0,1,1,0,0,0,0,0,0,0,0,0,0,0,1,1,0,0,0,0,0,1,0,1,0,0,0,1,0,1,1,0,0,0,0,0,0,0,0,0,1,0,0,0,0x014c,0x010b,0x0002,.text
16843d42c403fe3a9ec321cbf1bba10ca682bd35a84c49edc06b37cec747ec77,dike_batch10,1,original,16843d42c403fe3a9ec321cbf1bba10ca682bd35a84c49edc06b37cec747ec77,208896,6.401318194785194,264,5,2012,0,224,8,0,4,0,0,0,4,0,143360,61440,0,77738,0.34507279829545456,1677721600,4096,4096,225280,4096,0.01818181818181818,0.6363636363636364,0.2727272727272727,211640,16,1048576,4096,1048576,4096,204800,218500,143360,143360,1,1,0,0,0,0,0,143360,143360,4.648998270565375,6.643844233661677,6.643844233661677,0,0,7,114,0,0,0,0,106,160,1364,0,0,7660,0,0,0,0,64,0,484,0,0,0,0,0,1,0,0,0,0,0,0,0,1,1,0,0,0,0,1,1,0,0,0,0,0,0,0,1,0,0,0,1,1,1,1,0,0,1,0,0,0,0,1,0,1,0,0,0,0x014c,0x010b,0x0002,.text
1692281a737c1ab542e9806fc6ac65b1212a9e22c740137227926e3c8c01bd4a,dike_batch10,1,original,1692281a737c1ab542e9806fc6ac65b1212a9e22c740137227926e3c8c01bd4a,195232,4.921179998766084,128,8,2012,0,224,2,50,4,0,0,0,4,0,145408,46592,0,5248,0.024174528301886794,4194304,4096,512,217088,1024,0.0047169811320754715,0.6698113207547169,0.21462264150943397,253952,16,1048576,4096,1048576,4096,192000,192000,145408,145408,1,6,0,0,5,0,0,145408,145408,3.148886477125163,6.045187504311785,6.045187504311785,0,2208,3,10,0,0,0,0,0,80,0,0,2208,220,0,0,0,0,0,0,52,0,0,0,0,0,0,1,0,0,0,0,0,0,0,0,0,0,0,0,1,1,0,0,0,1,0,0,1,1,0,0,0,1,0,1,0,0,1,1,0,0,0,0,0,0,1,0,0,0,0x014c,0x010b,0x0002,.text
169798d134076741e7ce487da633679c1c24d127242c7a15889d6e141c8cccfb,dike_batch10,1,original,169798d134076741e7ce487da633679c1c24d127242c7a15889d6e141c8cccfb,458752,7.453968542736937,216,4,2012,0,224,7,0,4,0,0,0,4,0,28672,425984,249856,7354,0.007449834673236515,4259840,4096,4096,987136,4096,0.004149377593360996,0.029045643153526972,0.4315352697095436,490512,16,1048576,4096,1048576,4096,454656,979156,249856,774356,1,1,0,0,0,0,0,28672,28672,6.48857834656954,7.842965676923102,6.528322860997366,2,0,6,95,0,0,0,0,0,140,167536,0,0,0,0,0,0,0,0,0,404,0,0,0,1,0,0,1,1,0,0,0,0,0,0,0,0,0,0,0,1,1,0,0,0,0,0,1,0,1,0,0,0,1,0,1,1,0,0,0,0,0,0,0,0,0,1,0,0,0,0x014c,0x010b,0x0002,.text
1699a5f570d7986a34e620b5986702cca67d1cdaff3b90db7c44f6ed0e56f903,dike_batch10,1,original,1699a5f570d7986a34e620b5986702cca67d1cdaff3b90db7c44f6ed0e56f903,479232,7.3350447517024655,232,4,2012,0,224,7,0,4,0,0,0,4,0,28672,446464,262144,6976,0.007008744855967078,4259840,4096,4096,995328,4096,0.00411522633744856,0.02880658436213992,0.448559670781893,541898,16,1048576,4096,1048576,4096,475136,990164,262144,777172,1,1,0,0,0,0,0,28672,28672,6.3827873517598395,7.8555485371605025,6.487464312299449,1,0,6,84,0,0,0,0,0,140,174620,0,0,0,0,0,0,0,0,0,360,0,0,0,1,0,0,1,1,0,0,0,0,0,0,0,0,0,0,0,1,1,0,0,0,0,0,1,0,1,0,0,0,1,0,1,1,0,0,0,0,0,0,0,0,0,1,0,0,0,0x014c,0x010b,0x0002,.text
16a58f1af4cafeeed966eda1ad137339dc9ba4625fc70004313d5a80405da549,dike_batch10,1,original,16a58f1af4cafeeed966eda1ad137339dc9ba4625fc70004313d5a80405da549,196608,6.181606154406785,248,5,2011,0,224,8,0,4,0,0,0,4,0,135168,57344,0,71370,0.3350830078125,1677721600,4096,4096,212992,4096,0.019230769230769232,0.6346153846153846,0.2692307692307692,201164,16,1048576,4096,1048576,4096,192512,206276,135168,135168,1,1,0,0,0,0,0,135168,135168,4.310793337546928,6.698123930360909,6.698123930360909,0,0,7,116,0,0,0,0,106,160,1364,0,0,7904,0,0,0,0,64,0,492,0,0,0,0,0,1,0,0,0,0,0,0,0,1,1,0,0,0,0,1,1,0,0,0,0,0,0,0,1,0,0,0,1,1,1,1,0,0,1,0,0,0,0,1,0,1,0,0,0,0x014c,0x010b,0x0002,.text
16a8e6a3c3d3f4dbc8bf1b8f507b9e6e7293ebb46088d0c41f4f2891397fda59,dike_batch10,1,original,16a8e6a3c3d3f4dbc8bf1b8f507b9e6e7293ebb46088d0c41f4f2891397fda59,503808,6.833117970734785,224,4,2012,0,224,6,0,4,0,0,0,4,0,20480,479232,0,6355,0.007680760751856436,4194304,4096,4096,827392,4096,0.0049504950495049506,0.024752475247524754,0.5792079207920792,0,16,1048576,4096,1048576,4096,499712,819704,339968,339968,1,1,0,0,0,0,0,20480,20480,5.370970814299602,7.976636769773583,6.185504634041564,1,0,4,45,0,0,0,0,0,100,336706,0,0,0,0,0,0,0,0,0,196,0,0,0,1,0,0,1,1,0,0,0,0,1,0,0,0,0,0,0,1,1,0,0,0,0,0,1,0,1,0,0,0,1,0,1,1,0,0,0,0,0,0,0,0,0,1,0,0,0,0x014c,0x010b,0x0002,.text
16b0957a90385be9a5904d96225203f23a6b29dc641cce3bb5f6fc73feec65cc,dike_batch10,1,original,16b0957a90385be9a5904d96225203f23a6b29dc641cce3bb5f6fc73feec65cc,405504,7.68213764931075,224,4,2012,0,224,6,0,4,0,0,0,4,0,12288,389120,0,5528,0.006714474502487562,4194304,4096,4096,823296,4096,0.004975124378109453,0.014925373134328358,0.472636815920398,0,16,1048576,4096,1048576,4096,401408,815280,258048,515316,1,1,0,0,0,0,0,12288,12288,6.410137091272851,7.92170513102428,6.381294947274227,2,0,2,40,0,0,0,0,0,60,101620,0,0,0,0,0,0,0,0,0,168,0,0,0,1,0,0,1,1,0,0,0,0,1,0,0,0,0,0,0,1,1,0,0,0,0,0,1,0,1,0,0,0,1,0,1,1,0,0,0,0,0,0,0,0,0,1,0,0,0,0x014c,0x010b,0x0002,.text
16b5663019a7b181c1ee44a41b37d57b65acd4c34903a5a06cbae73cb7e97340,virusshare,1,original,16b5663019a7b181c1ee44a41b37d57b65acd4c34903a5a06cbae73cb7e97340,993048,7.990480266033959,216,5,2009,0,224,6,0,4,0,6,0,4,0,23552,119808,1024,12860,0.06825322690217392,4194304,4096,512,188416,1024,0.005434782608695652,0.125,0.6358695652173914,0,16,1048576,4096,1048576,4096,33280,179608,23552,110488,1,2,0,1,1,0,0,23552,23552,4.985970933471866,6.417698236857403,6.417698236857403,0,958744,8,155,1,0,0,0,0,180,3640,0,0,0,0,0,0,0,0,0,652,0,0,0,0,0,0,1,1,0,0,0,0,1,0,0,0,0,0,1,1,1,0,0,0,1,0,0,1,1,0,0,1,1,0,1,1,0,0,0,0,0,0,0,0,0,1,0,0,0,0x014c,0x010b,0x0002,.text
16c1f8cdb3a5774159fb683c9ad62aa8e2a5f0c658778a3eca6b86b33ce837b6,dike_batch10,1,original,16c1f8cdb3a5774159fb683c9ad62aa8e2a5f0c658778a3eca6b86b33ce837b6,421888,7.66342601089326,224,4,2012,0,224,6,0,4,0,0,0,4,0,36864,380928,0,5616,0.006821361940298507,4194304,4096,4096,823296,4096,0.004975124378109453,0.04477611940298507,0.4626865671641791,0,16,1048576,4096,1048576,4096,417792,814118,360448,402506,1,1,0,0,0,0,0,36864,36864,4.8038482766547626,7.9046019961973135,6.129638156914957,1,0,4,62,0,0,0,0,0,100,5194,0,0,0,0,0,0,0,0,0,264,0,0,0,1,0,0,1,1,0,0,0,0,1,0,0,0,0,0,0,1,1,0,0,0,0,0,1,0,1,0,0,0,1,0,1,1,0,0,0,0,0,0,0,0,0,1,0,0,0,0x014c,0x010b,0x0002,.text
16c3a9e2ba9b9b669bf7849c51f1613ec7cb899e02cad72b5e2cd42ae80fe599,dike_batch10,1,original,16c3a9e2ba9b9b669bf7849c51f1613ec7cb899e02cad72b5e2cd42ae80fe599,110688,6.969208135595356,128,5,2012,0,224,2,50,4,0,0,0,4,0,103424,5632,0,5152,0.04192708333333333,4194304,4096,512,122880,1024,0.008333333333333333,0.8416666666666667,0.04583333333333333,173288,16,1048576,4096,1048576,4096,108544,108736,101376,101376,1,1,0,0,1,0,0,2048,2048,4.292609138876056,7.123966549245157,5.13070010046136,1,1120,2,7,0,0,0,0,0,60,4044,0,1119,96,0,0,0,0,0,0,36,0,0,0,0,0,0,1,0,0,0,0,0,0,0,0,0,0,0,0,1,1,0,0,0,1,0,1,1,1,0,0,0,1,0,1,1,0,1,1,0,0,0,0,0,0,1,0,0,0,0x014c,0x010b,0x0002,.text
16c7705fef203b88ae0976ed64bac335ad86b376860f826b3eb61f52e9ff692d,dike_batch10,1,original,16c7705fef203b88ae0976ed64bac335ad86b376860f826b3eb61f52e9ff692d,503808,7.045474107183834,216,5,2012,0,224,7,0,4,0,0,0,4,0,32768,466944,4096,8020,0.0097900390625,4259840,4096,4096,819200,4096,0.005,0.04,0.57,526222,16,1048576,4096,1048576,4096,499712,813376,434176,434176,1,2,0,0,0,0,0,32768,32768,5.618789322591666,7.195269294330802,6.423913689375857,1,0,6,78,0,0,0,0,0,140,17116,0,0,0,0,0,0,0,0,0,336,0,0,0,0,0,0,1,1,0,0,0,0,0,0,0,0,0,0,0,1,1,0,0,0,0,0,1,0,1,0,0,0,1,0,1,1,0,0,0,0,0,0,0,0,0,1,0,0,0,0x014c,0x010b,0x0002,.text
16ca6e67e71e527d11b319cf938ccb1fe4bb5cc1cbececf45ef47968b7f4ffb2,dike_batch10,1,original,16ca6e67e71e527d11b319cf938ccb1fe4bb5cc1cbececf45ef47968b7f4ffb2,96297,7.402476558301116,128,4,2012,0,224,2,50,4,0,0,0,4,0,2048,92160,0,4880,0.045823317307692304,4194304,4096,512,106496,1024,0.009615384615384616,0.019230769230769232,0.8653846153846154,155824,16,1048576,4096,1048576,4096,94208,94208,89600,89600,1,1,0,0,0,0,0,2048,2048,4.432516472683271,7.526291061563166,5.540884032674573,1,1065,2,7,0,0,0,0,0,60,1636,0,1024,140,0,0,0,0,0,0,36,0,0,0,1,0,0,1,0,0,0,0,0,0,0,0,0,0,0,0,1,1,0,0,0,0,0,1,1,1,0,0,0,1,0,1,1,0,1,1,0,0,0,0,0,0,1,0,0,0,0x014c,0x010b,0x0002,.text
16cfce3888836d7607c1bba7c4bc557135f70314f4e18153414255d881730bc2,dike_batch7,1,original,16cfce3888836d7607c1bba7c4bc557135f70314f4e18153414255d881730bc2,434176,7.506607736888168,232,4,2012,0,224,6,0,4,0,0,0,4,0,36864,393216,0,5776,0.007015702736318408,4194304,4096,4096,823296,4096,0.004975124378109453,0.04477611940298507,0.47761194029850745,0,16,1048576,4096,1048576,4096,430080,812376,364544,385372,1,1,0,0,0,0,0,36864,36864,5.624197769000036,7.736491695544705,6.232354940700956,1,0,5,69,0,0,0,0,75,120,4444,0,0,0,0,0,0,0,0,0,296,0,0,0,1,0,0,1,1,0,0,0,0,1,0,0,0,0,0,0,1,1,0,0,0,0,0,1,0,1,0,0,0,1,1,1,1,0,0,0,0,0,0,0,0,0,1,0,0,0,0x014c,0x010b,0x0002,.text
185d7cbe9855dac726ff60a2d7c9bd62b04891a907fc0e811fdcd1e2274224a8,virusshare,1,original,185d7cbe9855dac726ff60a2d7c9bd62b04891a907fc0e811fdcd1e2274224a8,761856,6.595241624380594,256,8,1992,0,224,2,25,4,0,0,0,4,0,659968,100864,0,478361,0.6019966676063144,4194304,4096,512,794624,1024,0.001288659793814433,0.8305412371134021,0.12693298969072164,0,16,1048576,16384,1048576,4096,760832,768897,659968,659968,1,4,0,2,0,0,0,659968,659968,4.664246028070614,6.657630113272533,6.535819737194634,0,0,23,575,0,0,0,0,2415919104,13218,33760,0,0,41772,0,11,0,24,0,0,0,0,0,0,0,0,0,1,0,0,0,0,0,1,0,0,0,0,0,0,1,1,0,0,0,0,0,0,0,1,0,0,0,1,0,1,1,0,0,1,0,1,0,1,0,0,0,0,0,0,0x014c,0x010b,0x0002,CODE
186bb73ba67b4944b020707ad5e70c817d76d60a5359a0e38ced34b77bae61d3,virusshare,1,original,186bb73ba67b4944b020707ad5e70c817d76d60a5359a0e38ced34b77bae61d3,1035434,7.840613708891197,232,4,2004,0,224,6,0,4,0,0,0,4,0,20480,61440,0,10377,0.12064034598214286,4194304,4096,4096,86016,4096,0.047619047619047616,0.23809523809523808,0.7142857142857143,0,16,1048576,4096,1048576,4096,81920,81920,40960,40960,1,1,0,0,0,0,0,20480,20480,3.9733972161195665,6.516178183018703,6.516178183018703,0,949418,4,91,1,0,0,0,0,100,38552,0,0,0,0,0,0,0,0,0,380,0,0,0,0,0,0,1,1,0,0,0,0,1,0,0,0,0,0,0,1,1,0,0,0,0,0,0,1,1,0,0,1,1,0,1,1,0,0,0,0,0,0,0,0,0,1,0,0,0,0x014c,0x010b,0x0002,.text
186c28ca7d7579bdb66b613bac45af13d20cdb3a33872399b8fb88f5ddd087f5,virusshare,1,original,186c28ca7d7579bdb66b613bac45af13d20cdb3a33872399b8fb88f5ddd087f5,92593,6.109282899223317,240,6,2008,0,224,6,0,4,0,0,0,4,0,69632,18432,0,72259,0.705654296875,268435456,4096,512,102400,1024,0.01,0.68,0.18,145949,16,1048576,4096,1048576,4096,91136,91644,69632,69632,2,2,0,0,2,0,0,69632,69632,5.887078779686379,6.893242273511803,6.0621511855458134,0,433,13,209,0,0,0,0,142,280,0,0,0,3184,0,0,0,0,0,0,888,64,0,0,0,0,1,0,0,0,0,0,0,0,0,0,0,0,0,0,1,1,0,0,0,1,0,0,1,1,0,0,0,1,1,1,0,0,0,1,0,0,0,0,0,0,1,1,0,0,0x014c,0x010b,0x0000,.text
19018e03b96c0ea6021b5fa864907e8ee9c7401d1a7d903c90c849cb648772d9,virusshare,1,original,19018e03b96c0ea6021b5fa864907e8ee9c7401d1a7d903c90c849cb648772d9,505216,6.108308633467558,216,5,2009,0,224,6,0,4,0,6,0,4,0,24064,164864,1024,12538,0.03924404046474359,4194304,4096,512,319488,1024,0.003205128205128205,0.07532051282051282,0.5160256410256411,0,16,1048576,4096,1048576,4096,47104,307288,24064,154712,1,2,0,1,1,0,0,24064,24064,5.562770876567226,6.440105549497955,6.440105549497955,0,457088,8,155,1,0,0,0,0,180,16544,0,3992,0,0,0,0,0,0,0,652,0,0,0,0,0,0,1,1,0,0,0,0,1,0,0,0,0,0,1,1,1,0,0,0,1,0,0,1,1,0,0,1,1,0,1,1,0,1,0,0,0,0,0,0,0,1,0,0,0,0x014c,0x010b,0x0002,.text
1941cc4f2fa42fd292b4d817daf7959bcf5abb5b441a10c1f0407be1b0a62408,virusshare,1,original,1941cc4f2fa42fd292b4d817daf7959bcf5abb5b441a10c1f0407be1b0a62408,1624848,7.995324317878724,200,4,1999,0,224,6,0,4,0,0,0,4,0,512,1618432,0,4096,0.002506265664160401,4194304,4096,512,1634304,1024,0.0006265664160401002,0.0003132832080200501,0.9902882205513784,1629817,16,1048576,4096,4096,4096,1618432,1619968,1616384,1617920,1,1,0,0,0,0,0,512,512,4.16479296967493,7.996502583891188,5.553760123216849,1,5392,2,15,0,0,0,0,53,60,1615991,0,5392,0,0,0,0,0,0,0,68,0,0,0,1,0,0,1,1,0,0,0,0,0,0,0,0,0,0,0,1,1,0,0,0,0,0,1,1,1,0,0,0,1,1,1,1,0,1,0,0,0,0,0,0,0,1,0,0,0,0x014c,0x010b,0x0002,.text
199225da8a253ad45d48f71918d99cb71169bc4829bf2454b3f259320cb5ef4f,virusshare,1,original,199225da8a253ad45d48f71918d99cb71169bc4829bf2454b3f259320cb5ef4f,94208,5.6974297047560585,256,5,2007,0,224,6,0,4,0,0,0,4,0,61440,32768,0,54259,0.5519510904947916,268435456,4096,4096,98304,4096,0.041666666666666664,0.625,0.3333333333333333,0,16,1048576,4096,1048576,4096,90112,91364,61440,61440,1,1,0,0,0,0,0,61440,61440,4.092006872530368,6.191615896571992,6.191615896571992,0,0,7,208,0,0,0,0,198,160,1008,0,0,3080,0,0,0,0,0,0,860,0,0,0,0,0,1,0,0,0,0,0,0,1,0,0,0,0,0,0,1,1,0,0,0,0,0,0,0,1,0,0,0,1,1,1,1,0,0,1,0,0,0,0,0,0,1,0,0,0,0x014c,0x010b,0x0002,.text
1a4a455677d8ba366ebcaf01d8059ebe791d43774330356c110685e2a0243f76,virusshare,1,original,1a4a455677d8ba366ebcaf01d8059ebe791d43774330356c110685e2a0243f76,48128,7.884283861270816,232,2,2008,0,224,6,0,4,0,0,0,4,0,81920,36864,0,4096,0.03125,4194304,4096,512,131072,1024,0.0078125,0.625,0.28125,77241,16,1048576,4096,1048576,4096,47104,126976,42496,118784,2,2,2,0,0,0,0,42496,118784,7.47005981098082,7.9831667647440465,7.9831667647440465,1,0,4,7,0,0,0,0,0,321,924,0,0,0,0,0,0,0,0,0,0,0,0,0,1,0,0,1,1,0,0,0,0,0,0,0,0,0,0,0,1,1,1,1,1,0,0,1,0,1,0,0,0,1,0,1,1,0,0,0,0,0,0,0,0,0,0,0,0,0,0x014c,0x010b,0x0003,.text
1b9dc15db24f13bfbbfaed129e112615f843a458bb6e6825d24ea0f5566527da,virusshare,1,original,1b9dc15db24f13bfbbfaed129e112615f843a458bb6e6825d24ea0f5566527da,9728,4.960037042009101,128,3,2021,0,224,11,0,4,0,0,0,4,0,6656,2560,0,14702,0.44866943359375,4194304,8192,512,32768,512,0.015625,0.203125,0.078125,0,16,1048576,4096,1048576,4096,9216,9216,6656,6656,1,0,0,0,0,0,0,6656,6656,3.068971844720751,5.625970514680247,5.625970514680247,0,0,1,1,0,0,0,0,0,87,1552,0,0,12,0,0,0,0,0,0,8,0,72,0,0,0,0,1,0,0,0,0,0,1,1,1,0,0,0,1,1,1,0,0,0,0,0,0,0,1,0,0,0,1,0,1,1,0,0,1,0,0,0,0,0,0,1,0,1,0,0x014c,0x010b,0x0002,.text
1bc00fea88100b3bc42de3dc28da032f90628787ee23f7671b04d053f8e8736e,virusshare,1,original,1bc00fea88100b3bc42de3dc28da032f90628787ee23f7671b04d053f8e8736e,324136,7.386396797612268,128,10,2012,0,224,2,50,4,0,0,0,4,0,271872,50688,0,5120,0.014534883720930232,4194304,4096,512,352256,1024,0.0029069767441860465,0.7718023255813954,0.1438953488372093,333807,16,1048576,4096,1048576,4096,322048,322112,271872,271872,1,7,0,0,6,0,0,271872,271872,5.989923050583493,7.635285817747907,7.635285817747907,1,1064,9,737,10,0,0,0,0,200,20568,0,1063,4092,0,0,0,0,0,0,2984,0,0,0,1,0,0,1,0,0,0,0,0,0,0,0,0,0,0,0,1,1,0,0,0,1,0,1,1,1,0,0,1,1,0,1,1,0,1,1,0,0,0,0,0,0,1,0,0,0,0x014c,0x010b,0x0002,.text
1c19c32979d638ca5e56c7fbf515cebafde470d5c60b86d3ea69d37055b36ec3,virusshare,1,original,1c19c32979d638ca5e56c7fbf515cebafde470d5c60b86d3ea69d37055b36ec3,68810,7.875370344804385,256,3,1992,0,224,2,25,4,0,0,0,4,0,57344,4096,98304,156400,0.95458984375,4194304,4096,512,163840,4096,0.025,0.35,0.025,0,16,1048576,16384,1048576,4096,55808,159744,54784,98304,2,3,2,1,2,0,1,54784,57344,5.371681128728868,7.900103619430517,7.900103619430517,1,11978,4,6,0,0,0,0,0,276,536,0,0,0,0,0,0,24,0,0,0,0,0,0,1,0,0,1,1,0,0,0,0,1,0,0,0,0,0,0,1,1,1,1,1,1,0,1,1,1,0,0,0,1,0,1,1,0,0,0,0,0,0,1,0,0,0,0,0,0,0x014c,0x010b,0x0002,UPX1
1c31db20a5b6b911679eec8869813a8be4e6e29ca8a88e2176c2caff2f19e99c,virusshare,1,original,1c31db20a5b6b911679eec8869813a8be4e6e29ca8a88e2176c2caff2f19e99c,476396,7.985880898402739,176,3,1992,0,224,6,0,4,0,0,0,4,0,0,6336,0,1263401,0.9908126005790846,4194304,4096,512,1275116,1024,0.0008030641918068631,0.0,0.0049689596868049656,0,16,1048576,4096,1048576,4096,474819,1268944,463367,1257472,0,2,0,0,2,0,1,6096,6116,6.218858473898419,7.999607728281578,6.106309861192367,1,0,2,13,0,0,0,0,0,60,5356,0,0,0,0,0,0,24,0,0,0,0,0,0,1,0,0,1,1,0,0,0,0,1,0,0,0,0,0,0,1,0,1,0,0,1,0,1,0,1,0,0,0,1,0,1,1,0,0,0,0,0,0,1,0,0,0,0,0,0,0x014c,0x010b,0x0002,.ex_cod
1dd3e1ffcb8ea097c78fff0a2d674da94e2bb91b4d6985636d4b70e29808fdfc,virusshare,1,original,1dd3e1ffcb8ea097c78fff0a2d674da94e2bb91b4d6985636d4b70e29808fdfc,2385920,7.999825490746201,248,4,2008,0,224,6,0,4,0,0,0,4,0,16384,4096,49152,67072,0.8618421052631579,268435456,4096,512,77824,4096,0.05263157894736842,0.21052631578947367,0.05263157894736842,0,16,1048576,4096,1048576,4096,15360,70144,14336,49152,3,4,3,1,4,0,1,14336,16384,5.100520894810665,7.856676468279021,7.856676468279021,1,2369536,3,7,0,0,0,0,0,244,0,0,0,12,0,0,0,0,0,0,0,0,0,0,1,0,1,0,0,0,0,0,0,1,0,0,0,0,0,0,1,1,1,1,1,1,0,1,1,1,0,0,0,1,0,1,0,0,0,1,0,0,0,0,0,0,0,0,0,0,0x014c,0x010b,0x0002,UPX1
1deec60e751fc61952c57a25ac0b2cabf97eccc481537b657bd1a1b03340b71e,virusshare,1,original,1deec60e751fc61952c57a25ac0b2cabf97eccc481537b657bd1a1b03340b71e,16256,2.6299301747966397,192,2,2012,0,224,5,12,4,0,0,0,4,0,15232,384,0,7331,0.4509719488188976,1441792,128,128,16256,640,0.03937007874015748,0.937007874015748,0.023622047244094488,0,16,1048576,4096,1048576,4096,15616,15616,15232,15232,1,0,0,0,0,0,0,15232,15232,3.031489861658454,3.507310789009601,2.555668934307307,0,0,3,8,0,0,0,0,0,80,0,0,0,0,0,0,0,0,0,0,44,0,0,0,0,0,0,1,1,0,0,0,0,1,0,0,0,0,0,0,1,1,0,0,0,0,0,0,0,1,0,0,0,1,0,1,0,0,0,0,0,0,0,0,0,0,1,0,0,0,0x014c,0x010b,0x0002,.text
1f910d6bda819582e27334e4b219289cc7cf8678d80ec87c97f4f02c8032f027,virusshare,1,original,1f910d6bda819582e27334e4b219289cc7cf8678d80ec87c97f4f02c8032f027,695840,7.852058459571392,240,3,2015,0,224,9,0,5,0,0,0,5,0,655360,36864,1187840,1842944,0.978125,4194304,4096,512,1884160,4096,0.002173913043478261,0.34782608695652173,0.01956521739130435,695929,16,1048576,4096,1048576,4096,688640,1880064,651776,1187840,2,3,2,1,2,0,1,651776,655360,6.801148429164137,7.9012625320605885,7.9012625320605885,1,6176,17,22,0,0,0,0,0,1016,35556,0,5016,0,0,0,0,0,72,0,0,0,0,0,1,0,0,1,1,0,0,0,0,0,0,1,0,0,0,1,1,1,1,1,1,1,0,1,1,1,0,0,0,1,0,1,1,0,1,0,0,0,0,0,1,0,0,0,0,0,0x014c,0x010b,0x0002,UPX1
1fa42b3e1629211d18549ce88d7f79b3384bd40faa61eb18ca890be4dfdb823a,virusshare,1,original,1fa42b3e1629211d18549ce88d7f79b3384bd40faa61eb18ca890be4dfdb823a,10240,4.419800316511921,216,5,2008,0,224,7,10,5,1,5,1,4,10,6656,3072,0,24576,0.8571428571428571,1838743552,4096,512,28672,3072,0.10714285714285714,0.23214285714285715,0.10714285714285714,34355,16,262144,4096,1048576,4096,9216,24576,4608,8192,2,2,1,1,1,0,4,2048,4096,3.3103871558879425,5.7972078160625635,1.8776759512929457,0,0,3,61,0,0,0,0,1971,80,1720,0,0,168,28,0,0,0,0,0,0,0,0,0,0,0,1,0,0,0,0,0,0,0,0,0,0,0,0,0,1,1,1,1,1,1,0,0,0,1,0,0,0,1,1,1,1,0,0,1,1,0,0,0,0,0,0,0,0,0,0x014c,0x010b,0x0003,.text8
2074fbd2ae2f93e590ef20e6a7485db84c9ce334067fc1d3ac9f7213961f6711,virusshare,1,original,2074fbd2ae2f93e590ef20e6a7485db84c9ce334067fc1d3ac9f7213961f6711,646752,6.449263553622815,240,4,2012,0,224,9,0,5,0,0,0,5,0,468480,172032,0,347283,0.5107583654932228,4194304,4096,512,679936,1024,0.0015060240963855422,0.6890060240963856,0.25301204819277107,709730,16,1048576,4096,1048576,4096,640512,667076,468480,468480,1,1,0,0,0,0,0,468480,468480,5.2067683904415984,6.668566437209267,6.668566437209267,0,5216,14,425,2,0,0,0,0,300,58848,0,5216,0,28,0,0,0,64,0,1756,64,0,0,0,0,0,1,1,0,0,0,0,0,0,0,0,0,0,1,1,1,0,0,0,0,0,0,1,1,0,0,1,1,0,1,1,0,1,0,1,0,0,0,1,0,1,1,0,0,0x014c,0x010b,0x0002,.text
20ae975d2fcb6f269b2ec85b3f9f065242275d1516e14c470086f7a11dd69dc1,virusshare,1,original,20ae975d2fcb6f269b2ec85b3f9f065242275d1516e14c470086f7a11dd69dc1,15184,6.580188174639888,240,5,2012,0,224,10,0,5,1,0,0,5,1,4096,5632,0,6668,0.2713216145833333,4194304,4096,512,24576,1024,0.041666666666666664,0.16666666666666666,0.22916666666666666,54828,16,1048576,4096,1048576,4096,9728,10132,4096,4096,1,1,0,0,0,0,0,4096,4096,4.158025911252201,6.004661832472832,6.004661832472832,0,4432,4,68,0,0,0,0,0,100,436,0,0,528,28,0,0,0,64,0,288,0,0,0,0,0,0,1,0,0,0,0,0,0,1,1,0,0,0,1,1,1,0,0,0,0,0,0,1,1,0,0,0,1,0,1,1,0,0,1,1,0,0,0,1,0,1,0,0,0,0x014c,0x010b,0x0003,.text
20b99bbc70b40bd889b6c4ec1d77956e3b35e638f93dcf23ee66c998ddd24a4b,virusshare,1,original,20b99bbc70b40bd889b6c4ec1d77956e3b35e638f93dcf23ee66c998ddd24a4b,43082,7.93835481128068,64,3,2007,0,224,6,0,4,0,0,0,4,0,0,45056,57344,62622,0.5460205078125,4194304,4096,512,114688,4096,0.03571428571428571,0.0,0.39285714285714285,108051,16,1048576,4096,1048576,4096,42534,108254,42534,57344,3,3,3,2,3,0,1,42534,45056,7.962267876786808,7.962267876786808,7.962267876786808,1,36,4,9,0,0,0,0,0,100,632,0,0,0,0,0,0,0,0,0,0,0,0,0,1,0,0,1,1,0,0,0,0,0,0,0,0,0,0,0,1,1,1,1,1,1,0,1,1,1,0,0,0,1,0,1,1,0,0,0,0,0,0,0,0,0,0,0,0,0,0x014c,0x010b,0x0002,BJ1
20eacdc732bae7a3ccc67c059f3ca72bc04bfe5f3dacb16d1c55c11dd248ff5d,virusshare,1,original,20eacdc732bae7a3ccc67c059f3ca72bc04bfe5f3dacb16d1c55c11dd248ff5d,299008,4.643765369620387,272,7,2014,0,224,6,0,4,0,0,0,4,0,126976,217088,0,97440,0.27987132352941174,268435456,4096,4096,348160,4096,0.011764705882352941,0.36470588235294116,0.6235294117647059,0,16,1048576,4096,1048576,4096,294912,342444,122880,149932,3,2,1,0,1,0,0,122880,122880,3.650577438451634,6.456424655522956,6.456424655522956,0,0,7,148,0,0,0,0,179,160,3736,0,0,9168,0,0,0,0,0,0,620,0,0,0,0,0,1,0,0,0,0,0,0,1,0,0,0,0,0,0,1,1,0,0,1,1,0,0,0,1,0,0,0,1,1,1,1,0,0,1,0,0,0,0,0,0,1,0,0,0,0x014c,0x010b,0x0002,.text
20f184a68b506466ea49c73bdc5ad5b57308606eacb67587a452dab1c189b123,virusshare,1,original,20f184a68b506466ea49c73bdc5ad5b57308606eacb67587a452dab1c189b123,192574,7.239625100927853,184,3,2019,0,224,6,0,4,0,1,0,4,0,176128,8192,0,5040,0.026749320652173912,4194304,4096,4096,188416,4096,0.021739130434782608,0.9347826086956522,0.043478260869565216,235297,16,1048576,4096,1048576,4096,184320,184320,176128,176128,1,1,0,0,0,0,0,176128,176128,3.186488043739495,7.55845327463006,7.55845327463006,1,4158,1,62,6,0,0,0,0,40,2292,0,0,0,0,0,0,0,0,32,260,0,0,0,1,0,0,1,1,0,0,0,0,0,0,0,0,0,0,0,1,1,0,0,0,0,0,1,1,1,0,0,1,1,0,1,1,0,0,0,0,0,0,0,0,1,1,0,0,0,0x014c,0x010b,0x0002,.text
21254d9c61c3e28a0a4614f26eb06c161a5be487ec797d782742ecd200e125d0,virusshare,1,original,21254d9c61c3e28a0a4614f26eb06c161a5be487ec797d782742ecd200e125d0,905216,6.409025300959537,256,8,1992,0,224,2,25,4,0,0,0,4,0,756224,147968,0,760108,0.8139177288925439,4194304,4096,512,933888,4096,0.0043859649122807015,0.8097587719298246,0.15844298245614036,0,16,1048576,16384,1048576,4096,904192,907633,756224,756224,1,4,0,2,0,0,0,756224,756224,4.649558737792087,6.953821551578825,6.533887412585038,0,0,16,436,0,0,0,0,0,9852,82944,0,0,0,0,0,0,24,0,0,0,0,0,0,0,0,0,1,1,0,0,0,0,1,0,0,0,0,0,0,1,1,0,0,0,0,0,0,0,1,0,0,0,1,0,1,1,0,0,0,0,0,0,1,0,0,0,0,0,0,0x014c,0x010b,0x0002,CODE
21c5d7b0729a4ff5be0ecf52722abdf5e6826a1ad07d34af3f466c9ea80d9233,virusshare,1,original,21c5d7b0729a4ff5be0ecf52722abdf5e6826a1ad07d34af3f466c9ea80d9233,349254,7.630061431874912,184,3,2010,0,224,6,0,4,0,9,16,4,0,30720,317440,0,4385,0.012165416370738636,4194304,4096,512,360448,1024,0.002840909090909091,0.08522727272727272,0.8806818181818182,69185,16,1048576,4096,1048576,4096,348160,351824,317440,317440,1,1,0,1,0,0,0,30720,30720,6.486805005207822,7.764813104676801,5.208796905738844,1,70,4,28,17,0,0,0,0,100,316980,0,0,0,0,0,0,0,0,72,128,0,0,0,1,0,0,1,1,0,0,0,0,0,0,0,0,0,0,0,1,1,0,0,0,0,0,1,1,1,0,0,1,1,0,1,1,0,0,0,0,0,0,0,0,1,1,0,0,0,0x014c,0x010b,0x0002,.text
22591510407833e36a3f7315ca5d74998708c1c9f5860226d1bb44402ae112e8,virusshare,1,original,22591510407833e36a3f7315ca5d74998708c1c9f5860226d1bb44402ae112e8,646752,6.449384315442447,240,4,2012,0,224,9,0,5,0,0,0,5,0,468480,172032,0,347283,0.5107583654932228,4194304,4096,512,679936,1024,0.0015060240963855422,0.6890060240963856,0.25301204819277107,672874,16,1048576,4096,1048576,4096,640512,667076,468480,468480,1,1,0,0,0,0,0,468480,468480,5.207238178335432,6.668566437209267,6.668566437209267,0,5216,14,425,2,0,0,0,0,300,58848,0,5216,0,28,0,0,0,64,0,1756,64,0,0,0,0,0,1,1,0,0,0,0,0,0,0,0,0,0,1,1,1,0,0,0,0,0,0,1,1,0,0,1,1,0,1,1,0,1,0,1,0,0,0,1,0,1,1,0,0,0x014c,0x010b,0x0002,.text
22edfef8939ea0a27f5b0ffc182e2c894367c9490c925b98e9ecb14bf2668af6,virusshare,1,original,22edfef8939ea0a27f5b0ffc182e2c894367c9490c925b98e9ecb14bf2668af6,60928,7.825368896463345,224,3,2005,0,224,5,2,5,3,10,0,4,0,53248,8192,61440,118272,0.9314516129032258,4194304,4096,512,126976,4096,0.03225806451612903,0.41935483870967744,0.06451612903225806,0,16,1048576,4096,1048576,4096,59904,122880,53248,61440,2,3,2,1,2,0,1,53248,53248,6.765658544108192,7.9729786987769335,7.9729786987769335,1,0,1,6,0,0,0,0,0,220,6180,0,0,0,0,0,0,0,0,0,0,0,0,0,1,0,0,1,1,0,0,0,0,1,0,0,0,0,0,0,1,1,1,1,1,1,0,1,0,1,0,0,0,1,0,1,1,0,0,0,0,0,0,0,0,0,0,0,0,0,0x014c,0x010b,0x0002,UPX1
2312692f2794730a5d066e92d5d23821315962643670488aa7e62380a5c7cb63,virusshare,1,original,2312692f2794730a5d066e92d5d23821315962643670488aa7e62380a5c7cb63,349872,7.882318104899769,248,3,2013,0,224,10,0,5,1,0,0,5,1,339968,8192,430080,770768,0.9852135143979057,4194304,4096,512,782336,4096,0.005235602094240838,0.43455497382198954,0.010471204188481676,357813,16,1048576,4096,1048576,4096,345088,778240,337408,430080,2,3,2,1,2,0,1,337408,339968,6.311081681545055,7.902403614416801,7.902403614416801,1,3760,9,14,0,0,0,0,0,560,7004,0,3760,0,0,0,0,0,72,0,0,0,0,0,1,0,0,1,1,0,0,0,0,0,1,1,0,0,0,1,1,1,1,1,1,1,0,1,1,1,0,0,0,1,0,1,1,0,1,0,0,0,0,0,1,0,0,0,0,0,0x014c,0x010b,0x0002,UPX1
23264727e5e1fe1f55faa34d149a9ac7aa9978da23bccd4f304292a7a8d65341,virusshare,1,original,23264727e5e1fe1f55faa34d149a9ac7aa9978da23bccd4f304292a7a8d65341,53248,4.724046824298243,216,5,2006,0,224,6,0,4,0,0,0,4,0,28672,20480,0,30086,0.5650165264423077,4194304,4096,4096,53248,4096,0.07692307692307693,0.5384615384615384,0.38461538461538464,0,16,1048576,4096,1048576,4096,49152,49152,28672,28672,1,2,0,0,0,0,0,28672,28672,3.4013362380274237,6.214640129382281,6.214640129382281,0,0,8,158,84,0,0,0,0,180,2296,0,0,0,0,0,0,24,0,0,664,0,0,0,0,0,0,1,1,0,0,0,0,1,0,0,0,0,0,0,1,1,0,0,0,0,0,0,0,1,0,0,1,1,0,1,1,0,0,0,0,0,0,1,0,0,1,0,0,0,0x014c,0x010b,0x0002,.text
23670dab595d303d4a90d8ed778c704f7f67292147309681d8bb6c25cb62ff31,virusshare,1,original,23670dab595d303d4a90d8ed778c704f7f67292147309681d8bb6c25cb62ff31,325455,7.988563931937103,64,2,0,0,224,0,54,4,0,0,0,4,0,589312,3127808,0,4100699,0.9922172614438801,4194304,4096,512,4132864,512,0.0001238850346878097,0.142591674925669,0.7568136769078295,0,16,1048576,16384,1048576,4096,324943,4128768,324943,3772416,2,2,2,1,1,0,1,324943,356352,7.990258739822267,7.990258739822267,7.990258739822267,1,0,1,2,0,0,0,0,0,20,4672,0,0,0,0,0,0,24,0,0,0,0,0,0,1,0,0,1,0,0,1,0,0,1,0,0,0,0,0,0,1,1,1,1,1,1,0,1,0,1,0,0,0,1,0,1,1,0,0,0,0,0,0,1,0,0,0,0,0,0,0x014c,0x010b,0x0002,.rsrc
23c85bc06aa050cb3c5a5c90d36fbd6873d3e5ea180b243f41b39d8011a9959d,virusshare,1,original,23c85bc06aa050cb3c5a5c90d36fbd6873d3e5ea180b243f41b39d8011a9959d,59667,7.839902036522335,256,3,1992,0,224,2,25,4,0,0,0,4,0,57344,4096,98304,156400,0.95458984375,4194304,4096,512,163840,4096,0.025,0.35,0.025,0,16,1048576,16384,1048576,4096,55808,159744,54784,98304,2,3,2,1,2,0,1,54784,57344,5.371681128728868,7.900103619430517,7.900103619430517,1,2835,4,6,0,0,0,0,0,276,536,0,0,0,0,0,0,24,0,0,0,0,0,0,1,0,0,1,1,0,0,0,0,1,0,0,0,0,0,0,1,1,1,1,1,1,0,1,1,1,0,0,0,1,0,1,1,0,0,0,0,0,0,1,0,0,0,0,0,0,0x014c,0x010b,0x0002,UPX1
240d46c3dbdd43353700a2656d82b803e1ca3b8595169831c5a7003c6bd853a1,virusshare,1,original,240d46c3dbdd43353700a2656d82b803e1ca3b8595169831c5a7003c6bd853a1,150020,7.415730436261104,224,4,2012,0,224,9,0,5,0,0,0,5,0,49152,26112,0,12130,0.10576520647321429,4194304,4096,512,114688,1024,0.008928571428571428,0.42857142857142855,0.22767857142857142,124249,16,1048576,4096,1048576,4096,75264,106620,49152,49152,1,1,0,0,0,0,0,49152,49152,5.222524472031759,6.628618560772842,6.628618560772842,0,73732,4,69,0,0,0,0,0,100,10032,0,0,0,0,0,0,0,64,0,292,0,0,0,0,0,0,1,1,0,0,0,0,0,0,0,0,0,0,1,1,1,0,0,0,0,0,0,1,1,0,0,0,1,0,1,1,0,0,0,0,0,0,0,1,0,1,0,0,0,0x014c,0x010b,0x0002,.text
244fb2a639e482b62ca3601fb99aad2e76ca0295a6a04459e57eddbc947e5747,virusshare,1,original,244fb2a639e482b62ca3601fb99aad2e76ca0295a6a04459e57eddbc947e5747,402432,7.975072973520102,64,4,2011,0,224,10,0,4,0,0,0,4,0,5632,16896,0,789428,0.9636572265625,4259840,4096,512,819200,786432,0.96,0.006875,0.020625,444909,16,1048576,4096,1048576,4096,22528,22528,14336,14336,1,2,0,0,0,0,0,5632,5632,4.324682233815656,6.64779463430101,6.64779463430101,0,378880,4,39,0,0,0,0,0,100,14146,0,0,28,0,0,0,0,0,0,172,0,0,0,0,0,0,1,1,0,0,0,0,0,0,0,0,0,0,0,1,1,0,0,0,0,0,0,1,1,0,0,0,1,0,1,1,0,0,1,0,0,0,0,0,0,1,0,0,0,0x014c,0x010b,0x0002,.text
246b29544ebcf80e2dfcf61fc8f96c2bbb867b37f3c3c5971df5156938a2340f,virusshare,1,original,246b29544ebcf80e2dfcf61fc8f96c2bbb867b37f3c3c5971df5156938a2340f,397312,6.804795094807165,256,6,2008,0,224,6,0,4,0,0,0,4,0,155648,65536,0,331175,0.8250333824936225,4194304,4096,512,401408,4096,0.01020408163265306,0.3877551020408163,0.16326530612244897,438992,16,1048576,4096,1048576,4096,396006,397312,170726,172032,2,3,2,0,2,0,4,170726,172032,5.3867478602168815,7.071048067284129,7.071048067284129,1,0,10,403,184,0,0,0,0,220,3352,0,0,4052,0,0,0,24,0,0,0,0,0,0,0,0,0,1,0,0,0,0,0,0,0,0,0,0,0,0,1,1,1,1,1,1,0,1,0,1,0,0,1,1,0,1,1,0,0,1,0,0,0,1,0,0,0,0,0,0,0x014c,0x010b,0x0002,sal20jns
254173f41c6af3daf380406424242b3f1ff1bf0c46e6946246ebc778597f7de1,virusshare,1,original,254173f41c6af3daf380406424242b3f1ff1bf0c46e6946246ebc778597f7de1,54784,5.450709900162681,128,3,2014,0,224,8,0,4,0,0,0,4,0,52736,1536,0,60718,0.7411865234375,4194304,8192,512,81920,512,0.00625,0.64375,0.01875,0,16,1048576,4096,1048576,4096,54272,54272,52736,52736,1,0,0,0,0,0,0,52736,52736,2.941701130541629,5.532812703238118,5.532812703238118,0,0,1,1,0,0,0,0,0,87,1024,0,0,12,0,0,0,0,0,0,8,0,72,0,0,0,0,1,0,0,0,0,0,1,1,1,0,0,0,1,1,1,0,0,0,0,0,0,0,1,0,0,0,1,0,1,1,0,0,1,0,0,0,0,0,0,1,0,1,0,0x014c,0x010b,0x0002,.text
2541e0dd301dd2a3a4b34cc45b84ff28b3ea52952347ed2879b71690740d7d6d,virusshare,1,original,2541e0dd301dd2a3a4b34cc45b84ff28b3ea52952347ed2879b71690740d7d6d,2435179,7.997580437684885,248,3,2008,0,224,6,0,4,0,0,0,4,0,81920,12288,118784,200928,0.925560141509434,4194304,4096,512,217088,4096,0.018867924528301886,0.37735849056603776,0.05660377358490566,0,16,1048576,4096,1048576,4096,90624,212992,78848,118784,2,3,2,1,2,0,1,78848,81920,6.384666165350524,7.909100365498657,7.909100365498657,1,2343531,9,11,1,0,0,0,0,524,10804,0,0,0,0,0,0,0,0,0,0,0,0,0,1,0,0,1,1,0,0,0,0,1,0,0,0,0,0,0,1,1,1,1,1,1,0,1,1,1,0,0,1,1,0,1,1,0,0,0,0,0,0,0,0,0,0,0,0,0,0x014c,0x010b,0x0002,UPX1
25ac15365437e5bc91e5c1552f75fdf9be2c67b46f125be78aadf6a6574fb75d,virusshare,1,original,25ac15365437e5bc91e5c1552f75fdf9be2c67b46f125be78aadf6a6574fb75d,569664,6.205570100320439,216,5,2009,0,224,6,0,4,0,6,0,4,0,24064,164864,1024,12538,0.03874728045886076,4194304,4096,512,323584,1024,0.0031645569620253164,0.07436708860759493,0.509493670886076,0,16,1048576,4096,1048576,4096,47104,311384,24064,154712,1,2,0,1,1,0,0,24064,24064,5.562796698709833,6.440105549497955,6.440105549497955,0,521536,8,155,1,0,0,0,0,180,16544,0,3992,0,0,0,0,0,0,0,652,0,0,0,0,0,0,1,1,0,0,0,0,1,0,0,0,0,0,1,1,1,0,0,0,1,0,0,1,1,0,0,1,1,0,1,1,0,1,0,0,0,0,0,0,0,1,0,0,0,0x014c,0x010b,0x0002,.text
25d60ced31387369135131f598d5bd2e2edda818d49d9d9a49874d31d8337831,virusshare,1,original,25d60ced31387369135131f598d5bd2e2edda818d49d9d9a49874d31d8337831,129763,7.98475039959684,64,3,1992,0,224,2,25,4,0,0,0,4,0,0,122880,217088,242665,0.6969927619485294,4194304,4096,512,348160,1024,0.0029411764705882353,0.0,0.35294117647058826,0,16,1048576,16384,1048576,4096,129251,344803,124416,212992,2,3,2,1,3,3,1,124416,126976,7.9761467363459815,7.989406984506983,7.989406984506983,2,0,1,3,0,0,0,0,0,40,162816,0,0,1404,0,0,0,24,0,0,0,0,0,0,1,0,0,1,1,0,0,0,0,1,0,0,0,0,0,0,1,1,1,1,1,1,1,1,0,1,0,0,0,1,0,1,1,0,0,1,0,0,0,1,0,0,0,0,0,0,0x014c,0x010b,0x0002,
25e71e43bc97cc078d429636af198f69ea93df875ff27a06ff73aa50a6d16488,virusshare,1,original,25e71e43bc97cc078d429636af198f69ea93df875ff27a06ff73aa50a6d16488,69632,5.810485202278793,224,5,2006,0,224,8,0,4,0,0,0,4,0,36864,28672,0,9766,0.14025160845588236,268435456,4096,4096,69632,4096,0.058823529411764705,0.5294117647058824,0.4117647058823529,78390,16,1048576,4096,1048576,4096,65536,65536,36864,36864,1,1,0,0,0,0,0,36864,36864,3.524352783774888,6.582267618298483,6.311555321647913,0,0,5,29,0,0,0,0,71,120,2008,0,0,268,28,0,0,0,0,0,136,0,0,0,0,0,1,0,0,0,0,0,0,0,0,0,0,0,0,0,1,1,0,0,0,0,0,0,0,1,0,0,0,1,1,1,1,0,0,1,1,0,0,0,0,0,1,0,0,0,0x014c,0x010b,0x0002,.text
26958a6fd9e7c5155470e4ac94686af2654bf6ee48cea26bbc1e53330a87e4dc,virusshare,1,original,26958a6fd9e7c5155470e4ac94686af2654bf6ee48cea26bbc1e53330a87e4dc,698368,4.107575401151008,64,2,1992,0,224,2,25,4,0,0,0,4,0,0,278528,737280,742638,0.725232421875,320077824,4096,512,1024000,1024,0.001,0.0,0.272,320736,16,4096,1048576,1048576,4096,275956,1018189,275956,737280,2,2,2,1,2,0,1,275956,280909,7.998210149150733,7.998210149150733,7.998210149150733,1,108021,17,22,0,0,0,0,0,360,3040,0,0,8,0,11,0,0,0,0,0,0,0,0,1,0,1,0,0,0,0,0,0,0,0,0,0,0,0,0,1,1,1,1,1,1,0,1,1,1,0,0,0,1,0,1,1,0,0,1,0,1,0,0,0,0,0,0,0,0,0x014c,0x010b,0x0002,xiaohui1
2745e3eb9be345481b4cdbdc8a89bb08c5da35cde235916e684f6deb0488b4a1,virusshare,1,original,2745e3eb9be345481b4cdbdc8a89bb08c5da35cde235916e684f6deb0488b4a1,332216,7.591189249509883,248,3,2012,0,224,9,0,5,0,0,0,5,0,258048,69632,614400,872320,0.9219426406926406,4194304,4096,512,946176,4096,0.004329004329004329,0.2727272727272727,0.0735930735930736,349574,16,10000000,4096,1048576,4096,324608,942080,257024,614400,2,3,2,1,2,0,1,257024,258048,5.799236767557459,7.9982491341089625,7.9982491341089625,1,6584,16,21,2,0,0,0,0,968,66488,0,6584,12,0,0,0,0,0,0,0,0,0,0,1,0,0,1,0,0,0,0,0,0,1,0,0,0,0,1,1,1,1,1,1,1,0,1,1,1,0,0,1,1,0,1,1,0,1,1,0,0,0,0,0,0,0,0,0,0,0x014c,0x010b,0x0002,UPX1
275883aa22e5d9f651ef1b02408c996dff17f9037dfdb1b713bd7135d67b6e66,virusshare,1,original,275883aa22e5d9f651ef1b02408c996dff17f9037dfdb1b713bd7135d67b6e66,19240,7.028945240181372,224,3,2006,0,224,6,0,4,0,0,0,4,0,12288,8192,28672,42592,0.7998798076923077,4194304,4096,512,53248,4096,0.07692307692307693,0.23076923076923078,0.15384615384615385,65468,16,1048576,4096,1048576,4096,14848,49152,10240,28672,2,3,2,1,2,0,1,10240,12288,5.897013345103491,7.836037550044785,7.836037550044785,1,3368,7,9,0,0,0,0,0,424,3884,0,3368,0,0,0,0,0,0,0,0,0,0,0,1,0,0,1,1,0,0,0,0,0,0,0,0,0,0,0,1,1,1,1,1,1,0,1,1,1,0,0,0,1,0,1,1,0,1,0,0,0,0,0,0,0,0,0,0,0,0x014c,0x010b,0x0002,UPX1
2763f2789c494f7c2dab0930619a8b5bf05f5b7bdf2a7e00f9bdf9f6dac97e6d,virusshare,1,original,2763f2789c494f7c2dab0930619a8b5bf05f5b7bdf2a7e00f9bdf9f6dac97e6d,507400,6.101932613164764,216,5,2009,0,224,6,0,4,0,6,0,4,0,24064,164864,1024,12538,0.03924404046474359,4194304,4096,512,319488,1024,0.003205128205128205,0.07532051282051282,0.5160256410256411,0,16,1048576,4096,1048576,4096,47104,307288,24064,154712,1,2,0,1,1,0,0,24064,24064,5.562770876567226,6.440105549497955,6.440105549497955,0,459272,8,155,1,0,0,0,0,180,16544,0,3992,0,0,0,0,0,0,0,652,0,0,0,0,0,0,1,1,0,0,0,0,1,0,0,0,0,0,1,1,1,0,0,0,1,0,0,1,1,0,0,1,1,0,1,1,0,1,0,0,0,0,0,0,0,1,0,0,0,0x014c,0x010b,0x0002,.text
2810744014b977fe79dec3909d6e65d6dace45b363d2fd6891e4e36edec898d3,virusshare,1,original,2810744014b977fe79dec3909d6e65d6dace45b363d2fd6891e4e36edec898d3,521738,7.97208042085539,200,5,2009,0,224,6,0,4,0,6,0,4,0,23552,119808,1024,12945,0.05448966190732758,4194304,4096,512,237568,1024,0.004310344827586207,0.09913793103448276,0.5043103448275862,0,16,1048576,4096,1048576,4096,35840,227192,23552,110456,1,2,0,1,1,0,0,23552,23552,5.458937268412026,6.47638909548781,6.47638909548781,0,484874,8,155,1,0,0,0,0,180,6496,0,0,0,0,0,0,0,0,0,652,0,0,0,0,0,0,1,1,0,0,0,0,1,0,0,0,0,0,1,1,1,0,0,0,1,0,0,1,1,0,0,1,1,0,1,1,0,0,0,0,0,0,0,0,0,1,0,0,0,0x014c,0x010b,0x0002,.text
2823176dba7d023f54411acf94ff7d004849f975aaedeb207aba6d3df01998d8,virusshare,1,original,2823176dba7d023f54411acf94ff7d004849f975aaedeb207aba6d3df01998d8,283648,7.951969069300848,256,14,2007,0,224,2,0,4,0,0,0,4,0,12288,100352,0,1097973,0.9997568837412587,4194304,4096,512,1098240,1536,0.0013986013986013986,0.011188811188811189,0.09137529137529138,0,16,1048576,16384,1048576,4096,281976,1069088,272896,662032,13,11,11,8,6,0,13,512,512,4.936180326702546,7.9772803269163415,0.7448341656351647,2,0,1,4,0,0,0,0,0,132,6456,0,0,528,0,11,0,24,0,0,0,0,0,0,1,0,0,1,0,0,0,0,0,1,0,0,0,0,0,0,1,1,0,0,1,1,0,1,0,1,0,0,0,1,0,1,1,0,0,1,0,1,0,1,0,0,0,0,0,0,0x014c,0x010b,0x0002,taleboy!
289e8d732d3d753506714ade614aaae58abf4eb95e8f23668c97ccba8fdbb12b,virusshare,1,original,289e8d732d3d753506714ade614aaae58abf4eb95e8f23668c97ccba8fdbb12b,393216,7.968932797239818,64,4,2011,0,224,10,0,4,0,0,0,4,0,4608,18432,0,775392,0.9609375,4259840,4096,512,806912,774144,0.9593908629441624,0.005710659898477157,0.02284263959390863,421175,16,1048576,4096,1048576,4096,23040,23040,14336,14336,1,2,0,0,0,0,0,4608,4608,4.622170416842812,7.094630425407928,5.453695675590867,1,369152,4,39,0,0,0,0,0,100,14146,0,0,28,0,0,0,0,0,0,0,0,0,0,0,0,0,1,1,0,0,0,0,0,0,0,0,0,0,0,1,1,0,0,0,0,0,1,1,1,0,0,0,1,0,1,1,0,0,1,0,0,0,0,0,0,0,0,0,0,0x014c,0x010b,0x0002,.text
28c20367b292910f48db7836cddf43dbf90599385379dfab4d04a9cfcbe8d362,virusshare,1,original,28c20367b292910f48db7836cddf43dbf90599385379dfab4d04a9cfcbe8d362,176128,7.005128303089172,232,6,2006,0,224,8,0,4,0,0,0,4,0,53248,32768,0,94208,0.5227272727272727,268435456,4096,4096,180224,4096,0.022727272727272728,0.29545454545454547,0.18181818181818182,190822,16,1048576,4096,1048576,4096,172032,174560,86016,86016,2,2,1,0,1,0,5,86016,86016,4.802340047512735,7.546445475789762,7.546445475789762,1,0,4,100,17,0,0,0,453,100,1020,0,0,3344,0,0,0,0,64,0,416,0,0,0,1,0,1,0,0,0,0,0,0,0,0,0,0,0,0,0,1,1,1,1,1,1,0,1,0,1,0,0,1,1,1,1,1,0,0,1,0,0,0,0,1,0,1,0,0,0,0x014c,0x010b,0x0002,.rmnet
28e9fc24fa17332fc5489ce481d3d8be258893dccc895b17c68b1b7932d2f028,virusshare,1,original,28e9fc24fa17332fc5489ce481d3d8be258893dccc895b17c68b1b7932d2f028,32768,3.923375838666137,192,3,2012,0,224,6,0,4,0,1,0,4,0,20480,8192,0,5056,0.154296875,4194304,4096,4096,32768,4096,0.125,0.625,0.25,92370,16,1048576,4096,1048576,4096,28672,28672,20480,20480,1,1,0,0,0,0,0,20480,20480,3.9410446786158038,5.137035155758203,5.137035155758203,0,0,1,80,13,0,0,0,0,40,2520,0,0,0,0,0,0,0,0,32,324,0,0,0,0,0,0,1,1,0,0,0,0,0,0,0,0,0,0,0,1,1,0,0,0,0,0,0,0,1,0,0,1,1,0,1,1,0,0,0,0,0,0,0,0,1,1,0,0,0,0x014c,0x010b,0x0002,.text
2900a574b6bd0a2e57dc949e2493d6a57986693c0821994f359eeb6358db6154,virusshare,1,original,2900a574b6bd0a2e57dc949e2493d6a57986693c0821994f359eeb6358db6154,4971760,7.982184099041548,200,5,2009,0,224,6,0,4,0,6,0,4,0,23552,119808,1024,12945,0.04158421566611842,4194304,4096,512,311296,1024,0.003289473684210526,0.0756578947368421,0.3848684210526316,5008327,16,1048576,4096,1048576,4096,148480,298872,119296,119296,1,2,0,1,1,0,0,23552,23552,5.198368776522849,6.47638909548781,6.47638909548781,0,4822256,8,155,1,0,0,0,0,180,119232,0,4792,0,0,0,0,0,0,0,652,0,0,0,0,0,0,1,1,0,0,0,0,0,0,0,0,0,0,1,1,1,0,0,0,1,0,0,1,1,0,0,1,1,0,1,1,0,1,0,0,0,0,0,0,0,1,0,0,0,0x014c,0x010b,0x0002,.text
2a81bb3912539163266d37c82c65b17089538cdfba6e4b8af63b291ebc3f0770,virusshare,1,original,2a81bb3912539163266d37c82c65b17089538cdfba6e4b8af63b291ebc3f0770,33280,7.702392462521848,240,3,2033,0,224,6,0,4,0,0,0,4,0,32768,4096,49152,83312,0.9245383522727273,4194304,4096,512,90112,4096,0.045454545454545456,0.36363636363636365,0.045454545454545456,0,16,1048576,4096,1048576,4096,32256,86016,30720,49152,2,3,2,1,2,0,1,30720,32768,5.413209926540137,7.879092357664885,7.879092357664885,1,0,4,6,1,0,0,0,0,248,988,0,0,0,0,0,0,0,0,0,0,0,0,0,1,0,0,1,1,0,0,1,0,1,0,0,0,0,0,0,1,1,1,1,1,1,0,1,0,1,0,0,1,1,0,1,1,0,0,0,0,0,0,0,0,0,0,0,0,0,0x014c,0x010b,0x0002,UPX1
2ad6e0aad0b40f152f234787daa4afb87538f3278f5c8f815d53ef46d5eea4ac,virusshare,1,original,2ad6e0aad0b40f152f234787daa4afb87538f3278f5c8f815d53ef46d5eea4ac,179712,7.7449672111320025,256,9,1992,0,224,0,0,4,0,0,0,4,0,2048,167936,593920,798788,0.9994444666880204,4194304,4096,512,799232,4096,0.005124919923126201,0.0025624599615631004,0.21012171684817424,238329,16,1048576,16384,1048576,4096,178647,778069,164311,593920,8,9,8,2,4,0,8,512,512,6.735963756290202,7.750093840619405,6.748314321988193,5,0,16,21,0,0,0,0,0,340,28108,0,0,0,0,0,0,24,0,0,0,0,0,0,1,0,0,1,0,0,0,0,0,0,0,0,0,0,0,0,1,1,1,1,1,1,0,1,0,1,0,0,0,1,0,1,1,0,0,0,0,0,0,1,0,0,0,0,0,0,0x014c,0x010b,0x0002,.text
2b11de641c50f7c11882dbba23a37a3b722b7003b75913ffbdd78db22ba2a76e,virusshare,1,original,2b11de641c50f7c11882dbba23a37a3b722b7003b75913ffbdd78db22ba2a76e,3375719,7.985742216617648,264,4,2010,0,224,6,0,4,0,6,0,4,0,175104,362496,0,169010,0.3079269181436567,4194304,4096,512,548864,1024,0.0018656716417910447,0.31902985074626866,0.6604477611940298,0,16,1048576,4096,1048576,4096,203264,537144,175104,347704,1,1,0,0,0,0,0,175104,175104,5.517458476723623,6.61026807860881,6.61026807860881,0,3171431,11,275,1,0,0,0,0,240,4304,0,0,0,0,0,0,0,0,0,1144,0,0,0,0,0,0,1,1,0,0,0,0,1,0,0,0,0,0,0,1,1,0,0,0,0,0,0,1,1,0,0,1,1,0,1,1,0,0,0,0,0,0,0,0,0,1,0,0,0,0x014c,0x010b,0x0002,.text
2b3dfbf442ffdb0b1fd657f57d45658eec78f2d5438552206b15bc095780b292,virusshare,1,original,2b3dfbf442ffdb0b1fd657f57d45658eec78f2d5438552206b15bc095780b292,254464,7.906588010143318,256,10,1992,0,224,2,25,4,0,0,0,4,0,240128,71168,0,475136,0.6444444444444445,4194304,4096,512,737280,1024,0.001388888888888889,0.32569444444444445,0.09652777777777778,274691,16,1048576,16384,1048576,4096,253440,708201,240128,377820,2,7,2,4,3,0,8,240128,256512,3.864552476772159,7.963315550584392,7.963315550584392,1,0,13,381,0,0,0,0,0,8530,25600,0,0,78,0,0,0,24,0,0,0,0,0,0,1,0,0,1,0,0,0,0,0,0,0,0,0,0,0,0,1,1,1,1,1,1,0,1,0,1,0,0,0,1,0,1,1,0,0,1,0,0,0,1,0,0,0,0,0,0,0x014c,0x010b,0x0002,.pklstb
2b539b7a90b737a87aa3668d2841c24578f4ade2de4ab20dcdd16b2b3cd15f99,virusshare,1,original,2b539b7a90b737a87aa3668d2841c24578f4ade2de4ab20dcdd16b2b3cd15f99,397824,6.793186798383659,256,6,2008,0,224,6,0,4,0,0,0,4,0,155648,65536,0,256918,0.6400420519770408,4194304,4096,512,401408,4096,0.01020408163265306,0.3877551020408163,0.16326530612244897,460090,16,1048576,4096,1048576,4096,396384,397312,171104,172032,2,3,2,0,2,0,4,171104,172032,5.388750540228977,7.062020091560617,7.062020091560617,1,0,10,403,184,0,0,0,0,220,3352,0,0,3944,0,0,0,24,0,0,0,0,0,0,0,0,0,1,0,0,0,0,0,0,0,0,0,0,0,0,1,1,1,1,1,1,0,1,0,1,0,0,1,1,0,1,1,0,0,1,0,0,0,1,0,0,0,0,0,0,0x014c,0x010b,0x0002,0q59bxne
2c8496d9fa61d4f82142054a055696d2ad09eaadcb121a7d0f88e3cc93a05762,virusshare,1,original,2c8496d9fa61d4f82142054a055696d2ad09eaadcb121a7d0f88e3cc93a05762,522240,7.99806875753019,240,2,1992,0,224,5,0,4,0,0,0,4,0,519680,1536,0,4096,0.007751937984496124,4194304,4096,512,528384,1024,0.001937984496124031,0.9835271317829457,0.0029069767441860465,538893,16,1048576,16384,1048576,4096,521216,524288,519680,520192,1,1,0,0,0,0,0,519680,520192,6.414698894015844,7.999536923052164,7.999536923052164,1,0,4,55,0,0,0,0,0,40,0,0,0,0,0,0,0,0,0,0,0,0,0,0,1,0,0,1,0,0,0,0,0,0,0,0,0,0,0,0,1,1,0,0,0,0,0,1,0,1,0,0,0,1,0,1,0,0,0,0,0,0,0,0,0,0,0,0,0,0,0x014c,0x010b,0x0002,.text
2ce13d428f2547ed054657aca0434845204dbdec627711a49381c33b9a288c87,virusshare,1,original,2ce13d428f2547ed054657aca0434845204dbdec627711a49381c33b9a288c87,2663899,7.973425918661074,256,8,2011,0,224,2,25,5,0,6,0,5,0,86016,66048,0,91256,0.4641520182291667,4194304,4096,512,196608,1024,0.005208333333333333,0.4375,0.3359375,0,16,1048576,16384,1048576,4096,152064,174360,82944,82944,2,4,0,2,1,0,1,3072,3072,4.143292051912625,6.482199870664297,6.009290915921436,0,2510811,12,135,0,0,0,0,0,3998,57636,0,0,0,0,0,0,24,0,0,588,0,0,0,0,0,0,1,1,0,0,0,0,1,0,0,0,0,0,0,1,1,0,0,0,1,0,0,1,1,0,0,0,1,0,1,1,0,0,0,0,0,0,1,0,0,1,0,0,0,0x014c,0x010b,0x0002,.itext
2cfd96dc93b4ca14fee8ccdafd8bcee57b3404a191bb0398ab7d674623eb7c96,virusshare,1,original,2cfd96dc93b4ca14fee8ccdafd8bcee57b3404a191bb0398ab7d674623eb7c96,508552,6.09400657410625,216,5,2009,0,224,6,0,4,0,6,0,4,0,24064,164864,1024,12538,0.03874728045886076,4194304,4096,512,323584,1024,0.0031645569620253164,0.07436708860759493,0.509493670886076,0,16,1048576,4096,1048576,4096,47104,311384,24064,154712,1,2,0,1,1,0,0,24064,24064,5.562796698709833,6.440105549497955,6.440105549497955,0,460424,8,155,1,0,0,0,0,180,16544,0,3992,0,0,0,0,0,0,0,652,0,0,0,0,0,0,1,1,0,0,0,0,1,0,0,0,0,0,1,1,1,0,0,0,1,0,0,1,1,0,0,1,1,0,1,1,0,1,0,0,0,0,0,0,0,1,0,0,0,0x014c,0x010b,0x0002,.text
2d49f31553037bd26cbc94d28bf240078c0a169eadb033f642a27ec1a3db67c0,virusshare,1,original,2d49f31553037bd26cbc94d28bf240078c0a169eadb033f642a27ec1a3db67c0,126408,7.823357652003786,288,5,2007,0,224,6,0,4,0,0,0,4,0,110592,4096,61440,180229,0.9565482761548914,4194304,4096,512,188416,4096,0.021739130434782608,0.5869565217391305,0.021739130434782608,149301,16,1048576,4096,1048576,4096,113214,184320,109568,110592,3,4,3,1,4,0,3,62,4096,6.091405880431323,7.834405482442311,5.420012189761652,2,11720,11,14,1,0,0,0,0,640,2072,0,0,0,0,0,0,0,0,0,0,0,0,0,1,0,0,1,1,0,0,0,0,0,0,0,0,0,0,0,1,1,1,1,1,1,0,1,1,1,0,0,1,1,0,1,1,0,0,0,0,0,0,0,0,0,0,0,0,0,0x014c,0x010b,0x0002,42vab535
2d7d9e8ed148b0b95e5f6b84963b52323f39defd6949630b85e9811b78277f56,virusshare,1,original,2d7d9e8ed148b0b95e5f6b84963b52323f39defd6949630b85e9811b78277f56,16448,3.033673427453773,240,3,2011,0,224,6,0,4,0,0,0,4,0,4096,8192,0,7456,0.455078125,4194304,4096,4096,16384,4096,0.25,0.25,0.5,0,16,1048576,4096,1048576,4096,12288,12288,4096,4096,1,1,0,0,0,0,0,4096,4096,3.111863957862662,5.823946756342618,5.823946756342618,0,64,7,63,0,0,0,0,0,160,0,0,0,0,0,0,0,0,0,0,280,0,0,0,0,0,0,1,1,0,0,0,0,1,0,0,0,0,0,0,1,1,0,0,0,0,0,0,1,1,0,0,0,1,0,1,0,0,0,0,0,0,0,0,0,0,1,0,0,0,0x014c,0x010b,0x0002,.text
2d8b680f66e00828737cd4f5f226b3bf46d71dd7097d92b786cde5cb8bb09879,virusshare,1,original,2d8b680f66e00828737cd4f5f226b3bf46d71dd7097d92b786cde5cb8bb09879,229376,6.498108399886373,224,4,2013,0,224,8,0,4,0,0,0,4,0,143360,90112,0,34069,0.14340736126077586,268435456,4096,4096,237568,4096,0.017241379310344827,0.603448275862069,0.3793103448275862,0,16,1048576,4096,1048576,4096,225280,230956,143360,143360,1,1,0,0,0,0,0,143360,143360,5.732621944671811,6.702769389151906,6.702769389151906,0,0,4,102,0,0,0,0,79,100,0,0,0,7112,0,0,0,0,0,0,424,0,0,0,0,0,1,0,0,0,0,0,0,1,0,0,0,0,0,0,1,1,0,0,0,0,0,0,0,1,0,0,0,1,1,1,0,0,0,1,0,0,0,0,0,0,1,0,0,0,0x014c,0x010b,0x0002,.text
2e57cd9a45075e5d31e84fb1431226512cfd1bd4e0b72b6162575ea1c7c1572e,virusshare,1,original,2e57cd9a45075e5d31e84fb1431226512cfd1bd4e0b72b6162575ea1c7c1572e,328192,7.692552713111009,176,5,1989,0,224,6,0,4,0,0,0,4,0,263680,43008,65536,5841,0.014551279496173469,4194304,4096,512,401408,1024,0.002551020408163265,0.6568877551020408,0.10714285714285714,0,16,1048576,4096,1048576,4096,327168,392704,249856,249856,3,5,3,1,3,0,0,13824,13824,7.535229419058055,7.995507452036213,6.571377583576158,3,0,1,11,0,0,0,0,0,40,0,0,0,0,0,0,0,0,0,0,48,0,0,0,1,0,0,1,1,0,0,1,0,1,0,0,0,0,0,0,1,1,1,1,1,1,0,1,0,1,0,0,0,1,0,1,0,0,0,0,0,0,0,0,0,0,1,0,0,0,0x014c,0x010b,0x0002,.text
2ef81f64f3906f53c5ed6bd686f86de00d80a883462999a415a820d12fb66332,virusshare,1,original,2ef81f64f3906f53c5ed6bd686f86de00d80a883462999a415a820d12fb66332,686427,7.948762574739449,264,3,2012,0,224,9,0,5,0,0,0,5,0,335872,352256,1060864,1396848,0.7967928592289719,4194304,4096,512,1753088,4096,0.002336448598130841,0.19158878504672897,0.20093457943925233,0,16,1048576,4096,1048576,4096,685056,1748992,352256,1060864,2,3,2,1,2,0,1,332800,335872,7.923978796601016,7.939173701484792,7.908783891717241,2,347,11,16,0,0,0,0,0,700,351416,0,0,0,0,0,0,0,72,0,0,0,0,0,1,0,0,1,1,0,0,0,0,1,1,1,0,0,0,1,1,1,1,1,1,1,0,1,1,1,0,0,0,1,0,1,1,0,0,0,0,0,0,0,1,0,0,0,0,0,0x014c,0x010b,0x0002,UPX1
2f342d5523a54173e50a3a59de5816359b6671f4b876424de0c25b1e218160ff,virusshare,1,original,2f342d5523a54173e50a3a59de5816359b6671f4b876424de0c25b1e218160ff,93764,5.98814533233826,248,7,2008,0,224,6,0,4,0,0,0,4,0,68608,18432,0,72469,0.6552824797453703,268435456,4096,512,110592,1024,0.009259259259259259,0.6203703703703703,0.16666666666666666,149623,16,1048576,4096,1048576,4096,88576,98366,68608,68608,5,6,5,1,5,0,0,68608,68608,4.215157890005751,6.561859406597372,6.078116704450582,0,4164,13,208,0,0,0,0,140,280,0,0,0,3336,0,0,0,0,0,0,884,64,0,0,0,0,1,0,0,0,0,0,0,0,0,0,0,0,0,0,1,1,1,1,1,1,0,0,1,1,0,0,0,1,1,1,0,0,0,1,0,0,0,0,0,0,1,1,0,0,0x014c,0x010b,0x0000,.text 
2f6b1bed8d1970b7bd4b3033b9d78a60d70061818e2a451a96970fb7c7337a63,virusshare,1,original,2f6b1bed8d1970b7bd4b3033b9d78a60d70061818e2a451a96970fb7c7337a63,518264,6.476532661755177,224,5,2014,0,224,9,0,5,0,0,0,5,0,41472,469504,0,9921,0.018631685697115385,4194304,4096,512,532480,1024,0.0019230769230769232,0.07788461538461539,0.8817307692307692,2018388296,16,1048576,4096,1048576,4096,510976,518668,431104,431104,1,1,0,0,0,0,0,41472,41472,5.4696218765626075,6.563459869713759,6.563459869713759,0,6264,3,78,0,0,0,0,0,80,431084,0,6264,2828,28,0,0,0,64,0,324,0,0,0,0,0,0,1,0,0,0,0,0,0,1,1,0,0,0,1,1,1,0,0,0,0,0,0,1,1,0,0,0,1,0,1,1,0,1,1,1,0,0,0,1,0,1,0,0,0,0x014c,0x010b,0x0002,.text
3034b01dcf7f6d7decb96f0a7fb5119e40ef29c638ddbc0863ea0e79e2415f43,virusshare,1,original,3034b01dcf7f6d7decb96f0a7fb5119e40ef29c638ddbc0863ea0e79e2415f43,646752,6.449231045863727,240,4,2012,0,224,9,0,5,0,0,0,5,0,468480,172032,0,347283,0.5107583654932228,4194304,4096,512,679936,1024,0.0015060240963855422,0.6890060240963856,0.25301204819277107,681477,16,1048576,4096,1048576,4096,640512,667076,468480,468480,1,1,0,0,0,0,0,468480,468480,5.20673133356449,6.668566437209267,6.668566437209267,0,5216,14,425,2,0,0,0,0,300,58848,0,5216,0,28,0,0,0,64,0,1756,64,0,0,0,0,0,1,1,0,0,0,0,0,0,0,0,0,0,1,1,1,0,0,0,0,0,0,1,1,0,0,1,1,0,1,1,0,1,0,1,0,0,0,1,0,1,1,0,0,0x014c,0x010b,0x0002,.text
304388bb63854209710c3fbfc5f403b6dfdf890c3ef992bf9736e45146962d8c,virusshare,1,original,304388bb63854209710c3fbfc5f403b6dfdf890c3ef992bf9736e45146962d8c,122368,7.531191810392855,128,4,2013,0,224,2,25,5,1,0,0,5,1,4096,512,0,7719,0.05889129638671875,4194304,4096,512,131072,1024,0.0078125,0.03125,0.00390625,0,16,1048576,4096,1048576,4096,121344,124928,113664,113664,1,2,0,0,2,0,0,4096,4096,4.292830286568079,7.697939584105757,3.375039001815479,1,0,2,27,0,0,0,0,0,80,113208,0,0,0,0,0,0,0,0,0,0,64,0,0,1,0,0,1,1,0,0,0,0,1,0,0,0,0,0,0,1,1,0,0,0,1,0,1,0,1,0,0,0,1,0,1,1,0,0,0,0,0,0,0,0,0,0,1,0,0,0x014c,0x010b,0x0002,.text
307f03dc9f32c7a0ad9367b7b2afb5d5b87650d48761497514e6cb6038739c2d,virusshare,1,original,307f03dc9f32c7a0ad9367b7b2afb5d5b87650d48761497514e6cb6038739c2d,4688678,7.99870955023464,256,8,1992,0,224,2,25,1,0,6,0,4,0,37888,17920,0,40000,0.48828125,4194304,4096,512,81920,1024,0.0125,0.4625,0.21875,0,16,1048576,16384,1048576,4096,53248,59144,37888,37888,1,4,0,3,0,0,0,37888,37888,3.685972006581655,6.562232257929189,6.562232257929189,0,4634406,8,96,0,0,0,0,0,2384,11264,0,0,0,0,0,0,24,0,0,0,0,0,0,0,0,0,1,1,0,0,0,0,1,0,0,0,0,0,1,1,1,0,0,0,0,0,0,1,1,0,0,0,1,0,1,1,0,0,0,0,0,0,1,0,0,0,0,0,0,0x014c,0x010b,0x0002,CODE
311f87a6396cc2b3a15d346084a58b422f2b488cdedab8c9d2fb047e52de6024,virusshare,1,original,311f87a6396cc2b3a15d346084a58b422f2b488cdedab8c9d2fb047e52de6024,9728,4.951562298193006,128,3,2021,0,224,11,0,4,0,0,0,4,0,6656,2560,0,14686,0.44818115234375,4194304,8192,512,32768,512,0.015625,0.203125,0.078125,0,16,1048576,4096,1048576,4096,9216,9216,6656,6656,1,0,0,0,0,0,0,6656,6656,3.0592388016996677,5.617533121974378,5.617533121974378,0,0,1,1,0,0,0,0,0,75,1544,0,0,12,0,0,0,0,0,0,8,0,72,0,0,0,0,1,0,0,0,0,0,1,1,1,0,0,0,1,1,1,0,0,0,0,0,0,0,1,0,0,0,1,0,1,1,0,0,1,0,0,0,0,0,0,1,0,1,0,0x014c,0x010b,0x0002,.text
3193392d16186412c995636033eb244cc5e9de2d87a4a20cac138e3637905866,virusshare,1,original,3193392d16186412c995636033eb244cc5e9de2d87a4a20cac138e3637905866,516096,7.934217555740707,184,3,2012,0,224,6,0,4,0,1,0,4,0,8192,503808,0,4752,0.009207589285714286,4194304,4096,4096,516096,4096,0.007936507936507936,0.015873015873015872,0.9761904761904762,570658,16,1048576,4096,1048576,4096,512000,512000,499712,499712,1,1,0,0,0,0,0,8192,8192,6.5993794133805235,7.987886049815251,5.210872776945795,1,0,1,61,6,0,0,0,0,40,498676,0,0,0,0,0,0,0,0,32,248,0,0,0,1,0,0,1,1,0,0,0,0,0,0,0,0,0,0,0,1,1,0,0,0,0,0,1,0,1,0,0,1,1,0,1,1,0,0,0,0,0,0,0,0,1,1,0,0,0,0x014c,0x010b,0x0002,.text
31a1fe95948d8c21d377eb9049da68217e8e79488a12df89d1fdcc50ccc8122a,virusshare,1,original,31a1fe95948d8c21d377eb9049da68217e8e79488a12df89d1fdcc50ccc8122a,741880,7.805230219107416,232,4,2014,0,224,11,0,5,1,0,0,5,1,105472,66560,0,68171,0.3782570578835227,4194304,4096,512,180224,1024,0.005681818181818182,0.5852272727272727,0.3693181818181818,188466,16,1048576,4096,1048576,4096,161792,171896,105472,105472,1,1,0,0,0,0,0,105472,105472,4.4391272561497415,6.624592361809876,6.624592361809876,0,579064,4,106,0,0,0,0,0,100,6022,0,579064,0,0,0,0,0,64,0,440,0,0,0,0,0,0,1,1,0,0,0,0,0,0,1,0,0,0,1,1,1,0,0,0,0,0,0,1,1,0,0,0,1,0,1,1,0,1,0,0,0,0,0,1,0,1,0,0,0,0x014c,0x010b,0x0002,.text
31ac14deb9ef9511cd4be17f714efb1926548ebd38462eabc582c369ac28f6f1,virusshare,1,original,31ac14deb9ef9511cd4be17f714efb1926548ebd38462eabc582c369ac28f6f1,16128,6.7063498803578625,240,5,2012,0,224,10,0,5,1,0,0,5,1,4096,5632,0,6668,0.2713216145833333,4194304,4096,512,24576,1024,0.041666666666666664,0.16666666666666666,0.22916666666666666,54828,16,1048576,4096,1048576,4096,9728,10132,4096,4096,1,1,0,0,0,0,0,4096,4096,4.158025911252201,6.004661832472832,6.004661832472832,0,5376,4,68,0,0,0,0,0,100,436,0,0,528,28,0,0,0,64,0,288,0,0,0,0,0,0,1,0,0,0,0,0,0,1,1,0,0,0,1,1,1,0,0,0,0,0,0,1,1,0,0,0,1,0,1,1,0,0,1,1,0,0,0,1,0,1,0,0,0,0x014c,0x010b,0x0003,.text
323ca8ea2467e492c57401641138828c20800bd356d10568e572940bfadfc710,virusshare,1,original,323ca8ea2467e492c57401641138828c20800bd356d10568e572940bfadfc710,2592768,7.807032369580872,184,7,2012,0,224,83,82,4,0,1,0,4,0,249856,2338816,0,232784,0.08419560185185185,4194304,4096,4096,2764800,4096,0.0014814814814814814,0.09037037037037036,0.845925925925926,2617881,16,1048576,4096,1048576,4096,2588672,2758424,1986560,1986560,3,5,2,2,3,0,2,196608,196608,6.136396005665319,7.993876848548965,6.5662678512663595,1,0,3,149,0,0,0,0,0,80,1983240,0,0,0,0,0,0,0,0,0,608,0,0,0,1,0,0,1,1,0,0,0,0,0,0,0,0,0,0,0,1,1,1,1,1,1,0,1,0,1,0,0,0,1,0,1,1,0,0,0,0,0,0,0,0,0,1,0,0,0,0x014c,0x010b,0x0002,.text1
32fe98cdf6cfb0e28e6eac6bbcca4968a977d9bf929b9e08131807b6e903d068,virusshare,1,original,32fe98cdf6cfb0e28e6eac6bbcca4968a977d9bf929b9e08131807b6e903d068,12416,3.275272537930173,192,2,2012,0,224,5,12,4,0,0,0,4,0,11392,384,0,11568,0.9317010309278351,1441792,128,128,12416,640,0.05154639175257732,0.9175257731958762,0.030927835051546393,0,16,1048576,4096,1048576,4096,11776,11776,11392,11392,1,0,0,0,0,0,0,11392,11392,3.372941118785993,3.507310789009601,3.238571448562385,0,0,3,8,0,0,0,0,0,80,0,0,0,0,0,0,0,0,0,0,44,0,0,0,0,0,0,1,1,0,0,0,0,1,0,0,0,0,0,0,1,1,0,0,0,0,0,0,0,1,0,0,0,1,0,1,0,0,0,0,0,0,0,0,0,0,1,0,0,0,0x014c,0x010b,0x0002,.text
33c01b5f389735ffd394fcba213f8d44bd1b4e8c048e6fc4f55cf4c1473000bd,virusshare,1,original,33c01b5f389735ffd394fcba213f8d44bd1b4e8c048e6fc4f55cf4c1473000bd,2549760,7.950148175598571,256,4,2012,0,224,2,25,5,0,0,0,5,0,2027520,18846720,0,20930580,0.9260610516151685,607518720,4096,512,22601728,1024,4.530627038782167e-05,0.08970641536788691,0.833861906487858,2608600,16,1048576,16384,1048576,4096,2545664,22595072,951296,18621952,2,4,2,0,2,0,3,761856,1671168,6.297190271433754,7.982259967026061,7.803215447863855,3,0,2,3,0,0,0,0,0,60,18621952,0,0,0,0,0,0,24,0,0,0,934,0,0,1,0,0,1,1,0,0,0,0,0,0,0,0,0,0,0,1,1,1,1,1,1,0,1,0,1,0,0,0,1,0,1,1,0,0,0,0,0,0,1,0,0,0,1,0,0,0x014c,0x010b,0x0002,Themida
34133a8e07c738532e59720f9dc9910b662e5ba63ee7430737cc475c0d19a506,virusshare,1,original,34133a8e07c738532e59720f9dc9910b662e5ba63ee7430737cc475c0d19a506,66506,7.722740118004188,216,3,2007,0,224,6,0,4,0,0,0,4,0,6144,6656,0,9637,0.3921305338541667,4194304,4096,512,24576,1024,0.041666666666666664,0.25,0.2708333333333333,17550,16,1048576,4096,1048576,4096,8704,12632,6144,6144,1,1,0,0,0,0,0,6144,6144,4.00122257264425,6.008112231641956,6.008112231641956,0,56778,6,58,0,0,0,0,0,140,0,0,0,0,0,0,0,0,0,0,256,0,0,0,0,0,0,1,1,0,0,0,0,0,0,0,0,0,0,0,1,1,0,0,0,0,0,0,1,1,0,0,0,1,0,1,0,0,0,0,0,0,0,0,0,0,1,0,0,0,0x014c,0x010b,0x0002,.text
348ad42a6bad10bf2e79d5c7f67dbdd0583e7c7b94db604045b1de66e5e9405f,virusshare,1,original,348ad42a6bad10bf2e79d5c7f67dbdd0583e7c7b94db604045b1de66e5e9405f,51960,7.853994162540322,256,3,1975,0,224,2,25,1,0,0,0,4,0,16384,4096,57344,75136,0.9171875,4194304,4096,512,81920,1024,0.0125,0.2,0.05,0,16,1048576,8192,1048576,4096,16896,77824,14336,57344,2,3,2,1,2,0,1,14336,16384,5.651070548071695,7.827747890552906,7.827747890552906,1,34040,5,7,0,0,0,0,0,324,1824,0,0,0,0,0,0,0,0,0,0,0,0,0,1,0,0,1,1,0,0,1,0,1,0,0,0,0,0,0,1,1,1,1,1,1,0,1,1,1,0,0,0,1,0,1,1,0,0,0,0,0,0,0,0,0,0,0,0,0,0x014c,0x010b,0x0002,UPX1
34d6430767234953d4ce0ce10d73034b9a238b2600181c43031aca4a85c78bfc,virusshare,1,original,34d6430767234953d4ce0ce10d73034b9a238b2600181c43031aca4a85c78bfc,261429,7.2804192141061534,232,5,2010,0,224,6,0,4,0,0,0,4,0,104960,35328,0,84740,0.5172119140625,4194304,4096,512,163840,1024,0.00625,0.640625,0.215625,153019,16,1048576,4096,1048576,4096,140288,150600,104960,104960,1,2,0,0,1,0,0,104960,104960,3.45241285844738,6.608494417524642,6.608494417524642,0,120117,4,122,0,0,0,0,0,100,3744,0,0,0,0,0,0,0,0,0,504,0,0,0,0,0,0,1,1,0,0,0,0,0,0,0,0,0,0,0,1,1,0,0,0,1,0,0,1,1,0,0,0,1,0,1,1,0,0,0,0,0,0,0,0,0,1,0,0,0,0x014c,0x010b,0x0002,.text
3504e560806a9a7cf81e80d0cc7d437e9f1f99627081136db5cf73bb254f97f5,virusshare,1,original,3504e560806a9a7cf81e80d0cc7d437e9f1f99627081136db5cf73bb254f97f5,32768,5.989986689773669,224,6,2004,0,224,6,0,4,0,0,0,4,0,8192,4096,65536,69797,0.85201416015625,268435456,4096,4096,81920,4096,0.05,0.1,0.05,0,16,1048576,4096,1048576,4096,61440,75532,28672,28672,1,3,1,0,2,0,4,8192,8192,2.959585692242755,5.683570421021975,5.655401129013573,0,4096,1,2,0,0,0,0,65,40,0,0,0,216,0,0,0,0,0,0,8,0,0,0,0,0,1,0,0,0,0,0,0,1,0,0,0,0,0,0,1,1,1,1,1,1,0,0,1,1,0,0,0,1,1,1,0,0,0,1,0,0,0,0,0,0,1,0,0,0,0x014c,0x010b,0x0002,.neolit
35960564ca6f54f1a0c0a06b9c79398ac66880c0537170741b4c3c9519082e24,virusshare,1,original,35960564ca6f54f1a0c0a06b9c79398ac66880c0537170741b4c3c9519082e24,348160,7.95653986120843,232,4,2011,0,224,10,0,4,0,0,0,4,0,1536,18432,0,725764,0.9629808508831522,4259840,4096,512,753664,724992,0.9619565217391305,0.0020380434782608695,0.024456521739130436,392521,16,1048576,4096,1048576,4096,19968,19968,14336,14336,1,2,0,0,0,0,0,1536,1536,4.426940961144642,7.0776377032031,4.6881623117709,1,327168,4,39,0,0,0,0,112,100,14146,0,0,0,0,0,0,0,0,0,172,0,0,0,0,0,0,1,1,0,0,0,0,0,0,0,0,0,0,0,1,1,0,0,0,0,0,1,1,1,0,0,0,1,1,1,1,0,0,0,0,0,0,0,0,0,1,0,0,0,0x014c,0x010b,0x0002,.text
387fd93d1f46df9513c399ef56c22d7b82a49cb324b50c8961b4e60f39621b45,virusshare,1,original,387fd93d1f46df9513c399ef56c22d7b82a49cb324b50c8961b4e60f39621b45,381440,7.989692757185191,256,3,1992,0,224,2,25,4,0,0,0,4,0,376832,8192,364544,740064,0.9819548233695652,268435456,4096,512,753664,4096,0.005434782608695652,0.5,0.010869565217391304,0,2031095711,1048576,16384,1048576,4096,380416,749568,374784,376832,2,3,2,1,3,3,1,374784,376832,6.7908239971557816,7.998851721556859,7.998851721556859,1,0,17,22,0,0,0,0,0,1016,4556,0,0,0,0,0,0,24,0,0,0,0,0,0,1,0,0,1,1,0,0,0,0,1,0,0,0,0,0,0,1,1,1,1,1,1,1,1,0,1,0,0,0,1,0,1,1,0,0,0,0,0,0,1,0,0,0,0,0,0,0x014c,0x010b,0x0002,
38a54e1edadb6a3711316247b174fda913527976574de13f4aa12c516611667e,virusshare,1,original,38a54e1edadb6a3711316247b174fda913527976574de13f4aa12c516611667e,2691496,7.996433179770396,256,8,1992,0,224,2,25,1,0,6,0,4,0,37888,17920,0,40000,0.48828125,4194304,4096,512,81920,1024,0.0125,0.4625,0.21875,0,16,1048576,16384,1048576,4096,53248,59144,37888,37888,1,4,0,3,0,0,0,37888,37888,3.6806476654389955,6.562232257929189,6.562232257929189,0,2637224,8,96,0,0,0,0,0,2384,11264,0,2952,0,0,0,0,24,0,0,0,0,0,0,0,0,0,1,1,0,0,0,0,1,0,0,0,0,0,1,1,1,0,0,0,0,0,0,1,1,0,0,0,1,0,1,1,0,1,0,0,0,0,1,0,0,0,0,0,0,0x014c,0x010b,0x0002,CODE
39108966cef513ff406ed57fc7041629825e494d1745c2eb10ba14038134e767,virusshare,1,original,39108966cef513ff406ed57fc7041629825e494d1745c2eb10ba14038134e767,533816,7.892759665608319,256,3,1992,0,224,2,25,4,0,0,0,4,0,495616,32768,593920,1092192,0.9696306818181818,4194304,4096,512,1126400,4096,0.0036363636363636364,0.44,0.02909090909090909,545918,16,1048576,16384,1048576,4096,524800,1122304,495104,593920,2,3,2,1,2,0,1,495104,495616,6.981641596552986,7.945369902039692,7.945369902039692,1,7992,8,13,0,0,0,0,0,544,28704,0,7992,0,0,0,0,24,0,0,0,0,0,0,1,0,0,1,1,0,0,0,0,0,0,0,0,0,0,0,1,1,1,1,1,1,0,1,1,1,0,0,0,1,0,1,1,0,1,0,0,0,0,1,0,0,0,0,0,0,0x014c,0x010b,0x0002,UPX1
394a85f8a0b5ba87e7b47dacc1f0678a534f17976b3b7f0c754acc1aafd9e2d3,virusshare,1,original,394a85f8a0b5ba87e7b47dacc1f0678a534f17976b3b7f0c754acc1aafd9e2d3,653681,7.991230005198144,256,3,2008,0,224,2,0,4,0,0,0,4,0,0,655360,1159168,1171373,0.642651092872191,4194304,4096,512,1822720,1024,0.0005617977528089888,0.0,0.3595505617977528,695166,16,1048576,16384,1048576,4096,652657,1818419,652657,1159168,3,3,3,2,3,0,1,652657,655360,7.9932557515011915,7.9932557515011915,7.9932557515011915,1,0,22,27,0,0,0,0,0,460,6536,0,0,8,0,11,0,24,0,0,0,0,0,1048576,1,0,0,1,0,0,0,0,0,0,0,0,0,0,0,0,1,1,1,1,1,1,0,1,0,1,0,0,0,1,0,1,1,0,0,1,0,1,0,1,0,0,0,0,0,0,0x014c,0x010b,0x0002,.nsp1
396e350fc74e375f5044c9baac5696e65de6a3396ad1da9a09dded15d0ca7a69,virusshare,1,original,396e350fc74e375f5044c9baac5696e65de6a3396ad1da9a09dded15d0ca7a69,74422,7.9033119309134126,128,3,1992,0,224,2,25,4,0,0,0,4,0,61440,4096,352256,416160,0.9864229368932039,4194304,4096,512,421888,4096,0.009708737864077669,0.14563106796116504,0.009708737864077669,0,16,1048576,16384,1048576,4096,61440,417792,60416,352256,2,3,2,1,2,0,1,60416,61440,5.349316239592778,7.9075039579713575,7.9075039579713575,1,12470,4,6,0,0,0,0,0,276,496,0,0,0,0,0,0,24,0,0,0,0,0,0,1,0,0,1,1,0,0,0,0,1,0,0,0,0,0,0,1,1,1,1,1,1,0,1,1,1,0,0,0,1,0,1,1,0,0,0,0,0,0,1,0,0,0,0,0,0,0x014c,0x010b,0x0002,UPX1
3a160b9d7be60f1e6048a5c12d9c56a8821af0710f7f5627c5fcdaac0fae462a,virusshare,1,original,3a160b9d7be60f1e6048a5c12d9c56a8821af0710f7f5627c5fcdaac0fae462a,90112,7.65518846973587,256,3,1992,0,224,2,25,4,0,0,0,4,0,57344,4096,102400,163152,0.9715129573170732,4194304,4096,512,167936,4096,0.024390243902439025,0.34146341463414637,0.024390243902439025,0,16,1048576,16384,1048576,4096,58368,163840,57344,102400,2,3,2,1,2,0,1,57344,57344,5.427427016646256,7.877605634747468,7.877605634747468,1,30720,4,7,0,0,0,0,0,296,536,0,0,0,0,0,0,24,0,0,0,0,0,0,1,0,0,1,1,0,0,0,0,1,0,0,0,0,0,0,1,1,1,1,1,1,0,1,1,1,0,0,0,1,0,1,1,0,0,0,0,0,0,1,0,0,0,0,0,0,0x014c,0x010b,0x0002,NUdqtLqT
3a5e24450fa2130580c2f8e05e7e1fc617253882b45fd9d95c2a9ed9b493ceeb,virusshare,1,original,3a5e24450fa2130580c2f8e05e7e1fc617253882b45fd9d95c2a9ed9b493ceeb,569832,6.2058587752002445,216,5,2009,0,224,6,0,4,0,6,0,4,0,24064,164864,1024,12538,0.03874728045886076,4194304,4096,512,323584,1024,0.0031645569620253164,0.07436708860759493,0.509493670886076,0,16,1048576,4096,1048576,4096,47104,311384,24064,154712,1,2,0,1,1,0,0,24064,24064,5.562796698709833,6.440105549497955,6.440105549497955,0,521704,8,155,1,0,0,0,0,180,16544,0,3992,0,0,0,0,0,0,0,652,0,0,0,0,0,0,1,1,0,0,0,0,1,0,0,0,0,0,1,1,1,0,0,0,1,0,0,1,1,0,0,1,1,0,1,1,0,1,0,0,0,0,0,0,0,1,0,0,0,0x014c,0x010b,0x0002,.text
3ad82be50b0fa9068fb007967206fbb7747aa644465ed059eb3c9a7ac18e90ec,virusshare,1,original,3ad82be50b0fa9068fb007967206fbb7747aa644465ed059eb3c9a7ac18e90ec,217088,5.12297894527785,192,3,2012,0,224,6,0,4,0,1,0,4,0,32768,180224,0,5880,0.02708579009433962,4194304,4096,4096,217088,4096,0.018867924528301886,0.1509433962264151,0.8301886792452831,265647,16,1048576,4096,1048576,4096,212992,212992,176128,176128,1,1,0,0,0,0,0,32768,32768,5.323166773998043,5.453624388189773,5.453624388189773,0,0,1,105,16,0,0,0,0,40,173912,0,0,0,0,0,0,0,0,32,424,0,0,0,0,0,0,1,1,0,0,0,0,0,0,0,0,0,0,0,1,1,0,0,0,0,0,0,0,1,0,0,1,1,0,1,1,0,0,0,0,0,0,0,0,1,1,0,0,0,0x014c,0x010b,0x0002,.text
3cb3d3eb37a72e71cb42e21d5934faa87b9dcdd973e5dd97c29871d13cc88e79,virusshare,1,original,3cb3d3eb37a72e71cb42e21d5934faa87b9dcdd973e5dd97c29871d13cc88e79,1524712,7.894296743546856,232,7,2009,0,224,6,0,5,0,0,0,4,0,0,0,0,1506964,0.5668892647342064,4194304,4096,512,2658304,1024,0.0003852080123266564,0.0,0.0,1565835,16,1048576,4096,1048576,4096,1519904,2654208,1519616,1626112,7,7,7,0,7,0,0,1519616,1626112,7.8961582105650985,7.8961582105650985,7.8961582105650985,1,3784,7,91,0,0,0,0,0,60,455776,0,3784,256,0,0,0,0,0,0,0,0,0,0,1,0,0,1,1,0,0,0,0,0,0,0,0,0,0,0,1,1,1,1,1,1,0,1,1,1,0,0,0,1,0,1,1,0,1,1,0,0,0,0,0,0,0,0,0,0,0x014c,0x010b,0x0002,msxchns
3d5ce6fe4bb8f10270b00708dceb10b5878a28b3429e66f9aadeda49082af8ef,virusshare,1,original,3d5ce6fe4bb8f10270b00708dceb10b5878a28b3429e66f9aadeda49082af8ef,221184,6.262083749888883,232,5,2002,0,224,6,0,4,0,0,0,4,0,131072,77824,0,43302,0.18546977796052633,4194304,4096,4096,233472,4096,0.017543859649122806,0.5614035087719298,0.3333333333333333,0,16,1048576,4096,1048576,4096,217088,228124,131072,131072,2,3,2,0,1,0,0,131072,131072,5.231327847057734,7.9892873233694095,6.511641943360488,1,0,12,304,3,0,0,0,0,260,13528,0,0,0,0,0,0,0,0,0,1264,0,0,0,1,0,0,1,1,0,0,0,0,1,0,0,0,0,0,0,1,1,1,1,1,1,0,1,0,1,0,0,1,1,0,1,1,0,0,0,0,0,0,0,0,0,1,0,0,0,0x014c,0x010b,0x0002,.text
3d9d66ecb5dc4a1999092e39e5cd6e68030452fa22bd90a92aeb662f447d7a4e,virusshare,1,original,3d9d66ecb5dc4a1999092e39e5cd6e68030452fa22bd90a92aeb662f447d7a4e,131072,4.826021265528815,128,5,2016,0,224,2,50,4,0,0,0,4,0,12288,3072,0,4096,0.125,4194304,4096,512,32768,1024,0.03125,0.375,0.09375,168,16,1048576,4096,1048576,4096,15360,15360,7168,7168,2,1,0,0,0,0,0,5120,5120,3.242256932674928,5.962274814028072,2.1493265127836776,0,114688,2,39,0,0,0,0,0,60,700,0,0,0,0,0,0,0,0,0,164,0,0,0,0,0,0,1,1,0,0,0,0,0,0,0,0,0,0,0,1,1,0,0,0,0,0,0,1,1,0,0,0,1,0,1,1,0,0,0,0,0,0,0,0,0,1,0,0,0,0x014c,0x010b,0x0002,.code
3d9fe39dce240ac4cf052bdf41bca48bd37c5c36a9ad8d38f40d0be873c96e11,virusshare,1,original,3d9fe39dce240ac4cf052bdf41bca48bd37c5c36a9ad8d38f40d0be873c96e11,29696,7.290464354634165,216,4,2008,0,224,8,0,4,0,0,0,4,0,2048,3584,0,4505,0.07332356770833333,268435456,4096,512,61440,1024,0.016666666666666666,0.03333333333333333,0.058333333333333334,64987,16,1048576,4096,1048576,4096,28672,54156,19968,24068,1,1,0,0,0,0,0,5632,18660,4.151043868816705,7.99257803427691,5.579453827228363,1,0,1,5,0,0,0,0,130,178,1536,0,0,0,0,0,0,0,0,0,0,0,0,0,1,0,1,0,0,0,0,0,0,0,0,0,0,0,0,0,1,1,0,0,0,0,0,1,0,1,0,0,0,1,1,1,1,0,0,0,0,0,0,0,0,0,0,0,0,0,0x014c,0x010b,0x0002,.text
3e005f697b8f304c073beb87a9f7bd6566c58fa1a7725ed132fe8d4b85e7927f,virusshare,1,original,3e005f697b8f304c073beb87a9f7bd6566c58fa1a7725ed132fe8d4b85e7927f,61440,4.930590236339026,128,3,2010,0,224,8,0,4,0,0,0,4,0,24576,32768,0,31310,0.4246690538194444,4194304,8192,4096,73728,4096,0.05555555555555555,0.3333333333333333,0.4444444444444444,0,16,1048576,4096,1048576,4096,57344,57344,28672,28672,1,0,0,0,0,0,0,24576,24576,3.461494106481334,5.202544263284312,5.202544263284312,0,0,1,1,0,0,0,0,0,83,26392,0,0,12,0,0,0,0,0,0,8,0,72,0,0,0,0,1,0,0,0,0,0,1,1,1,0,0,0,1,1,1,0,0,0,0,0,0,0,1,0,0,0,1,0,1,1,0,0,1,0,0,0,0,0,0,1,0,1,0,0x014c,0x010b,0x0003,.text
3f6c8b6f8a619bd1253f56fa4962b0f4843c0c387b322f5f47d4de65d9695c77,virusshare,1,original,3f6c8b6f8a619bd1253f56fa4962b0f4843c0c387b322f5f47d4de65d9695c77,357378,7.917443227806049,128,17,0,0,224,0,0,1,0,0,0,4,0,0,0,0,856064,0.9858490566037735,4194304,4096,512,868352,1056,0.0012160966981132075,0.0,0.0,0,16,1048576,16384,1048576,4096,355056,859648,322560,663552,3,14,1,3,15,11,14,212,4096,5.725702761808614,7.920886879248256,4.720077422945692,4,2,2,7,0,0,0,0,0,228,3420,0,0,524,0,0,0,24,0,0,0,0,0,0,1,0,0,1,0,0,1,0,0,1,0,0,0,0,0,0,1,1,0,0,1,1,1,1,1,1,0,0,0,1,0,1,1,0,0,1,0,0,0,1,0,0,0,0,0,0,0x014c,0x010b,0x0002,RCryptor
3f7c0ae0c0918749fb4f6ddfea988d35caaf2c7afe7f174d5f468fa5999f3577,virusshare,1,original,3f7c0ae0c0918749fb4f6ddfea988d35caaf2c7afe7f174d5f468fa5999f3577,402432,7.975565679973464,64,4,2011,0,224,10,0,4,0,0,0,4,0,5632,16896,0,789708,0.9639990234375,4259840,4096,512,819200,786432,0.96,0.006875,0.020625,417046,16,1048576,4096,1048576,4096,22528,22528,14336,14336,1,2,0,0,0,0,0,5632,5632,4.283923270368185,6.654689916362376,6.654689916362376,0,378880,4,39,0,0,0,0,0,100,14146,0,0,28,0,0,0,0,0,0,0,0,0,0,0,0,0,1,1,0,0,0,0,0,0,0,0,0,0,0,1,1,0,0,0,0,0,0,1,1,0,0,0,1,0,1,1,0,0,1,0,0,0,0,0,0,0,0,0,0,0x014c,0x010b,0x0002,.text
3fcda67277e45ff006126304808b2bd3344dc910a245293614e2ab986f688643,virusshare,1,original,3fcda67277e45ff006126304808b2bd3344dc910a245293614e2ab986f688643,795648,7.9766750469308,128,6,2005,0,224,0,255,4,0,0,0,4,0,3072,0,0,6878,0.0030810994839449543,4194304,4096,512,2232320,1024,0.00045871559633027525,0.0013761467889908258,0.0,0,16,1048576,4096,1048576,4096,794624,2220544,784384,2187264,1,4,0,0,2,0,0,3072,3072,4.286393838132799,7.995009108922389,5.1769299519763665,1,0,4,39,0,0,0,0,0,80,783892,0,0,0,0,0,0,0,0,0,0,76,0,0,1,0,0,1,1,0,0,0,0,1,0,0,0,0,0,0,1,1,0,0,0,1,0,1,0,1,0,0,0,1,0,1,1,0,0,0,0,0,0,0,0,0,0,1,0,0,0x014c,0x010b,0x0002,.text
406776dfa02c8bf83b6f241e69b4673bace5d5aaf4640720762ca110997343fa,virusshare,1,original,406776dfa02c8bf83b6f241e69b4673bace5d5aaf4640720762ca110997343fa,19968,7.261013128505052,256,3,2006,0,224,6,0,4,0,0,0,4,0,16384,4096,40960,60304,0.920166015625,4194304,4096,512,65536,4096,0.0625,0.25,0.0625,0,16,1048576,4096,1048576,4096,18944,61440,15872,40960,2,3,2,1,2,0,1,15872,16384,5.598952929384826,7.829064284021102,7.829064284021102,1,0,8,10,1,0,0,0,0,448,2388,0,0,0,0,0,0,0,0,0,0,0,0,0,1,0,0,1,1,0,0,0,0,1,0,0,0,0,0,0,1,1,1,1,1,1,0,1,0,1,0,0,1,1,0,1,1,0,0,0,0,0,0,0,0,0,0,0,0,0,0x014c,0x010b,0x0002,UPX1
40732ead83fb91ef5c50f3f1e7c829cb691e7daff8e0a48c2d40ae31b7b22ea9,virusshare,1,original,40732ead83fb91ef5c50f3f1e7c829cb691e7daff8e0a48c2d40ae31b7b22ea9,290560,7.9600208214051476,256,9,1992,0,224,2,25,4,0,0,0,4,0,471040,471040,0,4096,0.00835509138381201,4194304,4096,512,490240,1024,0.0020887728459530026,0.9608355091383812,0.9608355091383812,0,16,1048576,16384,1048576,4096,289536,469093,178688,346300,9,9,9,3,1,0,0,10752,15996,5.141696710578839,7.979066257014518,7.668623964795463,3,0,2,5,0,0,0,0,0,216,512,0,0,0,0,0,0,24,0,0,0,0,0,0,1,0,0,1,0,0,0,0,0,1,0,0,0,0,0,0,1,1,1,1,1,1,0,1,0,1,0,0,0,1,0,1,1,0,0,0,0,0,0,1,0,0,0,0,0,0,0x014c,0x010b,0x0002,CODE
407ef5a6d09b6cf6ba0c2321c39e02b900d0cdcf9881900821291adf6dfd35a6,virusshare,1,original,407ef5a6d09b6cf6ba0c2321c39e02b900d0cdcf9881900821291adf6dfd35a6,9734,6.990001098681067,224,3,2002,0,224,6,0,4,0,0,0,4,0,8192,4096,28672,39472,0.8760653409090909,268435456,4096,512,45056,4096,0.09090909090909091,0.18181818181818182,0.09090909090909091,0,16,1048576,4096,1048576,4096,8704,40960,7168,28672,2,3,2,1,2,0,1,7168,8192,5.481396783616561,7.799600101881159,7.799600101881159,1,6,7,8,1,0,0,0,76,380,832,0,0,12,0,0,0,0,0,0,0,0,0,0,1,0,1,0,0,0,0,0,0,1,0,0,0,0,0,0,1,1,1,1,1,1,0,1,1,1,0,0,1,1,1,1,1,0,0,1,0,0,0,0,0,0,0,0,0,0,0x014c,0x010b,0x0002,UPX1
4081bd1b63e06f77bebaaf406bef976ec2da11463cf4b8b224b99eb30cee2550,virusshare,1,original,4081bd1b63e06f77bebaaf406bef976ec2da11463cf4b8b224b99eb30cee2550,5373936,7.99806315628032,216,5,2014,0,224,9,0,5,0,6,0,5,0,23552,181760,4096,13188,0.02515411376953125,4194304,4096,512,524288,1024,0.001953125,0.044921875,0.3466796875,5416305,16,1048576,4096,1048576,4096,56832,514236,27136,286720,1,2,0,1,1,0,0,23552,23552,4.250972518677394,6.488437714588149,6.488437714588149,0,5316080,8,155,1,0,0,0,0,180,26672,0,5576,0,0,0,0,0,0,0,652,0,0,0,0,0,0,1,1,0,0,0,0,0,0,0,0,0,0,1,1,1,0,0,0,1,0,0,1,1,0,0,1,1,0,1,1,0,1,0,0,0,0,0,0,0,1,0,0,0,0x014c,0x010b,0x0002,.text
40e06b046eb688c21d8f50e9124b82ff1f289e6b15fd8122f76f346becc90c50,virusshare,1,original,40e06b046eb688c21d8f50e9124b82ff1f289e6b15fd8122f76f346becc90c50,151040,7.061609015092713,232,5,2009,0,224,8,0,6,1,13,18,6,1,33280,7168,0,32622,0.10210712139423077,16777216,4096,512,319488,1024,0.003205128205128205,0.10416666666666667,0.022435897435897436,94482,16,1310720,8192,2097152,4096,150016,306520,110592,266240,2,3,2,0,1,0,0,33280,33280,4.7879674317079655,6.899157747133187,6.400649336622489,0,0,6,120,0,0,0,0,0,140,2080,0,0,2124,28,0,0,0,64,144,504,0,0,0,1,0,0,1,1,0,0,0,0,0,0,1,0,0,0,1,1,1,1,1,1,1,0,0,0,1,0,0,0,1,0,1,1,0,0,1,1,0,0,0,1,1,1,0,0,0,0x014c,0x010b,0x0003,.text
4172b0c3d39e73ecec5db5601619c068e927826ac7a069d13882ef0c3b699f21,virusshare,1,original,4172b0c3d39e73ecec5db5601619c068e927826ac7a069d13882ef0c3b699f21,6407264,0.2216200863728104,224,3,2007,0,224,6,0,4,0,0,0,4,0,73728,28672,1073152,1146560,0.9719509548611112,4194304,4096,512,1179648,4096,0.003472222222222222,0.0625,0.024305555555555556,0,16,1048576,4096,1048576,4096,98816,1175552,72704,1073152,2,3,2,1,2,0,1,72704,73728,7.116819385299962,7.981978482953024,7.981978482953024,1,6307424,3,8,0,0,0,0,0,260,25796,0,0,0,0,0,0,0,0,0,0,0,0,0,1,0,0,1,1,0,0,0,0,1,0,0,0,0,0,0,1,1,1,1,1,1,0,1,1,1,0,0,0,1,0,1,1,0,0,0,0,0,0,0,0,0,0,0,0,0,0x014c,0x010b,0x0002,UPX1
42201add8ccaa0e6bf0da272aa9e80c9c2105ed4f73274fba9acda88f397be0d,virusshare,1,original,42201add8ccaa0e6bf0da272aa9e80c9c2105ed4f73274fba9acda88f397be0d,16160,6.709536352606211,240,5,2012,0,224,10,0,5,1,0,0,5,1,4096,5632,0,6668,0.2713216145833333,4194304,4096,512,24576,1024,0.041666666666666664,0.16666666666666666,0.22916666666666666,54828,16,1048576,4096,1048576,4096,9728,10132,4096,4096,1,1,0,0,0,0,0,4096,4096,4.158025911252201,6.004661832472832,6.004661832472832,0,5408,4,68,0,0,0,0,0,100,436,0,0,528,28,0,0,0,64,0,288,0,0,0,0,0,0,1,0,0,0,0,0,0,1,1,0,0,0,1,1,1,0,0,0,0,0,0,1,1,0,0,0,1,0,1,1,0,0,1,1,0,0,0,1,0,1,0,0,0,0x014c,0x010b,0x0003,.text
42276d7941bf6750c29ca3b9f982c688f07d921bd1517046dc7c5ef06a7684ab,virusshare,1,original,42276d7941bf6750c29ca3b9f982c688f07d921bd1517046dc7c5ef06a7684ab,120642,7.8855279883720595,512,3,2003,0,224,5,0,4,0,0,0,4,0,49152,8192,94208,143456,0.9216694078947368,4194304,4096,512,155648,4096,0.02631578947368421,0.3157894736842105,0.05263157894736842,0,16,1048576,8192,1048576,4096,53248,151552,45568,94208,2,3,2,1,2,0,1,45568,49152,6.300711044504672,7.904837461109722,7.904837461109722,1,66370,8,10,1,0,0,0,0,476,7060,0,0,0,0,0,0,0,0,0,0,0,0,0,1,0,0,1,1,0,0,0,0,1,0,0,0,0,0,0,1,1,1,1,1,1,0,1,1,1,0,0,1,1,0,1,1,0,0,0,0,0,0,0,0,0,0,0,0,0,0x014c,0x010b,0x0002,UPX1
42a98194fe1b1d48365b1aac1294e2944c89276e8fd0a99d8604949132afd86c,virusshare,1,original,42a98194fe1b1d48365b1aac1294e2944c89276e8fd0a99d8604949132afd86c,1816035,6.934660263931551,280,3,2019,0,240,14,22,6,0,0,0,6,0,540672,4096,3588096,4128736,0.9980120668316832,5368709120,4096,512,4136960,4096,0.0009900990099009901,0.1306930693069307,0.0009900990099009901,0,16,1048576,4096,1048576,4096,538624,4132864,537600,3588096,2,3,2,1,2,0,1,537600,540672,6.062839356647304,7.90446336568116,7.90446336568116,1,1276387,4,7,0,0,0,0,0,320,476,40236,0,20,0,0,0,40,264,0,0,0,0,0,1,1,0,1,0,1,0,0,0,1,1,1,0,1,0,1,1,1,1,1,1,1,0,1,1,1,0,0,0,1,0,1,1,1,0,1,0,0,0,1,1,0,0,0,0,0,0x8664,0x020b,0x0003,UPX1
4305896b03314be036e0b09367d2420ed1965402b3e113f57165eb1a64d33e48,virusshare,1,original,4305896b03314be036e0b09367d2420ed1965402b3e113f57165eb1a64d33e48,126464,7.456715959020219,120,3,2005,0,224,5,0,4,0,0,0,4,0,4096,131072,0,4096,0.029411764705882353,4194304,4096,512,139264,1024,0.007352941176470588,0.029411764705882353,0.9411764705882353,190805,16,1048576,4096,1048576,4096,125440,135168,110592,114688,1,1,1,0,0,0,0,2048,4096,6.167437709130795,7.6787472600131546,6.51081576966461,1,0,2,11,0,0,0,0,0,60,12440,0,0,0,28,0,0,0,0,0,0,0,0,0,1,0,1,0,0,0,0,0,0,0,0,0,0,0,0,0,1,1,1,1,1,0,0,1,0,1,0,0,0,1,0,1,1,0,0,0,1,0,0,0,0,0,0,0,0,0,0x014c,0x010b,0x0002,.text
432015a99710923c29ba4c6c3993e4e03cf16632bc1c1dbcca7e479341e0c80d,virusshare,1,original,432015a99710923c29ba4c6c3993e4e03cf16632bc1c1dbcca7e479341e0c80d,73728,5.3412411788468175,248,5,2011,0,224,8,0,4,0,0,0,4,0,36864,32768,0,32366,0.4389919704861111,268435456,4096,4096,73728,4096,0.05555555555555555,0.5,0.4444444444444444,78804,16,1048576,4096,1048576,4096,69632,69632,36864,36864,1,1,0,0,0,0,0,36864,36864,4.221745117927879,5.755779534924155,5.755779534924155,0,0,11,277,138,0,0,0,103,240,1708,0,0,4968,0,0,0,0,64,0,1152,0,0,0,0,0,1,0,0,0,0,0,0,0,0,0,0,0,0,0,1,1,0,0,0,0,0,0,0,1,0,0,1,1,1,1,1,0,0,1,0,0,0,0,1,0,1,0,0,0,0x014c,0x010b,0x0002,.text
43dd3b68a8ab1abf863b71e144b397e05a804a9564af238e7fc373d72844953d,virusshare,1,original,43dd3b68a8ab1abf863b71e144b397e05a804a9564af238e7fc373d72844953d,66178,6.352276806693614,240,4,2008,0,224,6,0,4,0,0,0,4,0,12288,16384,0,12032,0.3671875,4194304,4096,4096,32768,4096,0.125,0.375,0.5,0,16,1048576,4096,1048576,4096,24576,25500,12288,12288,1,1,0,0,0,0,0,12288,12288,2.594762338081152,4.797018048064811,4.797018048064811,0,37506,6,93,43,0,0,0,0,140,16,0,0,0,0,0,0,0,0,0,396,0,0,0,0,0,0,1,1,0,0,0,0,1,0,0,0,0,0,0,1,1,0,0,0,0,0,0,1,1,0,0,1,1,0,1,1,0,0,0,0,0,0,0,0,0,1,0,0,0,0x014c,0x010b,0x0002,.text
452fb58cc25ead1c24430a032af0831553314370119af215ad66abc84254b58d,virusshare,1,original,452fb58cc25ead1c24430a032af0831553314370119af215ad66abc84254b58d,8192,5.1050323450464505,208,3,2004,0,224,6,0,4,0,0,0,4,0,5120,2048,0,6176,0.3015625,4194304,4096,512,20480,4096,0.2,0.25,0.1,0,16,1048576,4096,1048576,4096,7168,7168,5120,5120,1,1,0,0,0,0,0,5120,5120,4.6234669552439875,5.577589617419301,5.577589617419301,0,0,5,46,0,0,0,0,0,120,1128,0,0,0,0,0,0,0,0,0,0,0,0,0,0,0,0,1,1,0,0,0,0,1,0,0,0,0,0,0,1,1,0,0,0,0,0,0,0,1,0,0,0,1,0,1,1,0,0,0,0,0,0,0,0,0,0,0,0,0,0x014c,0x010b,0x0002,.text
458ee95b22d8a651edab6275934b2126bfdfa54ae9cbf9d454e204931aa9b220,virusshare,1,original,458ee95b22d8a651edab6275934b2126bfdfa54ae9cbf9d454e204931aa9b220,328192,7.6934488266800125,176,5,1988,0,224,6,0,4,0,0,0,4,0,263680,43008,65536,6320,0.015744579081632654,4194304,4096,512,401408,1024,0.002551020408163265,0.6568877551020408,0.10714285714285714,0,16,1048576,4096,1048576,4096,327168,392704,249856,249856,3,5,3,1,3,0,0,13824,13824,7.557829676008581,7.995249443355711,6.662036620058765,3,0,1,10,0,0,0,0,0,40,0,0,0,0,0,0,0,0,0,0,44,0,0,0,1,0,0,1,1,0,0,1,0,1,0,0,0,0,0,0,1,1,1,1,1,1,0,1,0,1,0,0,0,1,0,1,0,0,0,0,0,0,0,0,0,0,1,0,0,0,0x014c,0x010b,0x0002,.text
45b20a924bbae62c70b5059295321528e2446f6c8d620c7bce19336eb0f87fee,virusshare,1,original,45b20a924bbae62c70b5059295321528e2446f6c8d620c7bce19336eb0f87fee,79467,6.439994947079253,256,8,1992,0,224,2,25,4,0,0,0,4,0,11776,66560,0,15120,0.14765625,4194304,4096,512,102400,4096,0.04,0.115,0.65,0,16,1048576,16384,1048576,4096,78336,80389,60416,60416,1,4,0,2,0,0,0,11776,11776,4.033294621988239,6.624530721301578,6.485147655466119,0,107,4,45,0,0,0,0,0,1080,3072,0,0,0,0,0,0,24,0,0,0,0,0,0,0,0,0,1,1,0,0,0,0,1,0,0,0,0,0,0,1,1,0,0,0,0,0,0,1,1,0,0,0,1,0,1,1,0,0,0,0,0,0,1,0,0,0,0,0,0,0x014c,0x010b,0x0002,CODE
4633fbb6344960114f35e2c7b3a936b275c091cd5fc0e485be6bfca27b6b0318,virusshare,1,original,4633fbb6344960114f35e2c7b3a936b275c091cd5fc0e485be6bfca27b6b0318,330752,7.96279860214018,256,7,2008,0,224,7,0,4,0,0,0,4,0,512,315392,1142784,1490988,0.9996862126673532,4194304,4096,512,1491456,1024,0.0006865774116031583,0.00034328870580157915,0.21146584277377276,372743,16,1048576,16384,1048576,4096,329067,1480979,314179,1142784,2,7,2,2,6,0,6,512,512,6.619550065556726,7.9808093696011415,6.951751769371366,2,0,1,1,0,0,0,0,0,40,6520,0,0,0,0,0,0,24,0,0,0,0,0,0,1,0,0,1,0,0,0,0,0,0,0,0,0,0,0,0,1,1,1,1,1,1,0,1,0,1,0,0,0,1,0,1,1,0,0,0,0,0,0,1,0,0,0,0,0,0,0x014c,0x010b,0x0002,.text
467c632c03ee8003fca1a76adf8947d9d566025367d182c86f3ce17438ee40cb,virusshare,1,original,467c632c03ee8003fca1a76adf8947d9d566025367d182c86f3ce17438ee40cb,899368,6.739973458159839,232,5,2013,0,224,9,0,5,0,0,0,5,0,497664,392704,0,360978,0.36874223653242677,4194304,4096,512,978944,1024,0.0010460251046025104,0.5083682008368201,0.40115062761506276,920435,16,1048576,4096,1048576,4096,890368,964512,497664,497664,1,1,0,0,0,0,0,497664,497664,5.687620542526063,6.9599110811448845,6.611320691210505,0,7976,17,458,2,0,0,0,0,360,172152,0,7976,33160,0,0,0,0,64,0,1900,64,0,0,0,0,0,1,0,0,0,0,0,0,1,0,0,0,0,1,1,1,0,0,0,0,0,0,1,1,0,0,1,1,0,1,1,0,1,1,0,0,0,0,1,0,1,1,0,0,0x014c,0x010b,0x0002,.text
46aa6721dd86ea3e6644c3440d6c6d0e1c1730fee0c6039e06c8798f3acc3a7a,virusshare,1,original,46aa6721dd86ea3e6644c3440d6c6d0e1c1730fee0c6039e06c8798f3acc3a7a,128722,7.9433686666151955,64,3,1970,0,224,2,25,4,0,0,0,4,0,0,131072,200704,249755,0.734642672251506,4194304,4096,512,339968,1024,0.0030120481927710845,0.0,0.3855421686746988,0,16,1048576,16384,1048576,4096,128210,332498,127488,200704,3,3,3,1,3,0,1,127488,131072,7.841292121676805,7.951843451616972,7.951843451616972,2,0,1,3,0,0,0,0,0,40,140800,0,0,1532,0,0,0,24,0,0,0,0,0,0,1,0,0,1,1,0,0,1,0,1,0,0,0,0,0,0,1,1,1,1,1,1,0,1,0,1,0,0,0,1,0,1,1,0,0,1,0,0,0,1,0,0,0,0,0,0,0x014c,0x010b,0x0002,isjk1
46ff941aaf6ce7d661de1d5b7ec89c31cc3bb39ccb7acac7f63c4cfa1863c238,virusshare,1,original,46ff941aaf6ce7d661de1d5b7ec89c31cc3bb39ccb7acac7f63c4cfa1863c238,60928,7.8253679483927305,224,3,2005,0,224,5,2,5,3,10,0,4,0,53248,8192,61440,118272,0.9314516129032258,4194304,4096,512,126976,4096,0.03225806451612903,0.41935483870967744,0.06451612903225806,0,16,1048576,4096,1048576,4096,59904,122880,53248,61440,2,3,2,1,2,0,1,53248,53248,6.765658544108192,7.9729786987769335,7.9729786987769335,1,0,1,6,0,0,0,0,0,220,6180,0,0,0,0,0,0,0,0,0,0,0,0,0,1,0,0,1,1,0,0,0,0,1,0,0,0,0,0,0,1,1,1,1,1,1,0,1,0,1,0,0,0,1,0,1,1,0,0,0,0,0,0,0,0,0,0,0,0,0,0x014c,0x010b,0x0002,UPX1
470c29bff7196d3a3d4e7a58bddf6a998022fe36fde28fb8f384150f59a2cc2f,virusshare,1,original,470c29bff7196d3a3d4e7a58bddf6a998022fe36fde28fb8f384150f59a2cc2f,501824,7.947595714117134,120,11,1991,0,224,6,41,4,0,7,7,4,0,1121280,105472,0,4096,0.003246753246753247,4194304,4096,512,1261568,1024,0.0008116883116883117,0.8887987012987013,0.0836038961038961,0,1389561592,1048576,16384,1048576,4096,500113,1234045,496738,621072,2,11,2,7,8,0,0,751,621072,6.101016950980726,7.957819489999271,7.035608114103161,2,0,1,1,0,0,0,0,0,75,29492,0,0,0,0,0,0,68,0,0,0,0,0,0,1,0,0,1,1,0,0,0,0,1,0,0,0,0,0,0,1,1,1,1,1,1,0,1,0,1,0,0,0,1,0,1,1,0,0,0,0,0,0,1,0,0,0,0,0,0,0x014c,0x010b,0x0002,.l1teng
47c1590edcf3abf335a4e685ec08b30cf1147929777b2a655a3d3f6e6beb322e,virusshare,1,original,47c1590edcf3abf335a4e685ec08b30cf1147929777b2a655a3d3f6e6beb322e,441344,7.912280996654293,256,5,1992,0,224,2,25,4,0,0,0,4,0,0,125440,0,879544,0.99931375177811,4194304,4096,512,880148,1024,0.001163440694065089,0.0,0.1425214850229734,0,16,1048576,16384,1048576,4096,440320,876544,311296,700416,1,5,1,1,1,0,4,97792,98304,5.180816991121979,7.999285814304922,7.970640787211676,2,0,1,3,0,0,0,0,0,12180,30552,0,0,0,0,0,0,24,0,0,0,0,0,0,1,0,0,1,1,0,0,0,0,1,0,0,0,0,0,0,1,0,1,0,1,1,0,1,0,1,0,0,0,1,0,1,1,0,0,0,0,0,0,1,0,0,0,0,0,0,0x014c,0x010b,0x0002,.ccg
47cdce150db5717427c466e946e3264f35d968a42a1c492ba951f23255ca7330,virusshare,1,original,47cdce150db5717427c466e946e3264f35d968a42a1c492ba951f23255ca7330,36864,4.303220307298548,184,3,2008,0,224,6,0,4,0,34,46,4,0,28672,8192,0,4360,0.1064453125,4194304,4096,4096,40960,4096,0.1,0.7,0.2,75751,16,1048576,4096,1048576,4096,32768,35708,28672,28672,1,1,0,1,0,0,0,28672,28672,3.93992645018531,4.804189378454234,4.804189378454234,0,0,1,25,18,0,0,0,0,40,3072,0,0,0,0,0,0,0,0,32,104,0,0,0,0,0,0,1,1,0,0,0,0,0,0,0,0,0,0,0,1,1,0,0,0,0,0,0,0,1,0,0,1,1,0,1,1,0,0,0,0,0,0,0,0,1,1,0,0,0,0x014c,0x010b,0x0002,.text
47e06eb03a105384c27d37addbaa1932e4175c120ed387bf1a64acb8671d8eff,virusshare,1,original,47e06eb03a105384c27d37addbaa1932e4175c120ed387bf1a64acb8671d8eff,4016640,7.998605827316672,128,3,0,0,224,3,4,4,0,1,0,4,0,802816,4096,2408448,3214304,0.9983997296437659,4194304,4096,512,3219456,4096,0.001272264631043257,0.24936386768447838,0.001272264631043257,0,16,16777216,4096,1048576,4096,802816,3215360,802304,2408448,2,3,2,1,2,0,1,802304,802816,4.5324185239728605,7.994357244062079,7.994357244062079,1,3213312,1,3,0,0,0,0,0,108,0,0,0,0,0,0,0,0,0,0,0,0,0,0,1,0,0,1,1,0,1,0,0,1,0,0,0,0,0,0,1,1,1,1,1,1,0,1,1,1,0,0,0,1,0,1,0,0,0,0,0,0,0,0,0,0,0,0,0,0,0x014c,0x010b,0x0003,UPX1
490d67480d19b817d81edc40a016ca6c3463ea524774da9a6b2f8dab5da760c0,virusshare,1,original,490d67480d19b817d81edc40a016ca6c3463ea524774da9a6b2f8dab5da760c0,505152,6.108337379261467,216,5,2009,0,224,6,0,4,0,6,0,4,0,24064,164864,1024,12538,0.03924404046474359,4194304,4096,512,319488,1024,0.003205128205128205,0.07532051282051282,0.5160256410256411,0,16,1048576,4096,1048576,4096,47104,307288,24064,154712,1,2,0,1,1,0,0,24064,24064,5.562770876567226,6.440105549497955,6.440105549497955,0,457024,8,155,1,0,0,0,0,180,16544,0,3992,0,0,0,0,0,0,0,652,0,0,0,0,0,0,1,1,0,0,0,0,1,0,0,0,0,0,1,1,1,0,0,0,1,0,0,1,1,0,0,1,1,0,1,1,0,1,0,0,0,0,0,0,0,1,0,0,0,0x014c,0x010b,0x0002,.text
498240c759c49458869246d3e8006c1fbb259160747bd832d1ecfcc25f711679,virusshare,1,original,498240c759c49458869246d3e8006c1fbb259160747bd832d1ecfcc25f711679,1227264,7.783244174459391,256,4,1992,0,224,2,25,4,0,0,0,4,0,10240,4608,0,49172,0.019362714213709678,4194304,4096,512,2539520,1024,0.0004032258064516129,0.004032258064516129,0.0018145161290322581,1284934,16,1048576,16384,1048576,4096,1223168,2532864,1214976,2490368,0,4,0,0,2,0,3,1214976,2490368,5.559735166175585,7.937090729666474,7.795719215277981,2,0,2,3,0,0,0,0,0,60,1536,0,0,0,0,0,0,24,0,0,0,0,0,0,1,0,0,1,0,0,0,0,0,0,0,0,0,0,0,0,1,0,1,0,0,1,0,1,0,1,0,0,0,1,0,1,1,0,0,0,0,0,0,1,0,0,0,0,0,0,0x014c,0x010b,0x0002,Themida
49927452616bb975a7974f187eb160c1baa1aced94c3961d827a1530791c0aa9,virusshare,1,original,49927452616bb975a7974f187eb160c1baa1aced94c3961d827a1530791c0aa9,685812,7.948671378411438,264,3,2012,0,224,9,0,5,0,0,0,5,0,335872,352256,1056768,1392240,0.7960242242388759,4194304,4096,512,1748992,4096,0.00234192037470726,0.1920374707259953,0.20140515222482436,0,16,1048576,4096,1048576,4096,684544,1744896,352256,1056768,2,3,2,1,2,0,1,332288,335872,7.9237349991756165,7.938923913559865,7.908546084791369,2,244,11,16,0,0,0,0,0,700,351344,0,0,0,0,0,0,0,72,0,0,0,0,0,1,0,0,1,1,0,0,0,0,1,1,1,0,0,0,1,1,1,1,1,1,1,0,1,1,1,0,0,0,1,0,1,1,0,0,0,0,0,0,0,1,0,0,0,0,0,0x014c,0x010b,0x0002,UPX1
499b5c92362f8217f354f2dab84d210b026e7175a3c2d969cfd0c1687997d738,virusshare,1,original,499b5c92362f8217f354f2dab84d210b026e7175a3c2d969cfd0c1687997d738,507216,6.0898140752457515,216,5,2009,0,224,6,0,4,0,6,0,4,0,24064,164864,1024,12538,0.038262939453125,4194304,4096,512,327680,1024,0.003125,0.0734375,0.503125,0,16,1048576,4096,1048576,4096,47104,315480,24064,154712,1,2,0,1,1,0,0,24064,24064,5.562781531159349,6.440105549497955,6.440105549497955,0,459088,8,155,1,0,0,0,0,180,16544,0,3992,0,0,0,0,0,0,0,652,0,0,0,0,0,0,1,1,0,0,0,0,1,0,0,0,0,0,1,1,1,0,0,0,1,0,0,1,1,0,0,1,1,0,1,1,0,1,0,0,0,0,0,0,0,1,0,0,0,0x014c,0x010b,0x0002,.text
4a28fbb7c6132e175d1675bb2ce1e7215a2fa42acd904944ad85c324cf5981d6,virusshare,1,original,4a28fbb7c6132e175d1675bb2ce1e7215a2fa42acd904944ad85c324cf5981d6,10752,5.43765315273552,256,7,1992,0,224,2,25,1,0,0,0,4,0,6656,3072,0,10232,0.2775607638888889,4194304,4096,512,36864,1024,0.027777777777777776,0.18055555555555555,0.08333333333333333,0,16,0,0,1048576,4096,9728,9905,6656,6656,1,3,0,1,0,0,0,6656,6656,3.4004225233185132,6.266522090738176,6.1583104491502265,0,0,4,29,0,0,0,0,72,788,512,0,0,512,0,0,0,0,0,0,0,0,0,0,0,0,1,0,0,0,0,0,0,1,0,0,0,0,0,0,1,1,0,0,0,0,0,0,0,1,0,0,0,1,1,1,1,0,0,1,0,0,0,0,0,0,0,0,0,0,0x014c,0x010b,0x0002,CODE
4a58d20e2bb3748c7d1e0f56cf5b7cb0531123ef2f571214358991d41027bf36,virusshare,1,original,4a58d20e2bb3748c7d1e0f56cf5b7cb0531123ef2f571214358991d41027bf36,1396741,7.168883467432942,280,3,2019,0,240,14,22,6,0,0,0,6,0,540672,4096,3584000,4124400,0.9979520255203171,5368709120,4096,512,4132864,4096,0.0009910802775024777,0.13082259663032705,0.0009910802775024777,0,16,1048576,4096,1048576,4096,538624,4128768,537600,3584000,2,3,2,1,2,0,1,537600,540672,6.051335187507059,7.904635343913229,7.904635343913229,1,857093,4,7,0,0,0,0,0,320,476,40188,0,20,0,0,0,40,264,0,0,0,0,0,1,1,0,1,0,1,0,0,0,1,1,1,0,1,0,1,1,1,1,1,1,1,0,1,1,1,0,0,0,1,0,1,1,1,0,1,0,0,0,1,1,0,0,0,0,0,0x8664,0x020b,0x0003,UPX1
4ae58a10c8418d464aeb4b25eb6fe0fe928543117764423da4810ca3c49d70dd,virusshare,1,original,4ae58a10c8418d464aeb4b25eb6fe0fe928543117764423da4810ca3c49d70dd,192032,7.879667969570605,240,3,2012,0,224,9,0,5,0,0,0,5,0,180224,8192,458752,641488,0.9849891902515723,4194304,4096,512,651264,4096,0.006289308176100629,0.27672955974842767,0.012578616352201259,195810,16,1048576,4096,1048576,4096,185856,647168,179200,458752,2,3,2,1,2,0,1,179200,180224,6.118265763713924,7.930486275465829,7.930486275465829,1,5152,17,22,1,0,0,0,0,1012,5604,0,5152,0,0,0,0,0,72,0,0,64,0,0,1,0,0,1,1,0,0,0,0,0,0,0,0,0,0,1,1,1,1,1,1,1,0,1,1,1,0,0,1,1,0,1,1,0,1,0,0,0,0,0,1,0,0,1,0,0,0x014c,0x010b,0x0002,UPX1
4b6b3ca5ab920a44a04a3ad2de6786cdc4a809201feb9166d2e5d4403032262c,virusshare,1,original,4b6b3ca5ab920a44a04a3ad2de6786cdc4a809201feb9166d2e5d4403032262c,41341,7.748429325118064,216,4,2009,0,224,6,0,4,0,0,0,4,0,3584,36352,0,7138,0.13405198317307693,4194304,4096,512,53248,1024,0.019230769230769232,0.0673076923076923,0.6826923076923077,101340,16,1048576,4096,1048576,4096,39936,39936,34304,34304,1,1,0,0,0,0,0,3584,3584,5.463905456859572,7.961378573523505,6.20521029782995,1,381,3,41,0,0,0,0,0,80,33920,0,0,0,0,0,0,0,0,0,176,0,0,0,1,0,0,1,1,0,0,0,0,0,0,0,0,0,0,0,1,1,0,0,0,0,0,1,1,1,0,0,0,1,0,1,1,0,0,0,0,0,0,0,0,0,1,0,0,0,0x014c,0x010b,0x0002,.text
4b8b08f79b6dce08bc53cab57eb92dc9eb7edb7a1ab37649b277f73901c865a4,virusshare,1,original,4b8b08f79b6dce08bc53cab57eb92dc9eb7edb7a1ab37649b277f73901c865a4,376920,7.880194013964913,216,5,2009,0,224,6,0,4,0,6,0,4,0,24064,164864,1024,12538,0.04027677837171053,4194304,4096,512,311296,1024,0.003289473684210526,0.07730263157894737,0.5296052631578947,386518,16,1048576,4096,1048576,4096,59392,299096,29184,154712,1,2,0,1,1,0,0,24064,24064,5.503526982876657,6.440105549497955,6.440105549497955,0,316504,8,155,1,0,0,0,0,180,28784,0,3968,0,0,0,0,0,0,0,652,0,0,0,0,0,0,1,1,0,0,0,0,0,0,0,0,0,0,1,1,1,0,0,0,1,0,0,1,1,0,0,1,1,0,1,1,0,1,0,0,0,0,0,0,0,1,0,0,0,0x014c,0x010b,0x0002,.text
4bb76fbd42e97d930299d97ff7c864d584a1fca57da65729c51a90d0beee1fee,virusshare,1,original,4bb76fbd42e97d930299d97ff7c864d584a1fca57da65729c51a90d0beee1fee,180900,7.997556872996446,16,3,2004,2095789174,328,76,111,4,0,0,57,4,0,1766614113,1918988898,16761,4120,0.005466627038043478,4194304,4096,512,753664,512,0.0006793478260869565,2344.034096095873,2546.2127659009852,0,10,1048576,16384,1048576,4096,181380,749568,180388,532480,3,3,3,0,3,0,0,496,532480,6.376453711605745,7.998246603052071,5.565557265882582,1,0,0,0,0,0,0,0,0,20,460,3191769936,4082706282,2348796035,0,1097035634,29555,24,0,0,0,0,0,0,1,0,0,1,0,0,0,0,1,1,0,0,0,0,0,0,1,1,1,1,1,1,0,1,0,0,0,0,0,1,0,1,1,1,1,1,0,1,1,1,0,0,0,0,0,0,0x014c,0x010b,0x0002,PSի
4beb00d9b63b8f14febf88b774a9d3fda70b897a1920d8f5f2dbf5ef45d7c032,virusshare,1,original,4beb00d9b63b8f14febf88b774a9d3fda70b897a1920d8f5f2dbf5ef45d7c032,321976,7.952610226516489,224,7,2013,0,224,8,0,4,0,6,0,4,0,7680,309248,0,5339,0.015704419239457833,4194304,4096,512,339968,1024,0.0030120481927710845,0.022590361445783132,0.9096385542168675,366996,16,1048576,4096,1048576,4096,316928,317968,176640,176640,1,1,0,1,2,0,0,7680,7680,5.71300455079746,7.99871937844989,6.500206434809219,2,4024,3,41,0,0,0,0,0,80,8288,0,4024,192,28,0,0,0,0,0,176,0,0,0,1,0,0,1,0,0,0,0,0,0,1,1,0,0,0,1,1,1,0,0,0,1,0,1,1,1,0,0,0,1,0,1,1,0,1,1,1,0,0,0,0,0,1,0,0,0,0x014c,0x010b,0x0002,.text
4c37116e057abdc3e0d98f5a06ef97145de47b5eea35a5f839f40ed5ec9d54fe,virusshare,1,original,4c37116e057abdc3e0d98f5a06ef97145de47b5eea35a5f839f40ed5ec9d54fe,20480,3.076494137834408,192,3,2008,0,224,6,0,4,0,1,0,4,0,8192,8192,0,4940,0.2412109375,4194304,4096,4096,20480,4096,0.2,0.4,0.4,72294,16,1048576,4096,1048576,4096,16384,16384,8192,8192,1,1,0,0,0,0,0,8192,8192,3.6320311381122217,5.36312487365921,5.36312487365921,0,0,1,63,7,0,0,0,0,40,2256,0,0,0,0,0,0,0,0,32,256,0,0,0,0,0,0,1,1,0,0,0,0,0,0,0,0,0,0,0,1,1,0,0,0,0,0,0,0,1,0,0,1,1,0,1,1,0,0,0,0,0,0,0,0,1,1,0,0,0,0x014c,0x010b,0x0002,.text
4c5f7a19d53d902abbee581cc2626aef9613a71f123cdb74dfa14ee566e3cc29,virusshare,1,original,4c5f7a19d53d902abbee581cc2626aef9613a71f123cdb74dfa14ee566e3cc29,247992,7.882827479209738,232,3,2012,0,224,9,0,5,0,0,0,5,0,237568,8192,315392,554064,0.9802139945652174,4194304,4096,512,565248,4096,0.007246376811594203,0.42028985507246375,0.014492753623188406,263959,16,1048576,4096,1048576,4096,243200,561152,235520,315392,2,3,2,1,2,0,1,235520,237568,6.382172264277889,7.915556954940827,7.915556954940827,1,3768,10,15,0,0,0,0,0,620,6908,0,3768,0,0,0,0,0,72,0,0,0,0,0,1,0,0,1,1,0,0,0,0,0,0,0,0,0,0,1,1,1,1,1,1,1,0,1,1,1,0,0,0,1,0,1,1,0,1,0,0,0,0,0,1,0,0,0,0,0,0x014c,0x010b,0x0002,UPX1
4c87400454a5c06e0c5ff041db05f2b9d923c254e37d13faafdbc6d991f90f54,virusshare,1,original,4c87400454a5c06e0c5ff041db05f2b9d923c254e37d13faafdbc6d991f90f54,3826552,7.997373340773716,200,5,2009,0,224,6,0,4,0,6,0,4,0,25088,124928,1024,13615,0.059356689453125,4194304,4096,512,229376,1024,0.004464285714285714,0.109375,0.5446428571428571,0,16,1048576,4096,1048576,4096,55808,213464,25088,115672,1,2,0,1,1,0,0,25088,25088,5.523346597713431,6.3901828521423685,6.3901828521423685,0,3769720,8,158,1,0,0,0,0,180,22952,0,6360,0,0,0,0,0,0,0,664,0,0,0,0,0,0,1,1,0,0,0,0,1,0,0,0,0,0,1,1,1,0,0,0,1,0,0,1,1,0,0,1,1,0,1,1,0,1,0,0,0,0,0,0,0,1,0,0,0,0x014c,0x010b,0x0002,.text
4ca6f86785b60af935647e0285f3978e1f7249a92d98aa9032f60c9e75356170,virusshare,1,original,4ca6f86785b60af935647e0285f3978e1f7249a92d98aa9032f60c9e75356170,505304,6.1081122635613685,216,5,2009,0,224,6,0,4,0,6,0,4,0,24064,164864,1024,12538,0.03924404046474359,4194304,4096,512,319488,1024,0.003205128205128205,0.07532051282051282,0.5160256410256411,0,16,1048576,4096,1048576,4096,47104,307288,24064,154712,1,2,0,1,1,0,0,24064,24064,5.562770876567226,6.440105549497955,6.440105549497955,0,457176,8,155,1,0,0,0,0,180,16544,0,3992,0,0,0,0,0,0,0,652,0,0,0,0,0,0,1,1,0,0,0,0,1,0,0,0,0,0,1,1,1,0,0,0,1,0,0,1,1,0,0,1,1,0,1,1,0,1,0,0,0,0,0,0,0,1,0,0,0,0x014c,0x010b,0x0002,.text
4ce7bc2d3d30f421273e0f7151822cbf24b064e2a359fe4caf6f1045ea0fc359,virusshare,1,original,4ce7bc2d3d30f421273e0f7151822cbf24b064e2a359fe4caf6f1045ea0fc359,417792,7.658265937988865,232,4,2012,0,224,7,0,4,0,0,0,4,0,94208,307678,491520,76217,0.08344244850056054,4259840,4096,4096,913408,4096,0.004484304932735426,0.1031390134529148,0.33684618483744394,459039,16,1048576,4096,1048576,4096,413696,905848,208896,701048,1,1,0,0,0,0,0,94208,94208,6.711575933612166,7.766734646764673,7.766734646764673,3,0,2,60,0,0,0,0,0,60,98559,0,0,0,0,0,0,0,0,0,248,0,0,0,1,0,0,1,1,0,0,0,0,0,0,0,0,0,0,0,1,1,0,0,0,0,0,1,0,1,0,0,0,1,0,1,1,0,0,0,0,0,0,0,0,0,1,0,0,0,0x014c,0x010b,0x0002,.text
4d6b1080e916d20a9330a619a76e96baaaa557a471d583affef9c5bc8f4b9ff0,virusshare,1,original,4d6b1080e916d20a9330a619a76e96baaaa557a471d583affef9c5bc8f4b9ff0,126160,7.861199730978448,248,3,2010,0,224,8,0,4,0,0,0,4,0,114688,8192,233472,348688,0.9673739346590909,4194304,4096,512,360448,4096,0.011363636363636364,0.3181818181818182,0.022727272727272728,134987,16,1048576,4096,1048576,4096,120832,356352,114688,233472,2,3,2,1,2,0,1,114688,114688,5.980657794971371,7.988613019241193,7.988613019241193,1,4304,9,14,0,0,0,0,0,556,5540,0,4304,0,0,0,0,0,72,0,0,0,0,0,1,0,0,1,1,0,0,0,0,0,0,0,0,0,0,0,1,1,1,1,1,1,0,1,1,1,0,0,0,1,0,1,1,0,1,0,0,0,0,0,1,0,0,0,0,0,0x014c,0x010b,0x0002,UPX1
4d7fafecd6eb1ed4049f76934a636d5b739e1a2c3137a6f55d28188eaca1c4d4,virusshare,1,original,4d7fafecd6eb1ed4049f76934a636d5b739e1a2c3137a6f55d28188eaca1c4d4,722944,7.426435185058935,256,9,1992,0,224,2,25,4,0,0,0,4,0,626688,95232,0,745524,0.9993833647906658,4194304,4096,512,745984,1024,0.0013726835964310226,0.8400823610157858,0.1276595744680851,0,16,1048576,16384,1048576,4096,721920,729945,626176,626176,2,7,2,2,0,0,8,512,512,5.32565545918394,7.397618435360638,6.959291484047137,2,0,25,532,0,0,0,0,0,12192,31744,0,0,0,0,0,0,24,0,0,0,0,0,0,0,0,0,1,0,0,0,0,0,1,0,0,0,0,0,0,1,1,1,1,1,0,0,1,0,1,0,0,0,1,0,1,1,0,0,0,0,0,0,1,0,0,0,0,0,0,0x014c,0x010b,0x0002,.text
4ea226f3365494493d91091b9a2cee351f357cd295d4f16614a3b5e9789f5754,virusshare,1,original,4ea226f3365494493d91091b9a2cee351f357cd295d4f16614a3b5e9789f5754,3407872,6.026754376587661,128,3,2011,0,224,8,0,4,0,0,0,4,0,3395584,8192,0,3402670,0.9936961488860646,4194304,8192,4096,3424256,4096,0.0011961722488038277,0.9916267942583732,0.0023923444976076554,0,16,1048576,4096,1048576,4096,3403776,3403776,3395584,3395584,1,0,0,0,0,0,0,3395584,3395584,2.234695145171331,6.01978826810725,6.01978826810725,0,0,1,1,0,0,0,0,0,83,672,0,0,12,0,0,0,0,0,0,8,0,72,0,0,0,0,1,0,0,0,0,0,1,1,1,0,0,0,1,1,1,0,0,0,0,0,0,0,1,0,0,0,1,0,1,1,0,0,1,0,0,0,0,0,0,1,0,1,0,0x014c,0x010b,0x0002,.text
4ea56ffcee45fe871439449bc5432c1f7412b51fded44edee0d6f7bcae7f605d,virusshare,1,original,4ea56ffcee45fe871439449bc5432c1f7412b51fded44edee0d6f7bcae7f605d,20480,7.644731961517798,248,3,2012,0,224,6,0,4,0,0,0,4,0,20480,4096,28672,51072,0.890625,4194304,4096,512,57344,4096,0.07142857142857142,0.35714285714285715,0.07142857142857142,0,16,1048576,4096,1048576,4096,19456,53248,18944,28672,2,3,2,1,2,0,1,18944,20480,5.287815666903784,7.821720894691672,7.821720894691672,1,0,4,7,1,0,0,0,0,276,104,0,0,0,0,0,0,0,0,0,0,0,0,0,1,0,0,1,1,0,0,0,0,1,0,0,0,0,0,0,1,1,1,1,1,1,0,1,0,1,0,0,1,1,0,1,1,0,0,0,0,0,0,0,0,0,0,0,0,0,0x014c,0x010b,0x0002,UPX1
4eb6213d56f6650c75283b4065e305f4cabe2b4378076f54b1197417053ea27e,virusshare,1,original,4eb6213d56f6650c75283b4065e305f4cabe2b4378076f54b1197417053ea27e,78335,5.914989005315273,184,3,2007,0,224,6,0,4,0,6,2900,4,0,69632,8192,0,4520,0.05517578125,4194304,4096,4096,81920,4096,0.05,0.85,0.1,97844,16,1048576,4096,1048576,4096,73728,76900,69632,69632,1,1,0,1,0,0,0,69632,69632,5.759781592760577,6.131347961591487,6.131347961591487,0,511,1,41,34,0,0,0,0,40,1568,0,0,0,0,0,0,0,0,32,168,0,0,0,0,0,0,1,1,0,0,0,0,0,0,0,0,0,0,0,1,1,0,0,0,0,0,0,1,1,0,0,1,1,0,1,1,0,0,0,0,0,0,0,0,1,1,0,0,0,0x014c,0x010b,0x0002,.text
4f03954ddec7301fee43021d7c1b441ee60d133a3c40543c1f97ba39187b36ed,virusshare,1,original,4f03954ddec7301fee43021d7c1b441ee60d133a3c40543c1f97ba39187b36ed,1128568,7.03837675496421,256,8,1992,0,224,2,25,4,0,0,0,4,0,805888,315904,0,794192,0.6827272227112676,4194304,4096,512,1163264,1024,0.0008802816901408451,0.6927816901408451,0.2715669014084507,1131702,16,1048576,16384,1048576,4096,1121792,1137445,805888,805888,1,4,0,2,0,0,0,805888,805888,5.599668282814296,7.47119713761834,6.686274846342195,1,5752,14,402,0,0,0,0,0,12778,235944,0,5752,45132,0,0,0,24,0,0,0,0,0,0,0,0,0,1,0,0,0,0,0,0,0,0,0,0,0,0,1,1,0,0,0,0,0,1,1,1,0,0,0,1,0,1,1,0,1,1,0,0,0,1,0,0,0,0,0,0,0x014c,0x010b,0x0002,CODE
4f16923fa211bf8b5b429d4b17c016ef4c50cdb5b45672e17aeba53e3709e72e,virusshare,1,original,4f16923fa211bf8b5b429d4b17c016ef4c50cdb5b45672e17aeba53e3709e72e,81924,7.965668594010282,224,4,0,0,224,0,0,4,0,0,0,4,0,86016,61440,0,151764,0.8919686150048488,4194304,4096,512,170145,1024,0.006018396073936936,0.5055452702107026,0.36110376443621617,0,16,1048576,4096,1048576,4096,80896,166400,48128,86016,0,4,0,0,4,0,3,18944,18944,7.9494796892283235,7.996293501206122,7.858974627430739,4,4,3,4,0,0,0,0,0,60,0,0,0,0,0,0,0,0,0,0,0,0,0,16384,1,0,0,1,1,0,1,0,0,1,0,0,0,0,0,0,1,0,1,0,0,1,0,1,1,1,0,0,0,1,0,1,0,0,0,0,0,0,0,0,0,0,0,0,0,0,0x014c,0x010b,0x0002,.svkp
4ffbc67809cbd1335e51c4bbdbe44d707811297ec9fb6e0fe93bac382db6ce76,virusshare,1,original,4ffbc67809cbd1335e51c4bbdbe44d707811297ec9fb6e0fe93bac382db6ce76,131544,7.969033328072923,256,3,1992,0,224,2,25,4,0,0,0,4,0,0,122880,217088,242672,0.6970128676470588,4194304,4096,512,348160,1024,0.0029411764705882353,0.0,0.35294117647058826,0,16,1048576,16384,1048576,4096,130520,345048,125440,212992,2,3,2,1,3,3,1,125440,126976,7.972094146802808,7.983102297166902,7.983102297166902,2,0,1,20,0,0,0,0,0,232,162816,0,0,1404,0,0,0,24,0,0,0,0,0,0,1,0,0,1,1,0,0,0,0,1,0,0,0,0,0,0,1,1,1,1,1,1,1,1,0,1,0,0,0,1,0,1,1,0,0,1,0,0,0,1,0,0,0,0,0,0,0x014c,0x010b,0x0002,
521d4b57c8b95888cb0cb1739bd8ed28f218477aa052ca0dbcd38b934fbb153e,virusshare,1,original,521d4b57c8b95888cb0cb1739bd8ed28f218477aa052ca0dbcd38b934fbb153e,596992,6.84465577241155,256,6,2008,0,224,6,0,4,0,0,0,4,0,155648,65536,0,492566,0.8180637489370748,4194304,4096,512,602112,4096,0.006802721088435374,0.2585034013605442,0.10884353741496598,615604,16,1048576,4096,1048576,4096,595792,598016,362320,364544,3,4,3,0,3,0,4,362320,364544,5.266973253324434,7.252226580494868,7.0506131006012875,2,0,2,7,0,0,0,0,0,272,3352,0,0,8900,0,0,0,24,0,0,0,0,0,0,0,0,0,1,0,0,0,0,0,0,0,0,0,0,0,0,1,1,1,1,1,1,0,1,0,1,0,0,0,1,0,1,1,0,0,1,0,0,0,1,0,0,0,0,0,0,0x014c,0x010b,0x0002,fg7gbj0y
52c1e104b7d57d75ac1a82fb04f414e5bc2cacca61f9ce56ff2b6907a0705ed9,virusshare,1,original,52c1e104b7d57d75ac1a82fb04f414e5bc2cacca61f9ce56ff2b6907a0705ed9,1302959,7.779112902839251,184,4,2007,0,224,6,0,4,0,2,3,4,0,167936,192512,0,368660,0.13275056462020648,4194304,4096,4096,2777088,4096,0.0014749262536873156,0.06047197640117994,0.06932153392330384,1311697,16,1048576,4096,1048576,4096,1298432,2768948,1175552,2408448,0,4,0,0,2,0,3,1175552,2408448,5.933076513720949,7.963019336492612,7.784529229431045,3,431,2,3,0,0,0,0,0,60,110644,0,0,0,0,0,0,0,0,0,0,0,0,0,1,0,0,1,1,0,0,0,0,0,0,0,0,0,0,0,1,0,1,0,0,1,0,1,1,1,0,0,0,1,0,1,1,0,0,0,0,0,0,0,0,0,0,0,0,0,0x014c,0x010b,0x0002,Themida
5306a0b998cf2a999baa9693275a0f8fb31681fdb104df82e1c0d273d8e3f410,virusshare,1,original,5306a0b998cf2a999baa9693275a0f8fb31681fdb104df82e1c0d273d8e3f410,382976,7.646074939700965,280,4,2011,0,224,10,0,4,0,0,0,4,0,5120,70656,0,601052,0.8786898858532934,16777216,4096,512,684032,598016,0.874251497005988,0.0074850299401197605,0.10329341317365269,0,16,1048576,4096,1048576,4096,75776,75776,68096,68096,1,2,0,0,0,0,0,5120,5120,3.8672533232161066,6.706846539466849,6.706846539466849,0,306176,4,39,0,0,0,0,0,100,67804,0,0,28,28,0,0,0,0,0,172,0,0,0,0,0,0,1,1,0,0,0,0,1,0,0,0,0,0,0,1,1,0,0,0,0,0,0,1,1,0,0,0,1,0,1,1,0,0,1,1,0,0,0,0,0,1,0,0,0,0x014c,0x010b,0x0002,.text
53a46653ccaf1c660c2b230e65223c4d9e6c8e3b46e4c1b8b0a89c891253344c,virusshare,1,original,53a46653ccaf1c660c2b230e65223c4d9e6c8e3b46e4c1b8b0a89c891253344c,14928,6.545562076237706,240,5,2012,0,224,10,0,5,1,0,0,5,1,4096,5632,0,6668,0.2713216145833333,4194304,4096,512,24576,1024,0.041666666666666664,0.16666666666666666,0.22916666666666666,54828,16,1048576,4096,1048576,4096,9728,10132,4096,4096,1,1,0,0,0,0,0,4096,4096,4.158025911252201,6.004661832472832,6.004661832472832,0,4176,4,68,0,0,0,0,0,100,436,0,0,528,28,0,0,0,64,0,288,0,0,0,0,0,0,1,0,0,0,0,0,0,1,1,0,0,0,1,1,1,0,0,0,0,0,0,1,1,0,0,0,1,0,1,1,0,0,1,1,0,0,0,1,0,1,0,0,0,0x014c,0x010b,0x0003,.text
546e562e8dd03f19d1497cc52c22beb54b78272a6b69c84c767b96e6cd374c36,virusshare,1,original,546e562e8dd03f19d1497cc52c22beb54b78272a6b69c84c767b96e6cd374c36,328192,7.692210576630417,176,5,1990,0,224,6,0,4,0,0,0,4,0,263680,43008,65536,5771,0.014376893335459183,4194304,4096,512,401408,1024,0.002551020408163265,0.6568877551020408,0.10714285714285714,0,16,1048576,4096,1048576,4096,327168,392704,249856,249856,3,5,3,1,3,0,0,13824,13824,7.526360197933611,7.9960385905706,6.535369560543998,3,0,1,10,0,0,0,0,0,40,0,0,0,0,0,0,0,0,0,0,44,0,0,0,1,0,0,1,1,0,0,0,0,1,0,0,0,0,0,0,1,1,1,1,1,1,0,1,0,1,0,0,0,1,0,1,0,0,0,0,0,0,0,0,0,0,1,0,0,0,0x014c,0x010b,0x0002,.text
55cb09b2d6ff4697af280c72b8a6ea2b294849cd2d9bd40cc43876f8182543f4,virusshare,1,original,55cb09b2d6ff4697af280c72b8a6ea2b294849cd2d9bd40cc43876f8182543f4,241848,7.885775018535859,232,3,2012,0,224,9,0,5,0,0,0,5,0,229376,8192,315392,548016,0.9837718290441176,4194304,4096,512,557056,4096,0.007352941176470588,0.4117647058823529,0.014705882352941176,248693,16,1048576,4096,1048576,4096,237056,552960,229376,315392,2,3,2,1,2,0,1,229376,229376,6.383668083268777,7.919350191578351,7.919350191578351,1,3768,10,15,0,0,0,0,0,620,6908,0,3768,0,0,0,0,0,72,0,0,0,0,0,1,0,0,1,1,0,0,0,0,0,0,0,0,0,0,1,1,1,1,1,1,1,0,1,1,1,0,0,0,1,0,1,1,0,1,0,0,0,0,0,1,0,0,0,0,0,0x014c,0x010b,0x0002,UPX1
572c0dcc8ac3629d5dfc53bd3fea039980254542bf236d13202f8e273417eaad,virusshare,1,original,572c0dcc8ac3629d5dfc53bd3fea039980254542bf236d13202f8e273417eaad,417792,7.771763042883292,216,4,2012,0,224,7,0,4,0,0,0,4,0,20480,393216,16384,5299,0.005345872611053719,4259840,4096,4096,991232,4096,0.004132231404958678,0.02066115702479339,0.39669421487603307,483247,16,1048576,4096,1048576,4096,413696,985336,208896,588024,1,1,0,0,0,0,0,20480,20480,6.362617521137091,7.940530062852044,6.474416944980982,2,0,3,62,0,0,0,0,0,80,167512,0,0,0,0,0,0,0,0,0,260,0,0,0,1,0,0,1,1,0,0,0,0,0,0,0,0,0,0,0,1,1,0,0,0,0,0,1,0,1,0,0,0,1,0,1,1,0,0,0,0,0,0,0,0,0,1,0,0,0,0x014c,0x010b,0x0002,.text
579f00be39f915aaa1809858f012da29ab8b60c555d51498e5e2b14e45b6f726,virusshare,1,original,579f00be39f915aaa1809858f012da29ab8b60c555d51498e5e2b14e45b6f726,82353,7.962885314682947,64,3,1992,0,224,2,25,4,0,0,0,4,0,0,77824,163840,187910,0.7520731941598361,4194304,4096,512,249856,1024,0.004098360655737705,0.0,0.3114754098360656,0,16,0,0,1048576,4096,81841,244657,78848,159744,2,3,2,1,3,0,1,78848,81920,7.953624449576446,7.972885695729848,7.972885695729848,2,0,1,3,0,0,0,0,205,40,4096,0,0,8,0,0,0,0,0,0,0,0,0,0,1,0,1,0,0,0,0,0,0,1,0,0,0,0,0,0,1,1,1,1,1,1,0,1,0,1,0,0,0,1,1,1,1,0,0,1,0,0,0,0,0,0,0,0,0,0,0x014c,0x010b,0x0002,8fc
57aeb289347a49d1c7f0f442054a1b7f980683ee0efdcb5311930321a7509b09,virusshare,1,original,57aeb289347a49d1c7f0f442054a1b7f980683ee0efdcb5311930321a7509b09,184320,6.2297360824886745,240,4,2012,0,224,8,0,4,0,0,0,4,0,131072,49152,0,13360,0.002846176919720768,4194304,4096,4096,4694016,4096,0.0008726003490401396,0.027923211169284468,0.010471204188481676,193025,16,1048576,4096,1048576,4096,180224,4683735,131072,4217736,1,1,0,1,0,0,0,131072,267453,5.2650433389048175,6.5205734675254945,6.5205734675254945,0,0,0,0,0,0,0,0,0,140,31248,0,5664,0,28,0,0,0,6,0,624,64,0,0,0,0,0,1,1,0,0,0,0,0,0,0,0,0,0,0,1,1,0,0,0,0,0,0,0,0,0,0,0,1,0,1,1,0,1,0,1,0,0,0,1,0,1,1,0,0,0x014c,0x010b,0x0002,.text
5893a76223256c13db50934f5f3562896da11f301ecb042d4a46873c65ca2119,virusshare,1,original,5893a76223256c13db50934f5f3562896da11f301ecb042d4a46873c65ca2119,1019392,6.773740626431938,256,8,1992,0,224,2,25,4,0,0,0,4,0,816640,201728,0,820164,0.7791258815661478,4194304,4096,512,1052672,1024,0.0009727626459143969,0.7757782101167315,0.1916342412451362,0,16,1048576,16384,1048576,4096,1018368,1022633,816640,816640,1,4,0,2,0,0,0,816640,816640,5.229205571355008,6.996955185325331,6.566468448313062,0,0,20,479,0,0,0,0,0,11078,119296,0,0,53468,0,0,0,24,0,0,0,0,0,0,0,0,0,1,0,0,0,0,0,1,0,0,0,0,0,0,1,1,0,0,0,0,0,0,0,1,0,0,0,1,0,1,1,0,0,1,0,0,0,1,0,0,0,0,0,0,0x014c,0x010b,0x0002,CODE
58ff0f6dde2cfa40c86e0747fde60b4a2712b57848b67bec3f249f86655dda60,virusshare,1,original,58ff0f6dde2cfa40c86e0747fde60b4a2712b57848b67bec3f249f86655dda60,9778,6.9714002034362945,16,2,1991,0,224,10,0,5,1,0,0,5,1,4096,4096,16384,36864,0.9,4194304,4096,512,40960,512,0.0125,0.1,0.1,0,16,1048576,4096,1048576,4096,9266,35840,6656,32768,2,2,2,0,1,0,1,2610,3072,6.570110555904522,7.3365834697108205,5.803637642098223,1,0,1,2,0,0,0,0,0,56,0,0,0,0,0,0,0,0,0,0,0,0,0,0,0,0,0,1,1,0,0,0,0,1,0,1,0,0,0,1,1,1,1,1,1,1,0,1,0,1,0,0,0,1,0,1,0,0,0,0,0,0,0,0,0,0,0,0,0,0,0x014c,0x010b,0x0002,coderpub
5983dcee368deed3db3a61a904648634cedd31ad0a80904932f6931ac7bf1e00,virusshare,1,original,5983dcee368deed3db3a61a904648634cedd31ad0a80904932f6931ac7bf1e00,306989,7.829099955032887,128,5,1992,0,224,255,0,4,0,0,0,4,0,0,7664,0,1114208,0.9927862682481752,4194304,4096,512,1122304,4096,0.0036496350364963502,0.0,0.006828809306569343,0,16,1048576,16384,1048576,4096,305319,1113466,261446,802816,2,4,2,1,2,0,4,2861,8192,6.5662676428353866,7.999446960829566,6.0969707346411814,2,0,1,2,0,0,0,0,0,60,33576,0,0,0,0,11,0,24,0,0,0,0,0,0,1,0,0,1,0,0,0,0,0,1,0,0,0,0,0,0,1,1,1,1,1,1,0,1,0,1,0,0,0,1,0,1,1,0,0,0,0,1,0,1,0,0,0,0,0,0,0x014c,0x010b,0x0002,rsrr
5a0c330ece349669e5ff7c095b798a6cd4424c210386c0da460732bfbaeec034,virusshare,1,original,5a0c330ece349669e5ff7c095b798a6cd4424c210386c0da460732bfbaeec034,145664,7.195804096827367,128,7,2011,0,224,2,21,4,0,6,0,4,0,35328,19456,109568,17191,0.06661938864087301,4194304,4096,512,258048,1024,0.003968253968253968,0.13690476190476192,0.07539682539682539,0,16,2097152,4096,1048576,4096,78336,244176,35328,109520,1,5,0,1,1,0,0,35328,35328,4.691004876179082,5.959950469254044,5.959950469254044,0,66304,8,155,0,0,0,0,0,4868,27936,0,7232,0,0,0,0,0,0,0,0,0,0,0,0,0,0,1,1,0,0,0,0,1,0,0,0,0,0,1,1,1,0,0,0,1,0,0,1,1,0,0,0,1,0,1,1,0,1,0,0,0,0,0,0,0,0,0,0,0,0x014c,0x010b,0x0002,.text
5afb4fc6b54ee656ea02a2e2d5e28d7237b3d80797b92e2e24097e56add7e181,virusshare,1,original,5afb4fc6b54ee656ea02a2e2d5e28d7237b3d80797b92e2e24097e56add7e181,114688,5.4276954180805435,192,3,2012,0,224,6,0,4,0,3,3,4,0,77824,32768,0,5984,0.0394847972972973,4194304,4096,4096,151552,4096,0.02702702702702703,0.5135135135135135,0.21621621621621623,146086,16,1048576,4096,1048576,4096,110592,146172,77824,77824,1,1,0,0,0,0,0,77824,77824,5.487643507977885,5.773737622336091,5.201549393619679,0,0,2,80,7,0,0,0,0,60,27964,0,0,0,0,0,0,0,0,52,328,0,0,0,0,0,0,1,1,0,0,0,0,0,0,0,0,0,0,0,1,1,0,0,0,0,0,0,0,1,0,0,1,1,0,1,1,0,0,0,0,0,0,0,0,1,1,0,0,0,0x014c,0x010b,0x0002,.text
5b4c3e5f77e0ab05aad519600d08c263a9c6045e9af545a4409a6cd3126315a9,virusshare,1,original,5b4c3e5f77e0ab05aad519600d08c263a9c6045e9af545a4409a6cd3126315a9,125008,7.974282461386918,216,3,2015,0,224,11,0,5,1,0,0,5,1,28672,4096,57344,85472,0.9072690217391305,4194304,4096,512,94208,4096,0.043478260869565216,0.30434782608695654,0.043478260869565216,0,16,1048576,4096,1048576,4096,25600,90112,25088,57344,2,3,2,1,3,0,1,25088,28672,5.371474898310064,7.838283320600077,7.838283320600077,1,88656,4,7,0,0,0,0,0,288,0,0,0,24,0,0,0,0,72,0,0,0,0,0,1,0,0,1,0,1,0,0,0,1,1,1,0,0,0,1,1,1,1,1,1,1,0,1,1,1,0,0,0,1,0,1,0,0,0,1,0,0,0,0,1,0,0,0,0,0,0x014c,0x010b,0x0002,UPX1
5cd0a9c45cf53e9f463ee808dd21c3d78efd042ba9ae9cfa0bdd7ac7df97d469,virusshare,1,original,5cd0a9c45cf53e9f463ee808dd21c3d78efd042ba9ae9cfa0bdd7ac7df97d469,42496,7.297772526640276,200,4,2006,0,224,6,0,4,0,0,0,4,0,512,12288,143360,188928,0.9813829787234043,4194304,4096,512,192512,1024,0.005319148936170213,0.0026595744680851063,0.06382978723404255,0,16,1048576,4096,1048576,4096,41472,188928,32256,143360,3,3,2,1,3,0,3,512,512,4.007046541846968,7.952537434446818,0.10191042566270775,1,0,2,5,1,0,0,0,0,176,8264,0,0,0,0,0,0,0,0,0,0,0,0,0,1,0,0,1,1,0,0,0,0,1,0,0,0,0,0,0,1,1,0,0,1,1,0,1,0,1,0,0,1,1,0,1,1,0,0,0,0,0,0,0,0,0,0,0,0,0,0x014c,0x010b,0x0002,UPX1A.]
5d3d07a08da53d3f79ed8d8fce1a299159b0326fe4f15331b8258dfd5f6fbc11,virusshare,1,original,5d3d07a08da53d3f79ed8d8fce1a299159b0326fe4f15331b8258dfd5f6fbc11,148336,6.0393542362676635,128,4,2016,0,224,11,0,4,0,0,0,4,0,112640,2048,0,120654,0.8182373046875,4194304,8192,512,147456,1024,0.006944444444444444,0.7638888888888888,0.013888888888888888,135315,16,1048576,4096,1048576,4096,114688,114688,112640,112640,1,1,0,0,1,0,0,112640,112640,2.7796721073280133,5.532307057002505,5.532307057002505,0,32624,1,1,0,0,0,0,0,87,824,0,0,12,28,0,0,0,0,0,8,0,72,0,0,0,0,1,0,0,0,0,0,0,1,1,0,0,0,1,1,1,0,0,0,1,0,0,1,1,0,0,0,1,0,1,1,0,0,1,1,0,0,0,0,0,1,0,1,0,0x014c,0x010b,0x0002,.text
5d58f31f472c35ae1dca3872cefb9a245e0761368af442df2fe17a1ed8122610,virusshare,1,original,5d58f31f472c35ae1dca3872cefb9a245e0761368af442df2fe17a1ed8122610,192000,6.741304785561385,256,8,1992,0,224,2,25,4,0,0,0,4,0,166912,24064,0,169488,0.7807340801886793,4194304,4096,512,217088,1024,0.0047169811320754715,0.7688679245283019,0.11084905660377359,0,16,1048576,16384,1048576,4096,190976,194769,166912,166912,1,4,0,2,0,0,0,166912,166912,4.333539910983622,6.742051691959511,6.742051691959511,0,0,16,185,0,0,0,0,0,4522,5120,0,0,11376,0,0,0,24,0,0,0,0,0,0,0,0,0,1,0,0,0,0,0,1,0,0,0,0,0,0,1,1,0,0,0,0,0,0,0,1,0,0,0,1,0,1,1,0,0,1,0,0,0,1,0,0,0,0,0,0,0x014c,0x010b,0x0002,CODE
5db976ae01f7be62d71be11ea83dbc6311047f165ee103298d5397f84971910a,virusshare,1,original,5db976ae01f7be62d71be11ea83dbc6311047f165ee103298d5397f84971910a,168458,7.964711072117311,120,2,2000,0,224,3,95,4,0,3,81,4,0,895668224,0,0,4096,4.573101019801528e-06,4194304,4096,512,895672320,512,5.71637627475191e-07,0.9999954268989802,0.0,0,1725204472,1048576,4096,1048576,4096,167497,895668224,165386,895500288,2,2,2,0,0,0,0,2111,895500288,7.551871904096304,7.976606599940295,7.127137208252312,2,0,1,1,0,0,0,0,0,75,0,0,0,0,0,0,0,0,0,0,0,0,0,0,1,0,0,1,1,0,0,0,0,1,0,0,0,0,0,0,1,1,1,1,1,0,0,1,0,1,0,0,0,1,0,1,0,0,0,0,0,0,0,0,0,0,0,0,0,0,0x014c,0x010b,0x0002,.text
5e2f39b3172f12514941194679b9308726dbc09f4ae6eaee1c47ec85337869ca,virusshare,1,original,5e2f39b3172f12514941194679b9308726dbc09f4ae6eaee1c47ec85337869ca,98671,7.349845263981245,232,4,2006,0,224,7,10,4,0,0,0,4,0,8192,1060864,0,1073152,0.9323843416370107,4194304,4096,4096,1150976,4096,0.0035587188612099642,0.0071174377224199285,0.9217081850533808,0,16,1048576,4096,1048576,4096,94208,1144192,77824,1054080,2,2,1,0,0,0,3,77824,77824,3.8634210355240985,7.985984376736364,7.985984376736364,1,367,2,55,0,0,0,0,0,60,0,0,0,0,0,0,0,0,72,0,228,0,0,0,1,0,0,1,1,0,0,0,0,1,0,0,0,0,0,0,1,1,1,1,1,0,0,1,1,1,0,0,0,1,0,1,0,0,0,0,0,0,0,0,1,0,1,0,0,0,0x014c,0x010b,0x0002,.text
5e9c331faf21d80974e2013d32a9e52295b97887e147d3cf81bfa4cba84da543,virusshare,1,original,5e9c331faf21d80974e2013d32a9e52295b97887e147d3cf81bfa4cba84da543,53292,5.031187592673939,184,3,2012,0,224,6,0,4,0,1,0,4,0,12288,20480,0,4212,0.09348366477272728,4194304,4096,4096,45056,4096,0.09090909090909091,0.2727272727272727,0.45454545454545453,91596,16,1048576,4096,1048576,4096,32768,37704,20480,20480,1,1,0,1,0,0,0,12288,12288,3.247596874214535,4.16070262682128,4.16070262682128,0,16428,1,11,4,0,0,0,0,40,16540,0,0,0,0,0,0,0,0,32,48,0,0,0,0,0,0,1,1,0,0,0,0,0,0,0,0,0,0,0,1,1,0,0,0,0,0,0,1,1,0,0,1,1,0,1,1,0,0,0,0,0,0,0,0,1,1,0,0,0,0x014c,0x010b,0x0002,.text
005032cbc39e610b3e2e99239bc685279ddc806a97318f05fbe749c3c071095c,existing_benign,0,original,005032cbc39e610b3e2e99239bc685279ddc806a97318f05fbe749c3c071095c,157696,6.464489038034153,224,6,1974,0,224,14,38,10,0,10,0,10,0,139776,17920,0,13408,0.07612645348837209,268435456,4096,512,176128,1024,0.005813953488372093,0.7936046511627907,0.10174418604651163,188638,16,262144,4096,1048576,4096,156672,157472,139776,139776,1,2,0,0,0,0,0,139776,139776,4.150984043524466,6.587039468702891,6.421173408124618,0,0,4,112,0,0,0,0,783,100,4312,0,0,7176,112,0,0,0,196,0,464,128,0,0,0,0,1,0,0,0,0,1,0,0,1,1,1,0,0,0,1,1,0,0,0,0,0,0,0,1,0,0,0,1,1,1,1,0,0,1,1,0,0,0,1,0,1,1,0,0,0x014c,0x010b,0x0003,.text
0178719aa0855ee5be07df71d86122dab245131778a32b3a2ffc8768b67fde79,existing_benign,0,original,0178719aa0855ee5be07df71d86122dab245131778a32b3a2ffc8768b67fde79,23608,6.753436436977553,128,3,2097,0,224,48,0,4,0,0,0,6,0,10240,2560,0,18118,0.442333984375,4194304,8192,512,40960,512,0.0125,0.25,0.0625,49287,16,1048576,4096,1048576,4096,12800,12800,10240,10240,1,0,0,0,0,0,0,10240,10240,3.34562935094721,6.458116392714023,6.458116392714023,0,10296,1,1,0,0,0,0,0,79,1568,0,10296,12,112,0,0,0,0,0,8,0,72,0,0,0,0,1,0,1,0,1,0,0,1,1,0,1,0,1,1,1,0,0,0,0,0,0,1,1,0,0,0,1,0,1,1,0,1,1,1,0,0,0,0,0,1,0,1,0,0x014c,0x010b,0x0003,.text
01d6f2d8b3e5fd79e00e386925f7905851a6cd39dc808d42d18035ec6019e790,existing_benign,0,original,01d6f2d8b3e5fd79e00e386925f7905851a6cd39dc808d42d18035ec6019e790,976376,6.390137475986574,248,6,2043,0,224,14,38,10,0,10,0,6,0,882176,86528,0,228272,0.23029119318181818,268435456,4096,512,991232,1024,0.0010330578512396695,0.8899793388429752,0.08729338842975207,1041242,16,262144,4096,1048576,4096,965632,968556,882176,882176,1,2,0,0,0,0,0,882176,882176,5.034213273714506,6.739601196611728,6.235252733423372,0,9720,3,208,0,0,0,0,4655,80,13080,0,9720,54060,112,0,0,24,64,0,844,224,0,0,0,0,1,0,0,0,0,1,0,0,1,1,1,0,0,0,1,1,0,0,0,0,0,0,1,1,0,0,0,1,1,1,1,0,1,1,1,0,0,1,1,0,1,1,0,0,0x014c,0x010b,0x0003,.text
0259a17efcc59513ff9d3a45a78aad511ce547b5c3b544c4a713cdf331d93fe5,existing_benign,0,original,0259a17efcc59513ff9d3a45a78aad511ce547b5c3b544c4a713cdf331d93fe5,754568,5.783686025116206,128,3,2019,0,224,48,0,4,0,0,0,6,0,723456,13824,0,731498,0.960152574764785,4194304,8192,512,761856,512,0.0006720430107526882,0.9495967741935484,0.018145161290322582,786780,16,1048576,4096,1048576,4096,737280,737280,723456,723456,1,0,0,0,0,0,0,723456,723456,3.2417099854173457,5.743809339366959,5.743809339366959,0,16776,1,1,0,0,0,0,0,79,13080,0,16776,12,28,0,0,0,0,0,8,0,72,0,0,0,0,1,0,1,0,0,0,0,1,1,0,1,0,1,1,1,0,0,0,0,0,0,1,1,0,0,0,1,0,1,1,0,1,1,1,0,0,0,0,0,1,0,1,0,0x014c,0x010b,0x0002,.text
049663fb8b8d85e77abd010ce7dae83c5f10f1d9de4413f508260bf37dc4dc15,existing_benign,0,original,049663fb8b8d85e77abd010ce7dae83c5f10f1d9de4413f508260bf37dc4dc15,23584,6.756221344300148,128,3,2085,0,224,48,0,4,0,0,0,6,0,10240,2560,0,18122,0.442431640625,4194304,8192,512,40960,512,0.0125,0.25,0.0625,58204,16,1048576,4096,1048576,4096,12800,12800,10240,10240,1,0,0,0,0,0,0,10240,10240,3.343732900692727,6.4586883307158915,6.4586883307158915,0,10272,1,1,0,0,0,0,0,79,1568,0,10272,12,112,0,0,0,0,0,8,0,72,0,0,0,0,1,0,1,0,1,0,0,1,1,0,1,0,1,1,1,0,0,0,0,0,0,1,1,0,0,0,1,0,1,1,0,1,1,1,0,0,0,0,0,1,0,1,0,0x014c,0x010b,0x0003,.text
05f038082bc62017078c4183d147551d1695cf326d8ffecf74960ca270fa480d,existing_benign,0,original,05f038082bc62017078c4183d147551d1695cf326d8ffecf74960ca270fa480d,146920,6.701045471988222,256,5,2019,0,224,14,10,6,0,10,0,6,0,115200,13824,0,46480,0.30669341216216217,4194304,4096,512,151552,1024,0.006756756756756757,0.7601351351351351,0.09121621621621621,186746,16,1048576,8192,1048576,4096,129024,135668,115200,115200,1,1,0,0,0,0,0,115200,115200,5.030454383371861,6.490320381816889,6.490320381816889,0,16872,4,82,0,0,0,0,0,100,2164,0,16872,5736,84,0,0,0,64,0,344,0,0,0,0,0,0,1,0,1,0,0,0,0,1,1,1,0,0,1,1,1,0,0,0,0,0,0,1,1,0,0,0,1,0,1,1,0,1,1,1,0,0,0,1,0,1,0,0,0,0x014c,0x010b,0x0003,.text
05fe039ae69830159feeb1ef2695344d132d2509ac5b712ee6b9d56f9a0ec76d,existing_benign,0,original,05fe039ae69830159feeb1ef2695344d132d2509ac5b712ee6b9d56f9a0ec76d,801368,6.3546630122771015,272,5,2025,0,224,14,29,6,0,0,0,6,0,476160,317952,0,231082,0.28493183791035354,4194304,4096,512,811008,1024,0.0012626262626262627,0.5871212121212122,0.39204545454545453,824641,16,1048576,4096,1048576,4096,789504,794076,476160,476160,1,1,0,0,0,0,0,476160,476160,5.436930330416927,6.552209788372036,6.519278836497625,0,10840,13,272,0,0,0,0,0,280,174952,0,10840,21032,112,0,0,24,64,0,1140,0,0,0,0,0,0,1,0,1,0,0,0,0,1,1,0,0,0,1,1,1,0,0,0,0,0,0,1,1,0,0,0,1,0,1,1,0,1,1,1,0,0,1,1,0,1,0,0,0,0x014c,0x010b,0x0002,.text
06099ff2cd3c07315e1d47d1e6c1bb7caa6166c079af2265674f0dce3a2e8294,existing_benign,0,original,06099ff2cd3c07315e1d47d1e6c1bb7caa6166c079af2265674f0dce3a2e8294,7495864,7.976878525268794,256,6,2026,0,224,14,50,6,0,0,0,6,0,78848,337920,0,4760,0.010963295990566039,4194304,4096,512,434176,1024,0.0023584905660377358,0.18160377358490565,0.7783018867924528,7507151,16,1048576,4096,1048576,4096,416768,418276,302592,302592,1,2,0,0,1,0,0,78848,78848,5.135128984352656,6.619458274604216,6.619458274604216,0,7078072,1,68,0,0,0,0,0,40,302180,0,11416,4108,84,0,0,0,64,0,276,0,0,0,0,0,0,1,0,0,0,0,0,0,1,1,0,0,0,1,1,1,0,0,0,1,0,0,1,1,0,0,0,1,0,1,1,0,1,1,1,0,0,0,1,0,1,0,0,0,0x014c,0x010b,0x0003,.text
064303cb048db01e3b233a501392ce6ed158e34c75e8202b58ca553a3c18f497,existing_benign,0,original,064303cb048db01e3b233a501392ce6ed158e34c75e8202b58ca553a3c18f497,500224,6.200650283250948,248,6,2009,0,224,14,38,10,0,10,0,10,0,280576,296960,0,260400,0.4354398544520548,4194304,4096,512,598016,1024,0.0017123287671232876,0.4691780821917808,0.4965753424657534,556582,16,262144,8192,1048576,4096,499200,577152,280576,280576,1,2,0,0,0,0,0,280576,280576,4.708330299867442,6.687508585765579,6.3841130584858385,0,0,53,374,3,0,0,0,0,1080,169776,0,0,17660,112,0,0,24,196,0,1708,96,0,0,0,0,0,1,0,0,0,0,0,0,1,1,1,0,0,1,1,1,0,0,0,0,0,0,0,1,0,0,1,1,0,1,1,0,0,1,1,0,0,1,1,0,1,1,0,0,0x014c,0x010b,0x0002,.text
0697a4aac682e2256aad447e21646967dfa1da574173779e77208fdf5d9f699b,existing_benign,0,original,0697a4aac682e2256aad447e21646967dfa1da574173779e77208fdf5d9f699b,124928,6.467236708682308,240,5,2037,0,224,14,38,10,0,10,0,10,0,108544,16896,0,109088,0.7833180147058824,4194304,4096,512,139264,1024,0.007352941176470588,0.7794117647058824,0.1213235294117647,143661,16,262144,8192,1048576,4096,123904,124992,108544,108544,1,1,0,0,0,0,0,108544,108544,4.883864919125412,6.750572340147669,6.414326673474094,0,0,12,233,2,0,0,0,0,260,2768,0,0,4556,112,0,0,0,196,0,980,0,0,0,0,0,0,1,0,0,0,1,0,0,1,1,1,0,0,1,1,1,0,0,0,0,0,0,0,1,0,0,1,1,0,1,1,0,0,1,1,0,0,0,1,0,1,0,0,0,0x014c,0x010b,0x0002,.text
07140635c6db7e963b9726b47aa480f2367745ed66190f517a6ef700bccad68c,existing_benign,0,original,07140635c6db7e963b9726b47aa480f2367745ed66190f517a6ef700bccad68c,100688,6.364785776294432,272,6,2026,0,224,14,31,5,1,0,0,5,1,44032,48128,0,5296,0.04788773148148148,4194304,4096,512,110592,1024,0.009259259259259259,0.39814814814814814,0.4351851851851852,143207,16,1048576,4096,1048576,4096,89600,92132,44032,44032,1,2,0,0,0,0,0,44032,44032,4.115253171550342,6.557347163475866,6.557347163475866,0,10064,1,68,0,0,0,0,0,40,13136,0,10064,3664,112,0,0,0,64,0,276,64,0,0,0,0,0,1,0,0,0,0,0,0,1,1,1,0,0,1,1,1,0,0,0,0,0,0,1,1,0,0,0,1,0,1,1,0,1,1,1,0,0,0,1,0,1,1,0,0,0x014c,0x010b,0x0002,.text
077a5c96cfd8644425f870444b604bfe3aa62587073fd85a4dc75244775b99ab,dike_batch7,0,original,077a5c96cfd8644425f870444b604bfe3aa62587073fd85a4dc75244775b99ab,59392,5.817026919736113,240,6,2015,0,240,12,10,10,0,10,0,10,0,33280,37376,0,33216,0.36860795454545453,5368709120,4096,512,90112,1024,0.011363636363636364,0.3693181818181818,0.4147727272727273,93738,16,524288,8192,1048576,4096,58368,70636,33280,33280,1,1,0,0,0,0,0,33280,33280,4.051822885593418,6.134955929852061,6.134955929852061,0,0,13,138,0,0,0,0,0,280,5208,1680,0,264,56,0,0,0,160,0,1208,0,0,0,0,1,0,1,0,1,0,0,0,0,1,1,1,1,0,1,1,1,0,0,0,0,0,0,0,1,0,0,0,1,0,1,1,1,0,1,1,0,0,0,1,0,1,0,0,0,0x8664,0x020b,0x0002,.text
077f6a102329e2a1da967fd3350981d2eb9c169a3c00408fe0c6ed9c0a8d1a7c,dike_batch7,0,original,077f6a102329e2a1da967fd3350981d2eb9c169a3c00408fe0c6ed9c0a8d1a7c,214528,5.840342386772357,128,9,1970,0,240,2,25,4,0,0,0,5,2,162304,51200,5120,5376,0.022245762711864406,4194304,4096,512,241664,1024,0.00423728813559322,0.6716101694915254,0.211864406779661,220485,16,2097152,4096,1048576,4096,213504,218512,162304,162304,1,5,0,1,0,0,0,162304,162304,3.3419956180358006,5.633997992592554,5.633997992592554,0,0,3,266,0,0,0,0,0,10032,0,2760,0,0,0,0,0,40,0,0,2152,0,0,0,0,1,0,1,1,1,0,1,0,0,0,0,0,0,0,0,1,1,0,0,0,0,0,0,0,1,0,0,0,1,0,1,0,1,0,0,0,0,0,1,0,0,1,0,0,0,0x8664,0x020b,0x0003,.text
08108ba453bc6222f93d236b3f29265aebd8b286b2f7d29de588db6a23dce550,dike_batch7,0,original,08108ba453bc6222f93d236b3f29265aebd8b286b2f7d29de588db6a23dce550,29136,6.748738830226807,128,3,2012,0,224,11,0,4,0,0,0,6,0,9728,3072,0,17758,0.433544921875,4194304,8192,512,40960,512,0.0125,0.2375,0.075,33684,16,1048576,4096,1048576,4096,12800,12800,9728,9728,1,0,0,0,0,0,0,9728,9728,3.4325513396211664,5.658456069900402,5.658456069900402,0,15824,1,1,0,0,0,0,0,75,2448,0,15824,12,28,0,0,0,0,0,8,0,72,0,0,0,0,1,0,0,0,0,0,0,1,1,0,0,0,1,1,1,0,0,0,0,0,0,1,1,0,0,0,1,0,1,1,0,1,1,1,0,0,0,0,0,1,0,1,0,0x014c,0x010b,0x0003,.text
081529ae6785cf10838b4e9417c42935f10793f8acab6277b5c4821b390585e3,dike_batch7,0,original,081529ae6785cf10838b4e9417c42935f10793f8acab6277b5c4821b390585e3,1588224,6.62462498394885,240,6,2016,0,240,12,10,10,0,10,0,10,0,985600,606720,0,973760,0.6049220737913485,5368709120,4096,512,1609728,1024,0.0006361323155216285,0.6122773536895675,0.37690839694656486,1634015,16,524288,8192,1048576,4096,1587200,1592072,985600,985600,1,1,0,0,0,0,0,985600,985600,5.407585079652754,6.811759588190336,6.390686925698443,0,0,15,478,1,0,0,0,90,320,392368,28692,0,5224,56,0,0,0,160,0,3944,0,0,0,0,1,0,1,0,1,0,0,0,0,1,1,1,1,0,1,1,1,0,0,0,0,0,0,0,1,0,0,1,1,1,1,1,1,0,1,1,0,0,0,1,0,1,0,0,0,0x8664,0x020b,0x0002,.text
084a953b081ce37c5992a950f0cacbb37d2ef249027d58f7a984b0ca4993671b,existing_benign,0,original,084a953b081ce37c5992a950f0cacbb37d2ef249027d58f7a984b0ca4993671b,32712,6.148073027049744,128,3,2080,0,224,48,0,4,0,0,0,4,0,18432,3072,0,26306,0.5351969401041666,4194304,8192,512,49152,512,0.010416666666666666,0.375,0.0625,49219,16,1048576,4096,1048576,4096,21504,21504,18432,18432,1,0,0,0,0,0,0,18432,18432,3.1523989444561784,5.277624718934649,5.277624718934649,0,10696,1,1,0,0,0,0,0,79,2080,0,10696,12,56,0,0,0,0,0,8,0,72,0,0,0,0,1,0,1,0,1,0,0,1,1,0,1,0,1,1,1,0,0,0,0,0,0,1,1,0,0,0,1,0,1,1,0,1,1,1,0,0,0,0,0,1,0,1,0,0x014c,0x010b,0x0003,.text
085022d4c07b38e1cd0f2d08e91869ccbf4e896c1618b26053f08fb60b515bb9,existing_benign,0,original,085022d4c07b38e1cd0f2d08e91869ccbf4e896c1618b26053f08fb60b515bb9,157696,6.926684712520108,232,5,2092,0,224,14,38,10,0,10,0,10,0,56832,108544,0,58160,0.33021438953488375,4194304,4096,512,176128,1024,0.005813953488372093,0.3226744186046512,0.6162790697674418,211746,16,262144,8192,1048576,4096,156672,165328,88064,88064,1,1,0,0,0,0,0,56832,56832,5.342863593862561,7.020041377140897,6.3906134240007235,1,0,9,158,0,0,0,0,0,200,88008,0,0,4028,112,0,0,0,196,0,668,0,0,0,0,0,0,1,0,0,0,1,0,0,1,1,1,0,0,1,1,1,0,0,0,0,0,1,0,1,0,0,0,1,0,1,1,0,0,1,1,0,0,0,1,0,1,0,0,0,0x014c,0x010b,0x0002,.text
0870427abd1abed648dc11a26ca4c8024bfff75cc23194bc115a9a98c32e7915,existing_benign,0,original,0870427abd1abed648dc11a26ca4c8024bfff75cc23194bc115a9a98c32e7915,86040,6.394813131011767,248,4,2023,0,224,10,0,5,1,10,0,5,1,63488,11264,0,23442,0.24883237092391305,4194304,4096,512,94208,1024,0.010869565217391304,0.6739130434782609,0.11956521739130435,111591,16,1048576,8192,1048576,4096,74752,82816,63488,63488,1,1,0,0,0,0,0,63488,63488,4.212825255196457,6.399899929372481,6.399899929372481,0,10264,6,86,0,0,0,0,0,140,1536,0,10264,2704,28,0,0,0,64,0,368,0,0,0,0,0,0,1,0,1,0,0,0,0,1,1,0,0,0,1,1,1,0,0,0,0,0,0,1,1,0,0,0,1,0,1,1,0,1,1,1,0,0,0,1,0,1,0,0,0,0x014c,0x010b,0x0002,.text
08805d42f83cab69e6b93d9717da43d4d61892942b2573e45ec0e97adc6b506e,dike_batch7,0,original,08805d42f83cab69e6b93d9717da43d4d61892942b2573e45ec0e97adc6b506e,59904,6.000618620347386,128,9,1970,0,240,2,25,4,0,0,0,5,2,41984,16896,5632,5376,0.05965909090909091,4194304,4096,512,90112,1024,0.011363636363636364,0.4659090909090909,0.1875,87296,16,12582912,4096,1048576,4096,58880,64464,41984,41984,1,5,0,1,0,0,0,41984,41984,3.1716470181584717,6.24173535424186,6.24173535424186,0,0,3,103,0,0,0,0,0,3740,0,1944,0,0,0,0,0,40,0,0,848,0,0,0,0,1,0,1,1,1,0,1,0,0,0,0,0,0,0,0,1,1,0,0,0,0,0,0,0,1,0,0,0,1,0,1,0,1,0,0,0,0,0,1,0,0,1,0,0,0,0x8664,0x020b,0x0003,.text
089509b99abf743c2553d15db963caf73aab03103fa613ccdd2c86c8bc015a92,existing_benign,0,original,089509b99abf743c2553d15db963caf73aab03103fa613ccdd2c86c8bc015a92,530432,6.884287706732553,232,6,2029,0,224,14,38,10,0,21315,20512,10,0,510464,19968,0,105344,0.19193097014925373,4194304,4096,512,548864,1024,0.0018656716417910447,0.9300373134328358,0.036380597014925374,586805,16,262144,8192,1048576,4096,529408,530240,510464,510464,1,2,0,0,0,0,0,510464,510464,4.455263078187217,6.8703477905738275,6.8703477905738275,0,0,24,125,0,0,0,0,0,500,2240,0,0,8900,112,0,0,24,196,0,596,96,0,0,0,0,0,1,0,0,0,0,0,0,1,1,1,0,0,1,1,1,0,0,0,0,0,0,0,1,0,0,0,1,0,1,1,0,0,1,1,0,0,1,1,0,1,1,0,0,0x014c,0x010b,0x0003,.text
08acd0896b4a7f7b725c09cbf8200a519eb70bf816d2aa04ff499c4497281de7,existing_benign,0,original,08acd0896b4a7f7b725c09cbf8200a519eb70bf816d2aa04ff499c4497281de7,67432,6.10560383784084,128,3,2051,0,224,48,0,4,0,0,0,6,0,52736,3584,0,60810,0.7423095703125,4194304,8192,512,81920,512,0.00625,0.64375,0.04375,114307,16,1048576,4096,1048576,4096,56320,56320,52736,52736,1,0,0,0,0,0,0,52736,52736,3.450466265065178,5.766605293321186,5.766605293321186,0,10600,1,1,0,0,0,0,0,79,2628,0,10600,12,56,0,0,0,0,0,8,0,72,0,0,0,0,1,0,1,0,1,0,0,1,1,0,1,0,1,1,1,0,0,0,0,0,0,1,1,0,0,0,1,0,1,1,0,1,1,1,0,0,0,0,0,1,0,1,0,0x014c,0x010b,0x0003,.text
08bda12a7e429856243c725f256ff02f3e0c2a7dd6e81ac9fd4239c9c7771627,existing_benign,0,original,08bda12a7e429856243c725f256ff02f3e0c2a7dd6e81ac9fd4239c9c7771627,105472,6.429279655499748,232,5,2102,0,224,14,38,10,0,10,0,10,0,86528,19456,0,87072,0.7330280172413793,4194304,4096,512,118784,1024,0.008620689655172414,0.728448275862069,0.16379310344827586,112627,16,262144,8192,1048576,4096,104448,105856,86528,86528,1,1,0,0,0,0,0,86528,86528,5.08619313705663,6.589466009423803,6.32567861956669,0,0,13,254,0,0,0,0,0,280,2776,0,0,5376,112,0,0,0,196,0,1068,0,0,0,0,0,0,1,0,0,0,1,0,0,1,1,1,0,0,1,1,1,0,0,0,0,0,0,0,1,0,0,0,1,0,1,1,0,0,1,1,0,0,0,1,0,1,0,0,0,0x014c,0x010b,0x0002,.text
08bf892562a748f1582b00283d8f15ec6f9a2f252c7ba95c2b55fbc60abfbd49,dike_batch7,0,original,08bf892562a748f1582b00283d8f15ec6f9a2f252c7ba95c2b55fbc60abfbd49,100336,6.204963234211205,240,6,2012,0,240,11,0,6,0,10,0,6,0,50176,33280,0,14616,0.13724459134615385,5368709120,4096,512,106496,1024,0.009615384615384616,0.47115384615384615,0.3125,111935,16,1048576,8192,1048576,4096,83456,92976,50176,50176,1,1,0,0,0,0,0,50176,50176,4.105214641629902,6.230995354660972,6.230995354660972,0,15856,4,104,0,0,0,0,0,100,1540,3456,15856,804,56,0,0,0,112,0,864,0,0,0,0,1,0,1,0,1,0,0,0,0,1,1,0,1,0,1,1,1,0,0,0,0,0,0,1,1,0,0,0,1,0,1,1,1,1,1,1,0,0,0,1,0,1,0,0,0,0x8664,0x020b,0x0002,.text
0901808e159e5451c16dadf667f3654ff20c17ff04f37d9ce034e3b66e05cb73,existing_benign,0,original,0901808e159e5451c16dadf667f3654ff20c17ff04f37d9ce034e3b66e05cb73,167376,6.241550774424694,248,5,1994,0,224,14,28,10,0,10,0,6,1,140800,18432,0,130656,0.7594866071428571,4194304,4096,512,172032,1024,0.005952380952380952,0.8184523809523809,0.10714285714285714,180400,16,262144,8192,1048576,4096,157696,159200,140800,140800,1,1,0,0,0,0,0,140800,140800,4.890301911482244,6.269429740457532,5.9733008511520795,0,8656,7,108,0,0,0,0,0,160,1064,0,8656,9640,84,0,0,24,64,0,460,0,0,0,0,0,0,1,0,0,0,0,0,0,1,1,1,0,0,1,1,1,0,0,0,0,0,0,1,1,0,0,0,1,0,1,1,0,1,1,1,0,0,1,1,0,1,0,0,0,0x014c,0x010b,0x0003,.text
09406b91378fc3c678027e59620f8feab844edefa3c0a2b045f6ffa3d526742f,existing_benign,0,original,09406b91378fc3c678027e59620f8feab844edefa3c0a2b045f6ffa3d526742f,56320,6.122772725844963,248,7,1981,0,224,14,38,10,0,10,0,10,0,44032,12800,512,39920,0.512952302631579,4194304,4096,512,77824,1024,0.013157894736842105,0.5657894736842105,0.16447368421052633,103850,16,262144,8192,1048576,4096,55296,56516,44032,44032,1,3,0,1,1,0,0,44032,44032,3.7952006998834222,6.292869292212935,6.148257614180287,0,0,29,124,0,0,0,0,0,600,1056,0,0,2724,112,0,0,0,196,0,612,128,0,0,0,0,0,1,0,0,0,1,0,0,1,1,1,0,1,1,1,1,0,0,0,1,0,0,0,1,0,0,0,1,0,1,1,0,0,1,1,0,0,0,1,0,1,1,0,0,0x014c,0x010b,0x0002,.text
0945da9d00b2629379df481a2be0d9d420c05a727ec2dcbc16255acfd76a8cb3,dike_batch3,0,original,0945da9d00b2629379df481a2be0d9d420c05a727ec2dcbc16255acfd76a8cb3,41368,6.026581145062129,128,11,1970,83,240,2,27,4,0,0,0,5,2,8704,24576,3072,5376,0.0875,4194304,4096,512,61440,1024,0.016666666666666666,0.14166666666666666,0.4,86406,16,2097152,4096,1048576,4096,25088,27856,8704,8704,1,6,0,1,1,0,0,8704,8704,2.627712427245255,5.829894423082551,5.829894423082551,0,15256,8,65,0,0,0,0,0,2844,5008,648,12000,0,0,0,0,40,0,0,584,0,0,0,0,1,0,1,1,1,0,1,1,0,0,0,0,0,0,0,1,1,0,0,0,1,0,0,1,1,0,0,0,1,0,1,1,1,1,0,0,0,0,1,0,0,1,0,0,0,0x8664,0x020b,0x0003,.text
09555a61fdb2c8a00399c0739279365caae9840f3608addda6637386d4264378,existing_benign,0,original,09555a61fdb2c8a00399c0739279365caae9840f3608addda6637386d4264378,45424,6.7931629197712375,232,5,1974,0,224,14,38,10,0,10,0,6,1,26624,15360,0,27136,0.4732142857142857,4194304,4096,512,57344,1024,0.017857142857142856,0.4642857142857143,0.26785714285714285,64843,16,262144,8192,1048576,4096,33792,41856,26624,26624,1,1,0,0,0,0,0,26624,26624,4.633878407496984,6.520205591876992,6.431572721592085,0,10608,4,96,0,0,0,0,0,100,2000,0,10608,1892,112,0,0,0,64,0,400,0,0,0,0,0,0,1,0,0,0,1,0,0,1,1,1,0,0,1,1,1,0,0,0,0,0,0,1,1,0,0,0,1,0,1,1,0,1,1,1,0,0,0,1,0,1,0,0,0,0x014c,0x010b,0x0003,.text
09ad453c92297ac4ff61ec8508a0ae8a267fb1b5ca314b42871b61884b91b599,existing_benign,0,original,09ad453c92297ac4ff61ec8508a0ae8a267fb1b5ca314b42871b61884b91b599,15360,5.423418713239515,232,5,1987,0,224,14,38,10,0,10,0,10,0,8192,7168,0,9696,0.33816964285714285,4194304,4096,512,28672,1024,0.03571428571428571,0.2857142857142857,0.25,31200,16,262144,8192,1048576,4096,14336,14944,8192,8192,1,1,0,0,0,0,0,8192,8192,3.8102530077810206,5.940072809419808,5.940072809419808,0,0,10,60,0,0,0,0,0,220,2048,0,0,544,112,0,0,0,196,0,280,0,0,0,0,0,0,1,0,0,0,1,0,0,1,1,1,0,0,1,1,1,0,0,0,0,0,0,0,1,0,0,0,1,0,1,1,0,0,1,1,0,0,0,1,0,1,0,0,0,0x014c,0x010b,0x0003,.text
0a2027ea20fd995fd41fbe1a6e6a361dbdc09a83741f1d9e928eddf50030c6b3,dike_batch3,0,original,0a2027ea20fd995fd41fbe1a6e6a361dbdc09a83741f1d9e928eddf50030c6b3,166048,5.889641938959928,128,3,2014,0,224,11,0,4,0,0,0,4,0,156160,2560,0,164270,0.8718474014945652,4194304,8192,512,188416,512,0.002717391304347826,0.8288043478260869,0.01358695652173913,230351,16,1048576,4096,1048576,4096,158720,158720,156160,156160,1,0,0,0,0,0,0,156160,156160,3.4802128350984307,5.808822050278335,5.808822050278335,0,6816,1,1,0,0,0,0,0,75,1952,0,6816,12,28,0,0,0,0,0,8,0,72,0,0,0,0,1,0,0,0,0,0,0,1,1,0,0,0,1,1,1,0,0,0,0,0,0,1,1,0,0,0,1,0,1,1,0,1,1,1,0,0,0,0,0,1,0,1,0,0x014c,0x010b,0x0003,.text
0a464a3765ffc0c23cf47345bf1185426af8e6b5711e015ca18027afcac2f2e0,dike_batch3,0,original,0a464a3765ffc0c23cf47345bf1185426af8e6b5711e015ca18027afcac2f2e0,384280,6.058706599383554,240,8,2015,0,240,12,10,10,0,10,0,10,0,241152,133632,512,82336,0.20723260309278352,5368709120,4096,512,397312,1024,0.002577319587628866,0.6069587628865979,0.33634020618556704,416438,16,524288,8192,1048576,4096,371200,374681,241152,241152,1,3,0,1,1,0,0,241152,241152,4.188706182471829,6.33659966273841,6.33659966273841,0,12056,27,202,0,0,0,0,0,560,46080,11580,12056,1648,56,0,0,0,160,0,1832,192,0,0,0,1,0,1,0,1,0,0,0,0,1,1,1,1,1,1,1,1,0,0,0,1,0,0,1,1,0,0,0,1,0,1,1,1,1,1,1,0,0,0,1,0,1,1,0,0,0x8664,0x020b,0x0002,.text
0a5f73ef16805bfcad0c75b7edb3e850420d884ef12da80aaa21f5ce028b4e0b,existing_benign,0,original,0a5f73ef16805bfcad0c75b7edb3e850420d884ef12da80aaa21f5ce028b4e0b,50176,6.172075831296652,248,5,1982,0,224,14,38,10,0,10,0,10,0,40960,9728,0,37168,0.6049479166666667,4194304,4096,512,61440,1024,0.016666666666666666,0.6666666666666666,0.15833333333333333,60096,16,262144,8192,1048576,4096,49152,50368,40960,40960,1,1,0,0,0,0,0,40960,40960,4.667429355796226,6.1926431650011615,6.1926431650011615,0,0,17,90,1,0,0,0,0,360,1360,0,0,2204,112,0,0,0,196,0,428,0,0,0,0,0,0,1,0,0,0,1,0,0,1,1,1,0,0,1,1,1,0,0,0,0,0,0,0,1,0,0,1,1,0,1,1,0,0,1,1,0,0,0,1,0,1,0,0,0,0x014c,0x010b,0x0003,.text
0a8deb24eef193e13c691190758c349776eab1cd65fba7b5dae77c7ee9fcc906,dike_batch3,0,original,0a8deb24eef193e13c691190758c349776eab1cd65fba7b5dae77c7ee9fcc906,117760,6.097660890648283,128,11,0,0,240,2,25,4,0,0,0,5,2,78848,116736,3072,5376,0.036458333333333336,4194304,4096,512,147456,1024,0.006944444444444444,0.5347222222222222,0.7916666666666666,130217,16,2097152,4096,1048576,4096,116736,119568,78848,78848,1,5,0,1,0,0,0,78848,78848,3.394985548847365,5.928868665341076,5.853396296275375,0,0,6,168,0,0,0,0,4045,7264,0,2064,0,168,0,0,0,40,0,0,1392,0,0,0,0,1,0,1,0,1,1,0,0,0,0,0,0,0,0,0,1,1,0,0,0,0,0,0,0,1,0,0,0,1,1,1,0,1,0,1,0,0,0,1,0,0,1,0,0,0,0x8664,0x020b,0x0003,.text
0b2b6d0830356c9e5d17196220d7638859e1839d9c44327652f6d618b639ca00,existing_benign,0,original,0b2b6d0830356c9e5d17196220d7638859e1839d9c44327652f6d618b639ca00,22016,5.877930403204873,224,5,1990,0,224,14,38,10,0,10,0,10,0,14848,7168,0,16480,0.4470486111111111,4194304,4096,512,36864,1024,0.027777777777777776,0.4027777777777778,0.19444444444444445,36496,16,262144,8192,1048576,4096,20992,21664,14848,14848,1,1,0,0,0,0,0,14848,14848,4.2115086102478845,6.575968083102035,6.2311181632019625,0,0,4,62,0,0,0,0,0,100,2080,0,0,1004,112,0,0,0,192,0,264,0,0,0,0,0,0,1,0,0,0,0,0,0,1,1,1,0,0,1,1,1,0,0,0,0,0,0,0,1,0,0,0,1,0,1,1,0,0,1,1,0,0,0,1,0,1,0,0,0,0x014c,0x010b,0x0002,.text
0b65c9b63092c96fc737ef39a1f05e437d5bbe57f0ca2bc634a14a34a92ebcb4,dike_batch3,0,original,0b65c9b63092c96fc737ef39a1f05e437d5bbe57f0ca2bc634a14a34a92ebcb4,63448,6.055306722444392,128,11,1970,196,240,2,27,4,0,0,0,5,2,19968,41472,3072,5328,0.06846217105263158,4194304,4096,512,77824,1024,0.013157894736842105,0.2565789473684211,0.5328947368421053,114037,16,2097152,4096,1048576,4096,41984,44688,19968,19968,1,6,0,1,1,0,0,19968,19968,2.854999161458407,6.013740570377293,6.013740570377293,0,20440,13,168,0,0,0,0,0,7832,4984,756,12000,0,0,0,0,40,0,0,1448,0,0,0,0,1,0,1,1,1,0,1,1,0,0,0,0,0,0,0,1,1,0,0,0,1,0,0,1,1,0,0,0,1,0,1,1,1,1,0,0,0,0,1,0,0,1,0,0,0,0x8664,0x020b,0x0002,.text
0b832ebbd0d324e28292d883ad532fd64a344c82360cf7fa052b4028559b4427,dike_batch3,0,original,0b832ebbd0d324e28292d883ad532fd64a344c82360cf7fa052b4028559b4427,78848,6.1879680441299945,240,5,2015,0,224,12,10,10,0,10,0,10,0,68096,10752,0,69760,0.7741477272727273,4194304,4096,512,90112,1024,0.011363636363636364,0.7556818181818182,0.11931818181818182,98519,16,1048576,8192,1048576,4096,77824,78480,68096,68096,1,1,0,0,0,0,0,68096,68096,4.382542225862958,6.534351986594386,6.128783489496955,0,0,11,121,0,0,0,0,0,240,2104,0,0,2852,56,0,0,0,104,0,528,0,0,0,0,0,0,1,0,0,0,0,0,0,1,1,1,0,0,1,1,1,0,0,0,0,0,0,0,1,0,0,0,1,0,1,1,0,0,1,1,0,0,0,1,0,1,0,0,0,0x014c,0x010b,0x0003,.text
0baad631c2f9eddb6e7d6b9abb43a5ce950515b9569c5d15aadbd1ba5725e131,existing_benign,0,original,0baad631c2f9eddb6e7d6b9abb43a5ce950515b9569c5d15aadbd1ba5725e131,143872,6.415239432890478,240,6,2025,0,224,14,38,10,0,10,0,10,0,113664,72704,0,30016,0.14955357142857142,4194304,4096,512,200704,1024,0.00510204081632653,0.5663265306122449,0.3622448979591837,181771,16,524288,65536,1048576,4096,142848,186320,113664,113664,1,2,0,0,0,0,0,113664,113664,4.452266641802532,6.699585321531844,6.430549325223788,0,0,38,211,0,0,0,0,0,780,1720,0,0,8368,112,0,0,0,196,0,996,256,0,0,0,0,0,1,0,0,0,0,0,0,1,1,1,0,0,1,1,1,0,0,0,0,0,0,0,1,0,0,0,1,0,1,1,0,0,1,1,0,0,0,1,0,1,1,0,0,0x014c,0x010b,0x0003,.text
0baff73e1c19bc77c5f594656fc3fb972727f4872be2825081fc79bf5fc679f4,existing_benign,0,original,0baff73e1c19bc77c5f594656fc3fb972727f4872be2825081fc79bf5fc679f4,101376,6.163924945406246,232,5,2002,0,224,14,38,10,0,10,0,10,0,64512,37888,0,62800,0.5678530092592593,4194304,4096,512,110592,1024,0.009259259259259259,0.5833333333333334,0.3425925925925926,113088,16,262144,8192,1048576,4096,100352,101920,64512,64512,1,1,0,0,0,0,0,64512,64512,5.062649635796194,6.593875486835618,6.354879420915869,0,0,23,182,0,0,0,0,0,480,23928,0,0,3876,112,0,0,24,196,0,820,0,0,0,0,0,0,1,0,0,0,0,0,0,1,1,1,0,0,1,1,1,0,0,0,0,0,0,0,1,0,0,0,1,0,1,1,0,0,1,1,0,0,1,1,0,1,0,0,0,0x014c,0x010b,0x0002,.text
0be00b72a65e558aa92a4f197663f3496b2a3ceaa5f77bafe309727141ad77af,dike_batch3,0,original,0be00b72a65e558aa92a4f197663f3496b2a3ceaa5f77bafe309727141ad77af,47744,6.021221874586254,128,11,0,132,240,2,27,4,0,0,0,5,2,11264,28672,3072,5328,0.081298828125,4194304,4096,512,65536,1024,0.015625,0.171875,0.4375,52165,16,2097152,4096,1048576,4096,29184,31888,11264,11264,1,6,0,1,1,0,0,11264,11264,2.7037476508347815,5.818029150759858,5.818029150759858,0,17536,10,110,0,0,0,0,0,5060,5008,660,12000,0,0,0,0,40,0,0,960,0,0,0,0,1,0,1,1,1,1,0,1,0,0,0,0,0,0,0,1,1,0,0,0,1,0,0,1,1,0,0,0,1,0,1,1,1,1,0,0,0,0,1,0,0,1,0,0,0,0x8664,0x020b,0x0002,.text
0bf9cfc88d56b52982655b56d577f69d2ee4b136908684015001c52c64f0a84b,dike_batch3,0,original,0bf9cfc88d56b52982655b56d577f69d2ee4b136908684015001c52c64f0a84b,58552,6.518486535536848,512,7,2069,0,224,2,25,1,0,0,0,4,0,36864,12288,0,4096,0.05555555555555555,4194304,4096,512,73728,1024,0.013888888888888888,0.5,0.16666666666666666,123730,16,1048576,8192,1048576,4096,50688,69632,35840,36864,1,2,0,0,0,0,0,35840,36864,3.975399661509577,6.553507811377552,6.553507811377552,0,6328,2,45,0,0,0,0,205,1242,0,0,6328,2060,0,0,0,24,0,0,0,0,0,0,0,0,0,1,0,0,0,1,0,0,0,0,0,0,0,0,1,1,0,0,0,0,0,0,1,1,0,0,0,1,1,1,0,0,1,1,0,0,0,1,0,0,0,0,0,0,0x014c,0x010b,0x0002,.text
0c1134c20c7f2a20eeda30f998c5e70336e56fa1fde05434028d97f3eeb31c33,dike_batch3,0,original,0c1134c20c7f2a20eeda30f998c5e70336e56fa1fde05434028d97f3eeb31c33,235464,6.290336883212066,256,5,2012,0,224,11,0,6,0,10,0,6,0,139264,79360,0,131899,0.33197839481314434,4194304,4096,512,397312,1024,0.002577319587628866,0.35051546391752575,0.19974226804123713,291996,16,1048576,8192,1048576,4096,218624,387120,139264,191024,1,1,0,0,0,0,0,139264,139264,5.098279832091898,6.534075860072918,6.534075860072918,0,15816,6,190,0,0,0,0,0,140,33604,0,15816,12772,28,0,0,0,64,0,784,0,0,0,0,0,0,1,0,1,0,0,0,0,1,1,0,0,0,1,1,1,0,0,0,0,0,0,1,1,0,0,0,1,0,1,1,0,1,1,1,0,0,0,1,0,1,0,0,0,0x014c,0x010b,0x0003,.text
0c8af4bbf3e29c4ab7dd8372725a931985b669d15b82615ab05838ed348bf558,dike_batch3,0,original,0c8af4bbf3e29c4ab7dd8372725a931985b669d15b82615ab05838ed348bf558,205824,5.722149394029107,128,9,1970,0,240,2,25,4,0,0,0,5,2,161280,43520,5120,5376,0.023026315789473683,4194304,4096,512,233472,1024,0.0043859649122807015,0.6907894736842105,0.18640350877192982,228605,16,2097152,4096,1048576,4096,204800,209808,161280,161280,1,5,0,1,0,0,0,161280,161280,3.286265294956607,5.559728116870534,5.559728116870534,0,0,3,300,0,0,0,0,0,11456,0,2772,0,0,0,0,0,40,0,0,2424,0,0,0,0,1,0,1,1,1,0,1,0,0,0,0,0,0,0,0,1,1,0,0,0,0,0,0,0,1,0,0,0,1,0,1,0,1,0,0,0,0,0,1,0,0,1,0,0,0,0x8664,0x020b,0x0003,.text
0c94a7f27f960762b45f93b42a6af4e1b14c2eea0fa9c893cd437abe85e97f1b,existing_benign,0,original,0c94a7f27f960762b45f93b42a6af4e1b14c2eea0fa9c893cd437abe85e97f1b,5948920,6.7248093820172015,120,7,2031,0,224,14,0,6,0,0,0,6,0,4504576,1432576,0,5264,0.0008671769568151148,4194304,4096,512,6070272,1024,0.00016869095816464237,0.7420715249662618,0.23599865047233468,5959612,16,1048576,4096,1048576,4096,5937152,6052184,4504576,4504576,1,2,0,0,2,0,0,4504576,4504576,4.397377017619321,7.982112069932642,6.509779621406036,1,10744,20,391,0,0,0,0,85539,420,0,0,10744,130108,56,0,0,24,0,0,1644,0,0,0,1,0,0,1,0,1,0,1,0,0,1,1,0,0,0,1,1,1,0,0,0,1,0,1,1,1,0,0,0,1,1,1,0,0,1,1,1,0,0,1,0,0,1,0,0,0,0x014c,0x010b,0x0003,.text
0c9baed0badb2431a9b173609d3990ccbba7cba4455ba0e8ebe6267d8b4ae3ef,dike_batch3,0,original,0c9baed0badb2431a9b173609d3990ccbba7cba4455ba0e8ebe6267d8b4ae3ef,1132320,6.364344897366837,272,7,2017,0,240,14,0,5,2,0,0,5,2,772608,372736,0,687872,0.5892543859649123,5368709120,4096,512,1167360,1024,0.0008771929824561404,0.6618421052631579,0.3192982456140351,1168362,16,1048576,4096,1048576,4096,1124352,1145056,772608,772608,1,1,0,0,0,0,0,772608,772608,4.843698830552555,6.374524811138065,6.374524811138065,0,6944,5,238,0,0,0,0,192,120,920,62172,6944,11672,84,0,0,0,148,0,1944,0,0,0,0,1,0,1,0,1,0,0,0,0,1,1,0,1,0,1,1,1,0,0,0,0,0,0,1,1,0,0,0,1,1,1,1,1,1,1,1,0,0,0,1,0,1,0,0,0,0x8664,0x020b,0x0003,.text
0d23b6f46e848a65911518e6658488070a7462cd605cfc3737a6bb1ef71cceac,dike_batch3,0,original,0d23b6f46e848a65911518e6658488070a7462cd605cfc3737a6bb1ef71cceac,49328,6.030521802531461,128,11,0,143,240,2,27,4,0,0,0,5,2,11776,29696,3072,5328,0.081298828125,4194304,4096,512,65536,1024,0.015625,0.1796875,0.453125,75976,16,2097152,4096,1048576,4096,30208,32912,11776,11776,1,6,0,1,1,0,0,11776,11776,2.7331617476390395,5.908895152347465,5.908895152347465,0,18096,10,121,0,0,0,0,0,5608,5008,684,12000,0,0,0,0,40,0,0,1048,0,0,0,0,1,0,1,1,1,1,0,1,0,0,0,0,0,0,0,1,1,0,0,0,1,0,0,1,1,0,0,0,1,0,1,1,1,1,0,0,0,0,1,0,0,1,0,0,0,0x8664,0x020b,0x0002,.text
0d8d47b0b0bf9291e01f426782ba721d5be30ea9b2547f315c7ca48c367b2aa9,dike_batch3,0,original,0d8d47b0b0bf9291e01f426782ba721d5be30ea9b2547f315c7ca48c367b2aa9,394200,6.6115301203806585,240,5,2017,0,224,12,0,5,1,5,1,5,1,272384,96256,0,171705,0.4412649054276316,4194304,4096,512,389120,1024,0.002631578947368421,0.7,0.24736842105263157,433145,16,1048576,4096,1048576,4096,368640,377608,272384,272384,1,1,0,0,0,0,0,272384,272384,5.0961321329973375,6.647377158537259,6.647377158537259,0,24536,3,80,0,0,0,0,0,80,12656,0,24536,14732,56,0,0,0,64,0,332,0,0,0,0,0,0,1,0,0,0,0,0,0,1,1,0,0,0,1,1,1,0,0,0,0,0,0,1,1,0,0,0,1,0,1,1,0,1,1,1,0,0,0,1,0,1,0,0,0,0x014c,0x010b,0x0002,.text
0db49b91804cdc30b301e0cb42ac19b1db4d13467bbd66444abfcdac2da4f6b6,dike_batch3,0,original,0db49b91804cdc30b301e0cb42ac19b1db4d13467bbd66444abfcdac2da4f6b6,182736,6.375580594188259,256,5,2017,0,224,10,0,5,1,0,0,5,1,115712,59904,0,59011,0.2940200494260204,4194304,4096,512,200704,1024,0.00510204081632653,0.576530612244898,0.29846938775510207,205799,16,1048576,4096,1048576,4096,175616,184704,115712,115712,1,1,0,0,0,0,0,115712,115712,5.222950086544527,6.585894885872059,6.585894885872059,0,6096,9,176,0,0,0,0,0,200,5444,0,6096,6364,28,0,0,0,64,0,740,0,0,0,0,0,0,1,0,0,0,0,0,0,1,1,0,0,0,1,1,1,0,0,0,0,0,0,1,1,0,0,0,1,0,1,1,0,1,1,1,0,0,0,1,0,1,0,0,0,0x014c,0x010b,0x0002,.text
0de494067cae74fe857afe2a514c23f6edf4ec34f5a0c8bb386746193dc82a80,existing_benign,0,original,0de494067cae74fe857afe2a514c23f6edf4ec34f5a0c8bb386746193dc82a80,134448,6.071579050672183,128,3,2087,0,224,48,0,4,0,0,0,4,0,120832,2560,0,128566,0.8718939887152778,4194304,8192,512,147456,512,0.003472222222222222,0.8194444444444444,0.017361111111111112,171107,16,1048576,4096,1048576,4096,123392,123392,120832,120832,1,0,0,0,0,0,0,120832,120832,3.3092321523251176,5.921724686477307,5.921724686477307,0,10544,1,1,0,0,0,0,0,79,1880,0,10544,12,84,0,0,0,0,0,8,0,72,0,0,0,0,1,0,1,0,1,0,0,1,1,0,1,0,1,1,1,0,0,0,0,0,0,1,1,0,0,0,1,0,1,1,0,1,1,1,0,0,0,0,0,1,0,1,0,0x014c,0x010b,0x0003,.text
0dfd9b9733913d7e1fc1ca19798b9ed57c2d4138ae5fa1ad9c6e12f1dee7062c,dike_batch3,0,original,0dfd9b9733913d7e1fc1ca19798b9ed57c2d4138ae5fa1ad9c6e12f1dee7062c,21504,5.176639995654744,128,9,1970,0,240,2,25,4,0,0,0,5,2,10240,20480,3072,5408,0.11002604166666667,4194304,4096,512,49152,1024,0.020833333333333332,0.20833333333333334,0.4166666666666667,49027,16,2097152,4096,1048576,4096,20480,23120,10240,10240,1,5,0,1,0,0,0,10240,10240,2.84527756776371,5.854783737678911,5.854783737678911,0,0,5,74,0,0,0,0,0,3284,0,696,0,0,0,0,0,40,0,0,632,0,0,0,0,1,0,1,1,1,0,1,0,0,0,0,0,0,0,0,1,1,0,0,0,0,0,0,0,1,0,0,0,1,0,1,0,1,0,0,0,0,0,1,0,0,1,0,0,0,0x8664,0x020b,0x0003,.text
0e24d83a815a402b65e84073f0c28fcb58372def459a1a0e35099e53253a6fbd,existing_benign,0,original,0e24d83a815a402b65e84073f0c28fcb58372def459a1a0e35099e53253a6fbd,22016,5.392523687676975,240,5,1990,0,224,14,38,10,0,10,0,10,0,10240,11776,0,12352,0.3350694444444444,4194304,4096,512,36864,1024,0.027777777777777776,0.2777777777777778,0.3194444444444444,81436,16,262144,8192,1048576,4096,20992,21696,10240,10240,1,1,0,0,0,0,0,10240,10240,4.114599668001556,5.931712015193389,5.931712015193389,0,0,15,75,0,0,0,0,0,320,5840,0,0,764,112,0,0,0,196,0,360,0,0,0,0,0,0,1,0,0,0,0,0,0,1,1,1,0,0,1,1,1,0,0,0,0,0,0,0,1,0,0,0,1,0,1,1,0,0,1,1,0,0,0,1,0,1,0,0,0,0x014c,0x010b,0x0003,.text
0e3de1806def011049d011b07a3a012cecce53cac8ff49f52ecf6db96aa0dcdc,dike_batch3,0,original,0e3de1806def011049d011b07a3a012cecce53cac8ff49f52ecf6db96aa0dcdc,132096,5.245603336614161,128,8,2016,0,224,2,22,4,0,1,0,4,0,6656,131072,1024,5344,0.03345352564102564,4194304,4096,512,159744,1024,0.00641025641025641,0.041666666666666664,0.8205128205128205,155648,16,2097152,4096,1048576,4096,131072,132076,119808,119808,1,6,0,1,0,0,0,6656,6656,2.826016036338173,5.8225035165517625,5.8225035165517625,0,0,3,51,0,0,0,0,0,1556,119704,0,0,0,0,0,0,24,0,0,216,0,0,0,0,0,0,1,1,0,0,0,0,0,0,0,0,0,0,0,1,1,0,0,0,0,0,0,0,1,0,0,0,1,0,1,1,0,0,0,0,0,0,1,0,0,1,0,0,0,0x014c,0x010b,0x0003,.text
0e69c9e8e2447ea2c355e3daa30c1697427fe40748a0daabf2d996ab254e89cf,dike_batch3,0,original,0e69c9e8e2447ea2c355e3daa30c1697427fe40748a0daabf2d996ab254e89cf,67768,5.964788745002186,128,11,1970,221,240,2,27,4,0,0,0,5,2,20992,44544,3072,5328,0.06194196428571429,4194304,4096,512,86016,1024,0.011904761904761904,0.24404761904761904,0.5178571428571429,107330,16,2097152,4096,1048576,4096,45056,47888,20992,20992,1,6,0,1,1,0,0,20992,20992,2.8666037591981337,5.860827672294531,5.860827672294531,0,21688,10,199,0,0,0,0,0,9180,4984,744,12000,0,0,0,0,40,0,0,1672,0,0,0,0,1,0,1,1,1,0,1,1,0,0,0,0,0,0,0,1,1,0,0,0,1,0,0,1,1,0,0,0,1,0,1,1,1,1,0,0,0,0,1,0,0,1,0,0,0,0x8664,0x020b,0x0002,.text
0e73886d15f788471581cbf3864703206fd96eb79e4683ffa332463507fdcda4,dike_batch3,0,original,0e73886d15f788471581cbf3864703206fd96eb79e4683ffa332463507fdcda4,52528,6.141672582606753,128,11,0,117,240,2,27,4,0,0,0,5,2,16384,34304,3072,5328,0.072265625,4194304,4096,512,73728,1024,0.013888888888888888,0.2222222222222222,0.4652777777777778,77861,16,2097152,4096,1048576,4096,34816,37648,16384,16384,1,6,0,1,1,0,0,16384,16384,2.8015313303755613,6.080793750012949,6.080793750012949,0,16688,6,102,0,0,0,0,0,4304,5040,720,12000,0,0,0,0,40,0,0,864,0,0,0,0,1,0,1,1,1,1,0,1,0,0,0,0,0,0,0,1,1,0,0,0,1,0,0,1,1,0,0,0,1,0,1,1,1,1,0,0,0,0,1,0,0,1,0,0,0,0x8664,0x020b,0x0002,.text
0eb2c59554203af473bc77aa31c9a9d3c94dd73b89f8b729f4d740486daa5e6b,existing_benign,0,original,0eb2c59554203af473bc77aa31c9a9d3c94dd73b89f8b729f4d740486daa5e6b,53400,5.879483312304323,256,5,2058,0,224,14,44,6,0,10,0,6,0,17920,30720,0,10460,0.17024739583333334,4194304,4096,512,61440,1024,0.016666666666666666,0.2916666666666667,0.5,82667,16,1048576,8192,1048576,4096,41984,48252,17920,17920,1,1,0,0,0,0,0,17920,17920,4.553171222438705,6.131048963696966,6.131048963696966,0,10392,14,116,0,0,0,0,0,300,17288,0,10392,1312,84,0,0,0,64,0,520,0,0,0,0,0,0,1,0,1,0,1,0,0,1,1,0,0,0,1,1,1,0,0,0,0,0,0,1,1,0,0,0,1,0,1,1,0,1,1,1,0,0,0,1,0,1,0,0,0,0x014c,0x010b,0x0003,.text
0fb36938fee6711d0b729f44df4ef1292706f856c47ae5d2b301ee1b5a844dce,existing_benign,0,original,0fb36938fee6711d0b729f44df4ef1292706f856c47ae5d2b301ee1b5a844dce,36304,6.659283099406615,232,4,2015,0,224,12,10,10,0,10,0,10,0,20992,5632,0,23040,0.5625,4194304,4096,512,40960,1024,0.025,0.5125,0.1375,94752,16,262144,8192,1048576,4096,26112,26488,20992,20992,1,1,0,0,0,0,0,20992,20992,4.251894560287033,6.158463061079867,6.158463061079867,0,9168,15,66,0,0,0,0,0,320,0,0,9168,1356,56,0,0,0,104,0,324,0,0,0,0,0,0,1,0,0,0,0,0,0,1,1,1,0,0,1,1,1,0,0,0,0,0,0,1,1,0,0,0,1,0,1,0,0,1,1,1,0,0,0,1,0,1,0,0,0,0x014c,0x010b,0x0003,.text
0fbcedf08d9e262137afba702687b2de15822149e4a282b9249907134e5ef151,dike_batch3,0,original,0fbcedf08d9e262137afba702687b2de15822149e4a282b9249907134e5ef151,46608,6.040992322992447,128,11,0,122,240,2,27,4,0,0,0,5,2,10752,28160,3072,5328,0.081298828125,4194304,4096,512,65536,1024,0.015625,0.1640625,0.4296875,99583,16,2097152,4096,1048576,4096,28672,31440,10752,10752,1,6,0,1,1,0,0,10752,10752,2.701176279073849,5.852425025801653,5.852425025801653,0,16912,7,106,0,0,0,0,0,4540,5016,648,12000,0,0,0,0,40,0,0,904,0,0,0,0,1,0,1,1,1,1,0,1,0,0,0,0,0,0,0,1,1,0,0,0,1,0,0,1,1,0,0,0,1,0,1,1,1,1,0,0,0,0,1,0,0,1,0,0,0,0x8664,0x020b,0x0002,.text
0fbe33fb688bc8b21db405ffc08f696f5eea215264952fb41027be527da384e7,dike_batch3,0,original,0fbe33fb688bc8b21db405ffc08f696f5eea215264952fb41027be527da384e7,57344,6.134301719721482,240,5,2016,0,224,12,10,10,0,10,0,10,0,46080,11776,0,39888,0.5728400735294118,4194304,4096,512,69632,1024,0.014705882352941176,0.6617647058823529,0.16911764705882354,59928,16,262144,8192,1048576,4096,56320,57384,46080,46080,1,1,0,0,0,0,0,46080,46080,4.853923765764043,6.5659540458313135,6.0475164410532685,0,0,12,80,0,0,0,0,0,260,2072,0,0,3928,56,0,0,0,104,0,368,0,0,0,0,0,0,1,0,0,0,0,0,0,1,1,1,0,0,1,1,1,0,0,0,0,0,0,0,1,0,0,0,1,0,1,1,0,0,1,1,0,0,0,1,0,1,0,0,0,0x014c,0x010b,0x0002,.text
0fe87602f6f2a6dd5acf209eea81ec0555fe1e02d6f781299724238b4cb2e2c1,dike_batch3,0,original,0fe87602f6f2a6dd5acf209eea81ec0555fe1e02d6f781299724238b4cb2e2c1,279552,5.776297082835798,128,9,1970,0,240,2,25,4,0,0,0,5,2,232448,46080,3072,5376,0.017736486486486486,4194304,4096,512,303104,1024,0.0033783783783783786,0.7668918918918919,0.15202702702702703,294804,16,2097152,4096,1048576,4096,278528,281168,232448,232448,1,5,0,1,0,0,0,232448,232448,3.355190695789945,5.576852040832543,5.576852040832543,0,0,3,100,0,0,0,0,0,3560,0,5160,0,0,0,0,0,40,0,0,824,0,0,0,0,1,0,1,1,1,0,1,0,0,0,0,0,0,0,0,1,1,0,0,0,0,0,0,0,1,0,0,0,1,0,1,0,1,0,0,0,0,0,1,0,0,1,0,0,0,0x8664,0x020b,0x0003,.text
0ff0a7429ebd5f19eac9fef4504d12c2b2b66a2b060de1c25d6e8fd08262f6d9,dike_batch3,0,original,0ff0a7429ebd5f19eac9fef4504d12c2b2b66a2b060de1c25d6e8fd08262f6d9,30720,5.441002230979992,128,5,1970,0,224,2,25,4,0,1,0,4,0,13824,15872,512,4096,0.08333333333333333,4194304,4096,512,49152,1024,0.020833333333333332,0.28125,0.3229166666666667,40325,16,2097152,4096,1048576,4096,29696,29760,13824,13824,1,4,0,1,1,0,0,13824,13824,4.916618602698729,5.885842830553159,5.885842830553159,0,0,3,51,0,0,0,0,0,1420,0,0,0,0,0,0,0,0,0,0,0,0,0,0,0,0,0,1,1,0,0,1,0,0,0,0,0,0,0,0,1,1,0,0,0,1,0,0,0,1,0,0,0,1,0,1,0,0,0,0,0,0,0,0,0,0,0,0,0,0,0x014c,0x010b,0x0003,.text
103359c8ceb3fb7753e22f1b953a5ad7717eb89ecf699fe6fa827d2bca56f7c0,dike_batch3,0,original,103359c8ceb3fb7753e22f1b953a5ad7717eb89ecf699fe6fa827d2bca56f7c0,41984,5.542446409548266,128,9,1970,0,240,2,25,4,0,0,0,5,2,21504,19456,3072,5376,0.07291666666666667,4194304,4096,512,73728,1024,0.013888888888888888,0.2916666666666667,0.2638888888888889,58778,16,2097152,4096,1048576,4096,40960,43728,21504,21504,1,5,0,1,0,0,0,21504,21504,2.9013854914793584,5.978113666863482,5.978113666863482,0,0,7,192,0,0,0,0,0,8628,0,1164,0,0,0,0,0,40,0,0,1592,0,0,0,0,1,0,1,1,1,0,1,0,0,0,0,0,0,0,0,1,1,0,0,0,0,0,0,0,1,0,0,0,1,0,1,0,1,0,0,0,0,0,1,0,0,1,0,0,0,0x8664,0x020b,0x0003,.text
10ca3ab7ad3a1a39fc0e56287a16a0a69bbfc3ef2770761f54c46108685962bd,existing_benign,0,original,10ca3ab7ad3a1a39fc0e56287a16a0a69bbfc3ef2770761f54c46108685962bd,20528,6.904664609879646,128,3,2019,0,224,48,0,4,0,0,0,4,0,2048,2048,0,9814,0.29949951171875,268435456,8192,512,32768,512,0.015625,0.0625,0.0625,85748,16,1048576,4096,1048576,4096,4096,4096,2048,2048,1,0,0,0,0,0,0,2048,2048,2.5268333942755627,4.749818242569246,4.749818242569246,0,15920,1,1,0,0,0,0,0,79,1212,0,15920,12,0,0,0,0,0,0,8,0,72,0,0,0,1,0,0,1,0,0,0,0,1,1,0,0,0,1,1,1,0,0,0,0,0,0,1,1,0,0,0,1,0,1,1,0,1,1,0,0,0,0,0,0,1,0,1,0,0x014c,0x010b,0x0003,.text
10cfee2da8c02724184a60a0bf386df8ac988ca498dd39a64cdca65a58dd320a,dike_batch3,0,original,10cfee2da8c02724184a60a0bf386df8ac988ca498dd39a64cdca65a58dd320a,19456,4.848824577103214,128,9,1970,0,240,2,25,4,0,0,0,5,2,9216,9216,3072,5376,0.109375,4194304,4096,512,49152,1024,0.020833333333333332,0.1875,0.1875,21909,16,2097152,4096,1048576,4096,18432,21072,9216,9216,1,5,0,1,0,0,0,9216,9216,2.4772831959620705,5.831977103188928,5.831977103188928,0,0,3,65,0,0,0,0,0,2460,0,612,0,0,0,0,0,40,0,0,544,0,0,0,0,1,0,1,1,1,0,1,0,0,0,0,0,0,0,0,1,1,0,0,0,0,0,0,0,1,0,0,0,1,0,1,0,1,0,0,0,0,0,1,0,0,1,0,0,0,0x8664,0x020b,0x0003,.text
10ddc91db7463138fee1d01c97d4b540168557dad58e2dfee8cb1393497bde3a,dike_batch3,0,original,10ddc91db7463138fee1d01c97d4b540168557dad58e2dfee8cb1393497bde3a,23040,4.9891425463868,128,10,1970,0,240,2,25,4,0,0,0,5,2,10240,11776,3072,5376,0.10096153846153846,4194304,4096,512,53248,1024,0.019230769230769232,0.19230769230769232,0.22115384615384615,38591,16,2097152,4096,1048576,4096,22016,24656,10240,10240,1,6,0,1,0,0,0,10240,10240,2.656061930902077,5.78800729665799,5.78800729665799,0,0,4,77,0,0,0,0,0,3028,1504,588,0,0,0,0,0,40,0,0,648,0,0,0,0,1,0,1,1,1,0,1,0,0,0,0,0,0,0,0,1,1,0,0,0,0,0,0,0,1,0,0,0,1,0,1,1,1,0,0,0,0,0,1,0,0,1,0,0,0,0x8664,0x020b,0x0003,.text
10f8f6bd0af6f336c65d42a69cb40ce1df2ad888e2cbda6e9d4abdbef1693720,existing_benign,0,original,10f8f6bd0af6f336c65d42a69cb40ce1df2ad888e2cbda6e9d4abdbef1693720,107008,6.388175132650958,256,6,2046,0,224,14,38,10,0,10,0,10,0,7168,99840,0,7600,0.05985383064516129,4194304,4096,512,126976,1024,0.008064516129032258,0.056451612903225805,0.7862903225806451,168856,16,262144,8192,1048576,4096,105984,106560,95232,95232,1,2,0,0,0,0,0,7168,7168,3.852956882942704,6.4507172502455745,5.643371864832857,0,0,4,52,0,0,0,0,0,100,94736,0,0,492,112,0,0,0,192,0,224,64,0,0,0,0,0,1,0,0,0,1,0,0,1,1,1,0,0,1,1,1,0,0,0,0,0,0,0,1,0,0,0,1,0,1,1,0,0,1,1,0,0,0,1,0,1,1,0,0,0x014c,0x010b,0x0002,.text
10feeb1b0fde32e0d3699bb8bb8558fafb03da45b7d204dd5b7200439a39cf2f,dike_batch3,0,original,10feeb1b0fde32e0d3699bb8bb8558fafb03da45b7d204dd5b7200439a39cf2f,30704,6.651224607522222,128,3,2012,0,224,11,0,4,0,0,0,6,0,11776,2560,0,19454,0.474951171875,4194304,8192,512,40960,512,0.0125,0.2875,0.0625,94909,16,1048576,4096,1048576,4096,14336,14336,11776,11776,1,0,0,0,0,0,0,11776,11776,3.1195945603023882,5.673756571804262,5.673756571804262,0,15856,1,1,0,0,0,0,0,79,1672,0,15856,12,28,0,0,0,0,0,8,0,72,0,0,0,0,1,0,0,0,0,0,0,1,1,0,1,0,1,1,1,0,0,0,0,0,0,1,1,0,0,0,1,0,1,1,0,1,1,1,0,0,0,0,0,1,0,1,0,0x014c,0x010b,0x0003,.text
11a1f22cc5614d2f8c58e698da5616f94805b5f9a4cd24d5433ea3d9aa3cfe02,dike_batch3,0,original,11a1f22cc5614d2f8c58e698da5616f94805b5f9a4cd24d5433ea3d9aa3cfe02,36864,5.590960771850802,232,6,2015,0,240,12,10,10,0,10,0,10,0,21504,18432,0,23072,0.37552083333333336,5368709120,4096,512,61440,1024,0.016666666666666666,0.35,0.3,46958,16,524288,8192,1048576,4096,35840,39904,21504,21504,1,1,0,0,0,0,0,21504,21504,3.0888660866335473,6.122277312116292,6.122277312116292,0,0,7,130,0,0,0,0,0,160,4512,552,0,32,56,0,0,0,160,0,1096,0,0,0,0,1,0,1,0,1,0,0,0,0,1,1,1,1,0,1,1,1,0,0,0,0,0,0,0,1,0,0,0,1,0,1,1,1,0,1,1,0,0,0,1,0,1,0,0,0,0x8664,0x020b,0x0002,.text
120278154abac09fdcbb30fa6444dc13224373bf8d42d2c3fa40ecdf5c308757,dike_batch3,0,original,120278154abac09fdcbb30fa6444dc13224373bf8d42d2c3fa40ecdf5c308757,57272,6.068618366193363,128,11,1970,162,240,2,27,4,0,0,0,5,2,16896,36864,3072,5328,0.06846217105263158,4194304,4096,512,77824,1024,0.013157894736842105,0.21710526315789475,0.47368421052631576,114293,16,2097152,4096,1048576,4096,37376,40144,16896,16896,1,6,0,1,1,0,0,16896,16896,2.826180547683247,6.033964640691264,6.033964640691264,0,18872,11,138,0,0,0,0,0,6356,5008,768,12000,0,0,0,0,40,0,0,1192,0,0,0,0,1,0,1,1,1,0,1,1,0,0,0,0,0,0,0,1,1,0,0,0,1,0,0,1,1,0,0,0,1,0,1,1,1,1,0,0,0,0,1,0,0,1,0,0,0,0x8664,0x020b,0x0002,.text
1217e3eeceb14ec67b66f0af056733efd7f9ea00213c420bded8d76d6ca80184,dike_batch3,0,original,1217e3eeceb14ec67b66f0af056733efd7f9ea00213c420bded8d76d6ca80184,151480,5.946021753165037,128,3,2012,0,224,11,0,4,0,0,0,6,0,108544,26624,0,116622,0.71180419921875,4194304,8192,512,163840,512,0.003125,0.6625,0.1625,194451,16,1048576,4096,1048576,4096,135168,135168,108544,108544,1,0,0,0,0,0,0,108544,108544,3.4981162188405484,5.78276940109903,5.78276940109903,0,15800,1,1,0,0,0,0,0,75,25688,0,15800,12,28,0,0,0,0,0,8,0,72,0,0,0,0,1,0,0,0,0,0,0,1,1,0,1,0,1,1,1,0,0,0,0,0,0,1,1,0,0,0,1,0,1,1,0,1,1,1,0,0,0,0,0,1,0,1,0,0x014c,0x010b,0x0003,.text
12282bd600cb9546b2b59fc21ef5ce6e457f65714a12eecc81c827d6d30ed0d7,existing_benign,0,original,12282bd600cb9546b2b59fc21ef5ce6e457f65714a12eecc81c827d6d30ed0d7,123904,6.559390813262497,240,6,2005,0,224,14,38,10,0,10,0,10,0,30208,94208,0,31856,0.22874540441176472,4194304,4096,512,139264,1024,0.007352941176470588,0.21691176470588236,0.6764705882352942,154592,16,262144,8192,1048576,4096,122880,124128,86016,86016,1,2,0,0,0,0,0,30208,30208,4.006380426425605,6.462249427543219,6.400174786688848,0,0,14,98,2,0,0,0,0,300,85688,0,0,1632,112,0,0,0,196,0,448,64,0,0,0,0,0,1,0,0,0,0,0,0,1,1,1,0,0,1,1,1,0,0,0,0,0,0,0,1,0,0,1,1,0,1,1,0,0,1,1,0,0,0,1,0,1,1,0,0,0x014c,0x010b,0x0002,.text
1232ef4c8b3eb1e38cd6df07d609470f8efe129625ad29dc27aa93848e7dfb8c,dike_batch3,0,original,1232ef4c8b3eb1e38cd6df07d609470f8efe129625ad29dc27aa93848e7dfb8c,1187152,6.407082566085919,256,8,2016,0,224,2,25,5,0,6,0,5,0,1047040,131584,0,1054060,0.8549464026162791,4194304,4096,512,1232896,1024,0.0008305647840531562,0.8492524916943521,0.10672757475083057,1211412,16,1048576,16384,1048576,4096,1178624,1203664,1040896,1040896,2,4,0,2,1,0,1,6144,6144,4.519234238385271,6.474506599432519,5.94899155660316,0,7504,24,523,0,0,0,0,0,14400,103424,0,7504,0,0,0,0,24,0,0,2188,0,0,0,0,0,0,1,1,0,0,0,0,0,1,1,0,0,0,1,1,1,0,0,0,1,0,0,1,1,0,0,0,1,0,1,1,0,1,0,0,0,0,1,0,0,1,0,0,0,0x014c,0x010b,0x0002,.itext
12583e6a823028d30f25a31bf950a22281e8fe0e751df565bdb82545ba787533,dike_batch3,0,original,12583e6a823028d30f25a31bf950a22281e8fe0e751df565bdb82545ba787533,102160,5.359945997385416,128,3,2012,0,224,8,0,4,0,0,0,4,0,45056,49152,0,51854,0.45213099888392855,285212672,8192,4096,114688,4096,0.03571428571428571,0.39285714285714285,0.42857142857142855,114473,16,1048576,4096,1048576,4096,94208,94208,45056,45056,1,0,0,0,0,0,0,45056,45056,3.5515098811847694,5.764755100284766,5.764755100284766,0,3856,1,1,0,0,0,0,0,87,43632,0,3856,12,0,0,0,0,0,0,8,0,72,0,0,0,0,1,0,0,0,0,0,0,1,1,0,0,0,1,1,1,0,0,0,0,0,0,1,1,0,0,0,1,0,1,1,0,1,1,0,0,0,0,0,0,1,0,1,0,0x014c,0x010b,0x0002,.text
127982e6d3fb69fff13152b20d3f87f922821140b588c0d4571557e641fcbcbf,existing_benign,0,original,127982e6d3fb69fff13152b20d3f87f922821140b588c0d4571557e641fcbcbf,1286240,6.70310688247786,296,5,2025,0,224,14,42,6,0,0,0,6,0,1060352,2877952,0,1053744,0.2665924546632124,4194304,4096,512,3952640,1024,0.00025906735751295336,0.2682642487046632,0.7281088082901555,1344422,16,10000000,4096,1048576,4096,1274880,3938068,1060352,2670356,1,1,0,0,0,0,0,1060352,1060352,5.813124081023281,6.615799681615301,6.573747066490586,0,10336,17,327,0,0,0,0,14868,360,1376,0,10336,24584,84,0,0,24,64,0,1376,0,0,0,0,0,0,1,0,0,0,0,0,0,1,1,1,0,0,1,1,1,0,0,0,0,0,0,1,1,0,0,0,1,1,1,1,0,1,1,1,0,0,1,1,0,1,0,0,0,0x014c,0x010b,0x0003,.text
1296acd35b7b7c0754e887430518b65c3a9efb89f111961a852806a07055d344,dike_batch3,0,original,1296acd35b7b7c0754e887430518b65c3a9efb89f111961a852806a07055d344,38400,5.680006566636146,240,5,2015,0,224,12,10,10,0,10,0,10,0,26624,13312,0,27264,0.5120192307692307,4194304,4096,512,53248,1024,0.019230769230769232,0.5,0.25,95945,16,262144,32768,1048576,4096,37376,39624,26624,26624,1,1,0,0,0,0,0,26624,26624,4.472221413304246,6.544688478464983,5.907780359479932,0,0,19,96,0,0,0,0,0,400,1792,0,0,1980,56,0,0,0,104,0,460,0,0,0,0,0,0,1,0,0,0,0,0,0,1,1,1,0,0,1,1,1,0,0,0,0,0,0,0,1,0,0,0,1,0,1,1,0,0,1,1,0,0,0,1,0,1,0,0,0,0x014c,0x010b,0x0002,.text
12ad04a7c16daf4830bd62659a74eb237edca55c90e7a67f63e47d37398bc52b,existing_benign,0,original,12ad04a7c16daf4830bd62659a74eb237edca55c90e7a67f63e47d37398bc52b,101432,5.702688844676795,128,3,2019,0,224,48,0,4,0,0,0,6,0,70144,13824,0,77974,0.732177734375,4194304,8192,512,106496,512,0.004807692307692308,0.6586538461538461,0.12980769230769232,154232,16,1048576,4096,1048576,4096,83968,83968,70144,70144,1,0,0,0,0,0,0,70144,70144,2.923058057242105,5.303557999214196,5.303557999214196,0,16952,1,1,0,0,0,0,0,79,12924,0,16952,12,28,0,0,0,0,0,8,0,72,0,0,0,0,1,0,0,0,0,0,0,1,1,0,1,0,1,1,1,0,0,0,0,0,0,1,1,0,0,0,1,0,1,1,0,1,1,1,0,0,0,0,0,1,0,1,0,0x014c,0x010b,0x0003,.text
12d3e106489c6a0e0dcda41643bb3d9c4e3399a7bd77dcb24b14a0b3f3c05e78,existing_benign,0,original,12d3e106489c6a0e0dcda41643bb3d9c4e3399a7bd77dcb24b14a0b3f3c05e78,17920,5.350896911482943,248,5,2101,0,224,14,38,10,0,10,0,10,0,8192,9728,0,9840,0.3431919642857143,4194304,4096,512,28672,1024,0.03571428571428571,0.2857142857142857,0.3392857142857143,29828,16,262144,8192,1048576,4096,16896,17504,8192,8192,1,1,0,0,0,0,0,8192,8192,3.921110520345053,5.82997112585211,5.82997112585211,0,0,15,84,13,0,0,0,0,320,3848,0,0,604,112,0,0,0,192,0,396,0,0,0,0,0,0,1,0,0,0,1,0,0,1,1,1,0,0,1,1,1,0,0,0,0,0,0,0,1,0,0,1,1,0,1,1,0,0,1,1,0,0,0,1,0,1,0,0,0,0x014c,0x010b,0x0002,.text
132b4047c9e4ff510b3bbd9db9c1a716f7adf2643cd69d379c6caefc4768c66e,existing_benign,0,original,132b4047c9e4ff510b3bbd9db9c1a716f7adf2643cd69d379c6caefc4768c66e,47616,6.253432961459058,256,5,2012,0,224,14,38,10,0,10,0,10,0,36352,14848,0,35248,0.537841796875,4194304,4096,512,65536,1024,0.015625,0.5546875,0.2265625,67267,16,262144,8192,1048576,4096,46592,51200,36352,36352,1,1,0,0,0,0,0,36352,36352,4.570920953227886,6.4673150095010365,6.315723975551221,0,0,22,120,1,0,0,0,0,460,2096,0,0,1904,112,0,0,0,196,0,568,0,0,0,0,0,0,1,0,0,0,0,0,0,1,1,1,0,0,1,1,1,0,0,0,0,0,0,0,1,0,0,1,1,0,1,1,0,0,1,1,0,0,0,1,0,1,0,0,0,0x014c,0x010b,0x0003,.text
1341f06c94f78bbcdf95ee91d7ad34a2bc9e4b745c3f82b5b406d1e11122e8fb,existing_benign,0,original,1341f06c94f78bbcdf95ee91d7ad34a2bc9e4b745c3f82b5b406d1e11122e8fb,33792,5.996450665187962,232,5,2028,0,224,14,38,10,0,10,0,10,0,22016,12288,0,23776,0.4837239583333333,4194304,4096,512,49152,1024,0.020833333333333332,0.4479166666666667,0.25,84831,16,262144,8192,1048576,4096,32768,34112,22016,22016,1,1,0,0,0,0,0,22016,22016,4.375581800259057,6.471358419860967,6.232971486614002,0,0,24,91,0,0,0,0,0,500,4792,0,0,1016,112,0,0,0,192,0,460,0,0,0,0,0,0,1,0,0,0,0,0,0,1,1,1,0,0,1,1,1,0,0,0,0,0,0,0,1,0,0,0,1,0,1,1,0,0,1,1,0,0,0,1,0,1,0,0,0,0x014c,0x010b,0x0003,.text
135dc9f5bb1d8d0db8eef35388d5e2342c1cfbb4922322bc4f183b553717a23c,existing_benign,0,original,135dc9f5bb1d8d0db8eef35388d5e2342c1cfbb4922322bc4f183b553717a23c,71168,6.469014173533475,232,5,1995,0,224,14,38,10,0,10,0,10,0,58368,14848,0,58544,0.6806175595238095,4194304,4096,512,86016,1024,0.011904761904761904,0.6785714285714286,0.17261904761904762,80606,16,262144,8192,1048576,4096,70144,72768,58368,58368,1,1,0,0,0,0,0,58368,58368,4.439845516686929,6.446357498715821,6.446357498715821,0,0,8,153,0,0,0,0,0,180,2072,0,0,3604,112,0,0,24,196,0,644,0,0,0,0,0,0,1,0,0,0,0,0,0,1,1,1,0,0,1,1,1,0,0,0,0,0,0,0,1,0,0,0,1,0,1,1,0,0,1,1,0,0,1,1,0,1,0,0,0,0x014c,0x010b,0x0003,.text
1427a1fbdc06e9942fccb80431261c4d145a53978f4c466a1ad6373b828a863a,dike_batch3,0,original,1427a1fbdc06e9942fccb80431261c4d145a53978f4c466a1ad6373b828a863a,57344,5.84844219351542,224,3,1999,0,224,6,0,4,0,0,0,4,0,40960,425984,0,15132,0.032124660326086955,4194304,4096,4096,471040,4096,0.008695652173913044,0.08695652173913043,0.9043478260869565,0,16,1048576,4096,1048576,4096,53248,465124,40960,420068,1,1,0,0,0,0,0,40960,40960,4.656851837539961,6.515703892873143,6.515703892873143,0,0,2,64,0,0,0,0,0,60,0,0,0,0,0,0,0,0,0,0,264,0,0,0,0,0,0,1,1,0,0,0,0,1,0,0,0,0,0,0,1,1,0,0,0,0,0,0,0,1,0,0,0,1,0,1,0,0,0,0,0,0,0,0,0,0,1,0,0,0,0x014c,0x010b,0x0003,.text
146c84dd9ac5971be48fb0683b6f3c52fcad3a45d3ef241c9aa608bb0916289e,existing_benign,0,original,146c84dd9ac5971be48fb0683b6f3c52fcad3a45d3ef241c9aa608bb0916289e,31744,5.75176260772448,232,5,2002,0,224,14,38,10,0,10,0,10,0,17920,16384,0,19312,0.3929036458333333,4194304,4096,512,49152,1024,0.020833333333333332,0.3645833333333333,0.3333333333333333,72686,16,262144,8192,1048576,4096,30720,34080,17920,17920,1,1,0,0,0,0,0,17920,17920,4.333741893101207,6.552730601549255,6.016762584290572,0,0,20,126,0,0,0,0,0,420,5736,0,0,1472,112,0,0,0,192,0,584,0,0,0,0,0,0,1,0,0,0,0,0,0,1,1,1,0,0,1,1,1,0,0,0,0,0,0,0,1,0,0,0,1,0,1,1,0,0,1,1,0,0,0,1,0,1,0,0,0,0x014c,0x010b,0x0002,.text
147192b01741bc0862d13b7d9c47345d04962e9b26a9abb5a606256131f85a0d,dike_batch3,0,original,147192b01741bc0862d13b7d9c47345d04962e9b26a9abb5a606256131f85a0d,69120,6.362637333280208,264,5,2017,0,224,11,0,6,0,0,0,6,0,39936,28160,0,42710,0.49653552827380953,4194304,4096,512,86016,1024,0.011904761904761904,0.4642857142857143,0.3273809523809524,109133,16,8388608,4096,1048576,4096,68096,73488,39936,39936,1,1,0,0,0,0,0,39936,39936,5.081385737450897,6.4132296336141,6.4132296336141,0,0,4,222,0,0,0,0,144,100,3916,0,0,3788,84,0,0,0,64,0,904,0,0,0,0,0,0,1,0,0,0,0,0,0,1,1,0,0,0,1,1,1,0,0,0,0,0,0,0,1,0,0,0,1,1,1,1,0,0,1,1,0,0,0,1,0,1,0,0,0,0x014c,0x010b,0x0003,.text
14e64436677fdd74a0e1923f7b2a10d191620e16f1fa6069805ab034b8ff09df,dike_batch3,0,original,14e64436677fdd74a0e1923f7b2a10d191620e16f1fa6069805ab034b8ff09df,57352,6.155370490903439,128,11,1971,153,240,2,27,4,0,0,0,5,2,18432,37376,28672,5328,0.05419921875,4194304,4096,512,98304,1024,0.010416666666666666,0.1875,0.3802083333333333,96504,16,2097152,4096,1048576,4096,37888,66512,18432,28624,1,6,0,1,1,0,0,18432,18432,2.919673756333101,6.061849894438644,6.061849894438644,0,18440,11,129,0,0,0,0,0,5928,5016,780,12000,0,0,0,0,40,0,0,1120,0,0,0,0,1,0,1,1,1,0,1,1,0,0,0,0,0,0,0,1,1,0,0,0,1,0,0,1,1,0,0,0,1,0,1,1,1,1,0,0,0,0,1,0,0,1,0,0,0,0x8664,0x020b,0x0002,.text
152fd67b64bd389629406fb8cd1caf0d20b4581eb4a7ace00b987337b06590cd,existing_benign,0,original,152fd67b64bd389629406fb8cd1caf0d20b4581eb4a7ace00b987337b06590cd,12800,5.185489617734533,240,5,2018,0,224,14,38,10,0,10,0,10,0,6144,6656,0,6656,0.23214285714285715,4194304,4096,512,28672,1024,0.03571428571428571,0.21428571428571427,0.23214285714285715,53526,16,262144,8192,1048576,4096,11776,12320,6144,6144,1,1,0,0,0,0,0,6144,6144,3.99843621014388,5.528147579143078,5.528147579143078,0,0,5,41,0,0,0,0,0,120,3048,0,0,364,112,0,0,0,192,0,184,0,0,0,0,0,0,1,0,0,0,0,0,0,1,1,1,0,0,1,1,1,0,0,0,0,0,0,0,1,0,0,0,1,0,1,1,0,0,1,1,0,0,0,1,0,1,0,0,0,0x014c,0x010b,0x0002,.text
154c8fa7838ebe26a3dd69f092c7a28073f6b3ee7fdcda1e7bb1d95932ee2c02,existing_benign,0,original,154c8fa7838ebe26a3dd69f092c7a28073f6b3ee7fdcda1e7bb1d95932ee2c02,76136,6.623120300283843,224,5,2030,0,224,14,38,10,0,10,0,6,0,53760,17920,0,20832,0.2421875,4194304,4096,512,86016,1024,0.011904761904761904,0.625,0.20833333333333334,141378,16,262144,8192,1048576,4096,64512,71520,53760,53760,1,1,0,0,0,0,0,53760,53760,4.6956940857929315,6.496587942957503,6.496587942957503,0,10600,4,84,14,0,0,0,0,100,1824,0,10600,2620,112,0,0,0,64,0,352,0,0,0,0,0,0,1,0,0,0,0,0,0,1,1,1,0,0,1,1,1,0,0,0,0,0,0,1,1,0,0,1,1,0,1,1,0,1,1,1,0,0,0,1,0,1,0,0,0,0x014c,0x010b,0x0003,.text
155375bf02e4cf36dbe0db6eec3e39f35958fb13283d09a20b758539f490a780,dike_batch3,0,original,155375bf02e4cf36dbe0db6eec3e39f35958fb13283d09a20b758539f490a780,118784,6.004107799298042,232,4,2002,0,224,8,0,4,0,0,0,4,0,61440,57344,0,6824,0.05553385416666667,4194304,4096,4096,122880,4096,0.03333333333333333,0.5,0.4666666666666667,0,16,1048576,4096,1048576,4096,114688,118440,61440,61440,1,1,0,0,0,0,0,61440,61440,4.515621603153791,6.446073710806754,6.446073710806754,0,0,1,83,0,0,0,0,0,40,31872,0,0,0,0,0,0,0,64,0,336,0,0,0,0,0,0,1,1,0,0,0,0,1,0,0,0,0,0,0,1,1,0,0,0,0,0,0,0,1,0,0,0,1,0,1,1,0,0,0,0,0,0,0,1,0,1,0,0,0,0x014c,0x010b,0x0003,.text
1566460d4c89f8a26fcde4b0fd4f70d7ccbf873dbeaf5f52e44f96a45c0e3807,dike_batch3,0,original,1566460d4c89f8a26fcde4b0fd4f70d7ccbf873dbeaf5f52e44f96a45c0e3807,84344,6.1104242963063555,128,11,1970,242,240,2,27,4,0,0,0,5,2,32768,60416,3072,5328,0.05655570652173913,4194304,4096,512,94208,1024,0.010869565217391304,0.34782608695652173,0.6413043478260869,143662,16,2097152,4096,1048576,4096,60928,63696,32768,32768,1,6,0,1,1,0,0,32768,32768,3.005757022372896,6.056351445425429,6.056351445425429,0,22392,12,216,0,0,0,0,0,9796,5008,1008,12000,0,0,0,0,40,0,0,1824,0,0,0,0,1,0,1,1,1,0,1,1,0,0,0,0,0,0,0,1,1,0,0,0,1,0,0,1,1,0,0,0,1,0,1,1,1,1,0,0,0,0,1,0,0,1,0,0,0,0x8664,0x020b,0x0002,.text
1629630cf717f6abe87bd15813ff693441ea6ea32785c08eb88fe82c9e05f45f,dike_batch3,0,original,1629630cf717f6abe87bd15813ff693441ea6ea32785c08eb88fe82c9e05f45f,97792,6.047453889825767,248,6,2016,0,240,10,0,5,2,0,0,5,2,52736,44032,0,10328,0.08404947916666666,5368709120,4096,512,122880,1024,0.008333333333333333,0.42916666666666664,0.35833333333333334,124836,16,1048576,4096,1048576,4096,96768,106116,52736,52736,1,1,0,0,0,0,0,52736,52736,4.239529834783434,6.385259841337706,6.385259841337706,0,0,2,79,0,0,0,0,0,60,20644,2568,0,356,28,0,0,0,0,0,648,0,0,0,0,1,0,1,0,1,0,0,0,0,1,1,0,0,0,1,1,1,0,0,0,0,0,0,0,1,0,0,0,1,0,1,1,1,0,1,1,0,0,0,0,0,1,0,0,0,0x8664,0x020b,0x0003,.text
1677d160b38b55b8e27e0c012a5ebb1a2ac34d87e515ca82412d9d3465507d80,dike_batch3,0,original,1677d160b38b55b8e27e0c012a5ebb1a2ac34d87e515ca82412d9d3465507d80,126328,6.427767991686192,240,6,2016,0,240,14,0,10,0,10,0,6,1,69632,49664,0,71632,0.5465087890625,5368709120,4096,512,131072,1024,0.0078125,0.53125,0.37890625,128611,16,524288,8192,1048576,4096,117760,119104,69632,69632,1,1,0,0,0,0,0,69632,69632,3.827768017207353,6.15839484375833,6.15839484375833,0,7544,6,107,0,0,0,0,28612,140,2280,3276,7544,100,56,0,0,0,208,0,904,0,0,0,0,1,0,1,0,1,0,0,0,0,1,1,1,1,0,1,1,1,0,0,0,0,0,0,1,1,0,0,0,1,1,1,1,1,1,1,1,0,0,0,1,0,1,0,0,0,0x8664,0x020b,0x0003,.text
17159e21d4927bcb1e249a0f6cade3934488af0717ee007bc78a0e5b13e46595,existing_benign,0,original,17159e21d4927bcb1e249a0f6cade3934488af0717ee007bc78a0e5b13e46595,82112,6.513995228372805,256,6,2092,0,224,14,38,10,0,10,0,10,0,62464,42496,0,21168,0.172265625,268435456,4096,512,122880,1024,0.008333333333333333,0.5083333333333333,0.3458333333333333,131535,16,262144,4096,1048576,4096,70656,104848,62464,62464,1,2,0,0,0,0,0,62464,62464,3.8737087502476872,6.522232512823411,6.212676224821287,0,10432,19,78,0,0,0,0,2079,400,1024,0,10432,2440,112,0,0,0,192,0,388,160,0,0,0,0,1,0,0,0,0,1,0,0,1,1,1,0,0,0,1,1,0,0,0,0,0,0,1,1,0,0,0,1,1,1,1,0,1,1,1,0,0,0,1,0,1,1,0,0,0x014c,0x010b,0x0003,.text
17512c151cb3bc1416320d18e30dc9acb67c64b4a0b59fee89f1d3c954b5d84f,existing_benign,0,original,17512c151cb3bc1416320d18e30dc9acb67c64b4a0b59fee89f1d3c954b5d84f,79360,6.208885435015329,232,6,2045,0,224,14,38,10,0,10,0,6,2,62464,23040,0,63344,0.61859375,4194304,4096,512,102400,1024,0.01,0.61,0.225,95548,16,262144,8192,1048576,4096,78336,85344,62464,62464,1,2,0,0,0,0,0,62464,62464,3.8977631613881036,6.416608671045614,6.370055878686835,0,0,8,149,0,0,0,0,0,180,2088,0,0,3660,112,0,0,0,196,0,628,64,0,0,0,0,0,1,0,0,0,1,0,0,1,1,1,0,0,1,1,1,0,0,0,0,0,0,0,1,0,0,0,1,0,1,1,0,0,1,1,0,0,0,1,0,1,1,0,0,0x014c,0x010b,0x0003,.text
1771601050b34a7ba4c3815c1f382091fee8b3831159919349e5bc57b8d16e34,existing_benign,0,original,1771601050b34a7ba4c3815c1f382091fee8b3831159919349e5bc57b8d16e34,34600,6.269418656597076,128,3,2039,0,224,48,0,4,0,0,0,4,0,20992,2560,0,29046,0.5909423828125,4194304,8192,512,49152,512,0.010416666666666666,0.4270833333333333,0.052083333333333336,43473,16,1048576,4096,1048576,4096,23552,23552,20992,20992,1,0,0,0,0,0,0,20992,20992,3.1117507842082524,5.637041613480841,5.637041613480841,0,10536,1,1,0,0,0,0,0,79,1644,0,10536,12,84,0,0,0,0,0,8,0,72,0,0,0,0,1,0,1,0,1,0,0,1,1,0,1,0,1,1,1,0,0,0,0,0,0,1,1,0,0,0,1,0,1,1,0,1,1,1,0,0,0,0,0,1,0,1,0,0x014c,0x010b,0x0003,.text
17bbf89e686da7e0ec6afc47109a3288691fe8bf47651eae561450a652ef6c2e,dike_batch3,0,original,17bbf89e686da7e0ec6afc47109a3288691fe8bf47651eae561450a652ef6c2e,59904,5.998014423711508,128,9,1970,0,240,2,25,4,0,0,0,5,2,41984,16896,5632,5376,0.05965909090909091,4194304,4096,512,90112,1024,0.011363636363636364,0.4659090909090909,0.1875,119921,16,12582912,4096,1048576,4096,58880,64464,41984,41984,1,5,0,1,0,0,0,41984,41984,3.1710736976082456,6.2381007478290575,6.2381007478290575,0,0,3,103,0,0,0,0,0,3740,0,1944,0,0,0,0,0,40,0,0,848,0,0,0,0,1,0,1,1,1,0,1,0,0,0,0,0,0,0,0,1,1,0,0,0,0,0,0,0,1,0,0,0,1,0,1,0,1,0,0,0,0,0,1,0,0,1,0,0,0,0x8664,0x020b,0x0003,.text
17e88c51e6086df7eb89a14584d0e21120442f30764e61080549bd281286f42b,dike_batch3,0,original,17e88c51e6086df7eb89a14584d0e21120442f30764e61080549bd281286f42b,41984,6.0733935174900004,128,11,0,87,240,2,27,4,0,0,0,5,2,9728,25088,3072,5328,0.08671875,4194304,4096,512,61440,1024,0.016666666666666666,0.15833333333333333,0.4083333333333333,81246,16,2097152,4096,1048576,4096,25600,28368,9728,9728,1,6,0,1,1,0,0,9728,9728,2.67760419362292,5.873054303381612,5.873054303381612,0,15360,4,76,0,0,0,0,0,3044,5000,672,12000,0,0,0,0,40,0,0,640,0,0,0,0,1,0,1,1,1,1,0,1,0,0,0,0,0,0,0,1,1,0,0,0,1,0,0,1,1,0,0,0,1,0,1,1,1,1,0,0,0,0,1,0,0,1,0,0,0,0x8664,0x020b,0x0002,.text
17e977e2f4d8f9a3de8e01eaa1c82ccca63789cacc135859f665046a4a990dc8,dike_batch3,0,original,17e977e2f4d8f9a3de8e01eaa1c82ccca63789cacc135859f665046a4a990dc8,45528,6.095553245348949,128,11,0,109,240,2,27,4,0,0,0,5,2,11264,27648,3072,5328,0.08671875,4194304,4096,512,61440,1024,0.016666666666666666,0.18333333333333332,0.45,92629,16,2097152,4096,1048576,4096,28160,30928,11264,11264,1,6,0,1,1,0,0,11264,11264,2.693477828099868,6.047004111275494,6.047004111275494,0,16344,7,93,0,0,0,0,0,3964,5000,648,12000,0,0,0,0,40,0,0,800,0,0,0,0,1,0,1,1,1,1,0,1,0,0,0,0,0,0,0,1,1,0,0,0,1,0,0,1,1,0,0,0,1,0,1,1,1,1,0,0,0,0,1,0,0,1,0,0,0,0x8664,0x020b,0x0002,.text
182479f3c4f75b00bd4ec4b2e044e7233706659290d9e0ece512431561c4ea33,existing_benign,0,original,182479f3c4f75b00bd4ec4b2e044e7233706659290d9e0ece512431561c4ea33,53760,6.153024536969241,240,6,2045,0,224,14,38,10,0,10,0,10,0,41984,11776,0,42880,0.5815972222222222,4194304,4096,512,73728,1024,0.013888888888888888,0.5694444444444444,0.1597222222222222,99902,16,262144,8192,1048576,4096,52736,53632,41984,41984,1,2,0,0,0,0,0,41984,41984,3.760206321133697,6.6471286400718785,6.166747740018803,0,0,28,116,0,0,0,0,0,580,2288,0,0,2008,112,0,0,0,192,0,576,192,0,0,0,0,0,1,0,0,0,1,0,0,1,1,1,0,0,1,1,1,0,0,0,0,0,0,0,1,0,0,0,1,0,1,1,0,0,1,1,0,0,0,1,0,1,1,0,0,0x014c,0x010b,0x0003,.text
18259795953a4cf4e880e40c8c87927704d89c11299cb5e2a626609febd9e321,existing_benign,0,original,18259795953a4cf4e880e40c8c87927704d89c11299cb5e2a626609febd9e321,423424,5.50883425280451,240,5,2069,0,224,14,38,10,0,10,0,10,0,53760,370176,0,35696,0.08221550707547169,4194304,4096,512,434176,1024,0.0023584905660377358,0.12382075471698113,0.8525943396226415,439064,16,262144,8192,1048576,4096,422400,423558,359936,359936,1,1,0,0,0,0,0,53760,53760,5.245281348481095,6.185390927738263,5.860132071582036,0,0,8,131,1,0,0,0,0,180,359816,0,0,3096,112,0,0,24,196,0,556,0,0,0,0,0,0,1,0,0,0,1,0,0,1,1,1,0,0,1,1,1,0,0,0,0,0,0,0,1,0,0,1,1,0,1,1,0,0,1,1,0,0,1,1,0,1,0,0,0,0x014c,0x010b,0x0003,.text
182b76c6236027029d3afd9482e5c0e4bb89116dd214c11897c56517fc25a87b,dike_batch3,0,original,182b76c6236027029d3afd9482e5c0e4bb89116dd214c11897c56517fc25a87b,36864,6.109456119567174,240,5,2015,0,224,12,10,10,0,10,0,10,0,26112,10752,0,26912,0.5475260416666666,4194304,4096,512,49152,1024,0.020833333333333332,0.53125,0.21875,94215,16,262144,8192,1048576,4096,35840,36620,26112,26112,1,1,0,0,0,0,0,26112,26112,4.543458800181513,6.270198710201639,6.270198710201639,0,0,15,117,14,0,0,0,0,320,3840,0,0,1272,56,0,0,0,104,0,528,0,0,0,0,0,0,1,0,0,0,0,0,0,1,1,1,0,0,1,1,1,0,0,0,0,0,0,0,1,0,0,1,1,0,1,1,0,0,1,1,0,0,0,1,0,1,0,0,0,0x014c,0x010b,0x0002,.text
1838738d252ac24ba52a695fc5eb847363c1d694b21be09bf93a0dcf88c3999f,dike_batch3,0,original,1838738d252ac24ba52a695fc5eb847363c1d694b21be09bf93a0dcf88c3999f,193072,6.141510310021706,128,11,1971,422,240,2,27,4,0,0,0,5,2,99328,161280,12288,5328,0.02654655612244898,4194304,4096,512,200704,1024,0.00510204081632653,0.49489795918367346,0.8035714285714286,212310,16,2097152,4096,1048576,4096,161792,173904,99328,99328,1,6,0,1,1,0,0,99328,99328,3.3238658164358377,6.064738027450537,6.064738027450537,0,30256,14,391,0,0,0,0,0,17436,5000,3576,12000,0,0,0,0,40,0,0,3240,0,0,0,0,1,0,1,1,1,0,1,1,0,0,0,0,0,0,0,1,1,0,0,0,1,0,0,1,1,0,0,0,1,0,1,1,1,1,0,0,0,0,1,0,0,1,0,0,0,0x8664,0x020b,0x0002,.text
187821ce11c317d6a4749168e2434b29576854d0fe8b63339d907218f0bfe222,dike_batch3,0,original,187821ce11c317d6a4749168e2434b29576854d0fe8b63339d907218f0bfe222,186368,6.463964717391701,128,5,1970,0,224,2,25,4,0,1,0,4,0,140800,44544,591360,4096,0.005154639175257732,4194304,4096,512,794624,1024,0.001288659793814433,0.17719072164948454,0.05605670103092784,189305,16,2097152,4096,1048576,4096,185344,776596,140800,591252,1,4,0,1,1,0,0,140800,140800,5.403116278376646,6.349319356770681,6.349319356770681,0,0,2,77,0,0,0,0,0,1872,0,0,0,0,0,0,0,0,0,0,0,0,0,0,0,0,0,1,1,0,0,1,0,0,0,0,0,0,0,0,1,1,0,0,0,1,0,0,0,1,0,0,0,1,0,1,0,0,0,0,0,0,0,0,0,0,0,0,0,0,0x014c,0x010b,0x0003,.text
1886a62166292a1a4460a31d02f0891e4a8259102de78754217ed8b9e0c80656,existing_benign,0,original,1886a62166292a1a4460a31d02f0891e4a8259102de78754217ed8b9e0c80656,189272,6.625791543210956,232,5,2004,0,224,14,38,10,0,10,0,6,1,160768,24064,0,24816,0.126220703125,4194304,4096,512,196608,1024,0.005208333333333333,0.8177083333333334,0.12239583333333333,244655,16,262144,8192,1048576,4096,177664,184544,160768,160768,1,1,0,0,0,0,0,160768,160768,5.041360729502584,6.5076543267683435,6.496762145451287,0,10584,5,94,0,0,0,0,0,120,2848,0,10584,6192,112,0,0,0,64,0,396,0,0,0,0,0,0,1,0,0,0,0,0,0,1,1,1,0,0,1,1,1,0,0,0,0,0,0,1,1,0,0,0,1,0,1,1,0,1,1,1,0,0,0,1,0,1,0,0,0,0x014c,0x010b,0x0003,.text
18e6d3d96fcd39ba069c0e6ebc108881ec5bb07e29a24b0177688ce391dac526,existing_benign,0,original,18e6d3d96fcd39ba069c0e6ebc108881ec5bb07e29a24b0177688ce391dac526,461400,6.929902355722631,240,7,2014,0,224,10,0,5,1,0,0,5,1,232448,142336,0,163358,0.40285175978535354,4194304,4096,512,405504,1024,0.0025252525252525255,0.5732323232323232,0.351010101010101,501564,16,1048576,4096,1048576,4096,374784,383008,232448,232448,1,2,0,0,1,0,0,232448,232448,4.306960902658774,6.505487524753763,6.505487524753763,0,85592,14,274,22,0,0,0,0,300,14308,0,16056,12836,28,0,0,24,64,0,1152,0,0,0,0,0,0,1,0,0,0,0,0,0,1,1,0,0,0,1,1,1,0,0,0,1,0,0,1,1,0,0,1,1,0,1,1,0,1,1,1,0,0,1,1,0,1,0,0,0,0x014c,0x010b,0x0002,.text
18ef1715677de1aee41945784481cbcaa16c4e99753340b8844d2f9ad4c60b36,dike_batch3,0,original,18ef1715677de1aee41945784481cbcaa16c4e99753340b8844d2f9ad4c60b36,65744,6.095002890674241,128,11,1998,215,240,2,27,4,0,0,0,5,2,19968,43008,3072,5328,0.0650390625,4194304,4096,512,81920,1024,0.0125,0.24375,0.525,93933,16,2097152,4096,1048576,4096,43520,46480,19968,19968,1,6,0,1,1,0,0,19968,19968,3.064808653182582,6.114449278228723,6.114449278228723,0,21200,11,190,0,0,0,0,0,8588,5024,960,12000,0,0,0,0,40,0,0,1608,0,0,0,0,1,0,1,1,1,0,0,1,0,0,0,0,0,0,0,1,1,0,0,0,1,0,0,1,1,0,0,0,1,0,1,1,1,1,0,0,0,0,1,0,0,1,0,0,0,0x8664,0x020b,0x0002,.text
18efffb6a3a228249a15988315ad56418ff4636f72f0ce5c27bcb45060fbd035,existing_benign,0,original,18efffb6a3a228249a15988315ad56418ff4636f72f0ce5c27bcb45060fbd035,48712,6.590929214198408,128,3,2095,0,224,48,0,4,0,0,0,6,0,34304,3584,0,42450,0.647735595703125,4194304,8192,512,65536,512,0.0078125,0.5234375,0.0546875,106156,16,1048576,4096,1048576,4096,37888,37888,34304,34304,1,0,0,0,0,0,0,34304,34304,3.726569032772812,6.37134817626848,6.37134817626848,0,10312,1,1,0,0,0,0,0,79,2788,0,10312,12,112,0,0,0,0,0,8,0,72,0,0,0,0,1,0,1,0,1,0,0,1,1,0,1,0,1,1,1,0,0,0,0,0,0,1,1,0,0,0,1,0,1,1,0,1,1,1,0,0,0,0,0,1,0,1,0,0x014c,0x010b,0x0003,.text
193cd70a73e750a178eb91b05b8a15f988b1499cb77c37c9a9f2e2e22d98ce59,dike_batch3,0,original,193cd70a73e750a178eb91b05b8a15f988b1499cb77c37c9a9f2e2e22d98ce59,50264,6.27095818098743,128,3,2012,0,224,8,0,4,0,0,0,4,0,31232,3072,0,39006,0.6802106584821429,4194304,8192,512,57344,512,0.008928571428571428,0.5446428571428571,0.05357142857142857,101023,16,1048576,4096,1048576,4096,34304,34304,31232,31232,1,0,0,0,0,0,0,31232,31232,3.201147704920562,5.648545281110057,5.648545281110057,0,15448,1,1,0,0,0,0,0,87,2160,0,15448,12,28,0,0,0,0,0,8,0,72,0,0,0,0,1,0,0,0,0,0,0,1,1,0,0,0,1,1,1,0,0,0,0,0,0,1,1,0,0,0,1,0,1,1,0,1,1,1,0,0,0,0,0,1,0,1,0,0x014c,0x010b,0x0003,.text
197d0ad8e3f6591e4493daaee9e52e53ecf192e32f9d167c67f2ffb408c76f2c,dike_batch3,0,original,197d0ad8e3f6591e4493daaee9e52e53ecf192e32f9d167c67f2ffb408c76f2c,68064,6.2283137084622595,264,5,2012,0,224,11,0,6,0,10,0,6,0,25088,26112,0,18101,0.2599523207720588,4194304,4096,512,69632,1024,0.014705882352941176,0.3602941176470588,0.375,133070,16,1048576,8192,1048576,4096,51200,52276,25088,25088,1,1,0,0,0,0,0,25088,25088,4.687467759568046,5.937305272837308,5.937305272837308,0,15840,5,307,200,0,0,0,0,120,14908,0,15840,2860,56,0,0,0,64,0,1248,0,0,0,0,0,0,1,0,1,0,0,0,0,1,1,0,0,0,1,1,1,0,0,0,0,0,0,1,1,0,0,1,1,0,1,1,0,1,1,1,0,0,0,1,0,1,0,0,0,0x014c,0x010b,0x0002,.text
19d36aabe344cae70a3658db4752c0c604d226b69fabf6cd07fe467884fccf84,dike_batch3,0,original,19d36aabe344cae70a3658db4752c0c604d226b69fabf6cd07fe467884fccf84,132096,5.7502591100462865,232,5,2016,0,240,9,0,5,2,0,0,5,2,94720,36352,0,95228,0.6283519847972973,5368709120,4096,512,151552,1024,0.006756756756756757,0.625,0.23986486486486486,147081,16,1048576,4096,1048576,4096,131072,132856,94720,94720,1,1,0,0,0,0,0,94720,94720,4.687680709757835,5.562606875298563,5.562606875298563,0,0,5,180,0,0,0,0,90,120,688,3420,0,0,0,0,0,0,0,0,1480,0,0,0,0,1,0,1,1,1,0,0,0,0,0,0,0,0,0,1,1,1,0,0,0,0,0,0,0,1,0,0,0,1,1,1,1,1,0,0,0,0,0,0,0,0,1,0,0,0,0x8664,0x020b,0x0003,.text
19d4bf06db1d8e6eddf17deb439534bdd04f32a4d0bbd66758bfbb851687a992,dike_batch3,0,original,19d4bf06db1d8e6eddf17deb439534bdd04f32a4d0bbd66758bfbb851687a992,54448,6.040844448946721,128,11,1970,139,240,2,27,4,0,0,0,5,2,14848,35328,3072,5328,0.072265625,4194304,4096,512,73728,1024,0.013888888888888888,0.2013888888888889,0.4791666666666667,96799,16,2097152,4096,1048576,4096,35840,38608,14848,14848,1,6,0,1,1,0,0,14848,14848,2.823965786042311,5.921654211242346,5.921654211242346,0,17584,8,121,0,0,0,0,0,5164,4984,1044,12000,0,0,0,0,40,0,0,1032,0,0,0,0,1,0,1,1,1,0,1,1,0,0,0,0,0,0,0,1,1,0,0,0,1,0,0,1,1,0,0,0,1,0,1,1,1,1,0,0,0,0,1,0,0,1,0,0,0,0x8664,0x020b,0x0002,.text
19d574967f0d5612621810f928d27fd1218f8286c401901ec5c7fef75284f2b9,dike_batch3,0,original,19d574967f0d5612621810f928d27fd1218f8286c401901ec5c7fef75284f2b9,659648,6.558500042341039,232,5,2015,0,224,10,0,5,1,0,0,5,1,318976,331776,0,274693,0.41397358458719136,4194304,4096,512,663552,1024,0.0015432098765432098,0.4807098765432099,0.5,724994,16,1048576,4096,1048576,4096,650752,652216,318976,318976,1,1,0,0,0,0,0,318976,318976,5.781932745645787,7.71501036597781,6.194336304294146,1,7872,16,618,0,0,0,0,0,340,106208,0,7872,43668,28,0,0,0,64,0,2536,0,0,0,1,0,0,1,0,0,0,0,0,0,1,1,0,0,0,1,1,1,0,0,0,0,0,1,1,1,0,0,0,1,0,1,1,0,1,1,1,0,0,0,1,0,1,0,0,0,0x014c,0x010b,0x0002,.text
1a3a61d9feb1e29e9c3594081aa712741d26d749217e3093d3b3dd44fd6c0fd9,existing_benign,0,original,1a3a61d9feb1e29e9c3594081aa712741d26d749217e3093d3b3dd44fd6c0fd9,99840,6.783533884466505,248,5,2104,0,224,14,38,10,0,10,0,10,0,9216,90624,0,10656,0.09291294642857142,4194304,4096,512,114688,1024,0.008928571428571428,0.08035714285714286,0.7901785714285714,150432,16,262144,8192,1048576,4096,98816,99392,86016,86016,1,1,0,0,0,0,0,9216,9216,4.230494067111671,6.923871056333067,5.427224484083451,0,0,12,48,3,0,0,0,0,260,85608,0,0,540,112,0,0,0,196,0,240,0,0,0,0,0,0,1,0,0,0,1,0,0,1,1,1,0,0,1,1,1,0,0,0,0,0,0,0,1,0,0,1,1,0,1,1,0,0,1,1,0,0,0,1,0,1,0,0,0,0x014c,0x010b,0x0002,.text
1a6955d26907b3c83f10ede259494ff2d68ab210e1090cb6806e05d1dca36869,dike_batch3,0,original,1a6955d26907b3c83f10ede259494ff2d68ab210e1090cb6806e05d1dca36869,82944,7.131553466722198,232,5,2015,0,224,12,10,10,0,10,0,10,0,3584,78848,0,5824,0.059244791666666664,4194304,4096,512,98304,1024,0.010416666666666666,0.036458333333333336,0.8020833333333334,92822,16,262144,8192,1048576,4096,81920,82288,75776,75776,1,1,0,0,0,0,0,3584,3584,4.276447825668464,7.2753997308634375,5.435271777209098,1,0,8,28,0,0,0,0,0,180,75584,0,0,312,56,0,0,0,104,0,144,0,0,0,0,0,0,1,0,0,0,0,0,0,1,1,1,0,0,1,1,1,0,0,0,0,0,1,0,1,0,0,0,1,0,1,1,0,0,1,1,0,0,0,1,0,1,0,0,0,0x014c,0x010b,0x0002,.text
1a6b0ccc16974c3edd98687ece68beb45b75b8684719e764fd16b3c296acef39,dike_batch3,0,original,1a6b0ccc16974c3edd98687ece68beb45b75b8684719e764fd16b3c296acef39,59960,6.005410359504806,128,11,1970,185,240,2,27,4,0,0,0,5,2,17920,38400,3072,5328,0.072265625,4194304,4096,512,73728,1024,0.013888888888888888,0.24305555555555555,0.5208333333333334,109827,16,2097152,4096,1048576,4096,38912,41872,17920,17920,1,6,0,1,1,0,0,17920,17920,2.8044641999841504,5.8958515370018905,5.8958515370018905,0,20024,12,159,0,0,0,0,0,7456,5008,792,12000,0,0,0,0,40,0,0,1368,0,0,0,0,1,0,1,1,1,0,1,1,0,0,0,0,0,0,0,1,1,0,0,0,1,0,0,1,1,0,0,0,1,0,1,1,1,1,0,0,0,0,1,0,0,1,0,0,0,0x8664,0x020b,0x0002,.text
1a874a2a9cc4a7196438cf7a734265940cc5ea27b2882298e847b45df0aa851a,existing_benign,0,original,1a874a2a9cc4a7196438cf7a734265940cc5ea27b2882298e847b45df0aa851a,102480,5.681360571153507,256,5,2011,0,224,10,0,5,1,0,0,5,1,18432,67584,0,4973,0.048564453125,4194304,4096,512,102400,1024,0.01,0.18,0.66,125669,16,1048576,4096,1048576,4096,86016,90048,49664,49664,1,1,0,0,0,0,0,18432,18432,4.339284323376365,6.473117173354814,6.473117173354814,0,15440,4,61,0,0,0,0,0,100,49180,0,15440,1680,28,0,0,0,64,0,260,0,0,0,0,0,0,1,0,0,0,0,0,0,1,1,0,0,0,1,1,1,0,0,0,0,0,0,1,1,0,0,0,1,0,1,1,0,1,1,1,0,0,0,1,0,1,0,0,0,0x014c,0x010b,0x0002,.text
1a89748813b4bb8abc58c933f3484017522d74c0d1b7f6b7f14dae111c6f913d,existing_benign,0,original,1a89748813b4bb8abc58c933f3484017522d74c0d1b7f6b7f14dae111c6f913d,23552,5.891717641795667,224,5,1977,0,224,14,38,10,0,10,0,10,0,15872,7680,0,17632,0.4782986111111111,4194304,4096,512,36864,1024,0.027777777777777776,0.4305555555555556,0.20833333333333334,52300,16,262144,8192,1048576,4096,22528,23488,15872,15872,1,1,0,0,0,0,0,15872,15872,4.20189120646906,6.3193404263963755,6.28326776427431,0,0,5,73,0,0,0,0,0,120,2080,0,0,956,112,0,0,0,196,0,312,0,0,0,0,0,0,1,0,0,0,1,0,0,1,1,1,0,0,1,1,1,0,0,0,0,0,0,0,1,0,0,0,1,0,1,1,0,0,1,1,0,0,0,1,0,1,0,0,0,0x014c,0x010b,0x0003,.text
1aa177b92c99b9458b270907d65d5687af48385fbbf42c3aef9b69d61d284721,dike_batch3,0,original,1aa177b92c99b9458b270907d65d5687af48385fbbf42c3aef9b69d61d284721,758784,6.503290787427448,240,6,2015,0,240,12,10,10,0,10,0,10,0,255488,505344,0,230176,0.29576480263157895,5368709120,4096,512,778240,1024,0.0013157894736842105,0.3282894736842105,0.6493421052631579,814483,16,524288,8192,1048576,4096,757760,760432,379904,379904,1,1,0,0,0,0,0,255488,255488,5.331145891225887,6.2743884326173225,6.2743884326173225,0,0,15,415,1,0,0,0,0,320,379784,11172,0,1852,56,0,0,0,160,0,3440,0,0,0,0,1,0,1,0,1,0,0,0,0,1,1,1,1,0,1,1,1,0,0,0,0,0,0,0,1,0,0,1,1,0,1,1,1,0,1,1,0,0,0,1,0,1,0,0,0,0x8664,0x020b,0x0002,.text
1aca9c35bc4dcd047cccfd6a0769dd07f5c373f777c4f8b1bd9c1a5301da4d94,existing_benign,0,original,1aca9c35bc4dcd047cccfd6a0769dd07f5c373f777c4f8b1bd9c1a5301da4d94,141824,7.061479734788033,240,5,1984,0,224,14,38,10,0,10,0,6,0,30720,116224,0,31952,0.20002003205128205,4194304,4096,512,159744,1024,0.00641025641025641,0.19230769230769232,0.7275641025641025,197488,16,262144,8192,1048576,4096,140800,146864,101888,101888,1,1,0,0,0,0,0,30720,30720,5.67080598803132,7.155620698301178,6.348331209883907,1,0,8,159,5,0,0,0,0,180,101824,0,0,2384,112,0,0,0,64,0,668,0,0,0,0,0,0,1,0,0,0,1,0,0,1,1,1,0,0,1,1,1,0,0,0,0,0,1,0,1,0,0,1,1,0,1,1,0,0,1,1,0,0,0,1,0,1,0,0,0,0x014c,0x010b,0x0002,.text
1accf6605bf18e60fb0bf11087a21417eddfb26e16d396dbca7658ec4d6e7c88,dike_batch3,0,original,1accf6605bf18e60fb0bf11087a21417eddfb26e16d396dbca7658ec4d6e7c88,62464,6.215402606757721,128,5,1970,0,224,2,25,4,0,1,0,4,0,50176,11264,509440,4096,0.006944444444444444,4194304,4096,512,589824,1024,0.001736111111111111,0.08506944444444445,0.019097222222222224,111330,16,2097152,4096,1048576,4096,61440,570740,50176,509300,1,4,0,1,1,0,0,50176,50176,5.102579970204989,6.243022160628316,6.243022160628316,0,0,2,71,0,0,0,0,0,1740,0,0,0,0,0,0,0,0,0,0,0,0,0,0,0,0,0,1,1,0,0,1,0,0,0,0,0,0,0,0,1,1,0,0,0,1,0,0,0,1,0,0,0,1,0,1,0,0,0,0,0,0,0,0,0,0,0,0,0,0,0x014c,0x010b,0x0003,.text
1b1bb4f05a7e83576d14d7a910115292ea9a739919d3b5bd9d5472da091feddf,existing_benign,0,original,1b1bb4f05a7e83576d14d7a910115292ea9a739919d3b5bd9d5472da091feddf,24576,5.700292643203699,232,5,2042,0,224,14,38,10,0,10,0,10,0,17408,7168,0,17744,0.433203125,4194304,4096,512,40960,1024,0.025,0.425,0.175,35339,16,262144,8192,1048576,4096,23552,24288,17408,17408,1,1,0,0,0,0,0,17408,17408,4.514596987421639,5.822529460729834,5.822529460729834,0,0,10,53,0,0,0,0,0,220,2000,0,0,1248,112,0,0,0,192,0,252,0,0,0,0,0,0,1,0,0,0,1,0,0,1,1,1,0,0,1,1,1,0,0,0,0,0,0,0,1,0,0,0,1,0,1,1,0,0,1,1,0,0,0,1,0,1,0,0,0,0x014c,0x010b,0x0003,.text
1b399f61e57266427a5fceb4f3df6a337304832e24579c43385b59cfd660e068,dike_batch3,0,original,1b399f61e57266427a5fceb4f3df6a337304832e24579c43385b59cfd660e068,151040,6.521175646591503,128,5,1970,0,224,2,25,4,0,1,0,4,0,131072,18944,2560,4096,0.025,4194304,4096,512,163840,1024,0.00625,0.8,0.115625,164867,16,2097152,4096,1048576,4096,150016,152180,131072,131072,1,4,0,1,1,0,0,131072,131072,5.420689916998722,6.4429436377762554,6.4429436377762554,0,0,3,86,0,0,0,0,0,2208,0,0,0,0,0,0,0,0,0,0,0,0,0,0,0,0,0,1,1,0,0,1,0,0,0,0,0,0,0,0,1,1,0,0,0,1,0,0,0,1,0,0,0,1,0,1,0,0,0,0,0,0,0,0,0,0,0,0,0,0,0x014c,0x010b,0x0003,.text
1b62269bcbd95334003b4dd59476753e382ba164a1443f27edb4df0f55317753,dike_batch3,0,original,1b62269bcbd95334003b4dd59476753e382ba164a1443f27edb4df0f55317753,31696,6.614408357303492,128,3,2012,0,224,11,0,4,0,0,0,6,0,12288,3072,0,20046,0.489404296875,4194304,8192,512,40960,512,0.0125,0.3,0.075,35555,16,1048576,4096,1048576,4096,15360,15360,12288,12288,1,0,0,0,0,0,0,12288,12288,3.385753806606506,5.48600430551758,5.48600430551758,0,15824,1,1,0,0,0,0,0,87,2304,0,15824,12,28,0,0,0,0,0,8,0,72,0,0,0,0,1,0,0,0,0,0,0,1,1,0,1,0,1,1,1,0,0,0,0,0,0,1,1,0,0,0,1,0,1,1,0,1,1,1,0,0,0,0,0,1,0,1,0,0x014c,0x010b,0x0002,.text
1b67441f080adf23da22736c557813d3bb459c915a1b84d8253b8e9599df2708,dike_batch3,0,original,1b67441f080adf23da22736c557813d3bb459c915a1b84d8253b8e9599df2708,54272,5.8714162593557715,128,9,0,0,240,2,25,4,0,0,0,5,2,33792,19456,3072,5376,0.065625,4194304,4096,512,81920,1024,0.0125,0.4125,0.2375,74571,16,12582912,4096,1048576,4096,53248,56096,33792,33792,1,5,0,1,0,0,0,33792,33792,3.03716201812078,6.1050819465474415,6.1050819465474415,0,0,2,100,0,0,0,0,0,3504,0,1548,0,0,0,0,0,40,0,0,816,0,0,0,0,1,0,1,1,1,1,0,0,0,0,0,0,0,0,0,1,1,0,0,0,0,0,0,0,1,0,0,0,1,0,1,0,1,0,0,0,0,0,1,0,0,1,0,0,0,0x8664,0x020b,0x0003,.text
1b8342c0048e13b323224c48caa9aec2952f3a93ed732c85f160916475910675,dike_batch3,0,original,1b8342c0048e13b323224c48caa9aec2952f3a93ed732c85f160916475910675,145328,7.092070516053701,128,9,0,0,224,2,25,4,0,1,0,4,0,41984,128512,4608,5312,0.032421875,4194304,4096,512,163840,1024,0.00625,0.25625,0.784375,148392,16,2097152,4096,1048576,4096,129024,133312,76288,76288,1,6,0,1,1,0,0,41984,41984,3.1668254262690674,7.296145528549676,6.174146050872835,1,15280,7,101,0,0,0,0,0,3068,75912,0,15256,0,0,0,0,24,0,0,432,0,0,0,0,0,0,1,1,0,1,0,0,0,1,1,0,0,0,0,1,1,0,0,0,1,0,1,1,1,0,0,0,1,0,1,1,0,1,0,0,0,0,1,0,0,1,0,0,0,0x014c,0x010b,0x0002,.text
1c2fba06cc7e47dceb2a2670f6fcfbec90a24d053b9bb3715698202afdb03b97,dike_batch3,0,original,1c2fba06cc7e47dceb2a2670f6fcfbec90a24d053b9bb3715698202afdb03b97,53816,6.135627363335311,128,11,1971,131,240,2,27,4,0,0,0,5,2,16384,34816,12288,5328,0.0650390625,4194304,4096,512,81920,1024,0.0125,0.2,0.425,71660,16,2097152,4096,1048576,4096,35328,47248,16384,16384,1,6,0,1,1,0,0,16384,16384,2.798695938715763,6.045601888021504,6.045601888021504,0,17464,10,109,0,0,0,0,0,4992,4976,720,12000,0,0,0,0,40,0,0,952,0,0,0,0,1,0,1,1,1,0,1,1,0,0,0,0,0,0,0,1,1,0,0,0,1,0,0,1,1,0,0,0,1,0,1,1,1,1,0,0,0,0,1,0,0,1,0,0,0,0x8664,0x020b,0x0002,.text
1c309be2afef0bcdba3f3df8a7649127b898987ddac6fb6c69b25fd617f421d9,dike_batch3,0,original,1c309be2afef0bcdba3f3df8a7649127b898987ddac6fb6c69b25fd617f421d9,31728,6.631690852994718,128,3,2012,0,224,11,0,4,0,0,0,6,0,12800,2560,0,20542,0.501513671875,4194304,8192,512,40960,512,0.0125,0.3125,0.0625,70105,16,1048576,4096,1048576,4096,15360,15360,12800,12800,1,0,0,0,0,0,0,12800,12800,3.1251682349541974,5.677402325393442,5.677402325393442,0,15856,1,1,0,0,0,0,0,83,1672,0,15856,12,28,0,0,0,0,0,8,0,72,0,0,0,0,1,0,0,0,0,0,0,1,1,0,1,0,1,1,1,0,0,0,0,0,0,1,1,0,0,0,1,0,1,1,0,1,1,1,0,0,0,0,0,1,0,1,0,0x014c,0x010b,0x0003,.text
1c344888c75ef573d259b23a96f8e1869094ebab109ede37cb6a9d0cdc8d186e,dike_batch3,0,original,1c344888c75ef573d259b23a96f8e1869094ebab109ede37cb6a9d0cdc8d186e,599232,6.366092306406319,232,5,2015,0,224,9,0,5,0,0,0,5,0,389632,282112,0,239274,0.34979942458832336,4194304,4096,512,684032,1024,0.0014970059880239522,0.5696107784431138,0.4124251497005988,651814,16,1048576,4096,1048576,4096,590336,671720,389632,389632,1,1,0,0,0,0,0,389632,389632,4.62345685296402,6.635798872760088,6.635798872760088,0,7872,8,223,0,0,0,0,0,180,8096,0,7872,18728,28,0,0,0,64,0,924,0,0,0,0,0,0,1,0,0,0,0,0,0,1,1,0,0,0,1,1,1,0,0,0,0,0,0,1,1,0,0,0,1,0,1,1,0,1,1,1,0,0,0,1,0,1,0,0,0,0x014c,0x010b,0x0002,.text
1c388c074aca5a896609775c0314fef5945ce0aa6c23af1fd4ee4f36ab844649,existing_benign,0,original,1c388c074aca5a896609775c0314fef5945ce0aa6c23af1fd4ee4f36ab844649,1982104,6.0069090846588695,128,3,2019,0,224,48,0,4,0,0,0,6,0,1961472,3072,0,1965646,0.9874363024048354,4194304,8192,512,1990656,512,0.000257201646090535,0.9853395061728395,0.0015432098765432098,2040924,16,1048576,4096,1048576,4096,1964544,1964544,1961472,1961472,1,0,0,0,0,0,0,1961472,1961472,3.4950323941447814,5.990696503782886,5.990696503782886,0,17048,1,1,0,0,0,0,0,79,2380,0,17048,12,28,0,0,0,0,0,8,0,72,0,0,0,0,1,0,0,0,0,0,0,1,1,0,1,0,1,1,1,0,0,0,0,0,0,1,1,0,0,0,1,0,1,1,0,1,1,1,0,0,0,0,0,1,0,1,0,0x014c,0x010b,0x0003,.text
1c639fbba837b57f28691e7f210a034dd1b55380a13649a64e47be55bb8308a0,dike_batch3,0,original,1c639fbba837b57f28691e7f210a034dd1b55380a13649a64e47be55bb8308a0,34304,5.771885528807672,240,7,2015,0,240,12,10,10,0,10,0,10,0,20992,50688,0,22512,0.23896059782608695,5368709120,4096,512,94208,1024,0.010869565217391304,0.22282608695652173,0.5380434782608695,47012,16,524288,40960,1048576,4096,33280,71560,20992,38792,1,2,0,0,0,0,0,20992,20992,2.9635030041458754,6.261491443591897,6.261491443591897,0,0,21,100,0,0,0,0,0,440,2048,744,0,76,56,0,0,0,160,0,968,64,0,0,0,1,0,1,0,1,0,0,0,0,1,1,1,1,0,1,1,1,0,0,0,0,0,0,0,1,0,0,0,1,0,1,1,1,0,1,1,0,0,0,1,0,1,1,0,0,0x8664,0x020b,0x0003,.text
1c7c07802af60cddfbe62ce037135297417517f3751729bd02ce65d50f4e715d,dike_batch3,0,original,1c7c07802af60cddfbe62ce037135297417517f3751729bd02ce65d50f4e715d,411072,6.237770975380695,232,5,2017,0,240,9,0,5,2,0,0,5,2,274432,129536,0,172452,0.41276999080882354,5368709120,4096,512,417792,1024,0.0024509803921568627,0.6568627450980392,0.31004901960784315,467655,16,1048576,4096,1048576,4096,395264,403688,274432,274432,1,1,0,0,0,0,0,274432,274432,5.012060196674689,6.062026026380212,6.062026026380212,0,14784,2,101,0,0,0,0,0,60,832,9504,14784,0,28,0,0,0,0,0,824,0,0,0,0,1,0,1,1,1,0,0,0,0,0,0,0,0,0,1,1,1,0,0,0,0,0,0,1,1,0,0,0,1,0,1,1,1,1,0,1,0,0,0,0,0,1,0,0,0,0x8664,0x020b,0x0003,.text
1cbd8392245043f3ed1308af2af90366f92dfc40624f42b24e12b72e109a6375,existing_benign,0,original,1cbd8392245043f3ed1308af2af90366f92dfc40624f42b24e12b72e109a6375,175264,7.100377244678769,256,6,2077,0,224,14,38,10,0,10,0,10,0,71168,93184,0,67536,0.3747336647727273,4194304,4096,512,180224,1024,0.005681818181818182,0.39488636363636365,0.5170454545454546,178445,16,262144,8192,1048576,4096,162816,164320,79360,79360,1,2,0,0,0,0,0,71168,71168,4.651235941136492,7.3059935704236665,6.429806045742038,1,11424,37,166,0,0,0,0,0,760,79336,0,11424,3616,112,0,0,24,196,0,812,96,0,0,0,0,0,1,0,0,0,1,0,0,1,1,1,0,0,1,1,1,0,0,0,0,0,1,1,1,0,0,0,1,0,1,1,0,1,1,1,0,0,1,1,0,1,1,0,0,0x014c,0x010b,0x0002,.text
1ccd046515c63e8bdb1874918d2fa02edb5ab5b1722a36a969d5dfce6f052d9d,existing_benign,0,original,1ccd046515c63e8bdb1874918d2fa02edb5ab5b1722a36a969d5dfce6f052d9d,941360,5.869199041428371,128,3,2019,0,224,8,0,4,0,0,0,4,0,921088,3072,0,928942,0.9775537951239224,4194304,8192,512,950272,512,0.0005387931034482759,0.9692887931034483,0.003232758620689655,958865,16,1048576,4096,1048576,4096,924160,924160,921088,921088,1,0,0,0,0,0,0,921088,921088,3.442938110556465,5.830581262132943,5.830581262132943,0,16688,1,1,0,0,0,0,0,76,2278,0,16688,12,28,0,0,0,0,0,8,0,72,0,0,0,0,1,0,0,0,0,0,0,1,1,0,1,0,1,1,1,0,0,0,0,0,0,1,1,0,0,0,1,0,1,1,0,1,1,1,0,0,0,0,0,1,0,1,0,0x014c,0x010b,0x0003,.text
1d083467cb9fbd7d2b21fcd4f8f9cb0c36718d0a327052313f46a2a83bd715e2,dike_batch3,0,original,1d083467cb9fbd7d2b21fcd4f8f9cb0c36718d0a327052313f46a2a83bd715e2,78936,6.376983483608004,256,5,2012,0,240,10,10,6,1,6,1,5,2,51712,10752,0,42620,0.520263671875,16777216,4096,512,81920,1024,0.0125,0.63125,0.13125,103316,16,1048576,16384,1048576,4096,62464,70120,51712,51712,1,1,0,0,0,0,0,51712,51712,2.991157658571347,6.147118633077434,6.147118633077434,0,15448,5,145,25,0,0,0,0,120,7488,1728,15448,32,28,0,0,0,0,0,1200,0,0,0,0,1,0,1,0,1,0,0,0,0,1,1,0,0,0,1,1,1,0,0,0,0,0,0,1,1,0,0,1,1,0,1,1,1,1,1,1,0,0,0,0,0,1,0,0,0,0x8664,0x020b,0x0003,.text
1d09e2c68ee9ec134763fe17a2a963a0e7618c43d4432f2f8ce2e4b0e5525d9a,existing_benign,0,original,1d09e2c68ee9ec134763fe17a2a963a0e7618c43d4432f2f8ce2e4b0e5525d9a,18944,5.760481484384969,248,5,1980,0,224,14,38,10,0,10,0,10,0,10240,8192,0,13024,0.3974609375,4194304,4096,512,32768,1024,0.03125,0.3125,0.25,22324,16,262144,8192,1048576,4096,17920,18400,10240,10240,1,1,0,0,0,0,0,10240,10240,4.330822905244142,6.374450091924792,5.696808371941403,0,0,6,88,0,0,0,0,0,140,1784,0,0,960,112,0,0,0,196,0,376,0,0,0,0,0,0,1,0,0,0,1,0,0,1,1,1,0,0,1,1,1,0,0,0,0,0,0,0,1,0,0,0,1,0,1,1,0,0,1,1,0,0,0,1,0,1,0,0,0,0x014c,0x010b,0x0003,.text
1d2b8e3bbfcd7546b402c2f379e40d850fd4eceaf20c45fdbfcba0b859e0a7fb,dike_batch3,0,original,1d2b8e3bbfcd7546b402c2f379e40d850fd4eceaf20c45fdbfcba0b859e0a7fb,78848,5.988201912958875,232,6,2015,0,240,12,10,10,0,10,0,10,0,54784,24576,0,55136,0.5608723958333334,5368709120,4096,512,98304,1024,0.010416666666666666,0.5572916666666666,0.25,125522,16,524288,8192,1048576,4096,77824,79080,54784,54784,1,1,0,0,0,0,0,54784,54784,3.5282498821299053,6.201360411910907,6.201360411910907,0,0,10,165,0,0,0,0,0,220,7152,1836,0,60,56,0,0,0,160,0,1400,0,0,0,0,1,0,1,0,1,0,0,0,0,1,1,1,1,0,1,1,1,0,0,0,0,0,0,0,1,0,0,0,1,0,1,1,1,0,1,1,0,0,0,1,0,1,0,0,0,0x8664,0x020b,0x0002,.text
1d2d450742e4ed4fb8486fd7e3892828dd97bbf63f0e23b0975725bdc18ce766,dike_batch3,0,original,1d2d450742e4ed4fb8486fd7e3892828dd97bbf63f0e23b0975725bdc18ce766,58368,6.146138793364513,232,6,2015,0,240,12,10,10,0,10,0,10,0,3072,55296,0,5568,0.07154605263157894,5368709120,4096,512,77824,1024,0.013157894736842105,0.039473684210526314,0.7105263157894737,119383,16,524288,8192,1048576,4096,57344,58360,49664,49664,1,1,0,0,0,0,0,3072,3072,3.1596700190587854,6.2849490824450065,5.872827976794722,0,0,10,36,0,0,0,0,0,220,49608,228,0,32,56,0,0,0,160,0,368,0,0,0,0,1,0,1,0,1,0,0,0,0,1,1,1,1,0,1,1,1,0,0,0,0,0,0,0,1,0,0,0,1,0,1,1,1,0,1,1,0,0,0,1,0,1,0,0,0,0x8664,0x020b,0x0002,.text
1d5c91e66fe8b36df266ce8fe12d05519ca2d21172b350709db875eb4ce9d552,existing_benign,0,original,1d5c91e66fe8b36df266ce8fe12d05519ca2d21172b350709db875eb4ce9d552,60008,6.677738214411799,232,6,2012,0,224,14,38,10,0,10,0,10,0,36864,13312,512,38064,0.580810546875,4194304,4096,512,65536,1024,0.015625,0.5625,0.203125,76405,16,262144,8192,1048576,4096,48640,49828,36864,36864,1,2,0,1,1,0,0,36864,36864,4.624364151303147,6.450944149725416,6.367427029242269,0,10344,25,115,0,0,0,0,0,520,3592,0,10344,1908,112,0,0,0,196,0,560,0,0,0,0,0,0,1,0,0,0,0,0,0,1,1,1,0,1,1,1,1,0,0,0,1,0,0,1,1,0,0,0,1,0,1,1,0,1,1,1,0,0,0,1,0,1,0,0,0,0x014c,0x010b,0x0002,.text
1d720ca43b54420dc297a0c40a4541017feb6bdc10765197867818d1810d21bf,dike_batch3,0,original,1d720ca43b54420dc297a0c40a4541017feb6bdc10765197867818d1810d21bf,224448,6.05133976588573,128,10,0,434,240,2,27,4,0,0,0,5,2,107520,191488,4096,5328,0.024088541666666668,4194304,4096,512,221184,1024,0.004629629629629629,0.4861111111111111,0.8657407407407407,262580,16,2097152,4096,1048576,4096,192000,195920,107520,107520,1,5,0,1,1,0,0,107520,107520,2.988788062231862,6.1045637527365795,6.1045637527365795,0,31424,14,404,0,0,0,0,0,18668,0,8760,12000,0,0,0,0,40,0,0,3344,0,0,0,0,1,0,1,1,1,1,0,1,0,0,0,0,0,0,0,1,1,0,0,0,1,0,0,1,1,0,0,0,1,0,1,0,1,1,0,0,0,0,1,0,0,1,0,0,0,0x8664,0x020b,0x0002,.text
1d9284fd7818d17f4aa4d07b6497735ed8522f9925b348a3fa5ba96a976a5927,dike_batch3,0,original,1d9284fd7818d17f4aa4d07b6497735ed8522f9925b348a3fa5ba96a976a5927,57856,6.099463045548835,248,5,2015,0,224,12,10,10,0,10,0,10,0,21504,36352,0,20832,0.2991727941176471,4194304,4096,512,69632,1024,0.014705882352941176,0.3088235294117647,0.5220588235294118,99370,16,262144,8192,1048576,4096,56832,57820,28672,28672,1,1,0,0,0,0,0,21504,21504,5.204728005727826,6.03620020413729,6.03620020413729,0,0,20,98,0,0,0,0,0,420,28312,0,0,1592,56,0,0,0,104,0,472,0,0,0,0,0,0,1,0,0,0,0,0,0,1,1,1,0,0,1,1,1,0,0,0,0,0,0,0,1,0,0,0,1,0,1,1,0,0,1,1,0,0,0,1,0,1,0,0,0,0x014c,0x010b,0x0002,.text
1ded7f9ffa6a526b471716f511fd6ac696bd2d4479cab209e414d7e31e016cce,existing_benign,0,original,1ded7f9ffa6a526b471716f511fd6ac696bd2d4479cab209e414d7e31e016cce,203776,5.809643508617958,248,6,2015,0,224,14,38,10,0,10,0,10,0,161792,41984,0,137712,0.6226128472222222,4194304,4096,512,221184,1024,0.004629629629629629,0.7314814814814815,0.18981481481481483,262581,16,262144,8192,1048576,4096,202752,203648,161792,161792,1,2,0,0,0,0,0,161792,161792,3.933149572780827,6.6761039719396855,6.173615905691811,0,0,32,161,0,0,0,0,0,660,2184,0,0,7136,112,0,0,0,196,0,772,384,0,0,0,0,0,1,0,0,0,0,0,0,1,1,1,0,0,1,1,1,0,0,0,0,0,0,0,1,0,0,0,1,0,1,1,0,0,1,1,0,0,0,1,0,1,1,0,0,0x014c,0x010b,0x0003,.text
1e171264f1310680b03bb9122633db660378bc411b28ae25c2bfab9f0f06da51,dike_batch3,0,original,1e171264f1310680b03bb9122633db660378bc411b28ae25c2bfab9f0f06da51,69752,6.090463233936507,128,11,1970,203,240,2,27,4,0,0,0,5,2,23040,47616,3072,5328,0.0650390625,4194304,4096,512,81920,1024,0.0125,0.28125,0.58125,79682,16,2097152,4096,1048576,4096,48128,51088,23040,23040,1,6,0,1,1,0,0,23040,23040,3.050298177157804,6.123347861891943,6.123347861891943,0,20600,11,179,0,0,0,0,0,8068,4992,900,12000,0,0,0,0,40,0,0,1520,0,0,0,0,1,0,1,1,1,0,1,1,0,0,0,0,0,0,0,1,1,0,0,0,1,0,0,1,1,0,0,0,1,0,1,1,1,1,0,0,0,0,1,0,0,1,0,0,0,0x8664,0x020b,0x0002,.text
1e1c2280b90b3f01ad84cd8df4858b1b1995012814f3ca8893bcc3ba3848edec,existing_benign,0,original,1e1c2280b90b3f01ad84cd8df4858b1b1995012814f3ca8893bcc3ba3848edec,6641760,6.866548145669918,120,7,2067,0,224,14,0,6,0,0,0,6,0,5059072,1571328,0,5264,0.0007774689957652753,4194304,4096,512,6770688,1024,0.00015124016938898973,0.7472020568663037,0.23207803992740472,6676325,16,1048576,4096,1048576,4096,6630400,6746940,5059072,5059072,1,2,0,0,2,0,0,5059072,5059072,4.7036048606969265,7.980874762891509,6.696219238670572,1,10336,20,404,0,0,0,0,89087,420,0,0,10336,135476,56,0,0,24,0,0,1696,0,0,0,1,0,0,1,0,1,0,1,0,0,1,1,0,0,0,1,1,1,0,0,0,1,0,1,1,1,0,0,0,1,1,1,0,0,1,1,1,0,0,1,0,0,1,0,0,0,0x014c,0x010b,0x0003,.text
1e464e3bc59ac049a3d1ae5563b63ec3a2c780db3dff75a59f129b2fa673fc08,existing_benign,0,original,1e464e3bc59ac049a3d1ae5563b63ec3a2c780db3dff75a59f129b2fa673fc08,15360,5.493150846238382,240,5,1992,0,224,14,38,10,0,10,0,10,0,7680,8192,0,10192,0.35546875,4194304,4096,512,28672,1024,0.03571428571428571,0.26785714285714285,0.2857142857142857,34522,16,262144,8192,1048576,4096,14336,15744,7680,7680,1,1,0,0,0,0,0,7680,7680,4.039851369108947,6.063931606750708,6.063931606750708,0,0,17,63,0,0,0,0,0,360,2104,0,0,532,112,0,0,0,196,0,320,0,0,0,0,0,0,1,0,0,0,0,0,0,1,1,1,0,0,1,1,1,0,0,0,0,0,0,0,1,0,0,0,1,0,1,1,0,0,1,1,0,0,0,1,0,1,0,0,0,0x014c,0x010b,0x0003,.text
1e83c1a2f6f2b7080c7fefccff1fde4bb14aa8a57e851817c92a6f1c946ca17a,dike_batch3,0,original,1e83c1a2f6f2b7080c7fefccff1fde4bb14aa8a57e851817c92a6f1c946ca17a,1858400,6.082461697171628,184,1,2010,0,224,9,0,5,1,0,0,5,1,0,1851904,0,0,0.0,268435456,4096,512,1859584,512,0.00027533039647577095,0.0,0.9958700440528634,1896216,16,1048576,4096,1048576,4096,1851904,1851904,1851904,1851904,0,0,0,0,0,0,-1,0,0,6.074066678338589,6.074066678338589,0.0,0,5984,0,0,0,0,0,0,0,0,1851768,0,5984,0,0,0,0,0,0,0,0,0,0,0,0,0,1,0,0,0,0,0,0,0,0,0,0,0,0,0,0,0,0,0,0,0,0,0,1,0,0,0,0,1,0,0,1,0,1,0,0,0,0,0,0,0,0,0,0,0,0x014c,0x010b,0x0002,
1eb074b2ab9574aece8d05c3ccfe69e6c7ae0b620e30319f2f292d2ce9c41be6,existing_benign,0,original,1eb074b2ab9574aece8d05c3ccfe69e6c7ae0b620e30319f2f292d2ce9c41be6,12800,5.435755495067649,232,5,2072,0,224,14,38,10,0,10,0,10,0,6144,6656,0,7968,0.2779017857142857,4194304,4096,512,28672,1024,0.03571428571428571,0.21428571428571427,0.23214285714285715,31025,16,262144,32768,1048576,4096,11776,12384,6144,6144,1,1,0,0,0,0,0,6144,6144,4.215264147301509,6.065512459496168,5.811635196644011,0,0,14,54,0,0,0,0,0,300,1976,0,0,472,112,0,0,0,192,0,272,0,0,0,0,0,0,1,0,0,0,1,0,0,1,1,1,0,0,1,1,1,0,0,0,0,0,0,0,1,0,0,0,1,0,1,1,0,0,1,1,0,0,0,1,0,1,0,0,0,0x014c,0x010b,0x0002,.text
1f0b07f4b5e5e64d1fa97583f4486f5825dab86dbcdaccdef767ee382411c274,existing_benign,0,original,1f0b07f4b5e5e64d1fa97583f4486f5825dab86dbcdaccdef767ee382411c274,190096,6.146171114920226,128,3,2019,0,224,48,0,4,0,0,0,6,0,169472,3072,0,177506,0.9028422037760416,4194304,8192,512,196608,512,0.0026041666666666665,0.8619791666666666,0.015625,224637,16,1048576,4096,1048576,4096,172544,172544,169472,169472,1,0,0,0,0,0,0,169472,169472,3.4874688311228126,5.982400422210513,5.982400422210513,0,17040,1,1,0,0,0,0,0,79,2368,0,17040,12,28,0,0,0,0,0,8,0,72,0,0,0,0,1,0,0,0,0,0,0,1,1,0,1,0,1,1,1,0,0,0,0,0,0,1,1,0,0,0,1,0,1,1,0,1,1,1,0,0,0,0,0,1,0,1,0,0x014c,0x010b,0x0003,.text
1f49ba3bc8f2f78a2d683c02b34023b61b3bf3464fc15b629dd30b184e49306b,dike_batch3,0,original,1f49ba3bc8f2f78a2d683c02b34023b61b3bf3464fc15b629dd30b184e49306b,36864,6.14349542743493,232,5,2015,0,224,12,10,10,0,10,0,10,0,26624,11264,0,28336,0.5764973958333334,4194304,4096,512,49152,1024,0.020833333333333332,0.5416666666666666,0.22916666666666666,59981,16,262144,8192,1048576,4096,35840,37496,26624,26624,1,1,0,0,0,0,0,26624,26624,4.204851303775013,6.279275176182907,6.279275176182907,0,0,8,113,0,0,0,0,0,180,2064,0,0,2052,56,0,0,0,104,0,484,0,0,0,0,0,0,1,0,0,0,0,0,0,1,1,1,0,0,1,1,1,0,0,0,0,0,0,0,1,0,0,0,1,0,1,1,0,0,1,1,0,0,0,1,0,1,0,0,0,0x014c,0x010b,0x0003,.text
1f7a2d419df3b95ade7f400446abeefaf3c872e8e6033a7e6ac413b17addbaf4,dike_batch3,0,original,1f7a2d419df3b95ade7f400446abeefaf3c872e8e6033a7e6ac413b17addbaf4,106496,6.328949482986375,232,7,2015,0,240,12,10,10,0,10,0,10,0,4608,102400,0,6336,0.04833984375,5368709120,4096,512,131072,1024,0.0078125,0.03515625,0.78125,122329,16,524288,8192,1048576,4096,105472,106524,95232,95232,1,2,0,0,0,0,0,4608,4608,2.788344408283742,6.450192691173485,5.919136268043729,0,0,2,44,0,0,0,0,0,60,94728,252,0,48,56,0,0,0,160,0,368,64,0,0,0,1,0,1,0,1,0,0,0,0,1,1,1,1,0,1,1,1,0,0,0,0,0,0,0,1,0,0,0,1,0,1,1,1,0,1,1,0,0,0,1,0,1,1,0,0,0x8664,0x020b,0x0002,.text
1f81d3b756ec1430f476a5ae7af7b360b4acd923d4baceb91be49ab6515459fc,dike_batch3,0,original,1f81d3b756ec1430f476a5ae7af7b360b4acd923d4baceb91be49ab6515459fc,337776,6.051963066706889,256,6,2013,0,240,9,0,5,2,0,0,5,2,215552,114688,0,86432,0.23709620786516855,5368709120,4096,512,364544,1024,0.0028089887640449437,0.5912921348314607,0.3146067415730337,396108,16,1048576,4096,1048576,4096,330240,353904,215552,215552,1,1,0,0,0,0,0,215552,215552,4.343896489884474,6.312079401730996,6.312079401730996,0,6512,8,251,0,0,0,0,0,180,3796,15672,6512,2548,28,0,0,0,0,0,2072,0,0,0,0,1,0,1,0,1,0,0,0,0,1,1,0,0,0,1,1,1,0,0,0,0,0,0,1,1,0,0,0,1,0,1,1,1,1,1,1,0,0,0,0,0,1,0,0,0,0x8664,0x020b,0x0003,.text
1fa3bb9680b457aa11bfed328171172a477813b281f78b43243f9dc3c6afdeba,dike_batch3,0,original,1fa3bb9680b457aa11bfed328171172a477813b281f78b43243f9dc3c6afdeba,283136,6.236461162409011,128,9,1970,0,240,2,25,4,0,0,0,5,2,185344,96768,13312,5376,0.016826923076923076,4194304,4096,512,319488,1024,0.003205128205128205,0.5801282051282052,0.30288461538461536,293781,16,2097152,4096,1048576,4096,282112,295008,185344,185344,1,5,0,1,0,0,0,185344,185344,3.5563756987692408,6.241335500894362,6.241335500894362,0,0,5,421,0,0,0,0,0,19468,0,5724,0,0,0,0,0,40,0,0,3408,0,0,0,0,1,0,1,1,1,0,1,0,0,0,0,0,0,0,0,1,1,0,0,0,0,0,0,0,1,0,0,0,1,0,1,0,1,0,0,0,0,0,1,0,0,1,0,0,0,0x8664,0x020b,0x0003,.text
1fcbe5d51360bee55f55c791a95df8c61f73e117bda89b9439d74df5cee7aa71,dike_batch3,0,original,1fcbe5d51360bee55f55c791a95df8c61f73e117bda89b9439d74df5cee7aa71,180736,6.087380537952361,216,6,2017,0,240,9,0,5,2,0,0,5,2,138240,41472,0,139476,0.6949338329081632,5368709120,4096,512,200704,1024,0.00510204081632653,0.6887755102040817,0.2066326530612245,189769,16,1048576,4096,1048576,4096,179712,181224,138240,138240,1,1,0,0,0,0,0,138240,138240,4.5316900058449745,5.957088394071547,5.957088394071547,0,0,6,382,0,0,0,0,0,140,964,5100,0,232,0,0,0,0,0,0,3104,0,0,0,0,1,0,1,0,1,0,0,0,0,1,1,0,0,0,1,1,1,0,0,0,0,0,0,0,1,0,0,0,1,0,1,1,1,0,1,0,0,0,0,0,0,1,0,0,0,0x8664,0x020b,0x0003,.text
1fe78298f8fa9d9da3fab32c57975101ea3ff5dcebeedc2cde5bea6c8df9a7ef,dike_batch3,0,original,1fe78298f8fa9d9da3fab32c57975101ea3ff5dcebeedc2cde5bea6c8df9a7ef,55360,6.112934235400942,128,11,2021,142,240,2,27,4,0,0,0,5,2,16896,35840,3072,5328,0.06846217105263158,4194304,4096,512,77824,1024,0.013157894736842105,0.21710526315789475,0.4605263157894737,72752,16,2097152,4096,1048576,4096,36352,39120,16896,16896,1,6,0,1,1,0,0,16896,16896,2.85736693192257,5.961444979743303,5.961444979743303,0,17984,11,118,0,0,0,0,0,5460,5000,708,12000,0,0,0,0,40,0,0,1032,0,0,0,0,1,0,1,1,1,0,0,1,0,0,0,0,0,0,0,1,1,0,0,0,1,0,0,1,1,0,0,0,1,0,1,1,1,1,0,0,0,0,1,0,0,1,0,0,0,0x8664,0x020b,0x0002,.text
2054e6ab74cbb9a89f0fd30857b911e9157e5231764bc8011f791610ecb88a92,existing_benign,0,original,2054e6ab74cbb9a89f0fd30857b911e9157e5231764bc8011f791610ecb88a92,227328,6.586325832873252,232,5,2024,0,224,14,38,10,0,10,0,10,0,207872,19968,0,199824,0.8268670550847458,4194304,4096,512,241664,1024,0.00423728813559322,0.8601694915254238,0.0826271186440678,286250,16,262144,8192,1048576,4096,226304,227336,207872,207872,1,1,0,0,0,0,0,207872,207872,4.976422408932929,6.631830578231102,6.5442483198915635,0,0,7,213,1,0,0,0,0,160,2256,0,0,8212,112,0,0,0,196,0,880,0,0,0,0,0,0,1,0,0,0,0,0,0,1,1,1,0,0,1,1,1,0,0,0,0,0,0,0,1,0,0,1,1,0,1,1,0,0,1,1,0,0,0,1,0,1,0,0,0,0x014c,0x010b,0x0003,.text
20601ed7e2bfc85362f090f0f5b72366f213c191e93b0c756acd98fef626e5e0,dike_batch3,0,original,20601ed7e2bfc85362f090f0f5b72366f213c191e93b0c756acd98fef626e5e0,67576,5.956805192551677,128,11,1971,238,240,2,27,4,0,0,0,5,2,19456,43520,3072,5328,0.0650390625,4194304,4096,512,81920,1024,0.0125,0.2375,0.53125,99426,16,2097152,4096,1048576,4096,44032,46992,19456,19456,1,6,0,1,1,0,0,19456,19456,2.9162611625689565,5.852630417447436,5.852630417447436,0,22520,13,210,0,0,0,0,0,9908,5016,876,12000,0,0,0,0,40,0,0,1784,0,0,0,0,1,0,1,1,1,0,1,1,0,0,0,0,0,0,0,1,1,0,0,0,1,0,0,1,1,0,0,0,1,0,1,1,1,1,0,0,0,0,1,0,0,1,0,0,0,0x8664,0x020b,0x0002,.text
2077697b6a82084ec982209fb3c4150c048ba1a3d3bc88e058067c33485253fa,existing_benign,0,original,2077697b6a82084ec982209fb3c4150c048ba1a3d3bc88e058067c33485253fa,276480,6.319954593973379,264,5,2022,0,224,14,38,10,0,10,0,10,0,245760,30720,0,212992,0.7428571428571429,268435456,4096,512,286720,1024,0.0035714285714285713,0.8571428571428571,0.10714285714285714,285341,16,262144,4096,1048576,4096,275456,276416,245760,245760,1,1,0,0,0,0,0,245760,245760,4.918748597236621,6.498634905629341,6.154217828252721,0,0,27,171,0,0,0,0,164,560,1144,0,0,19004,112,0,0,0,196,0,792,0,0,0,0,0,1,0,0,0,0,0,0,0,1,1,1,0,0,0,1,1,0,0,0,0,0,0,0,1,0,0,0,1,1,1,1,0,0,1,1,0,0,0,1,0,1,0,0,0,0x014c,0x010b,0x0003,.text
20a80b9d290223a304c752287ea4ac7371f928c4455fcb29bf5224f1096f8530,dike_batch3,0,original,20a80b9d290223a304c752287ea4ac7371f928c4455fcb29bf5224f1096f8530,27136,5.370323950856074,128,9,1972,0,240,2,25,4,0,0,0,5,2,13312,12800,3072,5376,0.09375,4194304,4096,512,57344,1024,0.017857142857142856,0.23214285714285715,0.22321428571428573,39443,16,2097152,4096,1048576,4096,26112,28752,13312,13312,1,5,0,1,0,0,0,13312,13312,2.767248244688568,5.8356648536910445,5.8356648536910445,0,0,3,96,0,0,0,0,0,3856,0,720,0,0,0,0,0,40,0,0,792,0,0,0,0,1,0,1,1,1,0,1,0,0,0,0,0,0,0,0,1,1,0,0,0,0,0,0,0,1,0,0,0,1,0,1,0,1,0,0,0,0,0,1,0,0,1,0,0,0,0x8664,0x020b,0x0003,.text
20d29a34b44fb9ea9a82e60a4b4118cf541eb86f04f69309ef6bf67c42f2272d,dike_batch3,0,original,20d29a34b44fb9ea9a82e60a4b4118cf541eb86f04f69309ef6bf67c42f2272d,74768,6.176966215271121,128,11,1970,198,240,2,27,4,0,0,0,5,2,30720,52736,5120,5328,0.05655570652173913,4194304,4096,512,94208,1024,0.010869565217391304,0.32608695652173914,0.5597826086956522,84573,16,2097152,4096,1048576,4096,53248,58192,30720,30720,1,6,0,1,1,0,0,30720,30720,2.9737676750434647,6.118054391741867,6.118054391741867,0,20496,11,174,0,0,0,0,0,7956,4984,924,12000,0,0,0,0,40,0,0,1480,0,0,0,0,1,0,1,1,1,0,1,1,0,0,0,0,0,0,0,1,1,0,0,0,1,0,0,1,1,0,0,0,1,0,1,1,1,1,0,0,0,0,1,0,0,1,0,0,0,0x8664,0x020b,0x0002,.text
20e3dc90a3e83b6202e2a7f4603b60e5e859639cb68693426c400b13aaeabd78,dike_batch3,0,original,20e3dc90a3e83b6202e2a7f4603b60e5e859639cb68693426c400b13aaeabd78,9728,5.054938689006791,208,3,2003,0,224,7,10,5,2,5,2,4,0,6656,2951168,0,6281,0.0021150996767241377,16777216,4096,512,2969600,1024,0.0003448275862068965,0.0022413793103448275,0.9937931034482759,16031,16,262144,8192,1048576,4096,8704,2957724,6656,2949532,1,1,0,0,0,0,0,6656,6656,2.9381626589459766,6.034102541370825,6.034102541370825,0,0,5,67,0,0,0,0,0,120,1032,0,0,0,28,0,0,0,64,0,288,0,0,0,0,0,0,1,1,0,0,0,0,0,0,0,0,0,0,1,1,1,0,0,0,0,0,0,0,1,0,0,0,1,0,1,1,0,0,0,1,0,0,0,1,0,1,0,0,0,0x014c,0x010b,0x0003,.text
21a5414969559912f303002b46fc33297ff47be9659162990057fbba720c25b0,dike_batch3,0,original,21a5414969559912f303002b46fc33297ff47be9659162990057fbba720c25b0,96768,6.463795310759877,128,5,1970,0,224,2,25,4,0,1,0,4,0,75264,20480,2048,4096,0.03571428571428571,4194304,4096,512,114688,1024,0.008928571428571428,0.65625,0.17857142857142858,100473,16,2097152,4096,1048576,4096,95744,97628,75264,75264,1,4,0,1,1,0,0,75264,75264,5.371017338968907,6.40635805573788,6.40635805573788,0,0,3,90,0,0,0,0,0,2336,0,0,0,0,0,0,0,0,0,0,0,0,0,0,0,0,0,1,1,0,0,1,0,0,0,0,0,0,0,0,1,1,0,0,0,1,0,0,0,1,0,0,0,1,0,1,0,0,0,0,0,0,0,0,0,0,0,0,0,0,0x014c,0x010b,0x0003,.text
21bb6e1d71c646bebf4a3a55f8e6b1a9b2461c53b98db97fceec5a237c8fd41c,existing_benign,0,original,21bb6e1d71c646bebf4a3a55f8e6b1a9b2461c53b98db97fceec5a237c8fd41c,62936,6.0722484386179785,128,3,2019,0,224,48,0,4,0,0,0,6,0,41984,3584,0,50146,0.6801486545138888,4194304,8192,512,73728,512,0.006944444444444444,0.5694444444444444,0.04861111111111111,121919,16,1048576,4096,1048576,4096,45568,45568,41984,41984,1,0,0,0,0,0,0,41984,41984,3.263993449256555,5.39403078300686,5.39403078300686,0,16856,1,1,0,0,0,0,0,79,2584,0,16856,12,28,0,0,0,0,0,8,0,72,0,0,0,0,1,0,0,0,0,0,0,1,1,0,1,0,1,1,1,0,0,0,0,0,0,1,1,0,0,0,1,0,1,1,0,1,1,1,0,0,0,0,0,1,0,1,0,0x014c,0x010b,0x0003,.text
21e5b7204197f05f1ba6dbb2698521d89d8ddab40a219d9ebaf8c5918db40f8d,dike_batch3,0,original,21e5b7204197f05f1ba6dbb2698521d89d8ddab40a219d9ebaf8c5918db40f8d,365888,5.457701286755554,128,2,2014,0,240,11,0,4,0,0,0,4,0,224768,134144,0,0,0.0,5368709120,8192,512,376832,512,0.001358695652173913,0.5964673913043478,0.35597826086956524,396341,16,4194304,16384,1048576,8192,358912,358912,224768,224768,1,0,0,0,0,0,-1,0,0,5.165913900174844,5.804404625903485,0.0,0,6464,0,0,0,0,0,0,0,0,134000,0,6464,0,28,0,0,0,0,0,0,0,72,0,0,1,0,1,0,1,0,0,0,0,1,1,0,0,0,1,0,0,0,0,0,0,0,0,1,0,0,0,0,1,0,0,1,0,1,0,1,0,0,0,0,0,0,0,1,0,0x8664,0x020b,0x0002,
21e796161a49b6dcdabb5e86906d69eb34f61bcb43e9722e815b3c491be43840,dike_batch3,0,original,21e796161a49b6dcdabb5e86906d69eb34f61bcb43e9722e815b3c491be43840,68080,6.121054575234973,128,11,0,163,240,2,27,4,0,0,0,5,2,26112,47616,3072,5328,0.06194196428571429,4194304,4096,512,86016,1024,0.011904761904761904,0.30357142857142855,0.5535714285714286,111604,16,2097152,4096,1048576,4096,48128,50832,26112,26112,1,6,0,1,1,0,0,26112,26112,2.9388559479039023,5.96200615729307,5.96200615729307,0,18928,11,139,0,0,0,0,0,6396,4992,768,12000,0,0,0,0,40,0,0,1200,0,0,0,0,1,0,1,1,1,1,0,1,0,0,0,0,0,0,0,1,1,0,0,0,1,0,0,1,1,0,0,0,1,0,1,1,1,1,0,0,0,0,1,0,0,1,0,0,0,0x8664,0x020b,0x0002,.text
22126cdc249d0346cdf5ed400e02a0bd3b7ccdedc7781e878f08b3ca294ec290,existing_benign,0,original,22126cdc249d0346cdf5ed400e02a0bd3b7ccdedc7781e878f08b3ca294ec290,127304,6.736885858307437,248,5,2019,0,224,14,10,6,0,10,0,6,0,98816,10752,0,31920,0.2435302734375,4194304,4096,512,131072,1024,0.0078125,0.75390625,0.08203125,181349,16,1048576,8192,1048576,4096,109568,112096,98816,98816,1,1,0,0,0,0,0,98816,98816,5.005765329040252,6.525662283424164,6.525662283424164,0,16712,1,74,0,0,0,0,0,40,1868,0,16712,4100,84,0,0,0,64,0,300,0,0,0,0,0,0,1,0,1,0,0,0,0,1,1,1,0,0,1,1,1,0,0,0,0,0,0,1,1,0,0,0,1,0,1,1,0,1,1,1,0,0,0,1,0,1,0,0,0,0x014c,0x010b,0x0003,.text
226c062632c3efca237814978b0443bdeb43fe5418ad508716f671f19f56c051,dike_batch3,0,original,226c062632c3efca237814978b0443bdeb43fe5418ad508716f671f19f56c051,23680,6.4475230737269476,248,5,2017,0,224,14,10,5,1,0,0,5,1,7168,8192,0,8412,0.2567138671875,4194304,4096,512,32768,1024,0.03125,0.21875,0.25,60085,16,1048576,4096,1048576,4096,15360,15804,7168,7168,1,1,0,0,0,0,0,7168,7168,4.464609737074139,6.0902620242011505,6.0902620242011505,0,7296,7,51,0,0,0,0,0,160,1448,0,7296,764,84,0,0,0,64,0,232,0,0,0,0,0,0,1,0,1,0,0,0,0,1,1,0,0,0,1,1,1,0,0,0,0,0,0,1,1,0,0,0,1,0,1,1,0,1,1,1,0,0,0,1,0,1,0,0,0,0x014c,0x010b,0x0003,.text
22db23e22f47c6ecae717888a7a32f80883daad29989e599401ab022f95a3ed4,dike_batch3,0,original,22db23e22f47c6ecae717888a7a32f80883daad29989e599401ab022f95a3ed4,59456,6.079873975347901,128,11,1970,152,240,2,27,4,0,0,0,5,2,19968,39424,3072,5328,0.06846217105263158,4194304,4096,512,77824,1024,0.013157894736842105,0.2565789473684211,0.506578947368421,73429,16,2097152,4096,1048576,4096,39936,42640,19968,19968,1,6,0,1,1,0,0,19968,19968,2.806799696927868,5.9544217279362766,5.9544217279362766,0,18496,10,130,0,0,0,0,0,6004,4992,732,12000,0,0,0,0,40,0,0,1120,0,0,0,0,1,0,1,1,1,0,1,1,0,0,0,0,0,0,0,1,1,0,0,0,1,0,0,1,1,0,0,0,1,0,1,1,1,1,0,0,0,0,1,0,0,1,0,0,0,0x8664,0x020b,0x0002,.text
22ddabf71254d873f6aef02b12e5c4923bbafe67a9c7e2f394fcf863813230be,dike_batch3,0,original,22ddabf71254d873f6aef02b12e5c4923bbafe67a9c7e2f394fcf863813230be,41472,5.57277779244885,248,7,2016,0,240,12,10,10,0,10,0,10,0,19968,22528,0,20976,0.320068359375,5368709120,4096,512,65536,1024,0.015625,0.3046875,0.34375,81392,16,524288,8192,1048576,4096,40448,42072,19968,19968,1,2,0,0,0,0,0,19968,19968,3.1875710880687778,6.125639954723266,6.125639954723266,0,0,20,98,0,0,0,0,0,420,8512,840,0,140,56,0,0,0,160,0,944,96,0,0,0,1,0,1,0,1,0,0,0,0,1,1,1,1,0,1,1,1,0,0,0,0,0,0,0,1,0,0,0,1,0,1,1,1,0,1,1,0,0,0,1,0,1,1,0,0,0x8664,0x020b,0x0002,.text
2312612e0004201cc5231565d3ed57c7c3bb84ec439b120370fb5e27e3602e49,dike_batch3,0,original,2312612e0004201cc5231565d3ed57c7c3bb84ec439b120370fb5e27e3602e49,139264,6.286703065664311,208,3,2002,0,224,6,0,4,0,0,0,4,0,102400,40960,0,62837,0.4261406792534722,4194304,4096,4096,147456,4096,0.027777777777777776,0.6944444444444444,0.2777777777777778,0,16,1048576,4096,1048576,4096,135168,141972,102400,102400,1,1,0,0,0,0,0,102400,102400,5.2726071649923485,6.640511625369158,6.640511625369158,0,0,1,61,0,0,0,0,0,40,0,0,0,0,0,0,0,0,0,0,248,0,0,0,0,0,0,1,1,0,0,0,0,1,0,0,0,0,0,0,1,1,0,0,0,0,0,0,0,1,0,0,0,1,0,1,0,0,0,0,0,0,0,0,0,0,1,0,0,0,0x014c,0x010b,0x0003,.text
2338514a304a341b2ee7c1de696bf01e9179805da2c4edbdecf040adecfe8ab3,dike_batch3,0,original,2338514a304a341b2ee7c1de696bf01e9179805da2c4edbdecf040adecfe8ab3,46424,6.154826931508743,240,4,2017,0,240,12,0,6,0,0,0,6,0,23040,15360,0,24392,0.4962565104166667,5368709120,4096,512,49152,1024,0.020833333333333332,0.46875,0.3125,74694,16,1048576,4096,1048576,4096,38400,38400,23040,23040,1,1,0,0,0,0,0,23040,23040,4.483705340663624,5.799936323664361,5.799936323664361,0,7000,4,58,0,0,0,0,343,100,0,2160,7000,0,56,0,0,0,112,0,496,0,0,0,0,1,0,1,1,1,0,0,0,0,0,1,0,1,0,1,1,1,0,0,0,0,0,0,1,1,0,0,0,1,1,1,0,1,1,0,1,0,0,0,1,0,1,0,0,0,0x8664,0x020b,0x0002,.text
23386407de894b70cb13e825420b7add88856cef0a2481883b79068cc4276369,dike_batch3,0,original,23386407de894b70cb13e825420b7add88856cef0a2481883b79068cc4276369,65536,5.43628534258359,128,2,2015,0,240,8,0,4,0,0,0,4,0,49152,12288,0,0,0.0,4194304,8192,4096,73728,4096,0.05555555555555555,0.6666666666666666,0.16666666666666666,72800,16,4194304,16384,1048576,8192,61440,61440,49152,49152,1,0,0,0,0,0,-1,0,0,5.539076290970277,5.740304442622203,0.0,0,0,0,0,0,0,0,0,0,0,12112,0,0,0,28,0,0,0,0,0,0,0,72,0,0,1,0,1,0,1,0,0,0,0,1,1,0,0,0,0,0,0,0,0,0,0,0,0,0,0,0,0,0,1,0,0,1,0,0,0,1,0,0,0,0,0,0,0,1,0,0x8664,0x020b,0x0003,
2367031635d27b6dd8645d914beb88600b1183d5fe87a04e1766ebb230cbc588,dike_batch3,0,original,2367031635d27b6dd8645d914beb88600b1183d5fe87a04e1766ebb230cbc588,1352896,6.646403058932576,224,5,2015,0,224,10,0,5,1,0,0,5,1,826368,517632,0,4770,0.0034866789857784432,4194304,4096,512,1368064,1024,0.0007485029940119761,0.6040419161676647,0.3783682634730539,1389694,16,1048576,4096,1048576,4096,1344000,1361376,826368,826368,1,1,0,0,0,0,0,826368,826368,5.008988699888539,6.593242846527492,6.593242846527492,0,7872,10,314,0,0,0,0,0,220,11072,0,7872,54752,28,0,0,0,64,0,1296,0,0,0,0,0,0,1,0,0,0,0,0,0,1,1,0,0,0,1,1,1,0,0,0,0,0,0,1,1,0,0,0,1,0,1,1,0,1,1,1,0,0,0,1,0,1,0,0,0,0x014c,0x010b,0x0003,.text
238a9de495ddb87555913ec5d1f67bcc22b5d754b21b7ae9da3158461547da00,dike_batch3,0,original,238a9de495ddb87555913ec5d1f67bcc22b5d754b21b7ae9da3158461547da00,83456,6.769222532825081,240,6,2015,0,240,12,10,10,0,10,0,10,0,8192,75264,0,10096,0.10270182291666667,5368709120,4096,512,98304,1024,0.010416666666666666,0.08333333333333333,0.765625,137540,16,524288,32768,1048576,4096,82432,83456,68608,68608,1,1,0,0,0,0,0,8192,8192,3.6407201037710677,6.9655898019924845,5.812923691947276,0,0,5,57,0,0,0,0,0,120,68488,420,0,76,56,0,0,0,160,0,496,0,0,0,0,1,0,1,0,1,0,0,0,0,1,1,1,1,0,1,1,1,0,0,0,0,0,0,0,1,0,0,0,1,0,1,1,1,0,1,1,0,0,0,1,0,1,0,0,0,0x8664,0x020b,0x0002,.text
23e307174ac5c0ecf419b1a727ad499e1d939a8d2142d1245b7a61e70242ec6e,dike_batch3,0,original,23e307174ac5c0ecf419b1a727ad499e1d939a8d2142d1245b7a61e70242ec6e,50152,6.059032705798675,128,11,1970,141,240,2,27,4,0,0,0,5,2,12800,30720,3072,5328,0.07651654411764706,4194304,4096,512,69632,1024,0.014705882352941176,0.18382352941176472,0.4411764705882353,108307,16,2097152,4096,1048576,4096,31232,34000,12800,12800,1,6,0,1,1,0,0,12800,12800,2.719692251307772,6.028213776685876,6.028213776685876,0,17896,10,119,0,0,0,0,0,5420,5024,648,12000,0,0,0,0,40,0,0,1032,0,0,0,0,1,0,1,1,1,0,1,1,0,0,0,0,0,0,0,1,1,0,0,0,1,0,0,1,1,0,0,0,1,0,1,1,1,1,0,0,0,0,1,0,0,1,0,0,0,0x8664,0x020b,0x0002,.text
2435160716bd06b96d62408c6be1a5b2224d6e6e44a64888e614518666fa517a,existing_benign,0,original,2435160716bd06b96d62408c6be1a5b2224d6e6e44a64888e614518666fa517a,142976,6.631097482010101,256,5,2025,0,224,14,29,6,0,0,0,6,0,84992,44544,0,10401,0.07053629557291667,4194304,4096,512,147456,1024,0.006944444444444444,0.5763888888888888,0.3020833333333333,205115,16,1048576,4096,1048576,4096,126464,129220,84992,84992,1,1,0,0,0,0,0,84992,84992,5.047620004797773,6.609294679943931,6.609294679943931,0,15488,6,88,0,0,0,0,0,140,488,0,15488,4784,112,0,0,0,64,0,376,0,0,0,0,0,0,1,0,0,0,0,0,0,1,1,0,0,0,1,1,1,0,0,0,0,0,0,1,1,0,0,0,1,0,1,1,0,1,1,1,0,0,0,1,0,1,0,0,0,0x014c,0x010b,0x0002,.text
24a6678b15c92e069a575dc2c584e2665cb98867b9e6823dff288a47644d1fb5,dike_batch3,0,original,24a6678b15c92e069a575dc2c584e2665cb98867b9e6823dff288a47644d1fb5,26112,5.161972735639049,128,9,1970,0,240,2,25,4,0,0,0,5,2,12288,12800,3072,5376,0.10096153846153846,4194304,4096,512,53248,1024,0.019230769230769232,0.23076923076923078,0.2403846153846154,76598,16,2097152,4096,1048576,4096,25088,27728,12288,12288,1,5,0,1,0,0,0,12288,12288,2.554453993189856,5.796281922782036,5.796281922782036,0,0,3,95,0,0,0,0,0,3668,0,576,0,0,0,0,0,40,0,0,784,0,0,0,0,1,0,1,1,1,0,1,0,0,0,0,0,0,0,0,1,1,0,0,0,0,0,0,0,1,0,0,0,1,0,1,0,1,0,0,0,0,0,1,0,0,1,0,0,0,0x8664,0x020b,0x0003,.text
2513eb274a9507ee598af02dd9338ec08da908971a19f470d704cc3cc6234daa,dike_batch3,0,original,2513eb274a9507ee598af02dd9338ec08da908971a19f470d704cc3cc6234daa,66560,5.839066224463277,232,6,2015,0,240,12,10,10,0,10,0,10,0,41472,26112,0,41072,0.4557883522727273,5368709120,4096,512,90112,1024,0.011363636363636364,0.4602272727272727,0.2897727272727273,99166,16,1048576,24576,1048576,4096,65536,67112,41472,41472,1,1,0,0,0,0,0,41472,41472,4.299466221328756,6.197527447475164,6.197527447475164,0,0,27,135,0,0,0,0,0,560,2032,1956,0,372,56,0,0,0,160,0,1296,0,0,0,0,1,0,1,0,1,0,0,0,0,1,1,1,1,0,1,1,1,0,0,0,0,0,0,0,1,0,0,0,1,0,1,1,1,0,1,1,0,0,0,1,0,1,0,0,0,0x8664,0x020b,0x0003,.text
255ef9288394de9307866208c65b3a2e1c7b0d30d9fb27c7572439a1bdab677b,dike_batch3,0,original,255ef9288394de9307866208c65b3a2e1c7b0d30d9fb27c7572439a1bdab677b,57768,6.12015613131421,128,11,1971,142,240,2,27,4,0,0,0,5,2,18432,38400,3072,5328,0.06846217105263158,4194304,4096,512,77824,1024,0.013157894736842105,0.23684210526315788,0.4934210526315789,112392,16,2097152,4096,1048576,4096,38912,41744,18432,18432,1,6,0,1,1,0,0,18432,18432,2.8264175143446604,5.966243935413239,5.966243935413239,0,17832,7,126,0,0,0,0,0,5436,5016,744,12000,0,0,0,0,40,0,0,1064,0,0,0,0,1,0,1,1,1,0,1,1,0,0,0,0,0,0,0,1,1,0,0,0,1,0,0,1,1,0,0,0,1,0,1,1,1,1,0,0,0,0,1,0,0,1,0,0,0,0x8664,0x020b,0x0002,.text
256125aa18a03ce9dd77811091d8e16a6a0f6dba3d3efe285f1242c8c2240769,dike_batch3,0,original,256125aa18a03ce9dd77811091d8e16a6a0f6dba3d3efe285f1242c8c2240769,13312,5.758955299526302,128,5,1970,0,224,2,25,4,0,1,0,4,0,8192,4096,2048,4096,0.14285714285714285,4194304,4096,512,28672,1024,0.03571428571428571,0.2857142857142857,0.14285714285714285,67789,16,2097152,4096,1048576,4096,12288,13932,8192,8192,1,4,0,1,1,0,0,8192,8192,4.9463054106126805,6.171683633476223,6.171683633476223,0,0,2,29,0,0,0,0,0,836,0,0,0,0,0,0,0,0,0,0,0,0,0,0,0,0,0,1,1,0,0,1,0,0,0,0,0,0,0,0,1,1,0,0,0,1,0,0,0,1,0,0,0,1,0,1,0,0,0,0,0,0,0,0,0,0,0,0,0,0,0x014c,0x010b,0x0003,.text
2592f9dcd49ce5ed29515f316cab806a1561b240da5dd34d8e0755ac073a1bac,existing_benign,0,original,2592f9dcd49ce5ed29515f316cab806a1561b240da5dd34d8e0755ac073a1bac,53608,6.201007330808782,128,3,2019,0,224,48,0,4,0,0,0,6,0,33280,3072,0,41238,0.629241943359375,4194304,8192,512,65536,512,0.0078125,0.5078125,0.046875,93832,16,1048576,4096,1048576,4096,36352,36352,33280,33280,1,0,0,0,0,0,0,33280,33280,3.4225948478966735,5.386717116786461,5.386717116786461,0,16744,1,1,0,0,0,0,0,79,2528,0,16744,12,28,0,0,0,0,0,8,0,72,0,0,0,0,1,0,0,0,0,0,0,1,1,0,1,0,1,1,1,0,0,0,0,0,0,1,1,0,0,0,1,0,1,1,0,1,1,1,0,0,0,0,0,1,0,1,0,0x014c,0x010b,0x0003,.text
25975c1618ea62819ee7654a1ed64ef80fe466f69a8568facec235a2f462a35f,dike_batch3,0,original,25975c1618ea62819ee7654a1ed64ef80fe466f69a8568facec235a2f462a35f,88960,6.399548332659275,248,4,2010,0,224,9,0,5,1,0,0,5,1,51200,32256,0,49389,0.5242548403532609,771751936,4096,512,94208,1024,0.010869565217391304,0.5434782608695652,0.3423913043478261,151283,16,1048576,4096,1048576,4096,81920,82980,51200,51200,1,1,0,0,0,0,0,51200,51200,5.784054003429512,6.508618866268431,6.354978010484223,0,6016,6,149,0,0,0,0,0,140,23420,0,6016,3444,56,0,0,0,64,0,620,64,0,0,0,0,0,1,0,0,0,0,0,0,1,0,0,0,0,1,1,1,0,0,0,0,0,0,1,1,0,0,0,1,0,1,1,0,1,1,1,0,0,0,1,0,1,1,0,0,0x014c,0x010b,0x0002,.text
25cbdded3eae9a3629a77634029463a4ab42372cb28c6e55aa6b1c635ff5fb95,existing_benign,0,original,25cbdded3eae9a3629a77634029463a4ab42372cb28c6e55aa6b1c635ff5fb95,262848,6.585962069709393,288,5,2019,0,224,14,10,6,0,10,0,6,0,225280,19456,0,97072,0.2494654605263158,4194304,4096,512,389120,1024,0.002631578947368421,0.5789473684210527,0.05,283593,16,1048576,8192,1048576,4096,244736,380540,225280,225280,1,1,0,0,0,0,0,225280,225280,4.967239206996063,6.561468047325276,6.413531862489748,0,17088,6,115,0,0,0,0,0,140,2364,0,17088,9956,84,0,0,0,64,0,484,0,0,0,0,0,0,1,0,1,0,0,0,0,1,1,1,0,0,1,1,1,0,0,0,0,0,0,1,1,0,0,0,1,0,1,1,0,1,1,1,0,0,0,1,0,1,0,0,0,0x014c,0x010b,0x0003,.text
25d554a4f84aee5e94033dd3ee0fa2d32021b704423e824fbc4bac0c253416fd,existing_benign,0,original,25d554a4f84aee5e94033dd3ee0fa2d32021b704423e824fbc4bac0c253416fd,429056,6.559248982235194,224,5,2030,0,224,14,38,10,0,10,0,10,0,378880,51200,0,366528,0.8285590277777778,4194304,4096,512,442368,1024,0.0023148148148148147,0.8564814814814815,0.11574074074074074,458127,16,262144,8192,1048576,4096,428032,429760,378880,378880,1,1,0,0,0,0,0,378880,378880,5.246899540084408,6.789970145937812,6.38901192720345,0,0,22,502,9,0,0,0,0,460,2976,0,0,24932,112,0,0,24,196,0,2096,0,0,0,0,0,0,1,0,0,0,0,0,0,1,1,1,0,0,1,1,1,0,0,0,0,0,0,0,1,0,0,1,1,0,1,1,0,0,1,1,0,0,1,1,0,1,0,0,0,0x014c,0x010b,0x0002,.text
26181987d137f76c514616a1ac52e806fc474f6afbeb0c10b2d33c939205bf92,existing_benign,0,original,26181987d137f76c514616a1ac52e806fc474f6afbeb0c10b2d33c939205bf92,2962072,6.904424411008738,328,6,2026,0,224,14,50,6,0,0,0,6,0,1921024,1028608,0,1742532,0.497570586622807,4194304,4096,512,3502080,1024,0.00029239766081871346,0.5485380116959064,0.29371345029239765,2973535,16,1048576,4096,1048576,4096,2949632,3489828,1921024,1921024,1,2,0,0,1,0,0,1921024,1921024,5.856372745973781,6.8549148313704995,6.8549148313704995,0,11416,11,268,0,0,0,0,116,240,302304,0,11416,72496,84,0,0,24,64,0,1116,64,0,0,0,0,0,1,0,0,0,0,0,0,1,1,0,0,0,1,1,1,0,0,0,1,0,0,1,1,0,0,0,1,1,1,1,0,1,1,1,0,0,1,1,0,1,1,0,0,0x014c,0x010b,0x0003,.text
262aa82cfd43744433d44228d12c28b322970afd382587ad82f6bb07b903a501,dike_batch3,0,original,262aa82cfd43744433d44228d12c28b322970afd382587ad82f6bb07b903a501,96336,6.45504485068347,264,6,2017,0,224,14,0,5,1,0,0,5,1,43008,45056,0,5222,0.04903470552884615,4194304,4096,512,106496,1024,0.009615384615384616,0.40384615384615385,0.4230769230769231,116916,16,1048576,4096,1048576,4096,84992,87696,43008,43008,1,1,0,0,0,0,0,43008,43008,4.419674557455804,6.612654445206682,6.612654445206682,0,10320,2,66,0,0,0,0,0,60,12920,0,10320,3500,84,0,0,0,64,0,272,0,0,0,0,0,0,1,0,0,0,0,0,0,1,1,0,0,0,1,1,1,0,0,0,0,0,0,1,1,0,0,0,1,0,1,1,0,1,1,1,0,0,0,1,0,1,0,0,0,0x014c,0x010b,0x0002,.text
2653daafcf471d82e362572216b8b11ac37dc44c3baefc3c30a0c0c88f882af3,dike_batch7,0,original,2653daafcf471d82e362572216b8b11ac37dc44c3baefc3c30a0c0c88f882af3,166048,5.889105624140527,128,3,2014,0,224,11,0,4,0,0,0,4,0,156160,2560,0,164270,0.8718474014945652,4194304,8192,512,188416,512,0.002717391304347826,0.8288043478260869,0.01358695652173913,170601,16,1048576,4096,1048576,4096,158720,158720,156160,156160,1,0,0,0,0,0,0,156160,156160,3.480071042885671,5.8083966736400585,5.8083966736400585,0,6816,1,1,0,0,0,0,0,75,1952,0,6816,12,28,0,0,0,0,0,8,0,72,0,0,0,0,1,0,0,0,0,0,0,1,1,0,0,0,1,1,1,0,0,0,0,0,0,1,1,0,0,0,1,0,1,1,0,1,1,1,0,0,0,0,0,1,0,1,0,0x014c,0x010b,0x0003,.text
2698883aacafe56979083ccf3e253bb933a085a3d6dfb0bf14240df56497e249,existing_benign,0,original,2698883aacafe56979083ccf3e253bb933a085a3d6dfb0bf14240df56497e249,213504,6.490044633747125,128,3,2049,0,224,48,0,4,0,0,0,4,0,71168,141824,0,79006,0.3325616244612069,4194304,8192,512,237568,512,0.0021551724137931034,0.2995689655172414,0.5969827586206896,269965,16,1048576,4096,1048576,4096,212992,212992,141312,141312,1,0,0,0,0,0,0,71168,71168,4.247258752447793,6.751577230112127,5.888288601568545,0,0,1,1,0,0,0,0,0,79,140896,0,0,12,56,0,0,0,0,0,8,0,72,0,0,0,0,1,0,0,0,1,0,0,1,1,0,0,0,1,1,1,0,0,0,0,0,0,0,1,0,0,0,1,0,1,1,0,0,1,1,0,0,0,0,0,1,0,1,0,0x014c,0x010b,0x0002,.text
26f2e577524304ed552d8665b44963eae8453a962de1a9cc093a16e84ed2a527,dike_batch7,0,original,26f2e577524304ed552d8665b44963eae8453a962de1a9cc093a16e84ed2a527,50048,5.981038725670612,128,11,0,138,240,2,27,4,0,0,0,5,2,12288,30720,3072,5328,0.081298828125,4194304,4096,512,65536,1024,0.015625,0.1875,0.46875,84015,16,2097152,4096,1048576,4096,31232,33936,12288,12288,1,6,0,1,1,0,0,12288,12288,2.725793720015457,5.8486143569910665,5.8486143569910665,0,17792,11,114,0,0,0,0,0,5284,5000,696,12000,0,0,0,0,40,0,0,1000,0,0,0,0,1,0,1,1,1,1,0,1,0,0,0,0,0,0,0,1,1,0,0,0,1,0,0,1,1,0,0,0,1,0,1,1,1,1,0,0,0,0,1,0,0,1,0,0,0,0x8664,0x020b,0x0002,.text
26fa2a7473445e296ebb56322d8ea2f5653eb9050b058032b9dc5cd33a690d13,dike_batch7,0,original,26fa2a7473445e296ebb56322d8ea2f5653eb9050b058032b9dc5cd33a690d13,89656,5.589559093246987,128,11,0,186,240,2,27,4,0,0,0,5,2,20480,68096,3072,5328,0.05203125,4194304,4096,512,102400,1024,0.01,0.2,0.665,91671,16,2097152,4096,1048576,4096,68608,71568,31232,31232,1,6,0,1,1,0,0,20480,20480,2.6925682750803306,6.0881616315861535,6.0881616315861535,0,20024,13,158,0,0,0,0,0,7424,5000,756,12000,0,0,0,0,40,0,0,1368,0,0,0,0,1,0,1,1,1,1,0,1,0,0,0,0,0,0,0,1,1,0,0,0,1,0,0,1,1,0,0,0,1,0,1,1,1,1,0,0,0,0,1,0,0,1,0,0,0,0x8664,0x020b,0x0002,.text
270192196cb5dc6b0fc987e19c99701acce994ee826447e8ae011eb70681ff9f,dike_batch7,0,original,270192196cb5dc6b0fc987e19c99701acce994ee826447e8ae011eb70681ff9f,319488,5.5922594185206265,208,4,2012,0,224,6,0,4,0,0,0,4,0,12288,303104,0,12278,0.038430238381410256,4194304,4096,4096,319488,4096,0.01282051282051282,0.038461538461538464,0.9487179487179487,362467,16,1048576,4096,1048576,4096,315392,315392,294912,294912,1,1,0,0,0,0,0,12288,12288,3.365521681409524,5.675470667287936,4.570385919614689,0,0,4,59,1,0,0,0,0,100,293944,0,0,0,0,0,0,0,0,0,252,0,0,0,0,0,0,1,1,1,0,0,0,0,0,0,0,0,0,0,1,1,0,0,0,0,0,0,0,1,0,0,1,1,0,1,1,0,0,0,0,0,0,0,0,0,1,0,0,0,0x014c,0x010b,0x0002,.text
270f6e7751d9866ca0334ce84e955f2789cd7a07c2a765e90539016b071fd950,dike_batch7,0,original,270f6e7751d9866ca0334ce84e955f2789cd7a07c2a765e90539016b071fd950,1034016,6.401765388331387,272,7,2017,0,240,14,0,5,2,0,0,5,2,720896,325120,0,636832,0.5979867788461538,5368709120,4096,512,1064960,1024,0.0009615384615384616,0.676923076923077,0.30528846153846156,1085058,16,1048576,4096,1048576,4096,1026048,1045968,720896,720896,1,1,0,0,0,0,0,720896,720896,4.870050554049614,6.384960498141891,6.384960498141891,0,6944,5,219,0,0,0,0,192,120,920,56940,6944,9960,84,0,0,0,148,0,1792,0,0,0,0,1,0,1,0,1,0,0,0,0,1,1,0,1,0,1,1,1,0,0,0,0,0,0,1,1,0,0,0,1,1,1,1,1,1,1,1,0,0,0,1,0,1,0,0,0,0x8664,0x020b,0x0003,.text
27442c2dbdef8c0cb2ff118773a0c1d90ce619139c0d4bdb20e799f6ec421853,dike_batch7,0,original,27442c2dbdef8c0cb2ff118773a0c1d90ce619139c0d4bdb20e799f6ec421853,1346648,6.410307812186953,128,3,2012,0,224,8,0,4,0,0,0,4,0,1306624,20480,0,1314302,0.9782759503620427,4194304,8192,4096,1343488,4096,0.003048780487804878,0.9725609756097561,0.01524390243902439,1355100,16,1048576,4096,1048576,4096,1327104,1327104,1306624,1306624,1,0,0,0,0,0,0,1306624,1306624,3.4571511189886124,6.432151513010955,6.432151513010955,0,15448,1,1,0,0,0,0,0,79,12664,0,15448,12,28,0,0,0,0,0,8,0,72,0,0,0,0,1,0,0,0,0,0,0,1,1,0,0,0,1,1,1,0,0,0,0,0,0,1,1,0,0,0,1,0,1,1,0,1,1,1,0,0,0,0,0,1,0,1,0,0x014c,0x010b,0x0002,.text
2761ae5bfae0ea811c7bf7001553949c4cbca5c792e56998742b537e5ca8e322,dike_batch7,0,original,2761ae5bfae0ea811c7bf7001553949c4cbca5c792e56998742b537e5ca8e322,107520,6.4981020438128185,128,5,1970,0,224,2,25,4,0,1,0,4,0,87040,19456,3584,4096,0.03333333333333333,4194304,4096,512,122880,1024,0.008333333333333333,0.7083333333333334,0.15833333333333333,169518,16,2097152,4096,1048576,4096,106496,109748,87040,87040,1,4,0,1,1,0,0,87040,87040,5.362107333465825,6.428244076234798,6.428244076234798,0,0,2,90,0,0,0,0,0,2152,0,0,0,0,0,0,0,0,0,0,0,0,0,0,0,0,0,1,1,0,0,1,0,0,0,0,0,0,0,0,1,1,0,0,0,1,0,0,0,1,0,0,0,1,0,1,0,0,0,0,0,0,0,0,0,0,0,0,0,0,0x014c,0x010b,0x0003,.text
278e13a6cdcb60a35ca63f7a1ea5808d5b393b9298484dc618dda38276dee5e8,existing_benign,0,original,278e13a6cdcb60a35ca63f7a1ea5808d5b393b9298484dc618dda38276dee5e8,80632,6.618654823464249,272,5,2016,0,224,9,0,5,0,0,0,5,0,39424,26624,0,36778,0.4489501953125,4194304,4096,512,81920,1024,0.0125,0.48125,0.325,139421,16,1048576,4096,1048576,4096,66048,66960,39424,39424,1,1,0,0,0,0,0,39424,39424,5.150515496897571,6.38798398297607,6.38798398297607,0,13560,7,184,0,0,0,0,0,160,1564,0,13560,3752,28,0,0,0,64,0,764,0,0,0,0,0,0,1,0,0,0,0,0,0,1,1,0,0,0,1,1,1,0,0,0,0,0,0,1,1,0,0,0,1,0,1,1,0,1,1,1,0,0,0,1,0,1,0,0,0,0x014c,0x010b,0x0002,.text
27f1277673d83f49d757265db319753cb6c2b497df3b9f4007ff81bd56cc930b,dike_batch7,0,original,27f1277673d83f49d757265db319753cb6c2b497df3b9f4007ff81bd56cc930b,88200,5.475652399441465,128,11,1970,204,240,2,27,4,0,0,0,5,2,31744,66048,4608,5328,0.05003004807692308,4194304,4096,512,106496,1024,0.009615384615384616,0.2980769230769231,0.6201923076923077,142388,16,2097152,4096,1048576,4096,66560,70736,31744,31744,1,6,0,1,1,0,0,31744,31744,2.9030719047526685,5.931514328541727,5.931514328541727,0,20616,13,176,0,0,0,0,0,8008,5008,1008,12000,0,0,0,0,40,0,0,1512,0,0,0,0,1,0,1,1,1,0,1,1,0,0,0,0,0,0,0,1,1,0,0,0,1,0,0,1,1,0,0,0,1,0,1,1,1,1,0,0,0,0,1,0,0,1,0,0,0,0x8664,0x020b,0x0002,.text
282bfca7e0d52f4d3f0bbd443a56e52b0b7a5444a489ff51478e5cbc91aa2c94,dike_batch7,0,original,282bfca7e0d52f4d3f0bbd443a56e52b0b7a5444a489ff51478e5cbc91aa2c94,21504,5.925745369744566,128,5,1970,0,224,2,25,4,0,1,0,4,0,14848,5632,1024,4096,0.1111111111111111,4194304,4096,512,36864,1024,0.027777777777777776,0.4027777777777778,0.1527777777777778,38122,16,2097152,4096,1048576,4096,20480,21068,14848,14848,1,4,0,1,1,0,0,14848,14848,4.826104095713335,6.171301949108673,6.171301949108673,0,0,3,41,0,0,0,0,0,1212,0,0,0,0,0,0,0,0,0,0,0,0,0,0,0,0,0,1,1,0,0,1,0,0,0,0,0,0,0,0,1,1,0,0,0,1,0,0,0,1,0,0,0,1,0,1,0,0,0,0,0,0,0,0,0,0,0,0,0,0,0x014c,0x010b,0x0003,.text
282f6f7fb0c5b0de73b72301646791901ae28c8c69cc25cf47b2ff773cb5dc20,dike_batch7,0,original,282f6f7fb0c5b0de73b72301646791901ae28c8c69cc25cf47b2ff773cb5dc20,142848,6.042852695496384,216,6,2017,0,240,9,0,5,2,0,0,5,2,87040,54784,0,89580,0.5467529296875,5368709120,4096,512,163840,1024,0.00625,0.53125,0.334375,163640,16,1048576,4096,1048576,4096,141824,141824,87040,87040,1,1,0,0,0,0,0,87040,87040,4.647219692869439,6.082017288331415,6.082017288331415,0,0,4,326,0,0,0,0,0,100,964,4164,0,808,0,0,0,0,0,0,2640,0,0,0,0,1,0,1,0,1,0,0,0,0,1,1,0,0,0,1,1,1,0,0,0,0,0,0,0,1,0,0,0,1,0,1,1,1,0,1,0,0,0,0,0,0,1,0,0,0,0x8664,0x020b,0x0003,.text
2843b864289b254a57ede8ccebc41f77ca02f058c401ce6863a2a40a681247ac,dike_batch7,0,original,2843b864289b254a57ede8ccebc41f77ca02f058c401ce6863a2a40a681247ac,49712,6.023598387502434,128,11,1970,151,240,2,27,4,0,0,0,5,2,11264,29696,3072,5328,0.081298828125,4194304,4096,512,65536,1024,0.015625,0.171875,0.453125,92708,16,2097152,4096,1048576,4096,30208,32912,11264,11264,1,6,0,1,1,0,0,11264,11264,2.7253026677963703,5.929445840860401,5.929445840860401,0,18480,10,129,0,0,0,0,0,5996,4984,672,12000,0,0,0,0,40,0,0,1112,0,0,0,0,1,0,1,1,1,0,1,1,0,0,0,0,0,0,0,1,1,0,0,0,1,0,0,1,1,0,0,0,1,0,1,1,1,1,0,0,0,0,1,0,0,1,0,0,0,0x8664,0x020b,0x0002,.text
2844b24385ae3e9ed11105b02ca87b7bc0e49ee5086739138640ca42b6b60df3,dike_batch7,0,original,2844b24385ae3e9ed11105b02ca87b7bc0e49ee5086739138640ca42b6b60df3,35480,4.259168358500094,128,3,2014,0,224,8,0,4,0,0,0,4,0,16384,8192,0,23646,0.577294921875,4194304,8192,4096,40960,4096,0.1,0.4,0.2,51114,16,1048576,4096,1048576,4096,24576,24576,16384,16384,1,0,0,0,0,0,0,16384,16384,1.9010670781546855,4.50774125761404,4.50774125761404,0,6808,1,1,0,0,0,0,0,83,1112,0,6808,12,28,0,0,0,0,0,8,0,72,0,0,0,0,1,0,0,0,0,0,0,1,0,0,0,0,0,1,1,0,0,0,0,0,0,1,1,0,0,0,1,0,1,1,0,1,1,1,0,0,0,0,0,1,0,1,0,0x014c,0x010b,0x0003,.text
28459a2c987a74c96c8339a11fbd7c4fa4b12653b1047f5fc08939eaed4beea6,existing_benign,0,original,28459a2c987a74c96c8339a11fbd7c4fa4b12653b1047f5fc08939eaed4beea6,44544,6.16790561620834,240,5,2100,0,224,14,38,10,0,10,0,10,0,29696,14848,0,19760,0.34458705357142855,4194304,4096,512,57344,1024,0.017857142857142856,0.5178571428571429,0.25892857142857145,106088,16,262144,16384,1048576,4096,43520,44268,29696,29696,1,1,0,0,0,0,0,29696,29696,4.392225489232758,6.316640234525746,5.918553289829104,0,0,14,172,0,0,0,0,0,300,1744,0,0,2656,112,0,0,0,192,0,744,0,0,0,0,0,0,1,0,0,0,1,0,0,1,1,1,0,0,1,1,1,0,0,0,0,0,0,0,1,0,0,0,1,0,1,1,0,0,1,1,0,0,0,1,0,1,0,0,0,0x014c,0x010b,0x0003,.text
287a035d8dba018674e675325cfed18abd5d4115723e3543caa21b94d534b403,existing_benign,0,original,287a035d8dba018674e675325cfed18abd5d4115723e3543caa21b94d534b403,39936,5.911870820026373,240,6,2002,0,224,14,38,10,0,10,0,6,0,25600,22528,0,26368,0.40234375,4194304,4096,512,65536,1024,0.015625,0.390625,0.34375,73044,16,262144,8192,1048576,4096,38912,47872,25600,25600,1,2,0,0,0,0,0,25600,25600,3.5429754444222454,6.215621820246876,6.215621820246876,0,0,7,130,3,0,0,0,0,160,6344,0,0,1628,112,0,0,0,64,0,548,96,0,0,0,0,0,1,0,0,0,0,0,0,1,1,1,0,0,1,1,1,0,0,0,0,0,0,0,1,0,0,1,1,0,1,1,0,0,1,1,0,0,0,1,0,1,1,0,0,0x014c,0x010b,0x0003,.text
2889b601d0a0bbee5951f47adc2ae627708b9004ee4aed08ce70bfef492a2f84,dike_batch7,0,original,2889b601d0a0bbee5951f47adc2ae627708b9004ee4aed08ce70bfef492a2f84,636416,7.051121996200115,128,3,2016,0,224,48,0,4,0,0,0,4,0,322048,313856,0,330142,0.49753749517746915,4194304,8192,512,663552,512,0.0007716049382716049,0.4853395061728395,0.4729938271604938,0,16,1048576,4096,1048576,4096,635904,635904,322048,322048,1,0,0,0,0,0,0,322048,322048,4.731358944818009,7.058449350622902,7.058449350622902,2,0,1,1,0,0,0,0,0,79,313040,0,0,12,28,0,0,0,0,0,8,0,72,0,0,0,0,1,0,1,0,0,0,1,1,1,0,0,0,1,1,1,0,0,0,0,0,1,0,1,0,0,0,1,0,1,1,0,0,1,1,0,0,0,0,0,1,0,1,0,0x014c,0x010b,0x0002,.text
289f3da8f5828169b24ae1ab20a4e6adf00168cd93ba8ad1da9832626c6a2651,existing_benign,0,original,289f3da8f5828169b24ae1ab20a4e6adf00168cd93ba8ad1da9832626c6a2651,929280,5.664786976371794,240,6,2012,0,224,14,38,10,0,10,0,10,0,876544,55296,0,807552,0.8572010869565218,4194304,4096,512,942080,1024,0.0010869565217391304,0.9304347826086956,0.058695652173913045,964060,16,262144,8192,1048576,4096,928256,931744,876544,876544,1,2,0,0,0,0,0,876544,876544,4.521715038948563,6.581930414660175,5.537488570233778,0,0,57,321,0,0,0,0,0,1160,2176,0,0,28556,112,0,0,0,196,0,1512,224,0,0,0,0,0,1,0,1,0,0,0,0,1,1,1,0,0,1,1,1,0,0,0,0,0,0,0,1,0,0,0,1,0,1,1,0,0,1,1,0,0,0,1,0,1,1,0,0,0x014c,0x010b,0x0003,.text
28bd547512a2617e4cbdf5b729135ec04e677a52081fbbd61fd51a5e64c68474,existing_benign,0,original,28bd547512a2617e4cbdf5b729135ec04e677a52081fbbd61fd51a5e64c68474,196608,7.074835822807365,232,5,2017,0,224,14,38,10,0,10,0,10,0,94720,102912,0,96512,0.453125,4194304,4096,512,212992,1024,0.004807692307692308,0.44471153846153844,0.4831730769230769,218301,16,262144,8192,1048576,4096,195584,197184,94720,94720,1,1,0,0,0,0,0,94720,94720,5.494048313779585,7.363249785874996,6.475987607644579,1,0,22,233,2,0,0,0,0,460,87416,0,0,5272,112,0,0,0,196,0,1020,0,0,0,0,0,0,1,0,0,0,0,0,0,1,1,1,0,0,1,1,1,0,0,0,0,0,1,0,1,0,0,1,1,0,1,1,0,0,1,1,0,0,0,1,0,1,0,0,0,0x014c,0x010b,0x0002,.text
2947737e6a5da755a0046304543b353f11aabd4b021e0578094cbd98048074f2,existing_benign,0,original,2947737e6a5da755a0046304543b353f11aabd4b021e0578094cbd98048074f2,23848,6.605421193513648,232,5,2021,0,224,14,38,10,0,10,0,10,0,7680,6144,0,10048,0.35044642857142855,4194304,4096,512,28672,1024,0.03571428571428571,0.26785714285714285,0.21428571428571427,36568,16,262144,8192,1048576,4096,12800,13376,7680,7680,1,1,0,0,0,0,0,7680,7680,4.159342359165143,6.2973497677463,5.84482215956586,0,10024,12,43,0,0,0,0,0,260,1784,0,10024,500,112,0,0,0,192,0,220,0,0,0,0,0,0,1,0,0,0,0,0,0,1,1,1,0,0,1,1,1,0,0,0,0,0,0,1,1,0,0,0,1,0,1,1,0,1,1,1,0,0,0,1,0,1,0,0,0,0x014c,0x010b,0x0003,.text
2947757db8135ac19893707e98680aa279ec99eddbad267d8f20ffd9e4e2feec,dike_batch7,0,original,2947757db8135ac19893707e98680aa279ec99eddbad267d8f20ffd9e4e2feec,208384,6.269300163794251,128,9,0,0,240,2,25,4,0,0,0,5,2,141824,65536,11264,5376,0.021875,4194304,4096,512,245760,1024,0.004166666666666667,0.5770833333333333,0.26666666666666666,229737,16,2097152,4096,1048576,4096,207360,218464,141824,141824,1,5,0,1,0,0,0,141824,141824,3.56672411669001,6.269549660063342,6.269549660063342,0,0,6,318,0,0,0,0,0,13652,0,4152,0,0,0,0,0,40,0,0,2592,0,0,0,0,1,0,1,1,1,1,0,0,0,0,0,0,0,0,0,1,1,0,0,0,0,0,0,0,1,0,0,0,1,0,1,0,1,0,0,0,0,0,1,0,0,1,0,0,0,0x8664,0x020b,0x0003,.text
29478b14f561d34e25328403fdef5f158ee88c6d3cc0daf83fe476ba09257742,existing_benign,0,original,29478b14f561d34e25328403fdef5f158ee88c6d3cc0daf83fe476ba09257742,117200,5.513132658901047,248,5,2004,0,224,14,44,10,0,1,11,10,0,49152,53248,0,43536,0.40880408653846156,4194304,4096,4096,106496,4096,0.038461538461538464,0.46153846153846156,0.5,135484,16,524288,8192,1048576,4096,102400,102400,49152,49152,1,1,0,0,0,0,0,49152,49152,4.002892417156571,6.162383672443289,6.162383672443289,0,10704,9,109,0,0,0,0,0,200,24856,0,10704,3036,140,0,0,24,196,0,472,0,0,0,0,0,0,1,0,1,0,0,0,0,1,1,1,0,0,1,1,1,0,0,0,0,0,0,1,1,0,0,0,1,0,1,1,0,1,1,1,0,0,1,1,0,1,0,0,0,0x014c,0x010b,0x0003,.text
2959c295d8505b6e8bdbc2fc82d998ddf32d3613c1a50cc3dfb2f43b2f440717,dike_batch7,0,original,2959c295d8505b6e8bdbc2fc82d998ddf32d3613c1a50cc3dfb2f43b2f440717,550128,5.312057152768452,256,5,2017,0,224,12,0,5,1,0,0,5,1,177152,374784,0,52995,0.09375530740489131,4194304,4096,512,565248,1024,0.0018115942028985507,0.3134057971014493,0.6630434782608695,555742,16,1048576,4096,1048576,4096,542720,551744,293888,293888,1,1,0,0,0,0,0,177152,177152,5.170196540410872,6.617346930872761,6.601359787502565,0,6384,1,105,0,0,0,0,0,40,293680,0,6384,10420,56,0,0,0,64,0,424,288,0,0,0,0,0,1,0,1,0,0,0,0,1,1,0,0,0,1,1,1,0,0,0,0,0,0,1,1,0,0,0,1,0,1,1,0,1,1,1,0,0,0,1,0,1,1,0,0,0x014c,0x010b,0x0002,.text
2962c9278abe150b1075f04a3d36fee6e547563d97c1787774294a94a70295ab,existing_benign,0,original,2962c9278abe150b1075f04a3d36fee6e547563d97c1787774294a94a70295ab,4608,2.0616372002524157,224,5,2080,0,224,14,38,10,0,10,0,10,0,1024,3072,0,4752,0.193359375,4194304,4096,512,24576,1024,0.041666666666666664,0.041666666666666664,0.125,37440,16,262144,8192,1048576,4096,3584,4000,1024,1024,1,1,0,0,0,0,0,1024,1024,1.2135838635472176,3.2088438865866022,2.4494419148284865,0,0,0,0,0,0,0,0,0,0,976,0,0,32,112,0,0,0,196,0,0,0,0,0,0,0,0,1,0,0,0,1,0,0,1,1,1,0,0,1,1,1,0,0,0,0,0,0,0,0,0,0,0,1,0,0,1,0,0,1,1,0,0,0,1,0,0,0,0,0,0x014c,0x010b,0x0003,.text
2999b0709f50ed5026039496142254af172990a50e2a6e1d327b7cb94b072f7c,dike_batch7,0,original,2999b0709f50ed5026039496142254af172990a50e2a6e1d327b7cb94b072f7c,109568,6.456085468960302,128,5,1970,0,224,2,25,4,0,1,0,4,0,93184,15360,4096,4096,0.03225806451612903,4194304,4096,512,126976,1024,0.008064516129032258,0.7338709677419355,0.12096774193548387,150997,16,2097152,4096,1048576,4096,108544,112428,93184,93184,1,4,0,1,1,0,0,93184,93184,5.312395864512343,6.3826816004432345,6.3826816004432345,0,0,3,61,0,0,0,0,0,1648,0,0,0,0,0,0,0,0,0,0,0,0,0,0,0,0,0,1,1,0,0,1,0,0,0,0,0,0,0,0,1,1,0,0,0,1,0,0,0,1,0,0,0,1,0,1,0,0,0,0,0,0,0,0,0,0,0,0,0,0,0x014c,0x010b,0x0003,.text
29ae907901b116a8d656672706e9f3f9467c84c914c47a65176c6a2e9a428ffe,dike_batch7,0,original,29ae907901b116a8d656672706e9f3f9467c84c914c47a65176c6a2e9a428ffe,79872,6.70076475223596,232,6,2015,0,224,12,10,10,0,10,0,10,0,9216,82944,0,10688,0.09664351851851852,4194304,4096,512,110592,1024,0.009259259259259259,0.08333333333333333,0.75,80639,16,1048576,16384,1048576,4096,78848,91720,64512,64512,1,2,0,0,0,0,0,9216,9216,3.8835951721364057,6.852250683774569,5.908224597744005,0,0,19,65,0,0,0,0,0,400,64488,0,0,740,56,0,0,0,104,0,336,96,0,0,0,0,0,1,0,0,0,0,0,0,1,1,1,0,0,1,1,1,0,0,0,0,0,0,0,1,0,0,0,1,0,1,1,0,0,1,1,0,0,0,1,0,1,1,0,0,0x014c,0x010b,0x0003,.text
29b946238beb2a8c557a8a883b6666f3fe7314254fe61e067037d650fad88a3d,dike_batch7,0,original,29b946238beb2a8c557a8a883b6666f3fe7314254fe61e067037d650fad88a3d,40128,6.551921881696465,128,3,2016,0,224,48,0,4,0,0,0,6,0,20480,3072,0,28526,0.5803629557291666,4194304,8192,512,49152,512,0.010416666666666666,0.4166666666666667,0.0625,103194,16,1048576,4096,1048576,4096,23552,23552,20480,20480,1,0,0,0,0,0,0,20480,20480,3.4091872557605174,5.7936772864494595,5.7936772864494595,0,16064,1,1,0,0,0,0,0,79,2292,0,16064,12,28,0,0,0,0,0,8,0,72,0,0,0,0,1,0,1,0,0,0,0,1,1,0,1,0,1,1,1,0,0,0,0,0,0,1,1,0,0,0,1,0,1,1,0,1,1,1,0,0,0,0,0,1,0,1,0,0x014c,0x010b,0x0003,.text
29f465a5a8a791d2aba88de33e84e74b7fd8c47c753747ca7b45b24d7121a9e6,dike_batch7,0,original,29f465a5a8a791d2aba88de33e84e74b7fd8c47c753747ca7b45b24d7121a9e6,55808,5.840069037008638,232,7,2015,0,240,12,10,10,0,10,0,10,0,39424,16896,0,40880,0.5252878289473685,5368709120,4096,512,77824,1024,0.013157894736842105,0.506578947368421,0.21710526315789475,85087,16,524288,8192,1048576,4096,54784,56116,39424,39424,1,2,0,0,0,0,0,39424,39424,2.776261941272316,6.169719231819525,6.169719231819525,0,0,27,111,0,0,0,0,0,560,2064,1272,0,52,56,0,0,0,160,0,1104,160,0,0,0,1,0,1,0,1,0,0,0,0,1,1,1,1,0,1,1,1,0,0,0,0,0,0,0,1,0,0,0,1,0,1,1,1,0,1,1,0,0,0,1,0,1,1,0,0,0x8664,0x020b,0x0003,.text
2a053f32b1d48539e3e2807f86754be87ce95b08378467e66cab2bac0e67a825,dike_batch7,0,original,2a053f32b1d48539e3e2807f86754be87ce95b08378467e66cab2bac0e67a825,102336,6.658718435527008,240,5,2012,0,224,11,0,6,0,10,0,6,0,62976,22528,0,64769,0.2592253137807377,4194304,4096,512,249856,1024,0.004098360655737705,0.2520491803278688,0.09016393442622951,143649,16,1048576,8192,1048576,4096,85504,237324,62976,152332,1,1,0,0,0,0,0,62976,62976,4.7657372850418955,6.546664429626902,6.546664429626902,0,15808,3,159,0,0,0,0,0,80,11604,0,15808,4416,28,0,0,0,64,0,648,0,0,0,0,0,0,1,0,1,0,0,0,0,1,1,0,0,0,1,1,1,0,0,0,0,0,0,1,1,0,0,0,1,0,1,1,0,1,1,1,0,0,0,1,0,1,0,0,0,0x014c,0x010b,0x0003,.text
2a1c7574a5c42eb8c9348d9dba505ce49f2c88231d7ea6edd3715a39a5decd94,dike_batch7,0,original,2a1c7574a5c42eb8c9348d9dba505ce49f2c88231d7ea6edd3715a39a5decd94,62224,6.0843615622298755,128,11,1971,193,240,2,27,4,0,0,0,5,2,18432,40448,33280,5328,0.048177083333333336,4194304,4096,512,110592,1024,0.009259259259259259,0.16666666666666666,0.36574074074074076,98961,16,2097152,4096,1048576,4096,40960,74192,18432,33232,1,6,0,1,1,0,0,18432,18432,2.8803706255506056,5.9397569100556655,5.9397569100556655,0,20240,11,168,0,0,0,0,0,7668,5016,792,12000,0,0,0,0,40,0,0,1432,0,0,0,0,1,0,1,1,1,0,1,1,0,0,0,0,0,0,0,1,1,0,0,0,1,0,0,1,1,0,0,0,1,0,1,1,1,1,0,0,0,0,1,0,0,1,0,0,0,0x8664,0x020b,0x0002,.text
2a1d8692f445791dc9dc9700e11f2ce68fce9ac5ad2abd56aa0f41f1047b38f1,dike_batch7,0,original,2a1d8692f445791dc9dc9700e11f2ce68fce9ac5ad2abd56aa0f41f1047b38f1,397824,6.268104298616577,128,9,0,0,240,2,25,4,0,0,0,5,2,302592,94208,7680,5376,0.012620192307692308,4194304,4096,512,425984,1024,0.002403846153846154,0.7103365384615384,0.22115384615384615,399496,16,12582912,4096,1048576,4096,396800,404352,302592,302592,1,5,0,1,0,0,0,302592,302592,3.4871077647404585,6.286235080732019,6.286235080732019,0,0,6,158,0,0,0,0,0,5608,0,10188,0,0,0,0,0,40,0,0,1312,0,0,0,0,1,0,1,1,1,1,0,0,0,0,0,0,0,0,0,1,1,0,0,0,0,0,0,0,1,0,0,0,1,0,1,0,1,0,0,0,0,0,1,0,0,1,0,0,0,0x8664,0x020b,0x0003,.text
2a922ebe7edb08480baa1721ce1b5185fb5af7f64ec0f128d6a7a37711784815,dike_batch7,0,original,2a922ebe7edb08480baa1721ce1b5185fb5af7f64ec0f128d6a7a37711784815,243696,6.058558238553349,256,6,2017,0,240,12,0,6,0,0,0,6,0,152576,92160,0,82776,0.315765380859375,5368709120,4096,512,262144,1024,0.00390625,0.58203125,0.3515625,258678,16,1048576,4096,1048576,4096,235008,244592,152576,152576,1,1,0,0,0,0,0,152576,152576,4.7344586068980465,6.319631179123864,6.319631179123864,0,7664,4,107,0,0,0,0,0,100,1448,7512,7664,2244,56,0,0,0,112,0,888,0,0,0,0,1,0,1,0,1,0,0,0,0,1,1,0,1,0,1,1,1,0,0,0,0,0,0,1,1,0,0,0,1,0,1,1,1,1,1,1,0,0,0,1,0,1,0,0,0,0x8664,0x020b,0x0002,.text
2acf8f6f068976f75dd70e6195f8a94c3e623a0137c99d78f9055a5dbbbf75bf,dike_batch7,0,original,2acf8f6f068976f75dd70e6195f8a94c3e623a0137c99d78f9055a5dbbbf75bf,108232,6.134171781151925,128,11,1970,305,240,2,27,4,0,0,0,5,2,49664,81408,4608,5328,0.043359375,4194304,4096,512,122880,1024,0.008333333333333333,0.4041666666666667,0.6625,112610,16,2097152,4096,1048576,4096,81920,86480,49664,49664,1,6,0,1,1,0,0,49664,49664,3.158772133078537,6.036260493513234,6.036260493513234,0,25288,15,273,0,0,0,0,0,12556,5008,1512,12000,0,0,0,0,40,0,0,2304,0,0,0,0,1,0,1,1,1,0,1,1,0,0,0,0,0,0,0,1,1,0,0,0,1,0,0,1,1,0,0,0,1,0,1,1,1,1,0,0,0,0,1,0,0,1,0,0,0,0x8664,0x020b,0x0002,.text
2adbc2a2227756286fb140ca5877a00cee7fedc0d4ae3af098d9b2530c3648f8,dike_batch7,0,original,2adbc2a2227756286fb140ca5877a00cee7fedc0d4ae3af098d9b2530c3648f8,58832,6.067879135790259,128,11,1970,173,240,2,27,4,0,0,0,5,2,17408,37888,4096,5328,0.06846217105263158,4194304,4096,512,77824,1024,0.013157894736842105,0.2236842105263158,0.4868421052631579,106452,16,2097152,4096,1048576,4096,38400,42256,17408,17408,1,6,0,1,1,0,0,17408,17408,2.85025417987256,5.972436747708055,5.972436747708055,0,19408,12,147,0,0,0,0,0,6840,5008,732,12000,0,0,0,0,40,0,0,1272,0,0,0,0,1,0,1,1,1,0,1,1,0,0,0,0,0,0,0,1,1,0,0,0,1,0,0,1,1,0,0,0,1,0,1,1,1,1,0,0,0,0,1,0,0,1,0,0,0,0x8664,0x020b,0x0002,.text
2b0756545a16477b255a241a78d244191163a27ae3ad61d0493d378f4f26c092,existing_benign,0,original,2b0756545a16477b255a241a78d244191163a27ae3ad61d0493d378f4f26c092,19968,5.608188368161957,248,5,2093,0,224,14,38,10,0,10,0,10,0,12288,7680,0,11696,0.35693359375,4194304,4096,512,32768,1024,0.03125,0.375,0.234375,64379,16,262144,8192,1048576,4096,18944,19648,12288,12288,1,1,0,0,0,0,0,12288,12288,4.386269214138808,5.808784575221904,5.808784575221904,0,0,7,70,0,0,0,0,0,160,2296,0,0,800,112,0,0,0,192,0,308,0,0,0,0,0,0,1,0,0,0,1,0,0,1,1,1,0,0,1,1,1,0,0,0,0,0,0,0,1,0,0,0,1,0,1,1,0,0,1,1,0,0,0,1,0,1,0,0,0,0x014c,0x010b,0x0002,.text
2b672dd0e086dd4196087712ba0e34af205f518231545646c81d01411fe9bda8,dike_batch7,0,original,2b672dd0e086dd4196087712ba0e34af205f518231545646c81d01411fe9bda8,94920,6.088714768311364,128,11,1970,267,240,2,27,4,0,0,0,5,2,38912,69632,49664,5328,0.03423108552631579,4194304,4096,512,155648,1024,0.006578947368421052,0.25,0.4473684210526316,110292,16,2097152,4096,1048576,4096,70144,119504,38912,49360,1,6,0,1,1,0,0,38912,38912,3.087167748132878,5.954333339703766,5.954333339703766,0,23752,12,241,0,0,0,0,0,11132,5032,1248,12000,0,0,0,0,40,0,0,2024,0,0,0,0,1,0,1,1,1,0,1,1,0,0,0,0,0,0,0,1,1,0,0,0,1,0,0,1,1,0,0,0,1,0,1,1,1,1,0,0,0,0,1,0,0,1,0,0,0,0x8664,0x020b,0x0002,.text
2b70c56855937a6f0ff82113f8d934641ad9e829b976a4435c805f42b349bdd0,dike_batch7,0,original,2b70c56855937a6f0ff82113f8d934641ad9e829b976a4435c805f42b349bdd0,75536,6.249060208859631,128,11,1971,147,240,2,27,4,0,0,0,5,2,36352,55808,3584,5328,0.059126420454545456,4194304,4096,512,90112,1024,0.011363636363636364,0.4034090909090909,0.6193181818181818,116736,16,2097152,4096,1048576,4096,56320,59472,36352,36352,1,6,0,1,1,0,0,36352,36352,2.9474586031324033,6.100636294942241,6.100636294942241,0,18192,10,125,0,0,0,0,0,5712,4992,924,12000,0,0,0,0,40,0,0,1080,0,0,0,0,1,0,1,1,1,0,1,1,0,0,0,0,0,0,0,1,1,0,0,0,1,0,0,1,1,0,0,0,1,0,1,1,1,1,0,0,0,0,1,0,0,1,0,0,0,0x8664,0x020b,0x0002,.text
2b8f77719ff7528fc7147d381d98f0171390b94b85f84f9b4483e9322f140726,dike_batch7,0,original,2b8f77719ff7528fc7147d381d98f0171390b94b85f84f9b4483e9322f140726,196400,6.325120730799434,264,5,2017,0,224,12,0,6,0,0,0,6,0,67072,113664,0,60571,0.31463493184840424,4194304,4096,512,192512,1024,0.005319148936170213,0.3484042553191489,0.5904255319148937,234348,16,1048576,4096,1048576,4096,179200,180292,97280,97280,1,1,0,0,0,0,0,67072,67072,5.151856436205865,6.321825962280232,6.1923389248636775,0,16176,5,114,0,0,0,0,0,120,1720,0,16176,10964,56,0,0,0,64,0,476,0,0,0,0,0,0,1,0,0,0,0,0,0,1,1,0,0,0,1,1,1,0,0,0,0,0,0,1,1,0,0,0,1,0,1,1,0,1,1,1,0,0,0,1,0,1,0,0,0,0x014c,0x010b,0x0003,.text
2bc23027b1441c01a2bd9023c018b75ebcee65fc5de0bc366128d2fb26ff8f90,existing_benign,0,original,2bc23027b1441c01a2bd9023c018b75ebcee65fc5de0bc366128d2fb26ff8f90,7680,3.3825466099341517,208,3,2055,0,224,14,38,10,0,10,0,10,0,4608,2048,0,0,0.0,1385693184,4096,512,20480,1024,0.05,0.225,0.1,51936,16,262144,4096,1048576,4096,6656,6656,4608,4608,1,0,0,0,0,0,-1,0,0,3.023565837042998,3.740113454905577,0.0,0,0,0,0,0,0,0,0,80,0,1040,0,0,208,112,0,0,0,0,0,0,0,0,0,0,0,1,0,0,0,0,1,0,0,1,1,1,0,0,0,0,0,0,0,0,0,0,0,0,0,0,0,0,1,1,0,1,0,0,1,1,0,0,0,0,0,0,0,0,0,0x014c,0x010b,0x0001,
2bfebbe3c2b994e92112a8bd81d944e2904ebbfeb6fc6c74c3f84ab799732790,existing_benign,0,original,2bfebbe3c2b994e92112a8bd81d944e2904ebbfeb6fc6c74c3f84ab799732790,480072,6.782218877394896,280,5,2025,0,224,14,29,6,0,0,0,6,0,249344,224256,0,147398,0.3024020154936975,4194304,4096,512,487424,1024,0.0021008403361344537,0.5115546218487395,0.46008403361344535,536482,16,1048576,4096,1048576,4096,468992,473144,249344,249344,1,1,0,0,0,0,0,249344,249344,5.4859638420466075,6.6174812819190905,6.6174812819190905,0,10056,7,138,0,0,0,0,0,160,1184,0,10056,13456,84,0,0,24,64,0,580,0,0,0,0,0,0,1,0,0,0,0,0,0,1,1,0,0,0,1,1,1,0,0,0,0,0,0,1,1,0,0,0,1,0,1,1,0,1,1,1,0,0,1,1,0,1,0,0,0,0x014c,0x010b,0x0002,.text
2c0537b91ea3df61f7dd353ecf98d80201f2276c1e9c6135b031b0f4cb14e163,dike_batch7,0,original,2c0537b91ea3df61f7dd353ecf98d80201f2276c1e9c6135b031b0f4cb14e163,1523704,5.860975128472104,128,3,2017,0,224,8,0,4,0,0,0,4,0,1505280,2048,0,1513214,0.9877994965741979,4194304,8192,512,1531904,512,0.00033422459893048126,0.982620320855615,0.001336898395721925,1570441,16,1048576,4096,1048576,4096,1507328,1507328,1505280,1505280,1,0,0,0,0,0,0,1505280,1505280,3.3595050098759827,5.843714178652534,5.843714178652534,0,15864,1,1,0,0,0,0,0,75,1478,0,15864,12,0,0,0,0,0,0,8,0,72,0,0,0,0,1,0,0,0,0,0,0,1,1,0,0,0,1,1,1,0,0,0,0,0,0,1,1,0,0,0,1,0,1,1,0,1,1,0,0,0,0,0,0,1,0,1,0,0x014c,0x010b,0x0002,.text
2c1049909ea2288527d4ed08001c8056f4bf9c38336a6a2955c33e8de95e9973,dike_batch7,0,original,2c1049909ea2288527d4ed08001c8056f4bf9c38336a6a2955c33e8de95e9973,121856,6.454604570147325,128,5,1970,0,224,2,25,4,0,1,0,4,0,107008,13824,1024,4096,0.029411764705882353,4194304,4096,512,139264,1024,0.007352941176470588,0.7683823529411765,0.09926470588235294,157585,16,2097152,4096,1048576,4096,120832,121660,107008,107008,1,4,0,1,1,0,0,107008,107008,5.464823751758639,6.360033956445424,6.360033956445424,0,0,3,98,0,0,0,0,0,2456,0,0,0,0,0,0,0,0,0,0,0,0,0,0,0,0,0,1,1,0,0,1,0,0,0,0,0,0,0,0,1,1,0,0,0,1,0,0,0,1,0,0,0,1,0,1,0,0,0,0,0,0,0,0,0,0,0,0,0,0,0x014c,0x010b,0x0003,.text
2c4f57ff428faed0caed6308c48a9918873a382f29633a3a928c36ad3be87add,existing_benign,0,original,2c4f57ff428faed0caed6308c48a9918873a382f29633a3a928c36ad3be87add,153480,6.193415840338235,128,3,2019,0,224,48,0,4,0,0,0,6,0,103424,32768,0,111366,0.7154990748355263,4194304,8192,512,155648,512,0.003289473684210526,0.6644736842105263,0.21052631578947367,197398,16,1048576,4096,1048576,4096,136192,136192,103424,103424,1,0,0,0,0,0,0,103424,103424,3.5874367803439213,5.9806966774685995,5.9806966774685995,0,16776,1,1,0,0,0,0,0,79,32072,0,16776,12,28,0,0,0,0,0,8,0,72,0,0,0,0,1,0,0,0,0,0,0,1,1,0,1,0,1,1,1,0,0,0,0,0,0,1,1,0,0,0,1,0,1,1,0,1,1,1,0,0,0,0,0,1,0,1,0,0x014c,0x010b,0x0003,.text
2c8b6b0497ac12ab7641342e07eca16b661b31e81444798799d4b186306a9a77,dike_batch7,0,original,2c8b6b0497ac12ab7641342e07eca16b661b31e81444798799d4b186306a9a77,85504,6.09364352776691,232,5,2016,0,224,10,0,5,1,0,0,5,1,44032,40448,0,9843,0.096123046875,4194304,4096,512,102400,1024,0.01,0.43,0.395,124531,16,1048576,4096,1048576,4096,84480,92388,44032,44032,1,1,0,0,0,0,0,44032,44032,4.669931773452734,6.477307137981885,6.477307137981885,0,0,2,80,0,0,0,0,0,60,20644,0,0,2208,28,0,0,0,64,0,328,0,0,0,0,0,0,1,0,0,0,0,0,0,1,1,0,0,0,1,1,1,0,0,0,0,0,0,0,1,0,0,0,1,0,1,1,0,0,1,1,0,0,0,1,0,1,0,0,0,0x014c,0x010b,0x0002,.text
2cf15fce80ab449592da0b458489d88c8daa83d562dc79d32b0df1bbddd018de,existing_benign,0,original,2cf15fce80ab449592da0b458489d88c8daa83d562dc79d32b0df1bbddd018de,35840,6.089255857909559,232,5,2058,0,224,14,38,10,0,10,0,6,0,23552,12288,0,24640,0.5013020833333334,4194304,4096,512,49152,1024,0.020833333333333332,0.4791666666666667,0.25,96918,16,262144,8192,1048576,4096,34816,35744,23552,23552,1,1,0,0,0,0,0,23552,23552,4.70455751596033,6.512833182395834,6.109260371173982,0,0,6,97,0,0,0,0,0,140,6464,0,0,1492,112,0,0,0,64,0,412,0,0,0,0,0,0,1,0,0,0,1,0,0,1,1,1,0,0,1,1,1,0,0,0,0,0,0,0,1,0,0,0,1,0,1,1,0,0,1,1,0,0,0,1,0,1,0,0,0,0x014c,0x010b,0x0002,.text
2d09798210455d443e62351b7b9f02fe7412930623a6bcf6b009c94da3f0fb94,dike_batch7,0,original,2d09798210455d443e62351b7b9f02fe7412930623a6bcf6b009c94da3f0fb94,22016,6.026784085780713,128,5,1970,0,224,2,25,4,0,1,0,4,0,14848,6144,1024,4096,0.1111111111111111,4194304,4096,512,36864,1024,0.027777777777777776,0.4027777777777778,0.16666666666666666,83463,16,2097152,4096,1048576,4096,20992,21532,14848,14848,1,4,0,1,1,0,0,14848,14848,4.944962517987514,6.204825954725417,6.204825954725417,0,0,3,39,0,0,0,0,0,1172,0,0,0,0,0,0,0,0,0,0,0,0,0,0,0,0,0,1,1,0,0,1,0,0,0,0,0,0,0,0,1,1,0,0,0,1,0,0,0,1,0,0,0,1,0,1,0,0,0,0,0,0,0,0,0,0,0,0,0,0,0x014c,0x010b,0x0003,.text
2d5f01d3634dc458b8606f9f089f0a159d7bebe3de00378609665b98fceb0340,existing_benign,0,original,2d5f01d3634dc458b8606f9f089f0a159d7bebe3de00378609665b98fceb0340,86528,7.263555020120965,232,5,2029,0,224,14,38,10,0,10,0,10,0,3584,82944,0,6032,0.05890625,4194304,4096,512,102400,1024,0.01,0.035,0.81,141124,16,262144,8192,1048576,4096,85504,86080,79872,79872,1,1,0,0,0,0,0,3584,3584,4.374585399451108,7.383939536884248,5.508136825937396,1,0,3,29,0,0,0,0,0,80,79432,0,0,304,112,0,0,0,192,0,128,0,0,0,0,0,0,1,0,0,0,0,0,0,1,1,1,0,0,1,1,1,0,0,0,0,0,1,0,1,0,0,0,1,0,1,1,0,0,1,1,0,0,0,1,0,1,0,0,0,0x014c,0x010b,0x0002,.text
2d788c47831cb7923f1d78ebe2ee23bea561a02d2a94c5d44141b2cef8e6ac6e,existing_benign,0,original,2d788c47831cb7923f1d78ebe2ee23bea561a02d2a94c5d44141b2cef8e6ac6e,73528,6.2075907544128635,128,3,2043,0,224,48,0,4,0,0,0,4,0,60416,2048,0,68094,0.7556596235795454,268435456,8192,512,90112,512,0.005681818181818182,0.6704545454545454,0.022727272727272728,131683,16,1048576,4096,1048576,4096,62464,62464,60416,60416,1,0,0,0,0,0,0,60416,60416,2.951335061392258,5.834921676088195,5.834921676088195,0,10552,1,1,0,0,0,0,0,79,1312,0,10552,12,28,0,0,0,0,0,8,0,72,0,0,0,1,0,0,1,0,1,0,0,1,1,0,0,0,1,1,1,0,0,0,0,0,0,1,1,0,0,0,1,0,1,1,0,1,1,1,0,0,0,0,0,1,0,1,0,0x014c,0x010b,0x0003,.text
2d901bf0cb31995d596329a8406471c6e82671811c0d16255cfa02154e6dd90b,dike_batch7,0,original,2d901bf0cb31995d596329a8406471c6e82671811c0d16255cfa02154e6dd90b,670048,6.618647421383919,272,11,2010,0,224,9,0,5,0,0,0,5,0,595456,74752,0,573392,0.8186449195906432,805306368,4096,512,700416,1024,0.0014619883040935672,0.8501461988304093,0.1067251461988304,731260,16,1048576,4096,4096,4096,663040,670056,583680,583680,8,1,0,0,7,0,0,583680,583680,4.702456412989693,6.806418075478233,6.55503543132814,0,5984,11,465,37,0,0,0,0,240,15960,0,5984,33480,56,0,0,0,64,0,1904,64,0,0,0,0,0,1,0,0,0,0,0,0,1,0,0,0,0,1,1,1,0,0,0,1,0,0,1,1,0,0,1,1,0,1,1,0,1,1,1,0,0,0,1,0,1,1,0,0,0x014c,0x010b,0x0002,.text
2d9861d0185e05d493c8d5bbae368263f15c0fa66fc7e70c9eae8bba1b43be26,dike_batch7,0,original,2d9861d0185e05d493c8d5bbae368263f15c0fa66fc7e70c9eae8bba1b43be26,426696,6.493340921507361,248,6,2017,0,224,12,0,6,0,0,0,6,0,239616,178688,0,141357,0.32557534271816035,4194304,4096,512,434176,1024,0.0023584905660377358,0.5518867924528302,0.4115566037735849,430948,16,1048576,4096,1048576,4096,409600,418568,239616,239616,1,2,0,0,1,0,0,239616,239616,4.52510798801301,6.479995058438287,6.479995058438287,0,16072,6,120,1,0,0,0,0,140,1648,0,16072,20416,56,0,0,0,64,0,496,0,0,0,0,0,0,1,0,0,0,0,0,0,1,1,0,0,0,1,1,1,0,0,0,1,0,0,1,1,0,0,1,1,0,1,1,0,1,1,1,0,0,0,1,0,1,0,0,0,0x014c,0x010b,0x0002,.text
2db10930c59a7e3cc26be1e8bae834a875221072f9571ccd1d8e3fd6b9a1b52e,dike_batch7,0,original,2db10930c59a7e3cc26be1e8bae834a875221072f9571ccd1d8e3fd6b9a1b52e,51016,5.220583689421531,128,2,2008,0,240,8,0,4,0,0,0,4,0,36864,4096,0,0,0.0,4194304,8192,4096,57344,4096,0.07142857142857142,0.6428571428571429,0.07142857142857142,61136,16,4194304,16384,1048576,8192,40960,40960,36864,36864,1,0,0,0,0,0,-1,0,0,3.643873392957955,5.355382250462432,0.0,0,5960,0,0,0,0,0,0,0,0,1576,0,5960,0,28,0,0,0,0,0,0,0,72,0,0,1,0,1,0,1,0,0,0,0,1,1,0,0,0,0,0,0,0,0,0,0,0,0,1,0,0,0,0,1,0,0,1,0,1,0,1,0,0,0,0,0,0,0,1,0,0x8664,0x020b,0x0003,
2de6f802400d6673a5a6e175ee47b2537950f70e847041b9bbd27b5931cc1637,dike_batch7,0,original,2de6f802400d6673a5a6e175ee47b2537950f70e847041b9bbd27b5931cc1637,322120,5.893018265073848,128,3,2016,0,224,11,0,4,0,0,0,6,0,88064,223232,0,95854,0.2853884813262195,4194304,8192,512,335872,512,0.001524390243902439,0.2621951219512195,0.6646341463414634,359375,16,1048576,4096,1048576,4096,311296,311296,222720,222720,1,0,0,0,0,0,0,88064,88064,3.8307601342798847,5.734887221371787,5.659389005805159,0,10312,1,1,0,0,0,0,0,75,222264,0,10312,12,0,0,0,0,0,0,8,0,72,0,0,0,0,1,0,0,0,0,0,0,1,1,0,1,0,1,1,1,0,0,0,0,0,0,1,1,0,0,0,1,0,1,1,0,1,1,0,0,0,0,0,0,1,0,1,0,0x014c,0x010b,0x0002,.text
2debeb3bd8ee05e342aec360134d65f6f3e637145ebc001f243e21e58d8503f2,dike_batch7,0,original,2debeb3bd8ee05e342aec360134d65f6f3e637145ebc001f243e21e58d8503f2,33232,6.614579888477045,128,3,2012,0,224,11,0,4,0,0,0,6,0,14336,2560,0,22430,0.547607421875,4194304,8192,512,40960,512,0.0125,0.35,0.0625,38271,16,1048576,4096,1048576,4096,16896,16896,14336,14336,1,0,0,0,0,0,0,14336,14336,3.1160540753262307,5.727191970449275,5.727191970449275,0,15824,1,1,0,0,0,0,0,87,1608,0,15824,12,28,0,0,0,0,0,8,0,72,0,0,0,0,1,0,0,0,0,0,0,1,1,0,1,0,1,1,1,0,0,0,0,0,0,1,1,0,0,0,1,0,1,1,0,1,1,1,0,0,0,0,0,1,0,1,0,0x014c,0x010b,0x0003,.text
2df7b0d6ed9d2ad1dba3a9ba6b4d44bc4d7667b25b78b02b81cb0fa5b04fb9dd,dike_batch7,0,original,2df7b0d6ed9d2ad1dba3a9ba6b4d44bc4d7667b25b78b02b81cb0fa5b04fb9dd,53248,5.994923689719859,128,9,1970,0,240,2,25,4,0,0,0,5,2,38400,13824,5632,5376,0.0625,4194304,4096,512,86016,1024,0.011904761904761904,0.44642857142857145,0.16071428571428573,95007,16,2097152,4096,1048576,4096,52224,57792,38400,38400,1,5,0,1,0,0,0,38400,38400,3.302683266164375,6.269480310823943,6.269480310823943,0,0,2,64,0,0,0,0,0,2348,0,1104,0,0,0,0,0,40,0,0,528,0,0,0,0,1,0,1,1,1,0,1,0,0,0,0,0,0,0,0,1,1,0,0,0,0,0,0,0,1,0,0,0,1,0,1,0,1,0,0,0,0,0,1,0,0,1,0,0,0,0x8664,0x020b,0x0003,.text
2e22a99a5cadccbf19a4914e0c18aaea1082d7b79b937d2bdb74e3a9d915d370,existing_benign,0,original,2e22a99a5cadccbf19a4914e0c18aaea1082d7b79b937d2bdb74e3a9d915d370,44032,6.159822115696559,240,5,2079,0,224,14,38,10,0,10,0,10,0,32256,11776,0,29552,0.5153459821428571,4194304,4096,512,57344,1024,0.017857142857142856,0.5625,0.20535714285714285,104369,16,262144,8192,1048576,4096,43008,44032,32256,32256,1,1,0,0,0,0,0,32256,32256,4.601760553924779,6.324650437907061,6.210280486429706,0,0,27,105,0,0,0,0,0,560,2872,0,0,2256,112,0,0,0,192,0,528,0,0,0,0,0,0,1,0,0,0,1,0,0,1,1,1,0,0,1,1,1,0,0,0,0,0,0,0,1,0,0,0,1,0,1,1,0,0,1,1,0,0,0,1,0,1,0,0,0,0x014c,0x010b,0x0002,.text
2e2a40d004346e95cdb0a91dcd881be1f2ee6d9eef16f239c40f6b4e2383c656,dike_batch7,0,original,2e2a40d004346e95cdb0a91dcd881be1f2ee6d9eef16f239c40f6b4e2383c656,36864,3.8244284917515103,128,3,2015,0,224,8,0,4,0,0,0,4,0,24576,8192,0,28910,0.5881754557291666,4194304,8192,4096,49152,4096,0.08333333333333333,0.5,0.16666666666666666,64534,16,1048576,4096,1048576,4096,32768,32768,24576,24576,1,0,0,0,0,0,0,24576,24576,2.2837381523363773,4.941983583452163,4.941983583452163,0,0,1,1,0,0,0,0,0,83,1528,0,0,12,28,0,0,0,0,0,8,0,72,0,0,0,0,1,0,0,0,0,0,0,1,1,0,0,0,0,1,1,0,0,0,0,0,0,0,1,0,0,0,1,0,1,1,0,0,1,1,0,0,0,0,0,1,0,1,0,0x014c,0x010b,0x0003,.text
2e61d617c9dd82eff01ebcfe392b6dcf5ba9b66f5c48b4b0147ab016b5d66340,existing_benign,0,original,2e61d617c9dd82eff01ebcfe392b6dcf5ba9b66f5c48b4b0147ab016b5d66340,179048,6.49188802608463,248,5,1997,0,224,14,38,10,0,10,0,6,2,145408,24064,0,120672,0.6546875,4194304,4096,512,184320,1024,0.005555555555555556,0.7888888888888889,0.13055555555555556,234364,16,262144,8192,1048576,4096,167424,169408,145408,145408,1,1,0,0,0,0,0,145408,145408,5.3212064394005605,6.586696548229498,6.26646838760557,0,10600,25,154,0,0,0,0,0,520,5712,0,10600,7068,112,0,0,24,196,0,716,0,0,0,0,0,0,1,0,0,0,0,0,0,1,1,1,0,0,1,1,1,0,0,0,0,0,0,1,1,0,0,0,1,0,1,1,0,1,1,1,0,0,1,1,0,1,0,0,0,0x014c,0x010b,0x0003,.text
2e7b459f7c57f287f59f382f5d37d29b4c7889c82ea012bf3837b0b732de3c49,dike_batch7,0,original,2e7b459f7c57f287f59f382f5d37d29b4c7889c82ea012bf3837b0b732de3c49,39424,6.311506284035845,128,5,1970,0,224,2,25,4,0,1,0,4,0,31744,6656,1024,4096,0.07142857142857142,4194304,4096,512,57344,1024,0.017857142857142856,0.5535714285714286,0.11607142857142858,92100,16,2097152,4096,1048576,4096,38400,39020,31744,31744,1,4,0,1,1,0,0,31744,31744,5.092681075150497,6.325093855057179,6.325093855057179,0,0,3,48,0,0,0,0,0,1368,0,0,0,0,0,0,0,0,0,0,0,0,0,0,0,0,0,1,1,0,0,1,0,0,0,0,0,0,0,0,1,1,0,0,0,1,0,0,0,1,0,0,0,1,0,1,0,0,0,0,0,0,0,0,0,0,0,0,0,0,0x014c,0x010b,0x0003,.text
2edf7c8fd59cd5fcd19fa528f60cbd6ddb9a8076ae0280b11d8ea8eaf7d39958,dike_batch7,0,original,2edf7c8fd59cd5fcd19fa528f60cbd6ddb9a8076ae0280b11d8ea8eaf7d39958,83032,6.143869660411011,256,5,2017,0,224,9,0,5,0,0,0,5,0,48640,26624,0,31680,0.36830357142857145,4194304,4096,512,86016,1024,0.011904761904761904,0.5654761904761905,0.30952380952380953,104244,16,1048576,4096,1048576,4096,75264,77336,48640,48640,1,1,0,0,0,0,0,48640,48640,4.770257713176708,6.137978012373523,6.011785090460112,0,6744,9,170,0,0,0,0,0,200,4020,0,6744,2616,28,0,0,0,64,0,716,0,0,0,0,0,0,1,0,0,0,0,0,0,1,1,0,0,0,1,1,1,0,0,0,0,0,0,1,1,0,0,0,1,0,1,1,0,1,1,1,0,0,0,1,0,1,0,0,0,0x014c,0x010b,0x0002,.text
2f031a1752f7067fb9f483ae0ac5f3036c9b66cc4af40e6ae609c0aba7c886d0,dike_batch7,0,original,2f031a1752f7067fb9f483ae0ac5f3036c9b66cc4af40e6ae609c0aba7c886d0,35328,5.889944289121739,232,7,2015,0,240,12,10,10,0,10,0,10,0,18432,17408,512,20128,0.3510044642857143,5368709120,4096,512,57344,1024,0.017857142857142856,0.32142857142857145,0.30357142857142855,47512,16,524288,8192,1048576,4096,34304,35692,18432,18432,1,2,0,1,1,0,0,18432,18432,3.7192131418061933,6.134382354230392,6.134382354230392,0,0,10,83,1,0,0,0,0,220,4920,1140,0,204,56,0,0,0,160,0,744,0,0,0,0,1,0,1,0,1,0,0,0,0,1,1,1,1,1,1,1,1,0,0,0,1,0,0,0,1,0,0,1,1,0,1,1,1,0,1,1,0,0,0,1,0,1,0,0,0,0x8664,0x020b,0x0002,.text
2f21494955b17b1767c787fdfe51ce616f7456c4467e8aee6c438143bcdd2907,existing_benign,0,original,2f21494955b17b1767c787fdfe51ce616f7456c4467e8aee6c438143bcdd2907,47616,6.219978944166486,240,5,2057,0,224,14,38,10,0,10,0,10,0,37376,10240,0,38352,0.62421875,4194304,4096,512,61440,1024,0.016666666666666666,0.6083333333333333,0.16666666666666666,101114,16,262144,8192,1048576,4096,46592,47136,37376,37376,1,1,0,0,0,0,0,37376,37376,4.70022504144527,6.320543612743959,6.320543612743959,0,0,5,108,0,0,0,0,0,120,2032,0,0,1820,112,0,0,0,196,0,452,0,0,0,0,0,0,1,0,0,0,1,0,0,1,1,1,0,0,1,1,1,0,0,0,0,0,0,0,1,0,0,0,1,0,1,1,0,0,1,1,0,0,0,1,0,1,0,0,0,0x014c,0x010b,0x0003,.text
2f319ab076f8694f6966beb2a353d98688438d4dbb44f5b669cf562409437b47,dike_batch7,0,original,2f319ab076f8694f6966beb2a353d98688438d4dbb44f5b669cf562409437b47,107496,5.982932569766834,128,3,2012,0,224,11,0,4,0,0,0,6,0,89088,2560,0,96766,0.8437325613839286,4194304,8192,512,114688,512,0.004464285714285714,0.7767857142857143,0.022321428571428572,153966,16,1048576,4096,1048576,4096,91648,91648,89088,89088,1,0,0,0,0,0,0,89088,89088,3.157379258101408,5.672040451388247,5.672040451388247,0,15336,1,1,0,0,0,0,0,87,1752,0,15336,12,28,0,0,0,0,0,8,0,72,0,0,0,0,1,0,0,0,0,0,0,1,1,0,1,0,1,1,1,0,0,0,0,0,0,1,1,0,0,0,1,0,1,1,0,1,1,1,0,0,0,0,0,1,0,1,0,0x014c,0x010b,0x0003,.text
2f704841e249afba35c103fcfbf537951101734bd6848a90908d2a8f90711f8a,existing_benign,0,original,2f704841e249afba35c103fcfbf537951101734bd6848a90908d2a8f90711f8a,1065984,6.381314048391377,256,6,1986,0,224,14,38,10,0,10,0,10,0,865280,205824,0,691376,0.6345600328947368,4194304,4096,512,1089536,1024,0.0009398496240601503,0.7941729323308271,0.18890977443609022,1070972,16,262144,8192,1048576,4096,1064960,1070848,865280,865280,1,2,0,0,0,0,0,865280,865280,4.713809874052386,6.629181947570225,6.2971679385757495,0,0,26,129,0,0,0,0,0,540,98616,0,0,64064,112,0,0,24,196,0,620,192,0,0,0,0,0,1,0,0,0,1,0,0,1,1,1,0,0,1,1,1,0,0,0,0,0,0,0,1,0,0,0,1,0,1,1,0,0,1,1,0,0,1,1,0,1,1,0,0,0x014c,0x010b,0x0002,.text
2f78b11eb0d4d5567da02971ff921f5c40ea3ab0d040219af9ab10684a637173,existing_benign,0,original,2f78b11eb0d4d5567da02971ff921f5c40ea3ab0d040219af9ab10684a637173,25088,5.676065206340309,232,6,2000,0,224,14,38,10,0,10,0,10,0,15872,9216,0,15344,0.374609375,4194304,4096,512,40960,1024,0.025,0.3875,0.225,85342,16,262144,65536,1048576,4096,24064,24864,15872,15872,1,2,0,0,0,0,0,15872,15872,3.6289574802438516,6.168517471283514,5.910548341114434,0,0,20,72,0,0,0,0,0,420,1824,0,0,1328,112,0,0,0,196,0,368,256,0,0,0,0,0,1,0,0,0,0,0,0,1,1,1,0,0,1,1,1,0,0,0,0,0,0,0,1,0,0,0,1,0,1,1,0,0,1,1,0,0,0,1,0,1,1,0,0,0x014c,0x010b,0x0002,.text
2f980c56d81f42ba47dc871a04406976dc490ded522131ce9a2e35c40ca8616e,existing_benign,0,original,2f980c56d81f42ba47dc871a04406976dc490ded522131ce9a2e35c40ca8616e,5956856,6.44601822334317,128,9,0,0,224,2,35,4,0,1,0,4,0,4486144,5948928,12288,5312,0.000887662559890486,4194304,4096,512,5984256,1024,0.00017111567419575633,0.7496577686516085,0.9940965092402464,5994686,16,2097152,4096,1048576,4096,5948928,5960888,4486144,4486144,1,5,0,1,1,0,0,4486144,4486144,4.567449979195933,6.681867726431838,6.315214192844682,0,6904,10,317,0,0,0,0,0,8924,0,0,6888,135128,0,0,0,24,0,0,1308,0,0,0,0,0,0,1,0,0,1,0,0,0,1,1,0,0,0,0,1,1,0,0,0,1,0,0,1,1,0,0,0,1,0,1,0,0,1,1,0,0,0,1,0,0,1,0,0,0,0x014c,0x010b,0x0003,.text
3006221cb8c23a1d3c9f059445a3c9df96fda1df7bae1b808b76dd453fc8db35,dike_batch7,0,original,3006221cb8c23a1d3c9f059445a3c9df96fda1df7bae1b808b76dd453fc8db35,57512,6.159179451171745,128,11,1970,145,240,2,27,4,0,0,0,5,2,18432,37888,3072,5328,0.06846217105263158,4194304,4096,512,77824,1024,0.013157894736842105,0.23684210526315788,0.4868421052631579,114963,16,2097152,4096,1048576,4096,38400,41168,18432,18432,1,6,0,1,1,0,0,18432,18432,2.919622028513157,6.005190701602666,6.005190701602666,0,18088,11,121,0,0,0,0,0,5568,4992,732,12000,0,0,0,0,40,0,0,1056,0,0,0,0,1,0,1,1,1,0,1,1,0,0,0,0,0,0,0,1,1,0,0,0,1,0,0,1,1,0,0,0,1,0,1,1,1,1,0,0,0,0,1,0,0,1,0,0,0,0x8664,0x020b,0x0002,.text
301e462228860e3522b51bc22aca0878fcdeeb82e2fc85b59b0a222e066301ff,existing_benign,0,original,301e462228860e3522b51bc22aca0878fcdeeb82e2fc85b59b0a222e066301ff,232960,6.855298143107593,240,5,2085,0,224,14,38,10,0,10,0,10,0,118272,250368,0,112208,0.2945648521505376,4194304,4096,512,380928,1024,0.002688172043010753,0.31048387096774194,0.657258064516129,285137,16,262144,16384,1048576,4096,231936,368640,118272,138752,1,1,0,0,0,0,0,118272,118272,5.727760547472763,6.964063252358823,6.401731574023529,0,0,21,289,0,0,0,0,0,440,93656,0,0,8660,112,0,0,0,196,0,1240,0,0,0,0,0,0,1,0,0,0,1,0,0,1,1,1,0,0,1,1,1,0,0,0,0,0,0,0,1,0,0,0,1,0,1,1,0,0,1,1,0,0,0,1,0,1,0,0,0,0x014c,0x010b,0x0002,.text
303b238312b9a5de8399a0f4037b53f02627646a3cbb99b37f383e903f3cd7f9,dike_batch7,0,original,303b238312b9a5de8399a0f4037b53f02627646a3cbb99b37f383e903f3cd7f9,60128,6.185444789690647,128,11,1971,145,240,2,27,4,0,0,0,5,2,21504,40448,3072,5328,0.06846217105263158,4194304,4096,512,77824,1024,0.013157894736842105,0.27631578947368424,0.5197368421052632,63577,16,2097152,4096,1048576,4096,40960,43664,21504,21504,1,6,0,1,1,0,0,21504,21504,2.84666363758864,6.163214919777833,6.163214919777833,0,18144,10,123,0,0,0,0,0,5668,5048,708,12000,0,0,0,0,40,0,0,1064,0,0,0,0,1,0,1,1,1,0,1,1,0,0,0,0,0,0,0,1,1,0,0,0,1,0,0,1,1,0,0,0,1,0,1,1,1,1,0,0,0,0,1,0,0,1,0,0,0,0x8664,0x020b,0x0002,.text
304f34f5a9d1c1c7a3fd894dd93d8b6616a615600d475923443bca4e7587c9b8,dike_batch7,0,original,304f34f5a9d1c1c7a3fd894dd93d8b6616a615600d475923443bca4e7587c9b8,53856,6.1724446344011,128,11,1970,135,240,2,27,4,0,0,0,5,2,16896,34816,3072,5328,0.072265625,4194304,4096,512,73728,1024,0.013888888888888888,0.22916666666666666,0.4722222222222222,107638,16,2097152,4096,1048576,4096,35328,38096,16896,16896,1,6,0,1,1,0,0,16896,16896,2.8423943693612794,6.115904720522477,6.115904720522477,0,17504,10,113,0,0,0,0,0,5032,5000,780,12000,0,0,0,0,40,0,0,984,0,0,0,0,1,0,1,1,1,0,1,1,0,0,0,0,0,0,0,1,1,0,0,0,1,0,0,1,1,0,0,0,1,0,1,1,1,1,0,0,0,0,1,0,0,1,0,0,0,0x8664,0x020b,0x0002,.text
3069656c32874d84e7cad06b4c0c39fb43393bfa8c57c1afe806eb9990f91c07,dike_batch7,0,original,3069656c32874d84e7cad06b4c0c39fb43393bfa8c57c1afe806eb9990f91c07,49152,6.338292842988457,248,5,2015,0,224,12,10,10,0,10,0,10,0,36864,42496,0,38816,0.4307528409090909,4194304,4096,512,90112,1024,0.011363636363636364,0.4090909090909091,0.4715909090909091,87301,16,262144,8192,1048576,4096,48128,79332,36864,36864,1,1,0,0,0,0,0,36864,36864,5.045802815144624,6.492315786066167,6.305398158779391,0,0,22,145,0,0,0,0,0,460,1976,0,0,3240,56,0,0,0,104,0,668,0,0,0,0,0,0,1,0,0,0,0,0,0,1,1,1,0,0,1,1,1,0,0,0,0,0,0,0,1,0,0,0,1,0,1,1,0,0,1,1,0,0,0,1,0,1,0,0,0,0x014c,0x010b,0x0003,.text
3088b3479bf282bffbb9929a6acc9f61fe993f7ad51cfb2917205d2dbfa1fbc9,dike_batch7,0,original,3088b3479bf282bffbb9929a6acc9f61fe993f7ad51cfb2917205d2dbfa1fbc9,40448,5.749499754102431,128,9,0,0,240,2,25,4,0,0,0,5,2,17920,21504,3072,5376,0.07720588235294118,4194304,4096,512,69632,1024,0.014705882352941176,0.25735294117647056,0.3088235294117647,97947,16,2097152,4096,1048576,4096,39424,42064,17920,17920,1,5,0,1,0,0,0,17920,17920,2.9035881996493202,5.965665091464488,5.965665091464488,0,0,6,162,0,0,0,0,0,6892,0,768,0,0,0,0,0,40,0,0,1344,0,0,0,0,1,0,1,1,1,1,0,0,0,0,0,0,0,0,0,1,1,0,0,0,0,0,0,0,1,0,0,0,1,0,1,0,1,0,0,0,0,0,1,0,0,1,0,0,0,0x8664,0x020b,0x0003,.text
308e8bb2e8a3b67607d2454370e0b50147b42049bda8130ee519e0de86b8a9ff,dike_batch7,0,original,308e8bb2e8a3b67607d2454370e0b50147b42049bda8130ee519e0de86b8a9ff,88664,6.529590143546423,312,5,2012,0,240,10,10,6,1,6,1,5,2,65024,7168,0,21932,0.23280400815217392,16777216,4096,512,94208,1024,0.010869565217391304,0.6902173913043478,0.07608695652173914,97819,16,1048576,16384,1048576,4096,72192,83240,65024,65024,1,1,0,0,0,0,0,65024,65024,3.649031671291778,6.293779272746458,6.293779272746458,0,15448,11,149,2,0,0,0,173,240,2088,3072,15448,244,28,0,0,0,0,0,1280,64,0,0,0,1,0,1,0,1,0,0,0,0,1,1,0,0,0,1,1,1,0,0,0,0,0,0,1,1,0,0,1,1,1,1,1,1,1,1,1,0,0,0,0,0,1,1,0,0,0x8664,0x020b,0x0002,.text
30974043bb0db1d658faadaa10f51b8ab92d2b53c4c511323fea54f9a4d865db,existing_benign,0,original,30974043bb0db1d658faadaa10f51b8ab92d2b53c4c511323fea54f9a4d865db,139872,6.17491638552206,256,5,2012,0,224,14,44,6,0,10,0,6,0,115200,14848,0,112965,0.7660929361979166,4194304,4096,512,147456,1024,0.006944444444444444,0.78125,0.10069444444444445,160999,16,4194304,8192,1048576,4096,128512,129660,115200,115200,1,1,0,0,0,0,0,115200,115200,4.752722824080897,6.547557628755067,5.849000563225747,0,10336,14,119,0,0,0,0,0,300,1400,0,10336,6276,84,0,0,24,64,0,532,0,0,0,0,0,0,1,0,1,0,0,0,0,1,1,0,0,0,1,1,1,0,0,0,0,0,0,1,1,0,0,0,1,0,1,1,0,1,1,1,0,0,1,1,0,1,0,0,0,0x014c,0x010b,0x0003,.text
30c24839efbc36aa77d135ce9440a0b7da7a0b1bc23bfa0d04ed9e57df156211,existing_benign,0,original,30c24839efbc36aa77d135ce9440a0b7da7a0b1bc23bfa0d04ed9e57df156211,59904,5.104778343629007,232,5,2063,0,224,14,38,10,0,10,0,10,0,4096,55808,0,5520,0.07486979166666667,4194304,4096,512,73728,1024,0.013888888888888888,0.05555555555555555,0.7569444444444444,67785,16,262144,8192,1048576,4096,58880,59456,52736,52736,1,1,0,0,0,0,0,4096,4096,3.920474215841735,5.140746847963389,5.140746847963389,0,0,2,33,0,0,0,0,0,60,52312,0,0,320,112,0,0,0,192,0,140,0,0,0,0,0,0,1,0,0,0,1,0,0,1,1,1,0,0,1,1,1,0,0,0,0,0,0,0,1,0,0,0,1,0,1,1,0,0,1,1,0,0,0,1,0,1,0,0,0,0x014c,0x010b,0x0002,.text
30cf13377fc9fa9252c194acfbf7e9458f4625f4754da5ccb625f98de62b6782,dike_batch7,0,original,30cf13377fc9fa9252c194acfbf7e9458f4625f4754da5ccb625f98de62b6782,278016,5.9372363334747895,128,9,1970,0,240,2,25,4,0,0,0,5,2,232448,44544,5120,5376,0.0175,4194304,4096,512,307200,1024,0.0033333333333333335,0.7566666666666667,0.145,282731,16,2097152,4096,1048576,4096,276992,282000,232448,232448,1,5,0,1,0,0,0,232448,232448,3.3146162752519372,5.81141570602395,5.81141570602395,0,0,3,250,0,0,0,0,0,9520,0,3120,0,0,0,0,0,40,0,0,2024,0,0,0,0,1,0,1,1,1,0,1,0,0,0,0,0,0,0,0,1,1,0,0,0,0,0,0,0,1,0,0,0,1,0,1,0,1,0,0,0,0,0,1,0,0,1,0,0,0,0x8664,0x020b,0x0003,.text
30e76f37938413ff5ffcd80ec35bc4ca353a64a5aa3a197a00cc23eb11ad8f8b,dike_batch7,0,original,30e76f37938413ff5ffcd80ec35bc4ca353a64a5aa3a197a00cc23eb11ad8f8b,15872,5.520429647158628,128,5,1970,0,224,2,25,4,0,1,0,4,0,8192,6656,512,4096,0.125,4194304,4096,512,32768,1024,0.03125,0.25,0.203125,56776,16,2097152,4096,1048576,4096,14848,15028,8192,8192,1,4,0,1,1,0,0,8192,8192,4.7583668923406846,5.87331186548665,5.87331186548665,0,0,3,45,0,0,0,0,0,1284,0,0,0,0,0,0,0,0,0,0,0,0,0,0,0,0,0,1,1,0,0,1,0,0,0,0,0,0,0,0,1,1,0,0,0,1,0,0,0,1,0,0,0,1,0,1,0,0,0,0,0,0,0,0,0,0,0,0,0,0,0x014c,0x010b,0x0003,.text
30fa3790d2049953b8063d77689133c712e58df4cc4f9cbbbddaa96bf79941ee,dike_batch7,0,original,30fa3790d2049953b8063d77689133c712e58df4cc4f9cbbbddaa96bf79941ee,18944,4.977858693593608,128,9,0,0,240,2,25,4,0,0,0,5,2,9216,8704,3072,5376,0.109375,4194304,4096,512,49152,1024,0.020833333333333332,0.1875,0.17708333333333334,46102,16,2097152,4096,1048576,4096,17920,20560,9216,9216,1,5,0,1,0,0,0,9216,9216,2.53626816617978,5.869095479375511,5.869095479375511,0,0,4,62,0,0,0,0,0,2460,0,588,0,0,0,0,0,40,0,0,528,0,0,0,0,1,0,1,1,1,1,0,0,0,0,0,0,0,0,0,1,1,0,0,0,0,0,0,0,1,0,0,0,1,0,1,0,1,0,0,0,0,0,1,0,0,1,0,0,0,0x8664,0x020b,0x0003,.text
311129b9debdb192020e2038697de1f23bc8572d02dfbfeb742b3f603df950da,dike_batch7,0,original,311129b9debdb192020e2038697de1f23bc8572d02dfbfeb742b3f603df950da,208896,6.437878956594486,232,4,2013,0,224,7,10,4,0,0,0,4,0,159744,53248,0,117228,0.5400022110849056,4194304,4096,4096,217088,4096,0.018867924528301886,0.7358490566037735,0.24528301886792453,0,16,1048576,4096,1048576,4096,204800,211780,159744,159744,1,2,0,0,0,0,0,159744,159744,5.0717386181571715,6.627583636049604,6.627583636049604,0,0,2,99,0,0,0,0,0,60,0,0,0,0,0,0,0,24,72,0,404,0,0,0,0,0,0,1,1,0,0,0,0,1,0,0,0,0,0,0,1,1,0,0,0,0,0,0,0,1,0,0,0,1,0,1,0,0,0,0,0,0,0,1,1,0,1,0,0,0,0x014c,0x010b,0x0003,.text
311d9e10ce189e0c873befec3e8c2277ad8dafe522af2d25648e987d024a4920,existing_benign,0,original,311d9e10ce189e0c873befec3e8c2277ad8dafe522af2d25648e987d024a4920,339456,5.828431149791555,256,6,1996,0,224,14,38,10,0,10,0,10,0,167936,181248,0,157616,0.42756076388888886,4194304,4096,512,368640,1024,0.002777777777777778,0.45555555555555555,0.49166666666666664,375936,16,262144,8192,1048576,4096,338432,348832,167936,167936,1,2,0,0,0,0,0,167936,167936,4.297832104404756,6.686277537626736,6.385024234770094,0,0,39,301,0,0,0,0,84,800,147880,0,0,9376,112,0,0,24,196,0,1360,64,0,0,0,0,0,1,0,0,0,0,0,0,1,1,1,0,0,1,1,1,0,0,0,0,0,0,0,1,0,0,0,1,1,1,1,0,0,1,1,0,0,1,1,0,1,1,0,0,0x014c,0x010b,0x0002,.text
317bad4e1c85573a0ed69433dc4be1055d61adfba88b18fbdd2289d64183fa6c,dike_batch7,0,original,317bad4e1c85573a0ed69433dc4be1055d61adfba88b18fbdd2289d64183fa6c,91936,6.171120196413015,240,5,2007,0,240,8,0,4,0,0,0,5,2,56832,28672,0,9536,0.08954326923076923,5368709120,4096,512,106496,1024,0.009615384615384616,0.5336538461538461,0.2692307692307692,102449,16,1048576,4096,1048576,4096,85504,94352,56832,56832,1,1,0,0,0,0,0,56832,56832,4.4912305775718355,6.307089280958696,6.307089280958696,0,5408,4,87,0,0,0,0,0,100,1804,3912,5408,0,28,0,0,0,0,0,728,0,0,0,0,1,0,1,1,1,0,0,0,0,0,0,0,0,0,1,1,1,0,0,0,0,0,0,1,1,0,0,0,1,0,1,1,1,1,0,1,0,0,0,0,0,1,0,0,0,0x8664,0x020b,0x0003,.text
31a079b5bdd155cb58860afa1e068f8564d7a4a9492aab347e35a724db1849e9,dike_batch7,0,original,31a079b5bdd155cb58860afa1e068f8564d7a4a9492aab347e35a724db1849e9,580264,6.136446574757202,240,5,2011,0,240,8,0,4,0,0,0,5,2,267264,287744,0,170656,0.2853702910958904,5368709120,4096,512,598016,1024,0.0017123287671232876,0.4469178082191781,0.4811643835616438,593699,16,1048576,4096,1048576,4096,555008,579056,267264,267264,1,1,0,0,0,0,0,267264,267264,5.042023795433861,6.282475612461126,6.282475612461126,0,24232,13,342,0,0,0,0,0,280,161456,20496,24232,0,28,0,0,0,0,0,2840,64,0,0,0,1,0,1,1,1,0,0,0,0,0,0,0,0,0,1,1,1,0,0,0,0,0,0,1,1,0,0,0,1,0,1,1,1,1,0,1,0,0,0,0,0,1,1,0,0,0x8664,0x020b,0x0002,.text
31aaba443b9869e6e68c17125f8d7989cbd762fb38ae3a10e58f4759548a7745,dike_batch7,0,original,31aaba443b9869e6e68c17125f8d7989cbd762fb38ae3a10e58f4759548a7745,124872,6.239646883217855,256,6,2012,0,224,11,0,6,0,10,0,6,0,92672,15360,0,94052,0.7407069052419355,4194304,4096,512,126976,1024,0.008064516129032258,0.7298387096774194,0.12096774193548387,170062,16,1048576,8192,1048576,4096,108032,110100,92672,92672,1,2,0,0,0,0,0,92672,92672,4.2891289139736095,5.894044421213081,5.894044421213081,0,15816,5,127,0,0,0,0,0,120,1476,0,15816,5448,28,0,0,24,64,0,528,0,0,0,0,0,0,1,0,1,0,0,0,0,1,1,0,0,0,1,1,1,0,0,0,0,0,0,1,1,0,0,0,1,0,1,1,0,1,1,1,0,0,1,1,0,1,0,0,0,0x014c,0x010b,0x0003,.text
31b66a5adc670b9b89162560b5725c473a7d03f204e3539f25f2353c4627b2ea,existing_benign,0,original,31b66a5adc670b9b89162560b5725c473a7d03f204e3539f25f2353c4627b2ea,446336,6.271401858935895,128,3,2056,0,224,48,0,4,0,0,0,6,0,432128,3072,0,439858,0.9588143484933036,4194304,8192,512,458752,512,0.0011160714285714285,0.9419642857142857,0.006696428571428571,508769,16,1048576,4096,1048576,4096,435200,435200,432128,432128,1,0,0,0,0,0,0,432128,432128,3.6356806564090522,6.23547268796615,6.23547268796615,0,10624,1,1,0,0,0,0,0,79,2528,0,10624,12,84,0,0,0,0,0,8,0,72,0,0,0,0,1,0,1,0,1,0,0,1,1,0,1,0,1,1,1,0,0,0,0,0,0,1,1,0,0,0,1,0,1,1,0,1,1,1,0,0,0,0,0,1,0,1,0,0x014c,0x010b,0x0003,.text
322faaaa59d1a8290462dcb75abd05deb645689b4516040a9f0e848e57b92577,dike_batch7,0,original,322faaaa59d1a8290462dcb75abd05deb645689b4516040a9f0e848e57b92577,624328,3.419791672699806,184,2,2017,0,224,14,10,6,0,0,0,6,0,0,607744,0,0,0.0,268435456,4096,512,618496,512,0.0008278145695364238,0.0,0.9826158940397351,626439,16,1048576,4096,1048576,4096,607744,607744,607232,607232,0,0,0,0,0,0,-1,0,0,2.1202262078060383,3.214157934645709,0.0,0,16072,0,0,0,0,0,0,0,0,607024,0,16072,0,28,0,0,0,0,0,0,0,0,0,0,0,1,0,0,0,0,0,0,0,1,1,0,0,0,0,0,0,0,0,0,0,0,0,1,0,0,0,0,1,0,0,1,0,1,0,1,0,0,0,0,0,0,0,0,0,0x014c,0x010b,0x0002,
32b52e6d9366292f8664518b887d37b551d9fc911689e5c0e89d33a69f526e5d,dike_batch7,0,original,32b52e6d9366292f8664518b887d37b551d9fc911689e5c0e89d33a69f526e5d,21504,5.9818185320324115,128,5,1970,0,224,2,25,4,0,1,0,4,0,15360,5120,1024,4096,0.1111111111111111,4194304,4096,512,36864,1024,0.027777777777777776,0.4166666666666667,0.1388888888888889,78283,16,2097152,4096,1048576,4096,20480,21052,15360,15360,1,4,0,1,1,0,0,15360,15360,5.046172507126921,6.125461228267635,6.125461228267635,0,0,3,48,0,0,0,0,0,1360,0,0,0,0,0,0,0,0,0,0,0,0,0,0,0,0,0,1,1,0,0,1,0,0,0,0,0,0,0,0,1,1,0,0,0,1,0,0,0,1,0,0,0,1,0,1,0,0,0,0,0,0,0,0,0,0,0,0,0,0,0x014c,0x010b,0x0003,.text
33a11c2adc469d72cfde0bb6a4c1147b6bb478122ead14259866a28bc3d17fe5,existing_benign,0,original,33a11c2adc469d72cfde0bb6a4c1147b6bb478122ead14259866a28bc3d17fe5,314368,6.732917070175793,240,5,1987,0,224,14,38,10,0,10,0,10,0,188416,137216,0,178896,0.5326314786585366,4194304,4096,512,335872,1024,0.003048780487804878,0.5609756097560976,0.40853658536585363,375509,16,262144,8192,1048576,4096,313344,325600,188416,188416,1,1,0,0,0,0,0,188416,188416,5.848585020396172,6.916962613988802,6.267116269437295,0,0,13,558,291,0,0,0,0,280,95800,0,0,16384,112,0,0,0,196,0,2284,0,0,0,0,0,0,1,0,0,0,1,0,0,1,1,1,0,0,1,1,1,0,0,0,0,0,0,0,1,0,0,1,1,0,1,1,0,0,1,1,0,0,0,1,0,1,0,0,0,0x014c,0x010b,0x0002,.text
33a45bead245f716e93ae77c358205ad7de5eaaaa3ca3f975bedc7772a20e94b,existing_benign,0,original,33a45bead245f716e93ae77c358205ad7de5eaaaa3ca3f975bedc7772a20e94b,34304,5.941655456632256,264,6,1990,0,224,14,38,10,0,10,0,10,0,25600,9216,0,24032,0.45132211538461536,268435456,4096,512,53248,1024,0.019230769230769232,0.4807692307692308,0.17307692307692307,37985,16,262144,4096,1048576,4096,33280,34368,25600,25600,1,2,0,0,0,0,0,25600,25600,3.580390004019154,6.202533681716034,6.086988584710417,0,0,23,74,2,0,0,0,190,480,1080,0,0,1368,112,0,0,0,196,0,388,64,0,0,0,0,1,0,0,0,0,0,0,0,1,1,1,0,0,0,1,1,0,0,0,0,0,0,0,1,0,0,1,1,1,1,1,0,0,1,1,0,0,0,1,0,1,1,0,0,0x014c,0x010b,0x0003,.text
33a5b015af1ecd057057eada64b2f8fe3633b467bd43454f5278f76b94cd09ab,dike_batch7,0,original,33a5b015af1ecd057057eada64b2f8fe3633b467bd43454f5278f76b94cd09ab,79360,5.810540326444085,240,6,2015,0,240,12,10,10,0,10,0,10,0,47616,32768,0,45056,0.4782608695652174,5368709120,4096,512,94208,1024,0.010869565217391304,0.5054347826086957,0.34782608695652173,84517,16,524288,8192,1048576,4096,78336,80152,47616,47616,1,1,0,0,0,0,0,47616,47616,4.446392170810882,6.127194159700682,6.127194159700682,0,0,20,129,0,0,0,0,0,420,5640,2868,0,396,56,0,0,0,160,0,1192,0,0,0,0,1,0,1,0,1,0,0,0,0,1,1,1,1,0,1,1,1,0,0,0,0,0,0,0,1,0,0,0,1,0,1,1,1,0,1,1,0,0,0,1,0,1,0,0,0,0x8664,0x020b,0x0002,.text
33aaf68843e2936dfd3665e5cdb76a3d5372fff42fe66f4f2b35886066a0380e,dike_batch7,0,original,33aaf68843e2936dfd3665e5cdb76a3d5372fff42fe66f4f2b35886066a0380e,62464,6.360281618009022,128,5,1970,0,224,2,25,4,0,1,0,4,0,47616,13824,12800,4096,0.045454545454545456,4194304,4096,512,90112,1024,0.011363636363636364,0.5284090909090909,0.1534090909090909,124255,16,2097152,4096,1048576,4096,61440,74112,47616,47616,1,4,0,1,1,0,0,47616,47616,5.302173555089184,6.255357807434571,6.255357807434571,0,0,2,59,0,0,0,0,0,1468,0,0,0,0,0,0,0,0,0,0,0,0,0,0,0,0,0,1,1,0,0,1,0,0,0,0,0,0,0,0,1,1,0,0,0,1,0,0,0,1,0,0,0,1,0,1,0,0,0,0,0,0,0,0,0,0,0,0,0,0,0x014c,0x010b,0x0003,.text
33ef240641d31617eb6ca7e78257b41300669610baf703bf4e0a84254e8264be,existing_benign,0,original,33ef240641d31617eb6ca7e78257b41300669610baf703bf4e0a84254e8264be,44544,6.052186073659975,256,6,2089,0,224,14,38,10,0,10,0,10,0,31232,13312,0,31104,0.50625,4194304,4096,512,61440,1024,0.016666666666666666,0.5083333333333333,0.21666666666666667,70804,16,262144,8192,1048576,4096,43520,44384,31232,31232,1,2,0,0,0,0,0,31232,31232,4.063355503257606,6.280808093640292,6.1083675585234305,0,0,23,113,0,0,0,0,163,480,2008,0,0,2672,112,0,0,0,196,0,544,128,0,0,0,0,0,1,0,0,0,1,0,0,1,1,1,0,0,1,1,1,0,0,0,0,0,0,0,1,0,0,0,1,1,1,1,0,0,1,1,0,0,0,1,0,1,1,0,0,0x014c,0x010b,0x0003,.text
341e757fe21e236ff2162c678f940558196ae1988a5f5efc4a4b25e425fa0ea0,dike_batch7,0,original,341e757fe21e236ff2162c678f940558196ae1988a5f5efc4a4b25e425fa0ea0,204288,6.838696318306527,128,9,1970,0,240,2,25,4,0,0,0,5,2,88576,114688,5632,5376,0.023026315789473683,4194304,4096,512,233472,1024,0.0043859649122807015,0.3793859649122807,0.49122807017543857,251867,16,2097152,4096,1048576,4096,203264,208896,101888,101888,1,5,0,1,0,0,0,88576,88576,3.472070483482188,7.168398273348269,6.1211810922223915,1,0,5,153,0,0,0,0,0,5600,0,2628,0,0,0,0,0,40,0,0,1264,0,0,0,0,1,0,1,1,1,0,1,0,0,0,0,0,0,0,0,1,1,0,0,0,0,0,1,0,1,0,0,0,1,0,1,0,1,0,0,0,0,0,1,0,0,1,0,0,0,0x8664,0x020b,0x0003,.text
3422f2fbef0b4135b4e85c7bcfeaccc2a399ab2681080bc53733628af6b215b6,dike_batch7,0,original,3422f2fbef0b4135b4e85c7bcfeaccc2a399ab2681080bc53733628af6b215b6,258240,5.960982051882145,224,5,2015,0,224,10,0,5,1,0,0,5,1,136192,113152,0,25702,0.09507427793560606,4194304,4096,512,270336,1024,0.003787878787878788,0.5037878787878788,0.4185606060606061,303498,16,1048576,4096,1048576,4096,249344,255928,136192,136192,1,1,0,0,0,0,0,136192,136192,4.663421969082047,6.609360830516346,6.609360830516346,0,7872,3,102,0,0,0,0,0,80,1936,0,7872,8104,28,0,0,0,64,0,420,0,0,0,0,0,0,1,0,0,0,0,0,0,1,1,0,0,0,1,1,1,0,0,0,0,0,0,1,1,0,0,0,1,0,1,1,0,1,1,1,0,0,0,1,0,1,0,0,0,0x014c,0x010b,0x0003,.text
3432b52dffcbb380c081d04554bb3d972d7809c7226713cc27ac04e9df27d362,dike_batch7,0,original,3432b52dffcbb380c081d04554bb3d972d7809c7226713cc27ac04e9df27d362,82944,7.129096469659561,232,5,2015,0,224,12,10,10,0,10,0,10,0,3584,78848,0,5824,0.059244791666666664,4194304,4096,512,98304,1024,0.010416666666666666,0.036458333333333336,0.8020833333333334,111298,16,262144,8192,1048576,4096,81920,82288,75776,75776,1,1,0,0,0,0,0,3584,3584,4.273667475832143,7.273083886731137,5.423685872159792,1,0,8,28,0,0,0,0,0,180,75536,0,0,312,56,0,0,0,104,0,144,0,0,0,0,0,0,1,0,0,0,0,0,0,1,1,1,0,0,1,1,1,0,0,0,0,0,1,0,1,0,0,0,1,0,1,1,0,0,1,1,0,0,0,1,0,1,0,0,0,0x014c,0x010b,0x0002,.text
343564ae7b089278180f139230e02a587598bbc10ceb2ace00268c63127a792d,dike_batch7,0,original,343564ae7b089278180f139230e02a587598bbc10ceb2ace00268c63127a792d,121344,5.951008718313427,224,6,2017,0,240,9,0,5,2,0,0,5,2,44544,75776,0,46500,0.3440163352272727,5368709120,4096,512,135168,1024,0.007575757575757576,0.32954545454545453,0.5606060606060606,168200,16,1048576,4096,1048576,4096,120320,120320,67072,67072,1,1,0,0,0,0,0,44544,44544,4.823393501811112,6.0685561208126675,6.0685561208126675,0,0,8,664,0,0,0,0,0,180,964,2124,0,2456,0,0,0,0,0,0,5376,0,0,0,0,1,0,1,0,1,0,0,0,0,1,1,0,0,0,1,1,1,0,0,0,0,0,0,0,1,0,0,0,1,0,1,1,1,0,1,0,0,0,0,0,0,1,0,0,0,0x8664,0x020b,0x0002,.text
343883df0625d9ab21c3de31c2c5fbcc24c6d0c151d2dcacd2ba1f04e6a40ad6,dike_batch7,0,original,343883df0625d9ab21c3de31c2c5fbcc24c6d0c151d2dcacd2ba1f04e6a40ad6,1734000,6.64558596170272,256,4,2010,0,224,9,0,5,1,0,0,5,1,1035776,720384,0,7460,0.004225728683294664,805306368,4096,512,1765376,1024,0.000580046403712297,0.5867169373549884,0.40806264501160094,1777821,16,1048576,4096,1048576,4096,1726976,1756012,1035776,1035776,1,1,0,0,0,0,0,1035776,1035776,5.6617254405444735,6.6867641332714305,6.386474980049414,0,6000,11,830,0,0,0,0,0,240,546424,0,6000,63980,56,0,0,0,64,0,3364,224,0,0,0,0,0,1,0,0,0,0,0,0,1,0,0,0,0,1,1,1,0,0,0,0,0,0,1,1,0,0,0,1,0,1,1,0,1,1,1,0,0,0,1,0,1,1,0,0,0x014c,0x010b,0x0002,.text
346fb6819d138bee09beb553c8ea03c46418f963acae909997e365c07e0d6519,dike_batch7,0,original,346fb6819d138bee09beb553c8ea03c46418f963acae909997e365c07e0d6519,55872,6.13577626438411,128,11,1970,142,240,2,27,4,0,0,0,5,2,17920,36352,7626752,5328,0.0006922731506120277,4194304,4096,512,7696384,1024,0.00013304949441192123,0.0023283661522086217,0.004723257051623204,71756,16,2097152,4096,1048576,4096,36864,7663312,17920,7626448,1,6,0,1,1,0,0,17920,17920,2.7737101054139686,6.068146754564039,6.068146754564039,0,17984,10,120,0,0,0,0,0,5504,5000,696,12000,0,0,0,0,40,0,0,1040,0,0,0,0,1,0,1,1,1,0,1,1,0,0,0,0,0,0,0,1,1,0,0,0,1,0,0,1,1,0,0,0,1,0,1,1,1,1,0,0,0,0,1,0,0,1,0,0,0,0x8664,0x020b,0x0002,.text
34e718e7c5644f147bec3af69f9fa789be1220e56a7bf827bf1c11afc9c3b0d0,dike_batch7,0,original,34e718e7c5644f147bec3af69f9fa789be1220e56a7bf827bf1c11afc9c3b0d0,1322496,6.294248590050476,232,6,2016,0,240,12,10,10,0,10,0,10,0,844800,481280,0,804080,0.6003320909785933,5368709120,4096,512,1339392,1024,0.0007645259938837921,0.6307339449541285,0.35932721712538224,1363406,16,524288,8192,1048576,4096,1321472,1325576,844800,844800,1,1,0,0,0,0,0,844800,844800,5.674539543871966,7.492396543510013,6.327034994645693,1,0,19,611,3,0,0,0,0,400,106320,35340,0,9464,56,0,0,0,160,0,5040,0,0,0,0,1,0,1,0,1,0,0,0,0,1,1,1,1,0,1,1,1,0,0,0,0,0,1,0,1,0,0,1,1,0,1,1,1,0,1,1,0,0,0,1,0,1,0,0,0,0x8664,0x020b,0x0002,.text
34ee1cd2123160df33864289316af7152106cb49ecf21c3c26d65d87b4375d09,existing_benign,0,original,34ee1cd2123160df33864289316af7152106cb49ecf21c3c26d65d87b4375d09,199968,5.908529270705374,128,3,2019,0,224,48,0,4,0,0,0,6,0,179712,3072,0,187818,0.917080078125,4194304,8192,512,204800,512,0.0025,0.8775,0.015,230738,16,1048576,4096,1048576,4096,182784,182784,179712,179712,1,0,0,0,0,0,0,179712,179712,3.417373652549685,5.713464877946055,5.713464877946055,0,16672,1,1,0,0,0,0,0,79,2380,0,16672,12,28,0,0,0,0,0,8,0,72,0,0,0,0,1,0,0,0,0,0,0,1,1,0,1,0,1,1,1,0,0,0,0,0,0,1,1,0,0,0,1,0,1,1,0,1,1,1,0,0,0,0,0,1,0,1,0,0x014c,0x010b,0x0003,.text
35a2d73b7a196673c4056e18c44729cf65806f55763aa6c026776f77509b3344,dike_batch7,0,original,35a2d73b7a196673c4056e18c44729cf65806f55763aa6c026776f77509b3344,34144,5.997230178164986,184,1,2010,0,224,9,0,5,1,0,0,5,1,0,27648,0,0,0.0,268435456,4096,512,32768,512,0.015625,0.0,0.84375,84885,16,1048576,4096,1048576,4096,27648,27648,27648,27648,0,0,0,0,0,0,-1,0,0,5.4926161872339865,5.4926161872339865,0.0,0,5984,0,0,0,0,0,0,0,0,27336,0,5984,0,0,0,0,0,0,0,0,0,0,0,0,0,1,0,0,0,0,0,0,0,0,0,0,0,0,0,0,0,0,0,0,0,0,0,1,0,0,0,0,1,0,0,1,0,1,0,0,0,0,0,0,0,0,0,0,0,0x014c,0x010b,0x0002,
3686c09b2a7755811095196bd155757b5316883d27266ca2d808ba38b410163a,dike_batch7,0,original,3686c09b2a7755811095196bd155757b5316883d27266ca2d808ba38b410163a,56624,6.040055992987826,128,11,1970,156,240,2,27,4,0,0,0,5,2,16896,36352,3072,5328,0.072265625,4194304,4096,512,73728,1024,0.013888888888888888,0.22916666666666666,0.4930555555555556,112288,16,2097152,4096,1048576,4096,36864,39568,16896,16896,1,6,0,1,1,0,0,16896,16896,2.7416911920980778,5.880747551594127,5.880747551594127,0,18736,10,134,0,0,0,0,0,6248,4984,684,12000,0,0,0,0,40,0,0,1152,0,0,0,0,1,0,1,1,1,0,1,1,0,0,0,0,0,0,0,1,1,0,0,0,1,0,0,1,1,0,0,0,1,0,1,1,1,1,0,0,0,0,1,0,0,1,0,0,0,0x8664,0x020b,0x0002,.text
373d0778d083a04943032826a3571e5e8d450a9535f5a901db43c791200a774d,dike_batch7,0,original,373d0778d083a04943032826a3571e5e8d450a9535f5a901db43c791200a774d,363944,6.041192358675332,232,6,2016,0,240,12,10,10,0,10,0,6,1,187392,156672,0,183248,0.5142331178160919,5368709120,4096,512,356352,1024,0.0028735632183908046,0.5258620689655172,0.4396551724137931,412511,16,524288,8192,1048576,4096,341504,343568,187392,187392,1,1,0,0,0,0,0,187392,187392,5.026771992730151,6.352549606406795,6.352549606406795,0,21416,11,242,4,0,0,0,0,240,2632,7392,21416,1284,56,0,0,0,160,0,2024,0,0,0,0,1,0,1,0,1,0,0,0,0,1,1,1,1,1,1,1,1,0,0,0,0,0,0,1,1,0,0,1,1,0,1,1,1,1,1,1,0,0,0,1,0,1,0,0,0,0x8664,0x020b,0x0003,.text
3761eae0826620eec810160afff2e6a2f505d718a9ca1f89ffda5bf6e2ccfda3,existing_benign,0,original,3761eae0826620eec810160afff2e6a2f505d718a9ca1f89ffda5bf6e2ccfda3,60776,6.24153553112778,248,5,1990,0,224,14,38,10,0,10,0,6,1,40448,22528,0,39216,0.5319010416666666,4194304,4096,512,73728,1024,0.013888888888888888,0.5486111111111112,0.3055555555555556,99192,16,262144,8192,1048576,4096,49152,62944,40448,40448,1,1,0,0,0,0,0,40448,40448,4.559823272570236,6.575849578518845,5.803292919430297,0,10600,6,99,7,0,0,0,0,140,1056,0,10600,2484,112,0,0,0,64,0,420,0,0,0,0,0,0,1,0,0,0,0,0,0,1,1,1,0,0,1,1,1,0,0,0,0,0,0,1,1,0,0,1,1,0,1,1,0,1,1,1,0,0,0,1,0,1,0,0,0,0x014c,0x010b,0x0003,.text
3777466cacecedcab6f2e7adc82cfc5f18c0c7f41bea1c68192c4027d53c0d0e,dike_batch7,0,original,3777466cacecedcab6f2e7adc82cfc5f18c0c7f41bea1c68192c4027d53c0d0e,55152,5.94269094109352,128,11,1970,151,240,2,27,4,0,0,0,5,2,14336,35328,3072,5328,0.072265625,4194304,4096,512,73728,1024,0.013888888888888888,0.19444444444444445,0.4791666666666667,59838,16,2097152,4096,1048576,4096,35840,38608,14336,14336,1,6,0,1,1,0,0,14336,14336,2.7274910581436833,5.8929948989598895,5.8929948989598895,0,18288,10,129,0,0,0,0,0,5808,5024,696,12000,0,0,0,0,40,0,0,1112,0,0,0,0,1,0,1,1,1,0,1,1,0,0,0,0,0,0,0,1,1,0,0,0,1,0,0,1,1,0,0,0,1,0,1,1,1,1,0,0,0,0,1,0,0,1,0,0,0,0x8664,0x020b,0x0002,.text
377c0e34938c5c87ce613c5f2ea64c702baa55d2368c20ab375ecc8b605d0a76,dike_batch7,0,original,377c0e34938c5c87ce613c5f2ea64c702baa55d2368c20ab375ecc8b605d0a76,68096,6.260963807496135,256,6,2016,0,224,14,0,5,1,0,0,5,1,44544,23552,0,44317,0.5152180989583334,4194304,4096,512,86016,1024,0.011904761904761904,0.5178571428571429,0.27380952380952384,0,16,1048576,4096,1048576,4096,67072,67924,44544,44544,1,1,0,0,0,0,0,44544,44544,4.020607766102299,6.566567567866276,6.359326783276814,0,0,16,142,0,0,0,0,0,340,5472,0,0,2908,28,0,0,0,64,0,632,0,0,0,0,0,0,1,0,0,0,0,0,1,1,1,0,0,0,1,1,1,0,0,0,0,0,0,0,1,0,0,0,1,0,1,1,0,0,1,1,0,0,0,1,0,1,0,0,0,0x014c,0x010b,0x0002,.text
378587f1cc6696191fb64c404f18e2b82b5d160bc50e5d008c7adc7b68c426ce,existing_benign,0,original,378587f1cc6696191fb64c404f18e2b82b5d160bc50e5d008c7adc7b68c426ce,363008,6.315648693137366,248,5,2084,0,224,14,38,10,0,10,0,10,0,330752,174080,0,330464,0.6352731299212598,4194304,4096,512,520192,1024,0.001968503937007874,0.6358267716535433,0.3346456692913386,389771,16,262144,131072,1048576,4096,361984,504480,330752,330752,1,1,0,0,0,0,0,330752,330752,4.750699344181868,6.762527954142902,6.286205957719449,0,0,44,252,0,0,0,0,0,900,2064,0,0,13980,112,0,0,0,196,0,1184,0,0,0,0,0,0,1,0,0,0,1,0,0,1,1,1,0,0,1,1,1,0,0,0,0,0,0,0,1,0,0,0,1,0,1,1,0,0,1,1,0,0,0,1,0,1,0,0,0,0x014c,0x010b,0x0003,.text
37ad74048035735bda661eec2bf47e117c9819698c73546f4ab4eae78fe660ac,dike_batch7,0,original,37ad74048035735bda661eec2bf47e117c9819698c73546f4ab4eae78fe660ac,1202385,6.367638283714352,256,8,2016,0,224,2,25,5,0,6,0,5,0,1047040,131584,0,1054060,0.8549464026162791,4194304,4096,512,1232896,1024,0.0008305647840531562,0.8492524916943521,0.10672757475083057,0,16,1048576,16384,1048576,4096,1178624,1203664,1040896,1040896,2,4,0,2,1,0,1,6144,6144,4.519234238385271,6.474506599432519,5.94899155660316,0,22737,24,523,0,0,0,0,0,14400,103424,0,0,0,0,0,0,24,0,0,2188,0,0,0,0,0,0,1,1,0,0,0,0,1,1,1,0,0,0,1,1,1,0,0,0,1,0,0,1,1,0,0,0,1,0,1,1,0,0,0,0,0,0,1,0,0,1,0,0,0,0x014c,0x010b,0x0002,.itext
37aedf901bbaf660a25f56446f57e9323871c9b7e2e5b834ea92d55bc9762924,existing_benign,0,original,37aedf901bbaf660a25f56446f57e9323871c9b7e2e5b834ea92d55bc9762924,612864,6.655592696438344,240,6,2024,0,224,14,38,10,0,10,0,6,2,486400,131584,0,131200,0.20665322580645162,4194304,4096,512,634880,1024,0.0016129032258064516,0.7661290322580645,0.20725806451612902,622201,16,262144,16384,1048576,4096,611840,617504,486400,486400,1,2,0,0,0,0,0,486400,486400,5.090965132320991,7.053471539399208,6.410314231090189,1,0,50,315,0,0,0,0,0,1020,86704,0,0,21464,112,0,0,24,196,0,1460,544,0,0,0,0,0,1,0,0,0,0,0,0,1,1,1,0,0,1,1,1,0,0,0,0,0,1,0,1,0,0,0,1,0,1,1,0,0,1,1,0,0,1,1,0,1,1,0,0,0x014c,0x010b,0x0003,.text
37df0036b3a3d49c4d2d717ae8cff0576811b9a2726fa3b044af5934a48f48f9,dike_batch7,0,original,37df0036b3a3d49c4d2d717ae8cff0576811b9a2726fa3b044af5934a48f48f9,145920,5.687507934447966,128,9,0,0,240,2,25,4,0,0,0,5,2,114688,30208,35840,5376,0.02625,4194304,4096,512,204800,1024,0.005,0.56,0.1475,174756,16,2097152,4096,1048576,4096,144896,180560,114688,114688,1,5,0,1,0,0,0,114688,114688,3.2914116207807664,5.5961460121592745,5.5961460121592745,0,0,4,243,0,0,0,0,0,9352,0,2328,0,0,0,0,0,40,0,0,1976,0,0,0,0,1,0,1,1,1,1,0,0,0,0,0,0,0,0,0,1,1,0,0,0,0,0,0,0,1,0,0,0,1,0,1,0,1,0,0,0,0,0,1,0,0,1,0,0,0,0x8664,0x020b,0x0003,.text
380616b38e867f0d99ef4666f8d551e97ce56e83be29fcd4567e68b95d707d01,dike_batch7,0,original,380616b38e867f0d99ef4666f8d551e97ce56e83be29fcd4567e68b95d707d01,14848,5.720860115940835,128,5,1970,0,224,2,25,4,0,1,0,4,0,9216,4608,512,4096,0.125,4194304,4096,512,32768,1024,0.03125,0.28125,0.140625,23783,16,2097152,4096,1048576,4096,13824,14300,9216,9216,1,4,0,1,1,0,0,9216,9216,4.747103231764566,6.128439860250035,6.128439860250035,0,0,3,36,0,0,0,0,0,1104,0,0,0,0,0,0,0,0,0,0,0,0,0,0,0,0,0,1,1,0,0,1,0,0,0,0,0,0,0,0,1,1,0,0,0,1,0,0,0,1,0,0,0,1,0,1,0,0,0,0,0,0,0,0,0,0,0,0,0,0,0x014c,0x010b,0x0003,.text
3843c5c9bca551b23f77a20345ca7cbf42839abe48245fec5c726fe720aa6ae4,existing_benign,0,original,3843c5c9bca551b23f77a20345ca7cbf42839abe48245fec5c726fe720aa6ae4,29552,6.471364397404577,232,5,1976,0,224,14,38,10,0,10,0,6,0,9728,9216,0,11824,0.36083984375,4194304,4096,512,32768,1024,0.03125,0.296875,0.28125,36362,16,262144,8192,1048576,4096,17920,18528,9728,9728,1,1,0,0,0,0,0,9728,9728,3.8030957920362702,5.940839814482936,5.940839814482936,0,10608,7,73,0,0,0,0,0,160,3848,0,10608,588,112,0,0,0,64,0,320,0,0,0,0,0,0,1,0,0,0,1,0,0,1,1,1,0,0,1,1,1,0,0,0,0,0,0,1,1,0,0,0,1,0,1,1,0,1,1,1,0,0,0,1,0,1,0,0,0,0x014c,0x010b,0x0003,.text
38515483413002d884d7354be2a724117ca9e6b0baecfc9d47292a194996f72b,dike_batch7,0,original,38515483413002d884d7354be2a724117ca9e6b0baecfc9d47292a194996f72b,59224,5.081080211710194,128,2,2009,0,240,8,0,4,0,0,0,4,0,32768,16384,0,0,0.0,4194304,8192,4096,57344,4096,0.07142857142857142,0.5714285714285714,0.2857142857142857,105595,16,4194304,16384,1048576,8192,49152,49152,32768,32768,1,0,0,0,0,0,-1,0,0,4.4678813067933465,5.259825663751514,0.0,0,5976,0,0,0,0,0,0,0,0,12664,0,5976,0,28,0,0,0,0,0,0,0,72,0,0,1,0,1,0,1,0,0,0,0,0,0,0,0,0,0,0,0,0,0,0,0,0,0,1,0,0,0,0,1,0,0,1,0,1,0,1,0,0,0,0,0,0,0,1,0,0x8664,0x020b,0x0003,
387d26467015fe41d1a694b0dc9f3a4a52e7e57f4ec0cfc63d636bef1d9f4df7,dike_batch7,0,original,387d26467015fe41d1a694b0dc9f3a4a52e7e57f4ec0cfc63d636bef1d9f4df7,51712,6.218403718537045,256,5,2017,0,224,11,0,6,0,0,0,6,0,29184,21504,0,31618,0.482452392578125,4194304,4096,512,65536,1024,0.015625,0.4453125,0.328125,73751,16,8388608,4096,1048576,4096,50688,51500,29184,29184,1,1,0,0,0,0,0,29184,29184,4.559019895369632,6.283573257773662,6.283573257773662,0,0,5,218,0,0,0,0,78,120,3892,0,0,2724,84,0,0,0,64,0,892,0,0,0,0,0,0,1,0,0,0,0,0,0,1,1,0,0,0,1,1,1,0,0,0,0,0,0,0,1,0,0,0,1,1,1,1,0,0,1,1,0,0,0,1,0,1,0,0,0,0x014c,0x010b,0x0003,.text
389d6d810ad2804e2652bc36142697324692f54d47b7b9338649f763d821791d,existing_benign,0,original,389d6d810ad2804e2652bc36142697324692f54d47b7b9338649f763d821791d,84992,6.165860913495539,248,5,1982,0,224,14,38,10,0,10,0,10,0,70144,14848,0,61504,0.600625,4194304,4096,512,102400,1024,0.01,0.685,0.145,114722,16,262144,8192,1048576,4096,83968,84896,70144,70144,1,1,0,0,0,0,0,70144,70144,4.478290927265855,6.639492238813351,6.073584560904308,0,0,32,146,0,0,0,0,0,660,2072,0,0,4412,112,0,0,0,196,0,712,0,0,0,0,0,0,1,0,0,0,1,0,0,1,1,1,0,0,1,1,1,0,0,0,0,0,0,0,1,0,0,0,1,0,1,1,0,0,1,1,0,0,0,1,0,1,0,0,0,0x014c,0x010b,0x0003,.text
38ab81f14e8ab7caff79f62a6800c59d7b53c307794547a9c9882fdb432b5cd9,existing_benign,0,original,38ab81f14e8ab7caff79f62a6800c59d7b53c307794547a9c9882fdb432b5cd9,8704,3.4012640078770504,208,3,1988,0,224,14,38,10,0,10,0,10,0,5632,2048,0,0,0.0,268435456,4096,512,20480,1024,0.05,0.275,0.1,63130,16,262144,4096,1048576,4096,7680,7680,5632,5632,1,0,0,0,0,0,-1,0,0,2.9857747033513236,3.6954984675127536,0.0,0,0,0,0,0,0,0,0,84,0,1056,0,0,200,112,0,0,0,0,0,0,0,0,0,0,0,1,0,0,0,0,1,0,0,1,1,1,0,0,0,0,0,0,0,0,0,0,0,0,0,0,0,0,1,1,0,1,0,0,1,1,0,0,0,0,0,0,0,0,0,0x014c,0x010b,0x0001,
391dcd411883d5958d50768705801892f109fc729b18b2dba7e2b21e7e1954f7,existing_benign,0,original,391dcd411883d5958d50768705801892f109fc729b18b2dba7e2b21e7e1954f7,59744,6.626803454637118,248,5,2025,0,224,14,44,6,0,0,0,6,0,23040,26112,0,13008,0.21171875,4194304,4096,512,61440,1024,0.016666666666666666,0.375,0.425,59837,16,1572864,4096,1048576,4096,48128,49048,23040,23040,1,1,0,0,0,0,0,23040,23040,4.916151631066496,6.5254074723307145,6.5254074723307145,0,10592,11,81,0,0,0,0,0,240,1696,0,10592,1792,84,0,0,0,64,0,368,0,0,0,0,0,0,1,0,0,0,0,0,0,1,1,1,0,0,1,1,1,0,0,0,0,0,0,1,1,0,0,0,1,0,1,1,0,1,1,1,0,0,0,1,0,1,0,0,0,0x014c,0x010b,0x0003,.text
392b91d6f81850708be8fe0cd10ba983a50d0ffb51ec40af56008333fc43af89,dike_batch7,0,original,392b91d6f81850708be8fe0cd10ba983a50d0ffb51ec40af56008333fc43af89,71352,6.032771993567754,128,11,0,200,240,2,27,4,0,0,0,5,2,25088,49152,3072,5328,0.06194196428571429,4194304,4096,512,86016,1024,0.011904761904761904,0.2916666666666667,0.5714285714285714,101185,16,2097152,4096,1048576,4096,49664,52560,25088,25088,1,6,0,1,1,0,0,25088,25088,3.007159709301249,5.933991199355519,5.933991199355519,0,20664,11,176,0,0,0,0,0,8112,5000,912,12000,0,0,0,0,40,0,0,1496,0,0,0,0,1,0,1,1,1,1,0,1,0,0,0,0,0,0,0,1,1,0,0,0,1,0,0,1,1,0,0,0,1,0,1,1,1,1,0,0,0,0,1,0,0,1,0,0,0,0x8664,0x020b,0x0002,.text
39bbaf0755a1f571d03a1e77a578f59bc5a11635270ad758757abbe55bad8e30,dike_batch7,0,original,39bbaf0755a1f571d03a1e77a578f59bc5a11635270ad758757abbe55bad8e30,189352,6.5838559669002015,224,6,2014,0,240,10,0,5,2,0,0,5,2,101888,79872,0,40876,0.1956763174019608,5368709120,4096,512,208896,1024,0.004901960784313725,0.4877450980392157,0.38235294117647056,200484,16,1048576,4096,1048576,4096,181760,191200,101888,101888,1,1,0,0,0,0,0,101888,101888,4.73938875039717,6.449148484199214,6.449148484199214,0,6568,4,103,0,0,0,0,0,100,33168,4380,6568,532,28,0,0,0,0,0,856,0,0,0,0,1,0,1,0,1,0,0,0,0,1,1,0,0,0,1,1,1,0,0,0,0,0,0,1,1,0,0,0,1,0,1,1,1,1,1,1,0,0,0,0,0,1,0,0,0,0x8664,0x020b,0x0002,.text
3a001b8c4d0e52362bba32d326158c4fbdbf48cefd49e5b1ac23d77bca98093f,dike_batch7,0,original,3a001b8c4d0e52362bba32d326158c4fbdbf48cefd49e5b1ac23d77bca98093f,36352,6.0051699593214956,240,5,2015,0,224,12,10,10,0,10,0,10,0,23552,12800,0,25488,0.5185546875,4194304,4096,512,49152,1024,0.020833333333333332,0.4791666666666667,0.2604166666666667,77505,16,262144,8192,1048576,4096,35328,36252,23552,23552,1,1,0,0,0,0,0,23552,23552,4.889343791775403,6.079348137398957,6.079348137398957,0,0,25,163,18,0,0,0,0,520,3440,0,0,1652,56,0,0,0,104,0,752,0,0,0,0,0,0,1,0,0,0,0,0,0,1,1,1,0,0,1,1,1,0,0,0,0,0,0,0,1,0,0,1,1,0,1,1,0,0,1,1,0,0,0,1,0,1,0,0,0,0x014c,0x010b,0x0002,.text
3a26e84b22e7665a55f0857da23a05e3ef3ed430242b6f7635909981cdbeba94,dike_batch7,0,original,3a26e84b22e7665a55f0857da23a05e3ef3ed430242b6f7635909981cdbeba94,316504,5.94552176563951,128,3,2012,0,224,8,0,4,0,0,0,4,0,288256,12288,0,296350,0.904388427734375,4194304,8192,512,327680,512,0.0015625,0.8796875,0.0375,332397,16,1048576,4096,1048576,4096,300544,300544,288256,288256,1,0,0,0,0,0,0,288256,288256,3.604985043539447,5.8593309315087145,5.8593309315087145,0,15448,1,1,0,0,0,0,0,79,11464,0,15448,12,28,0,0,0,0,0,8,0,72,0,0,0,0,1,0,0,0,0,0,0,1,1,0,0,0,1,1,1,0,0,0,0,0,0,1,1,0,0,0,1,0,1,1,0,1,1,1,0,0,0,0,0,1,0,1,0,0x014c,0x010b,0x0002,.text
3a44fa455ada6aede5098355efc22825ac336a3faa18d7695054fcf3a7bbffc0,dike_batch7,0,original,3a44fa455ada6aede5098355efc22825ac336a3faa18d7695054fcf3a7bbffc0,38488,6.575240758370928,248,5,2012,0,240,10,10,6,1,6,1,6,0,17920,4096,0,16808,0.4103515625,16777216,4096,512,40960,1024,0.025,0.4375,0.1,49467,16,1048576,16384,1048576,4096,22016,23408,17920,17920,1,1,0,0,0,0,0,17920,17920,2.8468267709792827,5.896741795082118,5.896741795082118,0,15448,3,73,0,0,0,0,0,80,1708,744,15448,20,28,0,0,0,0,0,608,0,0,0,0,1,0,1,0,1,0,0,0,0,1,1,0,0,0,1,1,1,0,0,0,0,0,0,1,1,0,0,0,1,0,1,1,1,1,1,1,0,0,0,0,0,1,0,0,0,0x8664,0x020b,0x0003,.text
3ab8a33f13e39f6067b29ae24886f68067b41adaf09ba8613aee65fcf42eb813,existing_benign,0,original,3ab8a33f13e39f6067b29ae24886f68067b41adaf09ba8613aee65fcf42eb813,464936,6.569738647351584,280,6,2026,0,224,14,38,6,0,0,0,6,0,348160,104960,0,202293,0.4257580987338362,4194304,4096,512,475136,1024,0.0021551724137931034,0.7327586206896551,0.2209051724137931,492356,16,1048576,4096,1048576,4096,453120,458040,347648,347648,2,1,0,0,1,0,0,347648,347648,4.678609476190674,6.565114102730507,6.565114102730507,0,10792,13,231,1,0,0,0,0,280,4064,0,10792,16968,28,0,0,24,64,0,976,0,0,0,0,0,0,1,0,0,0,0,0,0,1,1,0,0,0,1,1,1,0,0,0,1,0,0,1,1,0,0,1,1,0,1,1,0,1,1,1,0,0,1,1,0,1,0,0,0,0x014c,0x010b,0x0002,.text
3abd5dca193d98004cd585301bd6fe0107075f027a69e170cd8e137a4b318779,existing_benign,0,original,3abd5dca193d98004cd585301bd6fe0107075f027a69e170cd8e137a4b318779,53368,6.421288729403997,248,6,2025,0,224,14,38,10,0,10,0,10,0,30208,12800,0,24032,0.39114583333333336,4194304,4096,512,61440,1024,0.016666666666666666,0.49166666666666664,0.20833333333333334,70201,16,262144,16384,1048576,4096,41984,42968,30208,30208,1,2,0,0,0,0,0,30208,30208,3.739770660918627,6.409562310544232,6.0514514379386375,0,10360,28,139,0,0,0,0,0,580,2072,0,10360,1872,112,0,0,0,196,0,668,192,0,0,0,0,0,1,0,0,0,0,0,0,1,1,1,0,0,1,1,1,0,0,0,0,0,0,1,1,0,0,0,1,0,1,1,0,1,1,1,0,0,0,1,0,1,1,0,0,0x014c,0x010b,0x0002,.text
3aeec86e232b09526dc62362f3d37c010bdb962eb31e5a18f2e781aa25423033,dike_batch7,0,original,3aeec86e232b09526dc62362f3d37c010bdb962eb31e5a18f2e781aa25423033,36864,4.217876634572157,224,5,2015,0,224,12,10,10,0,10,0,10,0,4608,31744,0,6688,0.12560096153846154,4194304,4096,512,53248,1024,0.019230769230769232,0.08653846153846154,0.5961538461538461,40812,16,262144,8192,1048576,4096,35840,36208,28672,28672,1,1,0,0,0,0,0,4608,4608,3.7650320979706096,5.435446383217334,5.435446383217334,0,0,4,40,0,0,0,0,0,100,28512,0,0,368,56,0,0,0,104,0,176,0,0,0,0,0,0,1,0,0,0,0,0,0,1,1,1,0,0,1,1,1,0,0,0,0,0,0,0,1,0,0,0,1,0,1,1,0,0,1,1,0,0,0,1,0,1,0,0,0,0x014c,0x010b,0x0003,.text
3b0003545a5fcd94deb8027e1ba887c04a85e5918a4bf6d01f978ed879e55c1c,existing_benign,0,original,3b0003545a5fcd94deb8027e1ba887c04a85e5918a4bf6d01f978ed879e55c1c,2783304,6.609957073110003,256,5,2031,0,224,14,44,6,0,10,0,6,0,2552832,252928,0,819906,0.29137170783296945,4194304,4096,512,2813952,1024,0.000363901018922853,0.9072052401746725,0.08988355167394468,2823384,16,4194304,8192,1048576,4096,2771968,2805606,2552832,2552832,1,1,0,0,0,0,0,2552832,2552832,5.45712076259525,6.7519180040582905,6.587658433797657,0,10312,19,514,0,0,0,0,0,400,93912,0,10312,85516,84,0,0,24,64,0,2132,224,0,0,0,0,0,1,0,1,0,1,0,0,1,1,0,0,0,1,1,1,0,0,0,0,0,0,1,1,0,0,0,1,0,1,1,0,1,1,1,0,0,1,1,0,1,1,0,0,0x014c,0x010b,0x0003,.text
3b120c2b06afd93fc3c84a98c497afff4d93e64168ad809498f86568600b38f3,dike_batch7,0,original,3b120c2b06afd93fc3c84a98c497afff4d93e64168ad809498f86568600b38f3,125440,6.449742198615364,128,5,1970,0,224,2,25,4,0,1,0,4,0,110592,13824,1536,4096,0.029411764705882353,4194304,4096,512,139264,1024,0.007352941176470588,0.7941176470588235,0.09926470588235294,161212,16,2097152,4096,1048576,4096,124416,125724,110592,110592,1,4,0,1,1,0,0,110592,110592,5.413782843036145,6.357967097083165,6.357967097083165,0,0,3,92,0,0,0,0,0,2320,0,0,0,0,0,0,0,0,0,0,0,0,0,0,0,0,0,1,1,0,0,1,0,0,0,0,0,0,0,0,1,1,0,0,0,1,0,0,0,1,0,0,0,1,0,1,0,0,0,0,0,0,0,0,0,0,0,0,0,0,0x014c,0x010b,0x0003,.text
3b75edcd62e74645d0b7407dcb6dace4e9e3fe5072396729f767455a99f74b7f,existing_benign,0,original,3b75edcd62e74645d0b7407dcb6dace4e9e3fe5072396729f767455a99f74b7f,143872,6.505543487041029,248,6,2064,0,224,14,38,10,0,10,0,10,0,125952,18944,0,120944,0.7571113782051282,4194304,4096,512,159744,1024,0.00641025641025641,0.7884615384615384,0.11858974358974358,156814,16,262144,8192,1048576,4096,142848,144704,125952,125952,1,2,0,0,0,0,0,125952,125952,4.124059446780618,6.73103830520157,6.484041529548028,0,0,39,176,0,0,0,0,0,800,1040,0,0,5992,112,0,0,0,196,0,860,64,0,0,0,0,0,1,0,0,0,1,0,0,1,1,1,0,0,1,1,1,0,0,0,0,0,0,0,1,0,0,0,1,0,1,1,0,0,1,1,0,0,0,1,0,1,1,0,0,0x014c,0x010b,0x0003,.text
3b812075fee45f45ae2d9801c25eb4cadef412b703a1df9c29060bad61fbb039,dike_batch7,0,original,3b812075fee45f45ae2d9801c25eb4cadef412b703a1df9c29060bad61fbb039,50888,6.197095634616756,264,9,2017,0,240,14,10,6,1,0,0,6,1,16896,16384,0,14480,0.19639756944444445,5368709120,4096,512,73728,1024,0.013888888888888888,0.22916666666666666,0.2222222222222222,83612,16,1048576,4096,1048576,4096,33792,44456,16896,16896,1,4,0,0,1,0,0,16896,16896,2.675159613527259,6.114939976026793,6.114939976026793,0,16072,10,92,1,0,0,0,0,220,2428,1296,16072,164,56,0,0,40,160,0,800,96,0,0,0,1,0,1,0,1,0,0,0,0,1,1,1,1,0,1,1,1,0,0,0,1,0,0,1,1,0,0,1,1,0,1,1,1,1,1,1,0,0,1,1,0,1,1,0,0,0x8664,0x020b,0x0002,.text
3bc5906d625e95dfb4744c2baa1e1a5d1b3f73ee663cc149f02ef7eaf23986c0,dike_batch7,0,original,3bc5906d625e95dfb4744c2baa1e1a5d1b3f73ee663cc149f02ef7eaf23986c0,68680,6.259752830162622,232,4,2012,0,224,10,0,5,1,10,0,5,1,49664,11264,0,15489,0.18907470703125,4194304,4096,512,81920,1024,0.0125,0.60625,0.1375,110208,16,1048576,8192,1048576,4096,60928,68448,49664,49664,1,1,0,0,0,0,0,49664,49664,4.274416298223248,6.347796056423803,6.347796056423803,0,6728,1,63,0,0,0,0,0,40,1600,0,6728,2432,28,0,0,0,64,0,256,0,0,0,0,0,0,1,0,1,0,0,0,0,1,1,0,0,0,1,1,1,0,0,0,0,0,0,1,1,0,0,0,1,0,1,1,0,1,1,1,0,0,0,1,0,1,0,0,0,0x014c,0x010b,0x0003,.text
3be77cde3fe49040e294b6e4b4fceb284fcfb65279fcdcad9dc087d2d4406058,dike_batch7,0,original,3be77cde3fe49040e294b6e4b4fceb284fcfb65279fcdcad9dc087d2d4406058,122200,6.7716065539738945,248,5,2017,0,240,12,0,6,0,0,0,6,0,23552,90624,0,25044,0.19723412298387097,5368709120,4096,512,126976,1024,0.008064516129032258,0.18548387096774194,0.7137096774193549,140933,16,1048576,4096,1048576,4096,114176,114176,71680,71680,1,1,0,0,0,0,0,23552,23552,5.065250546978087,6.971598501071966,5.761048880167463,0,7000,7,70,0,0,0,0,1308,160,71344,2328,7000,0,56,0,0,0,112,0,616,0,0,0,0,1,0,1,1,1,0,0,0,0,0,1,0,1,0,1,1,1,0,0,0,0,0,0,1,1,0,0,0,1,1,1,1,1,1,0,1,0,0,0,1,0,1,0,0,0,0x8664,0x020b,0x0002,.text
3ca96b622f4af8cfdf1d65b9c1c2ee118bc924753ad95d3376b97c6f08153a54,dike_batch7,0,original,3ca96b622f4af8cfdf1d65b9c1c2ee118bc924753ad95d3376b97c6f08153a54,55296,5.770299021204364,224,6,2015,0,240,12,10,10,0,10,0,10,0,32256,24064,0,31440,0.4264322916666667,5368709120,4096,512,73728,1024,0.013888888888888888,0.4375,0.3263888888888889,111549,16,524288,8192,1048576,4096,54272,56272,32256,32256,1,1,0,0,0,0,0,32256,32256,4.149089077974937,6.103214682505379,6.103214682505379,0,0,6,118,0,0,0,0,0,140,5104,1716,0,296,56,0,0,0,160,0,992,0,0,0,0,1,0,1,0,1,0,0,0,0,1,1,1,1,0,1,1,1,0,0,0,0,0,0,0,1,0,0,0,1,0,1,1,1,0,1,1,0,0,0,1,0,1,0,0,0,0x8664,0x020b,0x0002,.text
3ccc132059602cbf7dc3acf61a7f83d443a8379a784cc660575858bdb455e6cc,dike_batch7,0,original,3ccc132059602cbf7dc3acf61a7f83d443a8379a784cc660575858bdb455e6cc,18944,5.015375470234879,128,9,0,0,240,2,25,4,0,0,0,5,2,9216,8704,3072,5376,0.109375,4194304,4096,512,49152,1024,0.020833333333333332,0.1875,0.17708333333333334,22469,16,2097152,4096,1048576,4096,17920,20560,9216,9216,1,5,0,1,0,0,0,9216,9216,2.508886220655354,6.029400520652859,6.029400520652859,0,0,4,72,0,0,0,0,0,2776,0,588,0,0,0,0,0,40,0,0,608,0,0,0,0,1,0,1,1,1,1,0,0,0,0,0,0,0,0,0,1,1,0,0,0,0,0,0,0,1,0,0,0,1,0,1,0,1,0,0,0,0,0,1,0,0,1,0,0,0,0x8664,0x020b,0x0003,.text
3cccf40d984007ee8b64fdb0216efa50e850306531dd3f4ac7710a6dc155351b,dike_batch7,0,original,3cccf40d984007ee8b64fdb0216efa50e850306531dd3f4ac7710a6dc155351b,26624,4.902904549921338,232,4,2015,0,224,9,0,5,0,0,0,5,0,2560,23040,0,4884,0.11923828125,486539264,4096,512,40960,1024,0.025,0.0625,0.5625,78698,16,2000000,4096,1048576,4096,25600,25996,20992,20992,1,1,0,0,0,0,0,2560,2560,3.9091841407346783,5.705116662072712,5.705116662072712,0,0,3,40,0,0,0,0,0,80,20896,0,0,0,28,0,0,0,64,0,172,0,0,0,0,0,0,1,1,0,0,0,0,0,0,0,0,0,0,1,1,1,0,0,0,0,0,0,0,1,0,0,0,1,0,1,1,0,0,0,1,0,0,0,1,0,1,0,0,0,0x014c,0x010b,0x0003,.text
3ce6f5e9aee5a3f921d1a21144ae5b7b557dbfc7999f282adcc2fc522fc787bb,dike_batch7,0,original,3ce6f5e9aee5a3f921d1a21144ae5b7b557dbfc7999f282adcc2fc522fc787bb,20480,5.114072258813343,128,9,1970,0,240,2,25,4,0,0,0,5,2,10752,8704,3072,5376,0.109375,4194304,4096,512,49152,1024,0.020833333333333332,0.21875,0.17708333333333334,39943,16,2097152,4096,1048576,4096,19456,22096,10752,10752,1,5,0,1,0,0,0,10752,10752,2.5102333207649536,6.0335789062616145,6.0335789062616145,0,0,3,59,0,0,0,0,0,2248,0,588,0,0,0,0,0,40,0,0,496,0,0,0,0,1,0,1,1,1,0,1,0,0,0,0,0,0,0,0,1,1,0,0,0,0,0,0,0,1,0,0,0,1,0,1,0,1,0,0,0,0,0,1,0,0,1,0,0,0,0x8664,0x020b,0x0003,.text
3cf5d70fea57e7ce0365d99801d55caf930ef38115aafda4eab207fc06cf0c55,existing_benign,0,original,3cf5d70fea57e7ce0365d99801d55caf930ef38115aafda4eab207fc06cf0c55,15360,5.4112614048352645,256,5,2090,0,224,14,38,10,0,10,0,10,0,8704,6656,0,9600,0.29296875,4194304,4096,512,32768,1024,0.03125,0.265625,0.203125,57155,16,262144,8192,1048576,4096,14336,14880,8704,8704,1,1,0,0,0,0,0,8704,8704,3.8536848401173422,5.866926854396099,5.866926854396099,0,0,6,52,0,0,0,0,0,140,1848,0,0,596,112,0,0,0,196,0,232,0,0,0,0,0,0,1,0,0,0,1,0,0,1,1,1,0,0,1,1,1,0,0,0,0,0,0,0,1,0,0,0,1,0,1,1,0,0,1,1,0,0,0,1,0,1,0,0,0,0x014c,0x010b,0x0002,.text
3d16a046b9d35ac46c5b14535c50cfeb5b9d786051abb7eda68a291833c52019,existing_benign,0,original,3d16a046b9d35ac46c5b14535c50cfeb5b9d786051abb7eda68a291833c52019,34120,6.577154690569731,256,6,2072,0,224,14,38,10,0,10,0,10,0,15360,8704,512,14848,0.3625,4194304,4096,512,40960,1024,0.025,0.375,0.2125,55311,16,262144,8192,1048576,4096,23040,23812,15360,15360,1,2,0,1,1,0,0,15360,15360,4.53121893959463,5.900047717069677,5.900047717069677,0,10056,13,87,0,0,0,0,0,280,2048,0,10056,1172,112,0,0,0,192,0,400,0,0,0,0,0,0,1,0,0,0,1,0,0,1,1,1,0,1,1,1,1,0,0,0,1,0,0,1,1,0,0,0,1,0,1,1,0,1,1,1,0,0,0,1,0,1,0,0,0,0x014c,0x010b,0x0002,.text
3d2927c3a9b010400d932a214f371769847d5bcb6aafbb13184e7d5e47b35935,existing_benign,0,original,3d2927c3a9b010400d932a214f371769847d5bcb6aafbb13184e7d5e47b35935,1556312,6.701310498156547,240,6,1992,0,224,14,38,10,0,10,0,6,2,1374208,186880,0,1235120,0.7811994009067358,4194304,4096,512,1581056,1024,0.0006476683937823834,0.8691709844559585,0.11819948186528498,1601309,16,262144,8192,1048576,4096,1544704,1561088,1374208,1374208,1,2,0,0,1,0,0,1374208,1374208,5.6763291065589,6.585720747798199,6.585720747798199,0,10584,9,157,0,0,0,0,0,200,70632,0,10584,71556,112,0,0,24,196,0,664,0,0,0,0,0,0,1,0,0,0,0,0,0,1,1,1,0,0,1,1,1,0,0,0,1,0,0,1,1,0,0,0,1,0,1,1,0,1,1,1,0,0,1,1,0,1,0,0,0,0x014c,0x010b,0x0003,.text
3d48e4148b66383cc71127c338a05eb0f04ec85bc151a0810210368737acf8c1,existing_benign,0,original,3d48e4148b66383cc71127c338a05eb0f04ec85bc151a0810210368737acf8c1,479576,6.675643096934547,272,6,2025,0,224,14,44,6,0,0,0,6,0,328704,140288,0,8876,0.018210018382352942,4194304,4096,512,487424,1024,0.0021008403361344537,0.6743697478991597,0.28781512605042014,504161,16,1048576,4096,1048576,4096,464384,468524,328704,328704,1,2,0,0,1,0,0,328704,328704,5.297632610205835,6.621418030329415,6.621418030329415,0,14168,1,101,0,0,0,0,0,40,80344,0,14168,9044,84,0,0,0,64,0,408,0,0,0,0,0,0,1,0,0,0,0,0,0,1,1,0,0,0,1,1,1,0,0,0,1,0,0,1,1,0,0,0,1,0,1,1,0,1,1,1,0,0,0,1,0,1,0,0,0,0x014c,0x010b,0x0003,.text
3dcfb6df663ca55ebda28f44b5d1bce23b59285970dff48751895c41a920b39f,existing_benign,0,original,3dcfb6df663ca55ebda28f44b5d1bce23b59285970dff48751895c41a920b39f,509952,6.745005433352206,240,5,2057,0,224,14,38,10,0,10,0,10,0,479744,33280,0,126208,0.23885658914728683,4194304,4096,512,528384,1024,0.001937984496124031,0.9079457364341085,0.06298449612403101,548365,16,262144,8192,1048576,4096,508928,512552,479744,479744,1,1,0,0,0,0,0,479744,479744,4.817373846023467,6.802385473590002,6.673673109928604,0,0,1,222,0,0,0,0,0,40,1992,0,0,19892,112,0,0,24,196,0,892,0,0,0,0,0,0,1,0,1,0,1,0,0,1,1,1,0,0,0,1,1,0,0,0,0,0,0,0,1,0,0,0,1,0,1,1,0,0,1,1,0,0,1,1,0,1,0,0,0,0x014c,0x010b,0x0001,.text
3e12ecedfea2d323662b66a0d49675a65bcab66f3df9f88fa0bdec70b5057b95,existing_benign,0,original,3e12ecedfea2d323662b66a0d49675a65bcab66f3df9f88fa0bdec70b5057b95,69632,6.598314514643106,240,5,2055,0,224,14,38,10,0,10,0,6,0,59392,14848,0,61664,0.7168898809523809,4194304,4096,512,86016,1024,0.011904761904761904,0.6904761904761905,0.17261904761904762,107839,16,262144,8192,1048576,4096,68608,74208,59392,59392,1,1,0,0,0,0,0,59392,59392,4.878667879833394,6.594218525192789,6.587292333456536,0,0,6,99,5,0,0,0,0,140,2000,0,0,3864,112,0,0,0,64,0,420,0,0,0,0,0,0,1,0,0,0,1,0,0,1,1,1,0,0,1,1,1,0,0,0,0,0,0,0,1,0,0,1,1,0,1,1,0,0,1,1,0,0,0,1,0,1,0,0,0,0x014c,0x010b,0x0003,.text
3fa4b2e9bbdbdd3617109eafeaf22b9862b6e7f1f0c3421bbc313d90af0fcd71,existing_benign,0,original,3fa4b2e9bbdbdd3617109eafeaf22b9862b6e7f1f0c3421bbc313d90af0fcd71,10240,5.130524668733957,240,5,2010,0,224,14,38,10,0,10,0,10,0,4096,6144,0,6480,0.263671875,4194304,4096,512,24576,1024,0.041666666666666664,0.16666666666666666,0.25,42588,16,262144,8192,1048576,4096,9216,9792,4096,4096,1,1,0,0,0,0,0,4096,4096,3.9057284268971615,5.6224699204520805,5.6224699204520805,0,0,9,34,0,0,0,0,0,200,2536,0,0,324,112,0,0,0,192,0,172,0,0,0,0,0,0,1,0,0,0,0,0,0,1,1,1,0,0,1,1,1,0,0,0,0,0,0,0,1,0,0,0,1,0,1,1,0,0,1,1,0,0,0,1,0,1,0,0,0,0x014c,0x010b,0x0002,.text
3faf656a511c43178ad5c152f53dc60ba0cd456a5d457a82d8a7eca30d287b53,existing_benign,0,original,3faf656a511c43178ad5c152f53dc60ba0cd456a5d457a82d8a7eca30d287b53,44544,6.080270211194966,240,5,2094,0,224,14,38,10,0,10,0,10,0,33792,27136,0,35936,0.46175986842105265,4194304,4096,512,77824,1024,0.013157894736842105,0.4342105263157895,0.34868421052631576,90047,16,262144,8192,1048576,4096,43520,60544,33792,33792,1,1,0,0,0,0,0,33792,33792,4.280235807708602,6.10951269466051,6.10951269466051,0,0,23,103,0,0,0,0,0,480,2336,0,0,1608,112,0,0,0,196,0,504,0,0,0,0,0,0,1,0,0,0,1,0,0,1,1,1,0,0,1,1,1,0,0,0,0,0,0,0,1,0,0,0,1,0,1,1,0,0,1,1,0,0,0,1,0,1,0,0,0,0x014c,0x010b,0x0003,.text
40f107873fa1c348fe42230e7c4517a13f01f114a8b2c2721099f72380d8a2f1,existing_benign,0,original,40f107873fa1c348fe42230e7c4517a13f01f114a8b2c2721099f72380d8a2f1,432640,6.3103474012334,248,6,1976,0,224,14,38,10,0,10,0,10,0,394240,40448,0,277424,0.6101844031531531,4194304,4096,512,454656,1024,0.0022522522522522522,0.8671171171171171,0.08896396396396396,452533,16,262144,8192,1048576,4096,431616,434208,394240,394240,1,2,0,0,0,0,0,394240,394240,4.29455414718776,6.676605792494943,6.184170630171762,0,0,14,297,0,0,0,0,0,300,1296,0,0,18740,112,0,0,24,196,0,1244,64,0,0,0,0,0,1,0,0,0,1,0,0,1,1,1,0,0,1,1,1,0,0,0,0,0,0,0,1,0,0,0,1,0,1,1,0,0,1,1,0,0,1,1,0,1,1,0,0,0x014c,0x010b,0x0003,.text
41da28628a3ecb9deb547543ee22190e2039ab44426a55f45ea74e5490eeefc5,existing_benign,0,original,41da28628a3ecb9deb547543ee22190e2039ab44426a55f45ea74e5490eeefc5,76160,6.065115373383883,128,3,2096,0,224,48,0,4,0,0,0,4,0,62976,2048,0,70962,0.7874866832386364,268435456,8192,512,90112,512,0.005681818181818182,0.6988636363636364,0.022727272727272728,89948,16,1048576,4096,1048576,4096,65024,65024,62976,62976,1,0,0,0,0,0,0,62976,62976,2.8069404849719017,5.793317394300867,5.793317394300867,0,10624,1,1,0,0,0,0,0,79,1052,0,10624,12,56,0,0,0,0,0,8,0,72,0,0,0,1,0,0,1,0,1,0,0,1,1,0,1,0,1,1,1,0,0,0,0,0,0,1,1,0,0,0,1,0,1,1,0,1,1,1,0,0,0,0,0,1,0,1,0,0x014c,0x010b,0x0003,.text
42167403ed27f1f61e02a6a73dad01a66093283943e59d59174608f20572897b,existing_benign,0,original,42167403ed27f1f61e02a6a73dad01a66093283943e59d59174608f20572897b,66048,5.878411589262277,248,6,1974,0,224,14,38,10,0,10,0,10,0,54272,13824,0,25424,0.3103515625,4194304,4096,512,81920,1024,0.0125,0.6625,0.16875,116719,16,262144,8192,1048576,4096,65024,67688,54272,54272,1,2,0,0,0,0,0,54272,54272,3.712210971244126,6.5256964256388015,5.887766403649299,0,0,23,77,0,0,0,0,0,480,2072,0,0,2820,112,0,0,0,196,0,400,320,0,0,0,0,0,1,0,0,0,1,0,0,1,1,1,0,0,1,1,1,0,0,0,0,0,0,0,1,0,0,0,1,0,1,1,0,0,1,1,0,0,0,1,0,1,1,0,0,0x014c,0x010b,0x0003,.text
430dde4bb653c0ea5fd93a10ddf2e60a0cca4ae3987cd7ee1be564367d69a90c,existing_benign,0,original,430dde4bb653c0ea5fd93a10ddf2e60a0cca4ae3987cd7ee1be564367d69a90c,38400,6.343197735494924,232,5,2037,0,224,14,38,10,0,10,0,10,0,29696,9216,0,31104,0.5841346153846154,4194304,4096,512,53248,1024,0.019230769230769232,0.5576923076923077,0.17307692307692307,67013,16,262144,8192,1048576,4096,37376,38688,29696,29696,1,1,0,0,0,0,0,29696,29696,4.2913398092571,6.44853838024568,6.44853838024568,0,0,3,78,0,0,0,0,0,80,2328,0,0,1588,112,0,0,0,196,0,324,0,0,0,0,0,0,1,0,0,0,1,0,0,1,1,1,0,0,1,1,1,0,0,0,0,0,0,0,1,0,0,0,1,0,1,1,0,0,1,1,0,0,0,1,0,1,0,0,0,0x014c,0x010b,0x0002,.text
43dc2c35f736ecec0cf53d129a38ae6afe9b302bac54845d0abe9df77ae9947c,existing_benign,0,original,43dc2c35f736ecec0cf53d129a38ae6afe9b302bac54845d0abe9df77ae9947c,16680,6.680064892139003,128,3,2074,0,224,48,0,4,0,0,0,4,0,3584,2048,0,11450,0.34942626953125,268435456,8192,512,32768,512,0.015625,0.109375,0.0625,77869,16,1048576,4096,1048576,4096,5632,5632,3584,3584,1,0,0,0,0,0,0,3584,3584,2.6804701729963,5.228185130476139,5.228185130476139,0,10536,1,1,0,0,0,0,0,79,1176,0,10536,12,84,0,0,0,0,0,8,0,72,0,0,0,1,0,0,1,0,1,0,0,1,1,0,1,0,1,1,1,0,0,0,0,0,0,1,1,0,0,0,1,0,1,1,0,1,1,1,0,0,0,0,0,1,0,1,0,0x014c,0x010b,0x0003,.text
445aab2eb325476ae64d43989aff0ffc1fca1c1784070fe9baefef97bee3574e,existing_benign,0,original,445aab2eb325476ae64d43989aff0ffc1fca1c1784070fe9baefef97bee3574e,82944,7.134587345527328,232,5,2084,0,224,14,38,10,0,10,0,10,0,3584,79360,0,6112,0.062174479166666664,4194304,4096,512,98304,1024,0.010416666666666666,0.036458333333333336,0.8072916666666666,85930,16,262144,8192,1048576,4096,81920,82496,75776,75776,1,1,0,0,0,0,0,3584,3584,4.274835889688276,7.275246416056474,5.567043051192102,1,0,8,28,0,0,0,0,0,180,75592,0,0,304,112,0,0,0,192,0,144,0,0,0,0,0,0,1,0,0,0,1,0,0,1,1,1,0,0,1,1,1,0,0,0,0,0,1,0,1,0,0,0,1,0,1,1,0,0,1,1,0,0,0,1,0,1,0,0,0,0x014c,0x010b,0x0002,.text
44cfbf1927a6b8060dfa310720244496a375b72854ad07acc397e595d3511e70,existing_benign,0,original,44cfbf1927a6b8060dfa310720244496a375b72854ad07acc397e595d3511e70,212856,6.565446380969807,304,7,2018,0,224,14,0,6,0,0,0,6,0,118272,81920,0,37138,0.1679054542824074,4194304,4096,512,221184,1024,0.004629629629629629,0.5347222222222222,0.37037037037037035,230594,16,1048576,4096,1048576,4096,197120,200060,118272,118272,1,2,0,0,0,0,0,118272,118272,4.080627478327754,6.6381033519265635,6.6381033519265635,0,14712,10,125,8,0,0,0,0,220,33528,0,14712,6048,112,0,0,24,64,0,540,0,0,0,0,0,0,1,0,0,0,0,0,0,1,1,0,0,0,1,1,1,0,0,0,0,0,0,1,1,0,0,1,1,0,1,1,0,1,1,1,0,0,1,1,0,1,0,0,0,0x014c,0x010b,0x0002,.text
45e1c65de931551c10f3cdb95aa90247ba5bbc3bac50cf90119c410ea187aa33,existing_benign,0,original,45e1c65de931551c10f3cdb95aa90247ba5bbc3bac50cf90119c410ea187aa33,452096,6.673484648064563,256,6,2008,0,224,14,38,10,0,10,0,6,2,333312,121856,0,69472,0.14748641304347826,4194304,4096,512,471040,1024,0.002173913043478261,0.7076086956521739,0.25869565217391305,470294,16,262144,16384,1048576,4096,451072,454820,333312,333312,1,2,0,0,0,0,0,333312,333312,4.728180791948733,7.064596054210044,6.366749599942627,1,0,50,263,0,0,0,0,0,1020,87288,0,0,14760,112,0,0,24,196,0,1252,96,0,0,0,0,0,1,0,0,0,0,0,0,1,1,1,0,0,1,1,1,0,0,0,0,0,1,0,1,0,0,0,1,0,1,1,0,0,1,1,0,0,1,1,0,1,1,0,0,0x014c,0x010b,0x0003,.text
462343a8d28aaad83a4fe979fd556b8a2453d779cb6b40df8266b31c2783071c,existing_benign,0,original,462343a8d28aaad83a4fe979fd556b8a2453d779cb6b40df8266b31c2783071c,326656,6.615908402980236,240,5,2032,0,224,14,38,10,0,10,0,10,0,214528,127488,0,188320,0.5284662356321839,4194304,4096,512,356352,1024,0.0028735632183908046,0.6020114942528736,0.3577586206896552,343443,16,262144,8192,1048576,4096,325632,341856,214528,214528,1,1,0,0,0,0,0,214528,214528,5.539320033770958,7.213807543424352,6.128511031995726,1,0,18,394,114,0,0,0,0,380,76568,0,0,19040,112,0,0,24,196,0,1648,0,0,0,0,0,0,1,0,0,0,1,0,0,1,1,1,0,0,1,1,1,0,0,0,0,0,1,0,1,0,0,1,1,0,1,1,0,0,1,1,0,0,1,1,0,1,0,0,0,0x014c,0x010b,0x0002,.text
4670e1ecb4b136d81148401cd71737ccf1376c772fa513a3e176b8ce8b8f982d,existing_benign,0,original,4670e1ecb4b136d81148401cd71737ccf1376c772fa513a3e176b8ce8b8f982d,455720,7.059091779702156,248,6,2013,0,224,10,0,5,1,0,0,5,1,320000,34816,0,18251,0.04740223986037234,4194304,4096,512,385024,1024,0.0026595744680851063,0.8311170212765957,0.09042553191489362,500600,16,1048576,4096,1048576,4096,354816,362620,320000,320000,1,2,0,0,1,0,0,320000,320000,4.137730743185682,6.601300337847826,6.601300337847826,0,99880,14,272,22,0,0,0,0,300,12676,0,16048,12016,28,0,0,24,64,0,1144,0,0,0,0,0,0,1,0,0,0,0,0,0,1,1,0,0,0,1,1,1,0,0,0,1,0,0,1,1,0,0,1,1,0,1,1,0,1,1,1,0,0,1,1,0,1,0,0,0,0x014c,0x010b,0x0002,.text
469dd254a87042202bc4a019f4a1ee7024480b0eca237633e7e7f38117330e30,existing_benign,0,original,469dd254a87042202bc4a019f4a1ee7024480b0eca237633e7e7f38117330e30,24160,6.644699194381877,248,5,2000,0,224,14,44,6,0,10,0,6,0,7680,6144,0,8603,0.300048828125,4194304,4096,512,28672,1024,0.03571428571428571,0.26785714285714285,0.21428571428571427,86381,16,1048576,8192,1048576,4096,12800,13336,7680,7680,1,1,0,0,0,0,0,7680,7680,4.1982466736923785,6.2356244456890835,6.144313360325178,0,10336,10,57,0,0,0,0,0,220,1400,0,10336,512,84,0,0,0,64,0,268,0,0,0,0,0,0,1,0,1,0,0,0,0,1,1,0,0,0,1,1,1,0,0,0,0,0,0,1,1,0,0,0,1,0,1,1,0,1,1,1,0,0,0,1,0,1,0,0,0,0x014c,0x010b,0x0003,.text
46c434c68612370ff97ebfe2658edd9dfa2d6437fca1088476bcc94454129647,existing_benign,0,original,46c434c68612370ff97ebfe2658edd9dfa2d6437fca1088476bcc94454129647,1299320,6.534323412613482,272,6,2025,0,224,14,42,6,0,0,0,6,0,680960,610816,0,510832,0.38973388671875,4194304,4096,512,1310720,1024,0.00078125,0.51953125,0.466015625,1351241,16,1048576,4096,1048576,4096,1287680,1291664,680960,680960,1,2,0,0,1,0,0,680960,680960,5.304816094227475,6.67390819077357,6.556078938175661,0,10616,4,117,0,0,0,0,0,100,1544,0,10616,26164,112,0,0,24,64,0,484,0,0,0,0,0,0,1,0,0,0,0,0,0,1,1,1,0,0,1,1,1,0,0,0,1,0,0,1,1,0,0,0,1,0,1,1,0,1,1,1,0,0,1,1,0,1,0,0,0,0x014c,0x010b,0x0003,.text
4763e395b7be3d6b2e254333646c373622d909272712539912fce1b4eccbd2d5,existing_benign,0,original,4763e395b7be3d6b2e254333646c373622d909272712539912fce1b4eccbd2d5,461656,6.236628242736894,240,6,1976,0,224,14,38,10,0,10,0,6,1,426496,25088,0,425184,0.9026494565217391,4194304,4096,512,471040,1024,0.002173913043478261,0.9054347826086957,0.05326086956521739,500358,16,262144,8192,1048576,4096,450048,451584,426496,426496,1,2,0,0,0,0,0,426496,426496,4.18256593489869,6.756104314303732,6.134343564149251,0,10584,12,159,2,0,0,0,0,260,1888,0,10584,12024,112,0,0,0,64,0,684,64,0,0,0,0,0,1,0,0,0,1,0,0,1,1,1,0,0,1,1,1,0,0,0,0,0,0,1,1,0,0,1,1,0,1,1,0,1,1,1,0,0,0,1,0,1,1,0,0,0x014c,0x010b,0x0003,.text
479dd2af412e8ca0f9e37a8f03d073b1345c2363ef3a7c04ae69d299e2168863,existing_benign,0,original,479dd2af412e8ca0f9e37a8f03d073b1345c2363ef3a7c04ae69d299e2168863,80976,6.630603871581224,240,5,2013,0,224,9,0,5,0,0,0,5,0,43008,21504,0,9410,0.1148681640625,4194304,4096,512,81920,1024,0.0125,0.525,0.2625,90617,16,1048576,4096,1048576,4096,64512,67512,43008,43008,1,1,0,0,0,0,0,43008,43008,4.851058965840432,6.661703559579729,6.661703559579729,0,15440,3,69,0,0,0,0,0,80,1232,0,15440,2404,28,0,0,0,64,0,288,0,0,0,0,0,0,1,0,0,0,0,0,0,1,1,0,0,0,1,1,1,0,0,0,0,0,0,1,1,0,0,0,1,0,1,1,0,1,1,1,0,0,0,1,0,1,0,0,0,0x014c,0x010b,0x0002,.text
48ab342a6f04d82b4a5dc91e0d5c26236e8830edb59e8b7d18db5acbefb1cf9c,existing_benign,0,original,48ab342a6f04d82b4a5dc91e0d5c26236e8830edb59e8b7d18db5acbefb1cf9c,128880,5.857606524792757,248,5,2052,0,224,14,38,10,0,10,0,6,1,103936,17408,0,102528,0.7585227272727273,4194304,4096,512,135168,1024,0.007575757575757576,0.7689393939393939,0.12878787878787878,154660,16,262144,8192,1048576,4096,117248,120864,103936,103936,1,1,0,0,0,0,0,103936,103936,5.118482325129365,6.5535067391337165,5.466660002835682,0,10608,7,129,0,0,0,0,0,160,1760,0,10608,4260,112,0,0,0,64,0,544,0,0,0,0,0,0,1,0,0,0,1,0,0,1,1,1,0,0,1,1,1,0,0,0,0,0,0,1,1,0,0,0,1,0,1,1,0,1,1,1,0,0,0,1,0,1,0,0,0,0x014c,0x010b,0x0003,.text
49582fedbe13bafe4501183534919eca30a79dd3375718cf9d4e51317e22df8e,existing_benign,0,original,49582fedbe13bafe4501183534919eca30a79dd3375718cf9d4e51317e22df8e,69480,6.605010624080535,240,5,1996,0,224,14,38,10,0,10,0,6,0,47616,17408,0,15824,0.20333059210526316,4194304,4096,512,77824,1024,0.013157894736842105,0.6118421052631579,0.2236842105263158,72277,16,262144,8192,1048576,4096,57856,64928,47616,47616,1,1,0,0,0,0,0,47616,47616,4.708545653481696,6.4558898633622634,6.4558898633622634,0,10600,6,80,11,0,0,0,0,140,1776,0,10600,2380,112,0,0,0,64,0,344,0,0,0,0,0,0,1,0,0,0,0,0,0,1,1,1,0,0,1,1,1,0,0,0,0,0,0,1,1,0,0,1,1,0,1,1,0,1,1,1,0,0,0,1,0,1,0,0,0,0x014c,0x010b,0x0003,.text
49a769bfb4d665f329a9a5753286679aa34343240a2b43148d7d7fcea6e9fad1,existing_benign,0,original,49a769bfb4d665f329a9a5753286679aa34343240a2b43148d7d7fcea6e9fad1,104120,5.8418034604932725,128,3,2019,0,224,48,0,4,0,0,0,6,0,72704,13824,0,80846,0.7591458834134616,4194304,8192,512,106496,512,0.004807692307692308,0.6826923076923077,0.12980769230769232,126153,16,1048576,4096,1048576,4096,86528,86528,72704,72704,1,0,0,0,0,0,0,72704,72704,2.9650350608209446,5.556697466881706,5.556697466881706,0,17080,1,1,0,0,0,0,0,79,12992,0,17080,12,28,0,0,0,0,0,8,0,72,0,0,0,0,1,0,0,0,0,0,0,1,1,0,1,0,1,1,1,0,0,0,0,0,0,1,1,0,0,0,1,0,1,1,0,1,1,1,0,0,0,0,0,1,0,1,0,0x014c,0x010b,0x0003,.text
4bd935e81b19b1e131761f907109abc2bd272d3a877b1496e1a8c17da38b1149,existing_benign,0,original,4bd935e81b19b1e131761f907109abc2bd272d3a877b1496e1a8c17da38b1149,471040,6.854864247540369,232,6,2014,0,224,14,38,10,0,21315,20512,10,0,453632,17920,0,85712,0.1758469012605042,4194304,4096,512,487424,1024,0.0021008403361344537,0.930672268907563,0.03676470588235294,513570,16,262144,8192,1048576,4096,470016,471104,453632,453632,1,2,0,0,0,0,0,453632,453632,4.551070230745454,6.837736588697854,6.837736588697854,0,0,19,84,0,0,0,0,0,400,2320,0,0,8308,112,0,0,24,196,0,412,64,0,0,0,0,0,1,0,0,0,0,0,0,1,1,1,0,0,1,1,1,0,0,0,0,0,0,0,1,0,0,0,1,0,1,1,0,0,1,1,0,0,1,1,0,1,1,0,0,0x014c,0x010b,0x0003,.text
4cc4f132d5140e563ecf8aac209ff2c8a7d769982d607231a86082974535637d,existing_benign,0,original,4cc4f132d5140e563ecf8aac209ff2c8a7d769982d607231a86082974535637d,64512,6.143175555215029,248,5,2019,0,224,14,38,10,0,10,0,10,0,27648,36864,0,26720,0.3624131944444444,4194304,4096,512,73728,1024,0.013888888888888888,0.375,0.5,105856,16,262144,8192,1048576,4096,63488,64192,28672,28672,1,1,0,0,0,0,0,27648,27648,5.194687319695162,6.436774944743238,6.063984552666954,0,0,21,103,0,0,0,0,0,440,28320,0,0,1988,112,0,0,0,192,0,496,0,0,0,0,0,0,1,0,0,0,0,0,0,1,1,1,0,0,1,1,1,0,0,0,0,0,0,0,1,0,0,0,1,0,1,1,0,0,1,1,0,0,0,1,0,1,0,0,0,0x014c,0x010b,0x0002,.text
4cdf95ef7bec023fed416ea34905055132374407d565bf242b69159352ad546f,existing_benign,0,original,4cdf95ef7bec023fed416ea34905055132374407d565bf242b69159352ad546f,38400,5.6442194600381095,240,6,2040,0,224,14,38,10,0,10,0,10,0,13824,24576,0,15904,0.27734375,4194304,4096,512,57344,1024,0.017857142857142856,0.24107142857142858,0.42857142857142855,93648,16,262144,8192,1048576,4096,37376,38016,17920,17920,1,2,0,0,0,0,0,13824,13824,3.7505125470155236,6.53669059603941,5.810038477441671,0,0,20,79,0,0,0,0,0,420,17488,0,0,1012,112,0,0,0,196,0,396,64,0,0,0,0,0,1,0,0,0,1,0,0,1,1,1,0,0,1,1,1,0,0,0,0,0,0,0,1,0,0,0,1,0,1,1,0,0,1,1,0,0,0,1,0,1,1,0,0,0x014c,0x010b,0x0003,.text
4d03ba56c05461b1ac9c388c0ed115109fb4216592ef01dbd43b58321e1cf0e3,existing_benign,0,original,4d03ba56c05461b1ac9c388c0ed115109fb4216592ef01dbd43b58321e1cf0e3,65024,6.437386672573983,256,5,2050,0,224,14,38,10,0,10,0,10,0,6656,58368,0,7168,0.0875,4194304,4096,512,81920,1024,0.0125,0.08125,0.7125,124736,16,262144,8192,1048576,4096,64000,64544,54272,54272,1,1,0,0,0,0,0,6656,6656,4.5960227353339675,6.529745764373658,5.6040572681544045,0,0,7,58,0,0,0,0,0,160,53992,0,0,420,112,0,0,0,196,0,260,0,0,0,0,0,0,1,0,0,0,1,0,0,1,1,1,0,0,1,1,1,0,0,0,0,0,0,0,1,0,0,0,1,0,1,1,0,0,1,1,0,0,0,1,0,1,0,0,0,0x014c,0x010b,0x0002,.text
4db5d733cba3430eb5d7c484cda492f0d639e5fa8f5b07a0eebb2905d0c49c06,existing_benign,0,original,4db5d733cba3430eb5d7c484cda492f0d639e5fa8f5b07a0eebb2905d0c49c06,8192,4.460603509374292,232,6,2000,0,224,14,38,10,0,10,0,10,0,3584,4608,512,6048,0.2109375,4194304,4096,512,28672,1024,0.03571428571428571,0.125,0.16071428571428573,51278,16,262144,8192,1048576,4096,7168,7748,3584,3584,1,2,0,1,1,0,0,3584,3584,3.355789595045606,5.393909928497332,5.393909928497332,0,0,3,27,0,0,0,0,0,80,1072,0,0,308,112,0,0,0,196,0,120,0,0,0,0,0,0,1,0,0,0,0,0,0,1,1,1,0,1,1,1,1,0,0,0,1,0,0,0,1,0,0,0,1,0,1,1,0,0,1,1,0,0,0,1,0,1,0,0,0,0x014c,0x010b,0x0002,.text
4dff4c148526b3cb946c6660cac910a381c65f0227903770b2a5271c8c871b1f,existing_benign,0,original,4dff4c148526b3cb946c6660cac910a381c65f0227903770b2a5271c8c871b1f,74152,5.964034053861474,128,3,2019,0,224,48,0,4,0,0,0,6,0,53760,3072,0,61454,0.7501708984375,4194304,8192,512,81920,512,0.00625,0.65625,0.0375,96856,16,1048576,4096,1048576,4096,56832,56832,53760,53760,1,0,0,0,0,0,0,53760,53760,3.2992492669918048,5.352525511375194,5.352525511375194,0,16808,1,1,0,0,0,0,0,79,2432,0,16808,12,28,0,0,0,0,0,8,0,72,0,0,0,0,1,0,1,0,0,0,0,1,1,0,1,0,1,1,1,0,0,0,0,0,0,1,1,0,0,0,1,0,1,1,0,1,1,1,0,0,0,0,0,1,0,1,0,0x014c,0x010b,0x0003,.text
4e61919259b73d8359ff0e926aab11706b7e927330c6a75c63dbd8284a3c64ac,existing_benign,0,original,4e61919259b73d8359ff0e926aab11706b7e927330c6a75c63dbd8284a3c64ac,112640,6.499467925789069,232,5,2043,0,224,14,38,10,0,10,0,10,0,46592,66560,0,46736,0.3680695564516129,4194304,4096,512,126976,1024,0.008064516129032258,0.36693548387096775,0.5241935483870968,157012,16,262144,8192,1048576,4096,111616,112672,56320,56320,1,1,0,0,0,0,0,46592,46592,5.006393352812256,6.391344644286904,6.391344644286904,0,0,19,143,7,0,0,0,0,400,56088,0,0,2736,112,0,0,24,196,0,648,0,0,0,0,0,0,1,0,0,0,1,0,0,1,1,1,0,0,1,1,1,0,0,0,0,0,0,0,1,0,0,1,1,0,1,1,0,0,1,1,0,0,1,1,0,1,0,0,0,0x014c,0x010b,0x0002,.text
4eb4044e7fab74349fe1228398a4b2240889d17ebf7286b48b7c5442abb9bb9e,existing_benign,0,original,4eb4044e7fab74349fe1228398a4b2240889d17ebf7286b48b7c5442abb9bb9e,159232,6.203692458259193,232,5,2054,0,224,14,38,10,0,10,0,10,0,132096,33280,0,116112,0.6442649147727273,4194304,4096,512,180224,1024,0.005681818181818182,0.7329545454545454,0.1846590909090909,218177,16,262144,65536,1048576,4096,158208,164992,132096,132096,1,1,0,0,0,0,0,132096,132096,5.2114593034218375,6.618789615830197,6.003719460180574,0,0,12,367,213,0,0,0,0,260,3648,0,0,12928,112,0,0,0,196,0,1516,0,0,0,0,0,0,1,0,0,0,1,0,0,1,1,1,0,0,1,1,1,0,0,0,0,0,0,0,1,0,0,1,1,0,1,1,0,0,1,1,0,0,0,1,0,1,0,0,0,0x014c,0x010b,0x0003,.text
4feba038022d214e276ac0d13a56c3b14cb4560e3355531fe8339f5355b4bb24,existing_benign,0,original,4feba038022d214e276ac0d13a56c3b14cb4560e3355531fe8339f5355b4bb24,2986016,6.573838373191446,264,7,2085,0,224,14,38,10,0,10,0,10,0,2149376,815104,512,645936,0.21632265946502058,4194304,4096,512,2985984,1024,0.0003429355281207133,0.7198216735253772,0.2729766803840878,2995846,16,262144,57344,1048576,4096,2949120,2964020,2149376,2149376,1,3,0,1,1,0,0,2149376,2149376,5.300551084961132,6.7946869379445864,6.425649902450277,0,35872,134,787,54,0,0,0,81,2700,679384,0,35872,82396,112,0,0,24,196,0,3684,1408,0,0,0,0,0,1,0,0,0,1,0,0,1,0,1,0,1,1,1,1,0,0,0,1,0,0,1,1,0,0,1,1,1,1,1,0,1,1,1,0,0,1,1,0,1,1,0,0,0x014c,0x010b,0x0002,.text
5026241aae54c69ee6332b0ce52c716e7b86dae3db7dbfe2509ca1a0954fe3be,existing_benign,0,original,5026241aae54c69ee6332b0ce52c716e7b86dae3db7dbfe2509ca1a0954fe3be,22016,5.479516398710582,248,5,2029,0,224,14,38,10,0,10,0,10,0,15360,6656,0,14912,0.4045138888888889,4194304,4096,512,36864,1024,0.027777777777777776,0.4166666666666667,0.18055555555555555,63910,16,262144,8192,1048576,4096,20992,21760,15360,15360,1,1,0,0,0,0,0,15360,15360,4.02889906547296,5.775658263162059,5.775658263162059,0,0,4,56,0,0,0,0,0,100,1072,0,0,1180,112,0,0,0,192,0,240,0,0,0,0,0,0,1,0,0,0,0,0,0,1,1,1,0,0,1,1,1,0,0,0,0,0,0,0,1,0,0,0,1,0,1,1,0,0,1,1,0,0,0,1,0,1,0,0,0,0x014c,0x010b,0x0003,.text
504994a3a8943e9ad96a9034291ccd4007ce467df980f7f6e18fd4a2573f3056,existing_benign,0,original,504994a3a8943e9ad96a9034291ccd4007ce467df980f7f6e18fd4a2573f3056,97280,7.0995477749537335,240,6,2015,0,224,14,38,10,0,10,0,10,0,19456,78336,0,21120,0.18415178571428573,4194304,4096,512,114688,1024,0.008928571428571428,0.16964285714285715,0.6830357142857143,102375,16,262144,20480,1048576,4096,96256,97440,70656,70656,1,2,0,0,0,0,0,19456,19456,4.033949268246952,7.3443011598123285,6.232028443702839,1,0,18,80,0,0,0,0,0,380,70256,0,0,1208,112,0,0,0,196,0,392,64,0,0,0,0,0,1,0,0,0,0,0,0,1,1,1,0,0,1,1,1,0,0,0,0,0,1,0,1,0,0,0,1,0,1,1,0,0,1,1,0,0,0,1,0,1,1,0,0,0x014c,0x010b,0x0002,.text
507bdc3ab5a6d9ddba2df68aff6f59572180134252f5eb8cb46f9bb23006b496,existing_benign,0,original,507bdc3ab5a6d9ddba2df68aff6f59572180134252f5eb8cb46f9bb23006b496,455576,7.059165797186747,248,6,2013,0,224,10,0,5,1,0,0,5,1,320000,34816,0,18251,0.04740223986037234,4194304,4096,512,385024,1024,0.0026595744680851063,0.8311170212765957,0.09042553191489362,472502,16,1048576,4096,1048576,4096,354816,362620,320000,320000,1,2,0,0,1,0,0,320000,320000,4.136903441101075,6.601300337847826,6.601300337847826,0,99736,14,272,22,0,0,0,0,300,12676,0,16048,12016,28,0,0,24,64,0,1144,0,0,0,0,0,0,1,0,0,0,0,0,0,1,1,0,0,0,1,1,1,0,0,0,1,0,0,1,1,0,0,1,1,0,1,1,0,1,1,1,0,0,1,1,0,1,0,0,0,0x014c,0x010b,0x0002,.text
509337b9fff00aa0c143cceae30b045557912847f508b31ad1de674a6cd61a0a,existing_benign,0,original,509337b9fff00aa0c143cceae30b045557912847f508b31ad1de674a6cd61a0a,72704,6.107457554251106,240,6,2040,0,224,14,38,10,0,10,0,10,0,60416,13312,0,61728,0.6850142045454546,4194304,4096,512,90112,1024,0.011363636363636364,0.6704545454545454,0.14772727272727273,110252,16,262144,8192,1048576,4096,71680,73408,60416,60416,1,2,0,0,0,0,0,60416,60416,3.712613459570574,6.21021859432045,6.109276613933895,0,0,28,125,0,0,0,0,0,580,1832,0,0,2632,112,0,0,0,196,0,612,64,0,0,0,0,0,1,0,0,0,1,0,0,1,1,1,0,0,1,1,1,0,0,0,0,0,0,0,1,0,0,0,1,0,1,1,0,0,1,1,0,0,0,1,0,1,1,0,0,0x014c,0x010b,0x0003,.text
51f8d936fbda8408b9d04a591f3d8a6ca6663b38d5c60a8ee6a232a847f804ff,existing_benign,0,original,51f8d936fbda8408b9d04a591f3d8a6ca6663b38d5c60a8ee6a232a847f804ff,47616,5.941516720517271,248,5,2070,0,224,14,38,10,0,10,0,10,0,33280,14848,0,30816,0.5015625,4194304,4096,512,61440,1024,0.016666666666666666,0.5416666666666666,0.24166666666666667,70243,16,262144,8192,1048576,4096,46592,47648,33280,33280,1,1,0,0,0,0,0,33280,33280,4.962277741903849,6.476756001130712,5.722943484643809,0,0,13,255,135,0,0,0,0,280,2664,0,0,3824,112,0,0,0,196,0,1072,0,0,0,0,0,0,1,0,0,0,1,0,0,1,1,1,0,0,1,1,1,0,0,0,0,0,0,0,1,0,0,1,1,0,1,1,0,0,1,1,0,0,0,1,0,1,0,0,0,0x014c,0x010b,0x0002,.text
52d697336e86e9063d82edca959c7a322eb121a27d2f4091375deb1690b3706e,existing_benign,0,original,52d697336e86e9063d82edca959c7a322eb121a27d2f4091375deb1690b3706e,16384,5.675217925737874,224,5,2019,0,224,14,38,10,0,10,0,10,0,10240,6144,0,13600,0.4150390625,4194304,4096,512,32768,1024,0.03125,0.3125,0.1875,22955,16,262144,8192,1048576,4096,15360,16000,10240,10240,1,1,0,0,0,0,0,10240,10240,3.9163791341580576,6.130536688976149,6.130536688976149,0,0,1,38,0,0,0,0,0,40,1840,0,0,632,112,0,0,0,192,0,156,0,0,0,0,0,0,1,0,0,0,0,0,0,1,1,1,0,0,0,1,1,0,0,0,0,0,0,0,1,0,0,0,1,0,1,1,0,0,1,1,0,0,0,1,0,1,0,0,0,0x014c,0x010b,0x0001,.text
53757c0b9e805692c0180a01807c087f8c018414e1d12c9f1e208280215ea7d1,existing_benign,0,original,53757c0b9e805692c0180a01807c087f8c018414e1d12c9f1e208280215ea7d1,410624,6.499387142237457,240,6,1989,0,224,14,38,10,0,10,0,6,2,363520,52224,0,355840,0.8273809523809523,4194304,4096,512,430080,1024,0.002380952380952381,0.8452380952380952,0.12142857142857143,443703,16,262144,8192,1048576,4096,409600,415552,363520,363520,1,2,0,0,0,0,0,363520,363520,4.815753411868304,6.778740262002533,6.413146733505698,0,0,55,417,38,0,0,0,0,1120,3640,0,0,19752,112,0,0,0,196,0,1888,224,0,0,0,0,0,1,0,0,0,1,0,0,1,1,1,0,0,1,1,1,0,0,0,0,0,0,0,1,0,0,1,1,0,1,1,0,0,1,1,0,0,0,1,0,1,1,0,0,0x014c,0x010b,0x0003,.text
53d329298562d9e7c53bb0e03c6f447447ffdd89df8b77b6a01ee7d05fe757b6,existing_benign,0,original,53d329298562d9e7c53bb0e03c6f447447ffdd89df8b77b6a01ee7d05fe757b6,27136,5.90869077848808,232,5,1983,0,224,14,38,10,0,10,0,10,0,17920,9728,0,20112,0.491015625,4194304,4096,512,40960,1024,0.025,0.4375,0.2375,31811,16,262144,8192,1048576,4096,26112,27264,17920,17920,1,1,0,0,0,0,0,17920,17920,4.6231446786024595,6.0452160591948365,6.0452160591948365,0,0,9,103,0,0,0,0,0,200,2024,0,0,1556,112,0,0,0,192,0,448,0,0,0,0,0,0,1,0,0,0,1,0,0,1,1,1,0,0,1,1,1,0,0,0,0,0,0,0,1,0,0,0,1,0,1,1,0,0,1,1,0,0,0,1,0,1,0,0,0,0x014c,0x010b,0x0003,.text
53f28b2c38987fec975be8ec75e9b5485ed208e20719ef75e861aa903fddb1c1,existing_benign,0,original,53f28b2c38987fec975be8ec75e9b5485ed208e20719ef75e861aa903fddb1c1,905400,6.767550288016757,288,6,2020,0,224,14,0,6,0,0,0,6,0,634368,241152,0,270022,0.303794192828341,4194304,4096,512,888832,1024,0.001152073732718894,0.7137096774193549,0.27131336405529954,967629,16,1048576,4096,1048576,4096,865280,875220,634368,634368,1,2,0,0,0,0,0,634368,634368,4.489758714836558,7.0211811757430445,6.644241845276782,1,39096,14,294,5,0,0,0,0,300,92400,0,39096,0,84,0,0,24,64,0,1232,0,0,0,0,0,0,1,1,0,0,0,0,0,0,1,0,0,0,1,1,1,0,0,0,0,0,1,1,1,0,0,1,1,0,1,1,0,1,0,1,0,0,1,1,0,1,0,0,0,0x014c,0x010b,0x0002,.text
5436682899d320786d49e9c87f260cb52fdc0c9cf13114769fcdc7fdb7843c40,existing_benign,0,original,5436682899d320786d49e9c87f260cb52fdc0c9cf13114769fcdc7fdb7843c40,1299328,6.534392057100437,272,6,2025,0,224,14,42,6,0,0,0,6,0,680960,610816,0,510832,0.38973388671875,4194304,4096,512,1310720,1024,0.00078125,0.51953125,0.466015625,1354694,16,1048576,4096,1048576,4096,1287680,1291664,680960,680960,1,2,0,0,1,0,0,680960,680960,5.304816094227475,6.67390819077357,6.556078938175661,0,10624,4,117,0,0,0,0,0,100,1544,0,10624,26164,112,0,0,24,64,0,484,0,0,0,0,0,0,1,0,0,0,0,0,0,1,1,1,0,0,1,1,1,0,0,0,1,0,0,1,1,0,0,0,1,0,1,1,0,1,1,1,0,0,1,1,0,1,0,0,0,0x014c,0x010b,0x0003,.text
54d19cf0eccc9e9664610ab2d90eb145b78551b3c5ebe79c608d20e08ce40775,existing_benign,0,original,54d19cf0eccc9e9664610ab2d90eb145b78551b3c5ebe79c608d20e08ce40775,65680,6.094627349307715,128,3,2019,0,224,48,0,4,0,0,0,6,0,45056,3072,0,52850,0.7168240017361112,4194304,8192,512,73728,512,0.006944444444444444,0.6111111111111112,0.041666666666666664,95536,16,1048576,4096,1048576,4096,48128,48128,45056,45056,1,0,0,0,0,0,0,45056,45056,3.302664673717906,5.452851249716331,5.452851249716331,0,17040,1,1,0,0,0,0,0,79,2368,0,17040,12,28,0,0,0,0,0,8,0,72,0,0,0,0,1,0,0,0,0,0,0,1,1,0,1,0,1,1,1,0,0,0,0,0,0,1,1,0,0,0,1,0,1,1,0,1,1,1,0,0,0,0,0,1,0,1,0,0x014c,0x010b,0x0003,.text
55021c62c298ddd2f8974993c52267d424fa4982e5177a9169f6e0b5e5ed7c5b,existing_benign,0,original,55021c62c298ddd2f8974993c52267d424fa4982e5177a9169f6e0b5e5ed7c5b,146432,6.483636358893078,240,5,2103,0,224,14,38,10,0,10,0,10,0,126976,23552,0,117744,0.71865234375,4194304,4096,512,163840,1024,0.00625,0.775,0.14375,204943,16,262144,8192,1048576,4096,145408,150336,126976,126976,1,1,0,0,0,0,0,126976,126976,4.83769776493528,6.75136675245909,6.356046792772812,0,0,6,231,0,0,0,0,0,140,1896,0,0,8488,112,0,0,0,196,0,948,0,0,0,0,0,0,1,0,0,0,1,0,0,1,1,1,0,0,1,1,1,0,0,0,0,0,0,0,1,0,0,0,1,0,1,1,0,0,1,1,0,0,0,1,0,1,0,0,0,0x014c,0x010b,0x0003,.text
557309778a3924d38496db50e5c263285fc979a49ca3ae30d520d26f940bbfd3,existing_benign,0,original,557309778a3924d38496db50e5c263285fc979a49ca3ae30d520d26f940bbfd3,64360,5.895454421262744,240,5,2014,0,224,14,38,10,0,10,0,6,1,47104,6656,0,48784,0.7005974264705882,4194304,4096,512,69632,1024,0.014705882352941176,0.6764705882352942,0.09558823529411764,79455,16,262144,8192,1048576,4096,52736,53632,47104,47104,1,1,0,0,0,0,0,47104,47104,4.019723266466675,6.524185088046827,5.323320019090892,0,10600,4,73,0,0,0,0,0,100,1200,0,10600,1468,112,0,0,0,64,0,308,0,0,0,0,0,0,1,0,0,0,0,0,0,1,1,1,0,0,1,1,1,0,0,0,0,0,0,1,1,0,0,0,1,0,1,1,0,1,1,1,0,0,0,1,0,1,0,0,0,0x014c,0x010b,0x0003,.text
56ced923d20597fb2fdcfc337a77fece81874c32319c8c06ed95e5150e6d7aa4,existing_benign,0,original,56ced923d20597fb2fdcfc337a77fece81874c32319c8c06ed95e5150e6d7aa4,56928,6.615916467382734,256,5,2029,0,224,14,38,10,0,10,0,10,0,33792,12800,0,33584,0.5466145833333333,4194304,4096,512,61440,1024,0.016666666666666666,0.55,0.20833333333333334,72829,16,262144,8192,1048576,4096,45568,46144,33792,33792,1,1,0,0,0,0,0,33792,33792,4.257168338574206,6.56052628238428,6.308130304924843,0,10336,18,200,0,0,0,0,0,380,952,0,10336,2412,112,0,0,0,196,0,872,0,0,0,0,0,0,1,0,0,0,0,0,0,1,1,1,0,0,1,1,1,0,0,0,0,0,0,1,1,0,0,0,1,0,1,1,0,1,1,1,0,0,0,1,0,1,0,0,0,0x014c,0x010b,0x0003,.text
582bf41989350cae68a150d228b99ba052960e4be5e7466abc7dcbf7e93c24e7,existing_benign,0,original,582bf41989350cae68a150d228b99ba052960e4be5e7466abc7dcbf7e93c24e7,115200,6.381644942954236,240,6,2019,0,224,14,38,10,0,10,0,10,0,99840,16384,0,95568,0.70703125,4194304,4096,512,135168,1024,0.007575757575757576,0.7386363636363636,0.12121212121212122,141220,16,262144,8192,1048576,4096,114176,116064,99840,99840,1,2,0,0,0,0,0,99840,99840,3.9554206283799864,6.444107742675595,6.3898788434323865,0,0,7,167,1,0,0,0,0,160,1184,0,0,4636,112,0,0,0,196,0,696,128,0,0,0,0,0,1,0,0,0,0,0,0,1,1,1,0,0,1,1,1,0,0,0,0,0,0,0,1,0,0,1,1,0,1,1,0,0,1,1,0,0,0,1,0,1,1,0,0,0x014c,0x010b,0x0002,.text
5971f09ede06634f7326cc5fe4b700920ce30520df1f5f1365fe09bfa21f5c59,existing_benign,0,original,5971f09ede06634f7326cc5fe4b700920ce30520df1f5f1365fe09bfa21f5c59,232480,6.445868040021883,256,5,2024,0,224,14,40,6,0,0,0,6,0,153088,69120,0,145472,0.6123383620689655,4194304,4096,512,237568,1024,0.004310344827586207,0.6443965517241379,0.29094827586206895,289816,16,1048576,4096,1048576,4096,221184,221900,153088,153088,1,1,0,0,0,0,0,153088,153088,5.291026898237914,6.49113915926724,6.49113915926724,0,10272,12,144,0,0,0,0,0,260,20824,0,10272,7260,140,0,0,0,64,0,624,0,0,0,0,0,0,1,0,0,0,0,0,0,1,1,1,0,0,1,1,1,0,0,0,0,0,0,1,1,0,0,0,1,0,1,1,0,1,1,1,0,0,0,1,0,1,0,0,0,0x014c,0x010b,0x0003,.text
59809cda447f6745b4a74c40a6ca5cbf9d2b5d6c63cbfca2845ff9ba013c376a,existing_benign,0,original,59809cda447f6745b4a74c40a6ca5cbf9d2b5d6c63cbfca2845ff9ba013c376a,96024,6.235880797147179,128,3,2054,0,224,48,0,4,0,0,0,6,0,81920,3072,0,89670,0.8420034555288461,4194304,8192,512,106496,512,0.004807692307692308,0.7692307692307693,0.028846153846153848,145871,16,1048576,4096,1048576,4096,84992,84992,81920,81920,1,0,0,0,0,0,0,81920,81920,3.4594238259330585,6.055981045336692,6.055981045336692,0,10520,1,1,0,0,0,0,0,79,2184,0,10520,12,84,0,0,0,0,0,8,0,72,0,0,0,0,1,0,1,0,1,0,0,1,1,0,1,0,1,1,1,0,0,0,0,0,0,1,1,0,0,0,1,0,1,1,0,1,1,1,0,0,0,0,0,1,0,1,0,0x014c,0x010b,0x0003,.text
59e47e56dc39ece4a4685cd67075d4f4887cdfad3c9bef12f1908948f186dcb3,existing_benign,0,original,59e47e56dc39ece4a4685cd67075d4f4887cdfad3c9bef12f1908948f186dcb3,54784,6.391632158015811,256,5,2066,0,224,14,38,10,0,10,0,10,0,41472,44032,0,40448,0.4114583333333333,4194304,4096,512,98304,1024,0.010416666666666666,0.421875,0.4479166666666667,109874,16,262144,8192,1048576,4096,53760,85184,41472,41472,1,1,0,0,0,0,0,41472,41472,5.098476136847978,6.574053658112992,6.307799566143053,0,0,31,158,0,0,0,0,0,640,1984,0,0,3368,112,0,0,0,192,0,756,0,0,0,0,0,0,1,0,0,0,1,0,0,1,1,1,0,0,1,1,1,0,0,0,0,0,0,0,1,0,0,0,1,0,1,1,0,0,1,1,0,0,0,1,0,1,0,0,0,0x014c,0x010b,0x0003,.text
5a871fac6b6279aa13109aee69e92a637468eb517de3b17734843e645e632cec,existing_benign,0,original,5a871fac6b6279aa13109aee69e92a637468eb517de3b17734843e645e632cec,18432,5.294932018245204,232,6,2093,0,224,14,38,10,0,10,0,10,0,11264,7168,0,12656,0.3433159722222222,4194304,4096,512,36864,1024,0.027777777777777776,0.3055555555555556,0.19444444444444445,65642,16,262144,8192,1048576,4096,17408,18048,11264,11264,1,2,0,0,0,0,0,11264,11264,3.4119651025912248,5.641225535339911,5.641225535339911,0,0,6,63,0,0,0,0,0,140,2016,0,0,748,112,0,0,0,196,0,276,64,0,0,0,0,0,1,0,0,0,1,0,0,1,1,1,0,0,1,1,1,0,0,0,0,0,0,0,1,0,0,0,1,0,1,1,0,0,1,1,0,0,0,1,0,1,1,0,0,0x014c,0x010b,0x0003,.text
5aa640b813d008a978a69780e27db7a4d709cd22bb51d4c196e05b36a03a2b82,existing_benign,0,original,5aa640b813d008a978a69780e27db7a4d709cd22bb51d4c196e05b36a03a2b82,8192,3.2855166635957147,208,3,2016,0,224,14,38,10,0,10,0,10,0,5120,2048,0,0,0.0,268435456,4096,512,20480,1024,0.05,0.25,0.1,17361,16,262144,4096,1048576,4096,7168,7168,5120,5120,1,0,0,0,0,0,-1,0,0,2.940212289428777,3.5648314049383996,0.0,0,0,0,0,0,0,0,0,84,0,1056,0,0,204,112,0,0,0,0,0,0,0,0,0,0,0,1,0,0,0,0,0,0,0,1,1,1,0,0,0,0,0,0,0,0,0,0,0,0,0,0,0,0,1,1,0,1,0,0,1,1,0,0,0,0,0,0,0,0,0,0x014c,0x010b,0x0001,
5bd02c10d12d613e3ab39c75e89d6070f954351092fad0c6c78674171d0937b1,existing_benign,0,original,5bd02c10d12d613e3ab39c75e89d6070f954351092fad0c6c78674171d0937b1,2662480,6.365359078209193,296,5,2025,0,224,14,42,6,0,10,0,6,0,2273280,377856,0,2085920,0.7822700652841782,4194304,4096,512,2666496,1024,0.00038402457757296467,0.8525345622119815,0.14170506912442396,2690315,16,1048576,8192,1048576,4096,2651136,2655200,2273280,2273280,1,1,0,0,0,0,0,2273280,2273280,4.821063768005186,6.660329510524043,6.461572024393645,0,10320,21,276,0,0,0,0,89,440,245884,0,10320,72948,84,0,0,24,64,0,1188,0,0,0,0,0,0,1,0,1,0,0,0,0,1,1,1,0,0,1,1,1,0,0,0,0,0,0,1,1,0,0,0,1,1,1,1,0,1,1,1,0,0,1,1,0,1,0,0,0,0x014c,0x010b,0x0003,.text
5bd289a819ff8403de08b9eaaf2fab5a323ba8e2e7311c5af59a35b35d852b03,existing_benign,0,original,5bd289a819ff8403de08b9eaaf2fab5a323ba8e2e7311c5af59a35b35d852b03,202240,6.320306388823112,248,5,2018,0,224,14,38,10,0,10,0,10,0,175616,28160,0,176208,0.8435202205882353,4194304,4096,512,208896,1024,0.004901960784313725,0.8406862745098039,0.13480392156862744,254313,16,262144,8192,1048576,4096,201216,203656,175616,175616,1,1,0,0,0,0,0,175616,175616,4.72502324356249,6.7643718542299425,6.3000125917289616,0,0,27,232,0,0,0,0,0,560,7728,0,0,8020,112,0,0,0,196,0,1036,0,0,0,0,0,0,1,0,0,0,0,0,0,1,1,1,0,0,1,1,1,0,0,0,0,0,0,0,1,0,0,0,1,0,1,1,0,0,1,1,0,0,0,1,0,1,0,0,0,0x014c,0x010b,0x0002,.text
5bdebbe46b6d76bf7a93551ab70d940974194e8c0638f9237cf7630e98ef05bb,existing_benign,0,original,5bdebbe46b6d76bf7a93551ab70d940974194e8c0638f9237cf7630e98ef05bb,7680,3.311368386445499,208,3,2089,0,224,14,38,10,0,10,0,10,0,4608,2048,0,0,0.0,268435456,4096,512,20480,1024,0.05,0.225,0.1,62306,16,262144,4096,1048576,4096,6656,6656,4608,4608,1,0,0,0,0,0,-1,0,0,2.9550372128959963,3.646693344109234,0.0,0,0,0,0,0,0,0,0,84,0,1056,0,0,200,112,0,0,0,0,0,0,0,0,0,0,0,1,0,0,0,0,1,0,0,1,1,1,0,0,0,0,0,0,0,0,0,0,0,0,0,0,0,0,1,1,0,1,0,0,1,1,0,0,0,0,0,0,0,0,0,0x014c,0x010b,0x0001,
5bf6824cd0d2b3af1c2caab86f5fbd5b13674a7ec1257f6535dd66a00300e1bb,existing_benign,0,original,5bf6824cd0d2b3af1c2caab86f5fbd5b13674a7ec1257f6535dd66a00300e1bb,1783968,6.784449675633949,280,5,2026,0,224,14,29,6,0,0,0,6,0,1200128,638976,0,988438,0.5338890953401548,4194304,4096,512,1851392,1024,0.0005530973451327434,0.6482300884955752,0.34513274336283184,1784601,16,1048576,4096,1048576,4096,1770496,1838660,1200128,1200128,1,1,0,0,0,0,0,1200128,1200128,6.117221369969328,7.661110123757237,6.548260912604582,1,12448,17,514,1,0,0,0,0,360,198744,0,12448,62736,28,0,0,24,64,0,2124,0,0,0,1,0,0,1,0,0,0,0,0,0,1,1,0,0,0,1,1,1,0,0,0,0,0,1,1,1,0,0,1,1,0,1,1,0,1,1,1,0,0,1,1,0,1,0,0,0,0x014c,0x010b,0x0002,.text
5c45e20e9c49ba4331ccec6350b8314f37d9b7136906fbe2caa1ffdd1a0ca906,existing_benign,0,original,5c45e20e9c49ba4331ccec6350b8314f37d9b7136906fbe2caa1ffdd1a0ca906,204800,5.459286492040541,240,5,1979,0,224,14,38,10,0,10,0,10,0,178176,29696,0,177920,0.8043981481481481,4194304,4096,512,221184,1024,0.004629629629629629,0.8055555555555556,0.13425925925925927,256939,16,262144,8192,1048576,4096,203776,207744,178176,178176,1,1,0,0,0,0,0,178176,178176,4.919530989043814,6.599934098113936,5.2647345745570995,0,0,11,161,0,0,0,0,0,240,3056,0,0,11628,112,0,0,24,192,0,688,0,0,0,0,0,0,1,0,0,0,1,0,0,1,1,1,0,0,1,1,1,0,0,0,0,0,0,0,1,0,0,0,1,0,1,1,0,0,1,1,0,0,1,1,0,1,0,0,0,0x014c,0x010b,0x0002,.text
5c61db6bf2f8c6d9f8bf69e11564c894eae0ee656803f145a1629e5cd464db4a,existing_benign,0,original,5c61db6bf2f8c6d9f8bf69e11564c894eae0ee656803f145a1629e5cd464db4a,59752,6.6228267827399625,248,5,2025,0,224,14,44,6,0,0,0,6,0,23040,26112,0,12992,0.21145833333333333,4194304,4096,512,61440,1024,0.016666666666666666,0.375,0.425,125022,16,1572864,4096,1048576,4096,48128,49048,23040,23040,1,1,0,0,0,0,0,23040,23040,4.923059587641177,6.5235811430714605,6.5235811430714605,0,10600,11,81,0,0,0,0,0,240,1696,0,10600,1788,84,0,0,0,64,0,368,0,0,0,0,0,0,1,0,0,0,0,0,0,1,1,1,0,0,1,1,1,0,0,0,0,0,0,1,1,0,0,0,1,0,1,1,0,1,1,1,0,0,0,1,0,1,0,0,0,0x014c,0x010b,0x0003,.text
5c8e8ae90ff9ed01e08b8278a66d2b80bb773de2b9cf1905529c6a8dc81923b0,existing_benign,0,original,5c8e8ae90ff9ed01e08b8278a66d2b80bb773de2b9cf1905529c6a8dc81923b0,15872,5.513043622513228,240,5,1980,0,224,14,38,10,0,10,0,10,0,8192,7680,0,10192,0.35546875,4194304,4096,512,28672,1024,0.03571428571428571,0.2857142857142857,0.26785714285714285,77070,16,262144,8192,1048576,4096,14848,15456,8192,8192,1,1,0,0,0,0,0,8192,8192,3.8776081392072967,5.910703903217099,5.910703903217099,0,0,20,58,0,0,0,0,0,420,2040,0,0,576,112,0,0,0,192,0,312,0,0,0,0,0,0,1,0,0,0,1,0,0,1,1,1,0,0,1,1,1,0,0,0,0,0,0,0,1,0,0,0,1,0,1,1,0,0,1,1,0,0,0,1,0,1,0,0,0,0x014c,0x010b,0x0003,.text
5d6c155caf5f6be300041cbb0db4db7671d6ec3247696cf2a2ec796c176934ad,existing_benign,0,original,5d6c155caf5f6be300041cbb0db4db7671d6ec3247696cf2a2ec796c176934ad,307712,6.953359877557387,256,6,2093,0,224,14,38,10,0,10,0,10,0,158720,153600,0,155632,0.474951171875,4194304,4096,512,327680,1024,0.003125,0.484375,0.46875,357489,16,262144,69632,1048576,4096,306688,312128,158720,158720,1,2,0,0,0,0,0,158720,158720,4.831546488806107,7.097780527831476,6.540166790784217,1,0,49,312,5,0,0,0,0,1000,123344,0,0,9612,112,0,0,0,196,0,1444,224,0,0,0,0,0,1,0,0,0,1,0,0,1,1,1,0,0,1,1,1,0,0,0,0,0,1,0,1,0,0,1,1,0,1,1,0,0,1,1,0,0,0,1,0,1,1,0,0,0x014c,0x010b,0x0002,.text
5d924b83a390be0042ae845e4679bba98f426f5abba3774869c2e25ef8c6104b,existing_benign,0,original,5d924b83a390be0042ae845e4679bba98f426f5abba3774869c2e25ef8c6104b,99840,6.467289651820507,248,6,2057,0,224,14,38,10,0,10,0,10,0,84480,16384,0,83104,0.6996228448275862,4194304,4096,512,118784,1024,0.008620689655172414,0.7112068965517241,0.13793103448275862,145997,16,262144,8192,1048576,4096,98816,100480,84480,84480,1,2,0,0,0,0,0,84480,84480,4.050836659300626,6.734478420064691,6.387408560524972,0,0,23,116,0,0,0,0,0,480,2128,0,0,5948,112,0,0,0,196,0,556,192,0,0,0,0,0,1,0,0,0,1,0,0,1,1,1,0,0,1,1,1,0,0,0,0,0,0,0,1,0,0,0,1,0,1,1,0,0,1,1,0,0,0,1,0,1,1,0,0,0x014c,0x010b,0x0002,.text
5f1471ba6e65560fba1e997f2c2c968d8a50afb9e050d740aa5f5b15d5bc2ce7,existing_benign,0,original,5f1471ba6e65560fba1e997f2c2c968d8a50afb9e050d740aa5f5b15d5bc2ce7,4186400,6.089786121751443,128,3,2059,0,224,48,0,4,0,0,0,4,0,4173312,2048,0,4180330,0.9947255155031677,268435456,8192,512,4202496,512,0.00012183235867446393,0.9930555555555556,0.0004873294346978557,4205173,16,1048576,4096,1048576,4096,4175360,4175360,4173312,4173312,1,0,0,0,0,0,0,4173312,4173312,3.009596129083409,6.0859078652175365,6.0859078652175365,0,10528,1,1,0,0,0,0,0,79,1224,0,10528,12,84,0,0,0,0,0,8,0,72,0,0,0,1,0,0,1,0,1,0,0,1,1,0,1,0,1,1,1,0,0,0,0,0,0,1,1,0,0,0,1,0,1,1,0,1,1,1,0,0,0,0,0,1,0,1,0,0x014c,0x010b,0x0003,.text
5fb426d8367cbdc83986ca9603fbd159ca28bfe19efb11fde5683455ac1474fe,existing_benign,0,original,5fb426d8367cbdc83986ca9603fbd159ca28bfe19efb11fde5683455ac1474fe,131072,6.219065730035368,240,6,2003,0,224,14,38,10,0,10,0,10,0,111104,19968,0,82976,0.5627170138888888,4194304,4096,512,147456,1024,0.006944444444444444,0.7534722222222222,0.13541666666666666,171184,16,262144,65536,1048576,4096,130048,130976,111104,111104,1,2,0,0,0,0,0,111104,111104,4.497689858408392,6.590896990149721,6.122155696500245,0,0,29,169,0,0,0,0,9211,600,2192,0,0,6904,112,0,0,24,196,0,792,192,0,0,0,0,0,1,0,0,0,0,0,0,1,1,1,0,0,1,1,1,0,0,0,0,0,0,0,1,0,0,0,1,1,1,1,0,0,1,1,0,0,1,1,0,1,1,0,0,0x014c,0x010b,0x0002,.text
5fd44b3705acfddc015248aafaee2fafa2c4a4cf77c9f46b6690b238475c54a5,existing_benign,0,original,5fd44b3705acfddc015248aafaee2fafa2c4a4cf77c9f46b6690b238475c54a5,116336,6.612090550293909,248,7,2094,0,224,14,38,10,0,10,0,10,0,89600,16896,512,84464,0.6651965725806451,4194304,4096,512,126976,1024,0.008064516129032258,0.7056451612903226,0.13306451612903225,152311,16,262144,8192,1048576,4096,104448,106148,89600,89600,1,3,0,1,1,0,0,89600,89600,4.205364308148135,6.6184444300464245,6.334726001325595,0,10864,31,133,0,0,0,0,0,640,2456,0,10864,4952,112,0,0,0,196,0,656,64,0,0,0,0,0,1,0,0,0,1,0,0,1,1,1,0,1,1,1,1,0,0,0,1,0,0,1,1,0,0,0,1,0,1,1,0,1,1,1,0,0,0,1,0,1,1,0,0,0x014c,0x010b,0x0002,.text
6046ebe2dd2a39626dfb8c383ded37ea27ef96186cbe3af31c7757ac28e1bd60,existing_benign,0,original,6046ebe2dd2a39626dfb8c383ded37ea27ef96186cbe3af31c7757ac28e1bd60,598600,6.330763825424651,272,5,2024,0,224,14,44,6,0,10,0,6,0,550400,54272,0,408301,0.6601513995240066,4194304,4096,512,618496,1024,0.0016556291390728477,0.8899006622516556,0.08774834437086093,631678,16,16777216,8192,1048576,4096,587264,604652,550400,550400,1,1,0,0,0,0,0,550400,550400,4.961837570772607,6.641223425285441,6.269147376630712,0,10312,18,310,0,0,0,0,259,380,1392,0,10312,15856,84,0,0,24,64,0,1312,96,0,0,0,0,0,1,0,1,0,0,0,0,1,1,0,0,0,1,1,1,0,0,0,0,0,0,1,1,0,0,0,1,1,1,1,0,1,1,1,0,0,1,1,0,1,1,0,0,0x014c,0x010b,0x0003,.text
609eb88a5e965bc3d0bcebef73ed04c58dd43309a3abb29c929ff42ecbeda5f3,existing_benign,0,original,609eb88a5e965bc3d0bcebef73ed04c58dd43309a3abb29c929ff42ecbeda5f3,1484496,6.52971820054746,312,6,1988,0,224,14,44,10,0,10,0,6,1,984064,488448,0,731184,0.49041680975274726,4194304,4096,512,1490944,1024,0.0006868131868131869,0.6600274725274725,0.3276098901098901,1500994,16,262144,8192,1048576,4096,1460736,1472064,984064,984064,1,2,0,0,0,0,0,984064,984064,4.5956998143703025,6.734502536480643,6.698345222058579,0,22736,9,348,0,0,0,0,0,200,51184,0,22736,62900,140,0,0,24,64,0,1428,320,0,0,0,0,0,1,0,1,0,1,0,0,1,1,1,0,1,1,1,1,0,0,0,0,0,0,1,1,0,0,0,1,0,1,1,0,1,1,1,0,0,1,1,0,1,1,0,0,0x014c,0x010b,0x0003,.text
60abe902eff08bfa4a65515a9b54ee8d7c09877395507598dbb04b13cb6f9a06,existing_benign,0,original,60abe902eff08bfa4a65515a9b54ee8d7c09877395507598dbb04b13cb6f9a06,329072,5.947508952855353,128,3,2065,0,224,48,0,4,0,0,0,4,0,315392,2560,0,323478,0.9401681082589286,4194304,8192,512,344064,512,0.001488095238095238,0.9166666666666666,0.00744047619047619,377751,16,1048576,4096,1048576,4096,317952,317952,315392,315392,1,0,0,0,0,0,0,315392,315392,3.167846429434999,5.868639156753641,5.868639156753641,0,10608,1,1,0,0,0,0,0,79,1580,0,10608,12,56,0,0,0,0,0,8,0,72,0,0,0,0,1,0,0,0,1,0,0,1,1,0,0,0,1,1,1,0,0,0,0,0,0,1,1,0,0,0,1,0,1,1,0,1,1,1,0,0,0,0,0,1,0,1,0,0x014c,0x010b,0x0003,.text
628304b7daf3608a560d26b97c783103960eb65c0473ec2765449b37861d3dea,existing_benign,0,original,628304b7daf3608a560d26b97c783103960eb65c0473ec2765449b37861d3dea,161792,6.219345791655854,248,5,2070,0,224,14,38,10,0,10,0,10,0,122880,38912,0,108928,0.6184593023255814,4194304,4096,512,176128,1024,0.005813953488372093,0.6976744186046512,0.22093023255813954,189816,16,262144,8192,1048576,4096,160768,161792,122880,122880,1,1,0,0,0,0,0,122880,122880,5.5138070957022,6.58133509628512,6.049551263106321,0,0,15,295,2,0,0,0,0,320,11024,0,0,9144,112,0,0,0,196,0,1240,0,0,0,0,0,0,1,0,0,0,1,0,0,1,1,1,0,0,1,1,1,0,0,0,0,0,0,0,1,0,0,1,1,0,1,1,0,0,1,1,0,0,0,1,0,1,0,0,0,0x014c,0x010b,0x0002,.text
62a49e281de39f00ba7bffd231773e6d9349da6aff0ad65931a775e2ed13d5af,existing_benign,0,original,62a49e281de39f00ba7bffd231773e6d9349da6aff0ad65931a775e2ed13d5af,442664,6.260083578780519,128,3,2096,0,224,48,0,4,0,0,0,4,0,429056,2560,0,436690,0.9519086565290179,4194304,8192,512,458752,512,0.0011160714285714285,0.9352678571428571,0.005580357142857143,476692,16,1048576,4096,1048576,4096,431616,431616,429056,429056,1,0,0,0,0,0,0,429056,429056,3.451353365874434,6.225181970040076,6.225181970040076,0,10536,1,1,0,0,0,0,0,79,1932,0,10536,12,84,0,0,0,0,0,8,0,72,0,0,0,0,1,0,1,0,1,0,0,1,1,0,1,0,1,1,1,0,0,0,0,0,0,1,1,0,0,0,1,0,1,1,0,1,1,1,0,0,0,0,0,1,0,1,0,0x014c,0x010b,0x0003,.text
63e87e91c139727878e7e8faaf0de233ca294718370db6cd8824fe9197608477,existing_benign,0,original,63e87e91c139727878e7e8faaf0de233ca294718370db6cd8824fe9197608477,142968,6.6312260978165085,256,5,2025,0,224,14,29,6,0,0,0,6,0,84992,44544,0,10401,0.07053629557291667,4194304,4096,512,147456,1024,0.006944444444444444,0.5763888888888888,0.3020833333333333,174938,16,1048576,4096,1048576,4096,126464,129220,84992,84992,1,1,0,0,0,0,0,84992,84992,5.047620004797773,6.609294679943931,6.609294679943931,0,15480,6,88,0,0,0,0,0,140,488,0,15480,4784,112,0,0,0,64,0,376,0,0,0,0,0,0,1,0,0,0,0,0,0,1,1,0,0,0,1,1,1,0,0,0,0,0,0,1,1,0,0,0,1,0,1,1,0,1,1,1,0,0,0,1,0,1,0,0,0,0x014c,0x010b,0x0002,.text
6401cc6be823cbbbc7822d02784c6b0ebc4ec8fd602467c9031d32eb68dc0744,existing_benign,0,original,6401cc6be823cbbbc7822d02784c6b0ebc4ec8fd602467c9031d32eb68dc0744,4250104,5.849135714444687,280,8,2023,0,224,14,34,6,0,0,0,6,0,3133440,1114112,0,5556,0.0013005228307766058,4194304,4096,512,4272128,1024,0.00023969319271332693,0.7334611697027804,0.2607861936720997,4308454,16,1048576,4096,1048576,4096,4238336,4247512,3133440,3133440,1,2,0,0,0,0,0,3133440,3133440,3.7485446774279114,6.235201035920018,5.73682445168603,0,10744,5,203,0,0,0,0,0,120,307526,0,10744,109152,56,0,0,24,64,0,1184,0,0,0,0,0,0,1,0,0,0,0,0,0,1,1,0,0,0,1,1,1,0,0,0,0,0,0,1,1,0,0,0,1,0,1,1,0,1,1,1,0,0,1,1,0,1,0,0,0,0x014c,0x010b,0x0003,.text
642ab8c7ca9bc34b2ae642d2e49c69812b440dcbec9ef95cb09693353fa93186,existing_benign,0,original,642ab8c7ca9bc34b2ae642d2e49c69812b440dcbec9ef95cb09693353fa93186,154984,6.054858026908217,256,5,2104,0,224,14,38,10,0,10,0,6,1,122880,21504,0,114864,0.7379728618421053,4194304,4096,512,155648,1024,0.006578947368421052,0.7894736842105263,0.13815789473684212,205648,16,262144,8192,1048576,4096,143360,144224,122880,122880,1,1,0,0,0,0,0,122880,122880,4.694406564269557,6.403107133223658,5.970953257480424,0,10600,8,78,0,0,0,0,0,180,12640,0,10600,3728,112,0,0,0,64,0,344,0,0,0,0,0,0,1,0,0,0,1,0,0,1,1,1,0,0,1,1,1,0,0,0,0,0,0,1,1,0,0,0,1,0,1,1,0,1,1,1,0,0,0,1,0,1,0,0,0,0x014c,0x010b,0x0003,.text
643c886807d3f9c2a85ef52d24d0a43952d699100dd800a7622ab5777ec3adaf,existing_benign,0,original,643c886807d3f9c2a85ef52d24d0a43952d699100dd800a7622ab5777ec3adaf,56832,6.267811203235304,256,6,2046,0,224,14,38,10,0,10,0,10,0,42496,14848,0,39584,0.5368923611111112,4194304,4096,512,73728,1024,0.013888888888888888,0.5763888888888888,0.2013888888888889,117001,16,262144,49152,1048576,4096,55808,57056,42496,42496,1,2,0,0,0,0,0,42496,42496,4.194110640155654,6.635974593327498,6.265403451396762,0,0,38,154,0,0,0,0,0,780,2440,0,0,2496,112,0,0,0,196,0,768,320,0,0,0,0,0,1,0,0,0,1,0,0,1,0,1,0,0,1,1,1,0,0,0,0,0,0,0,1,0,0,0,1,0,1,1,0,0,1,1,0,0,0,1,0,1,1,0,0,0x014c,0x010b,0x0002,.text
650c65812ed5a3a2e3a6f346e4b6a5f9309405ea48014ec4d3e853df5537ef2f,existing_benign,0,original,650c65812ed5a3a2e3a6f346e4b6a5f9309405ea48014ec4d3e853df5537ef2f,629528,7.134965597870492,280,6,2024,0,224,14,16,6,0,0,0,6,0,314368,164352,0,197349,0.3981893239927686,4194304,4096,512,495616,1024,0.002066115702479339,0.6342975206611571,0.33161157024793386,682129,16,1048576,4096,1048576,4096,478720,481852,314368,314368,1,1,0,0,1,0,0,314368,314368,4.557947446035695,6.748278735648911,6.575139639749136,0,149784,8,237,0,0,0,0,0,180,15164,0,10376,16060,84,0,0,24,64,0,980,256,0,0,0,0,0,1,0,0,0,0,0,0,1,1,0,0,0,1,1,1,0,0,0,1,0,0,1,1,0,0,0,1,0,1,1,0,1,1,1,0,0,1,1,0,1,1,0,0,0x014c,0x010b,0x0002,.text
65475ba417c2f35b823aef2c17204ac1b3fb60fd57060a0a2820c748ef8e7aa6,existing_benign,0,original,65475ba417c2f35b823aef2c17204ac1b3fb60fd57060a0a2820c748ef8e7aa6,615584,5.829807681504422,296,7,2026,0,224,14,29,6,0,0,0,6,0,288768,317440,0,163074,0.2585258979301948,4194304,4096,512,630784,1024,0.0016233766233766235,0.4577922077922078,0.5032467532467533,675691,16,1048576,4096,1048576,4096,602112,605860,288768,288768,1,2,0,0,2,0,0,288768,288768,4.023718102406985,6.638808700443859,6.638808700443859,0,12448,8,166,0,0,0,0,0,180,205568,0,12448,15308,28,0,0,24,64,0,696,0,0,0,0,0,0,1,0,1,0,0,0,0,1,1,0,0,0,1,1,1,0,0,0,1,0,0,1,1,0,0,0,1,0,1,1,0,1,1,1,0,0,1,1,0,1,0,0,0,0x014c,0x010b,0x0002,.text
65a6b0690e2abee081a62bd9afc5afb78f8420c25a0562da5bc37cb308cbf922,existing_benign,0,original,65a6b0690e2abee081a62bd9afc5afb78f8420c25a0562da5bc37cb308cbf922,82432,6.2633305147970555,248,5,2093,0,224,14,38,10,0,10,0,10,0,68096,14336,0,62368,0.6620244565217391,4194304,4096,512,94208,1024,0.010869565217391304,0.7228260869565217,0.15217391304347827,105913,16,262144,8192,1048576,4096,81408,82368,68096,68096,1,1,0,0,0,0,0,68096,68096,4.675036788912501,6.705423435394642,6.153820223339597,0,0,23,181,0,0,0,0,0,480,2328,0,0,3980,112,0,0,0,192,0,816,0,0,0,0,0,0,1,0,0,0,1,0,0,1,1,1,0,0,1,1,1,0,0,0,0,0,0,0,1,0,0,0,1,0,1,1,0,0,1,1,0,0,0,1,0,1,0,0,0,0x014c,0x010b,0x0003,.text
65dd80dad939ef49adb533db5fcdd79ff4d6272ac6c7c42619cde54585ce2af8,existing_benign,0,original,65dd80dad939ef49adb533db5fcdd79ff4d6272ac6c7c42619cde54585ce2af8,242136,6.08449824571078,248,5,1987,0,224,14,38,10,0,10,0,6,0,176640,56320,0,145536,0.5921875,4194304,4096,512,245760,1024,0.004166666666666667,0.71875,0.22916666666666666,249770,16,262144,8192,1048576,4096,231424,232528,176640,176640,1,1,0,0,0,0,0,176640,176640,5.313764938586119,6.63601574154086,5.97776310823689,0,9688,8,203,0,0,0,0,0,180,31104,0,9688,11776,112,0,0,0,64,0,844,0,0,0,0,0,0,1,0,1,0,1,0,0,1,1,1,0,0,1,1,1,0,0,0,0,0,0,1,1,0,0,0,1,0,1,1,0,1,1,1,0,0,0,1,0,1,0,0,0,0x014c,0x010b,0x0003,.text
65f028ade53b79d22fdb7b6ae008de52b853245569aa2becc2b746656acbf8bd,existing_benign,0,original,65f028ade53b79d22fdb7b6ae008de52b853245569aa2becc2b746656acbf8bd,23632,6.763554511213234,128,3,2058,0,224,48,0,4,0,0,0,6,0,10240,2560,0,18154,0.443212890625,4194304,8192,512,40960,512,0.0125,0.25,0.0625,46955,16,1048576,4096,1048576,4096,12800,12800,10240,10240,1,0,0,0,0,0,0,10240,10240,3.3737027487104947,6.477287902333228,6.477287902333228,0,10320,1,1,0,0,0,0,0,79,1600,0,10320,12,112,0,0,0,0,0,8,0,72,0,0,0,0,1,0,1,0,1,0,0,1,1,0,1,0,1,1,1,0,0,0,0,0,0,1,1,0,0,0,1,0,1,1,0,1,1,1,0,0,0,0,0,1,0,1,0,0x014c,0x010b,0x0003,.text
6647819a42a48b341292532c59c9082f33ad9c38d5cd14d28865bd05b47d717f,existing_benign,0,original,6647819a42a48b341292532c59c9082f33ad9c38d5cd14d28865bd05b47d717f,37992,6.233789707273294,128,3,2070,0,224,48,0,4,0,0,0,5,1,24064,3072,0,32066,0.6523844401041666,4194304,8192,512,49152,512,0.010416666666666666,0.4895833333333333,0.0625,70939,16,1048576,4096,1048576,4096,27136,27136,24064,24064,1,0,0,0,0,0,0,24064,24064,3.4208692190311005,5.654624646273178,5.654624646273178,0,10344,1,1,0,0,0,0,0,79,2428,0,10344,12,56,0,0,0,0,0,8,0,72,0,0,0,0,1,0,0,0,1,0,0,1,1,0,1,0,1,1,1,0,0,0,0,0,0,1,1,0,0,0,1,0,1,1,0,1,1,1,0,0,0,0,0,1,0,1,0,0x014c,0x010b,0x0003,.text
6686d1a489fb245dddb2b49a067f44caada56ed0ceaf66192b9b2419b8486a50,existing_benign,0,original,6686d1a489fb245dddb2b49a067f44caada56ed0ceaf66192b9b2419b8486a50,19456,5.732188765883372,248,5,2047,0,224,14,38,10,0,10,0,10,0,10240,9216,0,12448,0.3376736111111111,4194304,4096,512,36864,1024,0.027777777777777776,0.2777777777777778,0.25,39209,16,262144,8192,1048576,4096,18432,19072,10240,10240,1,1,0,0,0,0,0,10240,10240,4.368195458001418,6.507207848036395,5.700139410945627,0,0,4,102,0,0,0,0,0,100,2032,0,0,988,112,0,0,0,192,0,424,0,0,0,0,0,0,1,0,0,0,1,0,0,1,1,1,0,0,1,1,1,0,0,0,0,0,0,0,1,0,0,0,1,0,1,1,0,0,1,1,0,0,0,1,0,1,0,0,0,0x014c,0x010b,0x0003,.text
673bb0dcba0fc07251f8706d7cdcf4b42a79a9f80a06628cc274e73d62b23632,existing_benign,0,original,673bb0dcba0fc07251f8706d7cdcf4b42a79a9f80a06628cc274e73d62b23632,35840,5.973794408008946,256,5,2097,0,224,14,38,10,0,10,0,10,0,23040,15360,0,23600,0.44320913461538464,4194304,4096,512,53248,1024,0.019230769230769232,0.4326923076923077,0.28846153846153844,54535,16,262144,8192,1048576,4096,34816,38368,23040,23040,1,1,0,0,0,0,0,23040,23040,4.506959999653479,6.676038476615602,6.051868781400569,0,0,9,138,0,0,0,0,0,200,4512,0,0,1980,112,0,0,0,196,0,588,0,0,0,0,0,0,1,0,0,0,1,0,0,1,1,1,0,0,1,1,1,0,0,0,0,0,0,0,1,0,0,0,1,0,1,1,0,0,1,1,0,0,0,1,0,1,0,0,0,0x014c,0x010b,0x0002,.text
678a9f5494ac0909e92b41f06023cdcb2fc8822f683d30c83d373c7340123220,existing_benign,0,original,678a9f5494ac0909e92b41f06023cdcb2fc8822f683d30c83d373c7340123220,17408,5.492201500260545,232,5,2075,0,224,14,38,10,0,10,0,10,0,9216,47616,0,11296,0.16222426470588236,4194304,4096,512,69632,1024,0.014705882352941176,0.1323529411764706,0.6838235294117647,24481,16,262144,8192,1048576,4096,16384,56672,9216,40800,1,1,0,0,0,0,0,9216,9216,4.160464565232162,5.97084386376046,5.97084386376046,0,0,18,65,0,0,0,0,0,380,2112,0,0,676,112,0,0,0,196,0,332,0,0,0,0,0,0,1,0,0,0,1,0,0,1,1,1,0,0,1,1,1,0,0,0,0,0,0,0,1,0,0,0,1,0,1,1,0,0,1,1,0,0,0,1,0,1,0,0,0,0x014c,0x010b,0x0003,.text
67b7fa534e8c9469125115ba1a450dd714537cdb6d4e8a262f9cad7ef498cf80,existing_benign,0,original,67b7fa534e8c9469125115ba1a450dd714537cdb6d4e8a262f9cad7ef498cf80,22056,6.688600717922763,128,3,2097,0,224,48,0,4,0,0,0,4,0,9216,2048,0,17366,0.423974609375,268435456,8192,512,40960,512,0.0125,0.225,0.05,29785,16,1048576,4096,1048576,4096,11264,11264,9216,9216,1,0,0,0,0,0,0,9216,9216,2.898835659104588,5.781555505932485,5.781555505932485,0,10280,1,1,0,0,0,0,0,79,1252,0,10280,12,28,0,0,0,0,0,8,0,72,0,0,0,1,0,0,1,0,1,0,0,1,1,0,0,0,1,1,1,0,0,0,0,0,0,1,1,0,0,0,1,0,1,1,0,1,1,1,0,0,0,0,0,1,0,1,0,0x014c,0x010b,0x0003,.text
68165265cc86e3f5d93aa3b6112bed963b57bb353755104facc5c42bbb319816,existing_benign,0,original,68165265cc86e3f5d93aa3b6112bed963b57bb353755104facc5c42bbb319816,16384,5.318071534443152,240,6,2046,0,224,14,38,10,0,10,0,10,0,8704,7680,0,10512,0.28515625,4194304,4096,512,36864,1024,0.027777777777777776,0.2361111111111111,0.20833333333333334,45921,16,262144,8192,1048576,4096,15360,15968,8704,8704,1,2,0,0,0,0,0,8704,8704,3.339988650649143,5.8286685272606285,5.8286685272606285,0,0,7,62,0,0,0,0,0,160,2408,0,0,616,112,0,0,0,196,0,276,64,0,0,0,0,0,1,0,0,0,1,0,0,1,1,1,0,0,1,1,1,0,0,0,0,0,0,0,1,0,0,0,1,0,1,1,0,0,1,1,0,0,0,1,0,1,1,0,0,0x014c,0x010b,0x0003,.text
6902a39b3419f12a9630946866822b4129893787171d5e66ff9f46916eb80e09,existing_benign,0,original,6902a39b3419f12a9630946866822b4129893787171d5e66ff9f46916eb80e09,31232,6.095909002905687,240,6,1984,0,224,14,38,10,0,10,0,10,0,20480,537600,0,21888,0.038444244604316544,4194304,4096,512,569344,1024,0.0017985611510791368,0.03597122302158273,0.9442446043165468,96704,16,262144,20480,1048576,4096,30208,557920,20480,528224,1,2,0,0,0,0,0,20480,20480,3.7062124065606477,6.346927186371962,6.346927186371962,0,0,23,99,0,0,0,0,0,480,2056,0,0,1684,112,0,0,0,196,0,488,64,0,0,0,0,0,1,0,0,0,1,0,0,1,1,1,0,0,1,1,1,0,0,0,0,0,0,0,1,0,0,0,1,0,1,1,0,0,1,1,0,0,0,1,0,1,1,0,0,0x014c,0x010b,0x0003,.text
693ddec9fc4e5cddd4e34c3171bbca4c47bb3d02457b0b5f8a28eb95f8741e88,existing_benign,0,original,693ddec9fc4e5cddd4e34c3171bbca4c47bb3d02457b0b5f8a28eb95f8741e88,10752,4.844603650971323,240,5,2036,0,224,14,38,10,0,10,0,10,0,4096,6656,0,6352,0.2584635416666667,4194304,4096,512,24576,1024,0.041666666666666664,0.16666666666666666,0.2708333333333333,47682,16,262144,8192,1048576,4096,9728,10336,4096,4096,1,1,0,0,0,0,0,4096,4096,3.706967743910366,5.318605016222565,5.318605016222565,0,0,11,35,0,0,0,0,0,240,2304,0,0,324,112,0,0,0,196,0,184,0,0,0,0,0,0,1,0,0,0,1,0,0,1,1,1,0,0,1,1,1,0,0,0,0,0,0,0,1,0,0,0,1,0,1,1,0,0,1,1,0,0,0,1,0,1,0,0,0,0x014c,0x010b,0x0002,.text
698a0a9d06570e2001a2244481d2e31983dec883c53cc99377f3442efd461d9f,existing_benign,0,original,698a0a9d06570e2001a2244481d2e31983dec883c53cc99377f3442efd461d9f,117616,6.421750998671248,240,5,2051,0,224,14,38,10,0,10,0,5,1,95232,11264,0,79376,0.6682381465517241,4194304,4096,512,118784,1024,0.008620689655172414,0.8017241379310345,0.09482758620689655,138393,16,262144,8192,1048576,4096,105984,106496,95232,95232,1,1,0,0,0,0,0,95232,95232,5.276349337406585,6.325596497799236,6.198050299160007,0,10608,2,92,0,0,0,0,0,60,2632,0,10608,3340,112,0,0,0,64,0,376,0,0,0,0,0,0,1,0,0,0,1,0,0,1,1,1,0,0,1,1,1,0,0,0,0,0,0,1,1,0,0,0,1,0,1,1,0,1,1,1,0,0,0,1,0,1,0,0,0,0x014c,0x010b,0x0003,.text
69b70f6270c3007aae06bc22d184b68979d556ca61b15d8ae963ef18580f1cbe,existing_benign,0,original,69b70f6270c3007aae06bc22d184b68979d556ca61b15d8ae963ef18580f1cbe,18944,5.622263553354011,224,5,2082,0,224,14,38,10,0,10,0,10,0,11264,7680,0,12624,0.38525390625,4194304,4096,512,32768,1024,0.03125,0.34375,0.234375,28911,16,262144,8192,1048576,4096,17920,18528,11264,11264,1,1,0,0,0,0,0,11264,11264,3.9538780010207857,5.908996938609123,5.908996938609123,0,0,9,86,0,0,0,0,0,200,2016,0,0,616,112,0,0,0,192,0,380,0,0,0,0,0,0,1,0,0,0,1,0,0,1,1,1,0,0,1,1,1,0,0,0,0,0,0,0,1,0,0,0,1,0,1,1,0,0,1,1,0,0,0,1,0,1,0,0,0,0x014c,0x010b,0x0003,.text
69b96c84e4db3ba1a56c21f54d59ed39625de0dd57e05cb99a1790c1c0db1b14,existing_benign,0,original,69b96c84e4db3ba1a56c21f54d59ed39625de0dd57e05cb99a1790c1c0db1b14,41256,6.361145493478619,128,3,2078,0,224,48,0,4,0,0,0,4,0,28160,2048,0,36326,0.6334751674107143,268435456,8192,512,57344,512,0.008928571428571428,0.49107142857142855,0.03571428571428571,87142,16,1048576,4096,1048576,4096,30208,30208,28160,28160,1,0,0,0,0,0,0,28160,28160,2.898155303274447,5.9287484346461925,5.9287484346461925,0,10536,1,1,0,0,0,0,0,79,1144,0,10536,12,28,0,0,0,0,0,8,0,72,0,0,0,1,0,0,1,0,1,0,0,1,1,0,1,0,1,1,1,0,0,0,0,0,0,1,1,0,0,0,1,0,1,1,0,1,1,1,0,0,0,0,0,1,0,1,0,0x014c,0x010b,0x0003,.text
6a47021ef6567ea799adfb3b109c8deda98c676f5c55d0fe61ca5ec6948d2ab4,existing_benign,0,original,6a47021ef6567ea799adfb3b109c8deda98c676f5c55d0fe61ca5ec6948d2ab4,134144,6.116190536052978,240,5,1998,0,224,14,38,10,0,10,0,10,0,87552,47104,0,19440,0.12827280405405406,4194304,4096,512,151552,1024,0.006756756756756757,0.5777027027027027,0.3108108108108108,190562,16,1048576,32768,1048576,4096,133120,134242,87552,87552,1,1,0,0,0,0,0,87552,87552,4.883542951569089,6.702785143960555,6.30781752596809,0,0,7,198,0,0,0,0,56,160,34232,0,0,5060,112,0,0,0,196,0,820,0,0,0,0,0,0,1,0,0,0,0,0,0,1,1,1,0,0,1,1,1,0,0,0,0,0,0,0,1,0,0,0,1,1,1,1,0,0,1,1,0,0,0,1,0,1,0,0,0,0x014c,0x010b,0x0003,.text
6a8698c074df5136a08c1ec1cd12efa23b709c23e89269a1fb0a78eed9d3adc6,existing_benign,0,original,6a8698c074df5136a08c1ec1cd12efa23b709c23e89269a1fb0a78eed9d3adc6,48160,6.606481078139954,128,3,2068,0,224,48,0,4,0,0,0,6,0,34304,3072,0,42470,0.648040771484375,4194304,8192,512,65536,512,0.0078125,0.5234375,0.046875,71008,16,1048576,4096,1048576,4096,37376,37376,34304,34304,1,0,0,0,0,0,0,34304,34304,3.7608070430395113,6.371610814477679,6.371610814477679,0,10272,1,1,0,0,0,0,0,79,2488,0,10272,12,112,0,0,0,0,0,8,0,72,0,0,0,0,1,0,1,0,1,0,0,1,1,0,1,0,1,1,1,0,0,0,0,0,0,1,1,0,0,0,1,0,1,1,0,1,1,1,0,0,0,0,0,1,0,1,0,0x014c,0x010b,0x0003,.text
6a879a51866dad34a36957160600a65951294a8aa495bd608661599756290864,existing_benign,0,original,6a879a51866dad34a36957160600a65951294a8aa495bd608661599756290864,1451520,7.225315682795845,280,7,2024,0,224,14,16,6,0,0,0,6,0,323072,409088,0,203808,0.27042289402173914,4194304,4096,512,753664,1024,0.001358695652173913,0.42866847826086957,0.5427989130434783,1505427,16,1048576,4096,1048576,4096,732160,735092,323072,323072,1,2,0,0,1,0,0,323072,323072,3.6064879998386994,6.714702727063933,6.539456914642699,0,718336,8,239,0,0,0,0,0,180,255632,0,10616,17420,84,0,0,24,64,0,988,256,0,0,0,0,0,1,0,0,0,0,0,0,1,1,1,0,0,1,1,1,0,0,0,1,0,0,1,1,0,0,0,1,0,1,1,0,1,1,1,0,0,1,1,0,1,1,0,0,0x014c,0x010b,0x0002,.text
6aa85ae46789f6cf6b2f6edd83f376ce13f9575cbc1ac0ee787780bcbd6d5865,existing_benign,0,original,6aa85ae46789f6cf6b2f6edd83f376ce13f9575cbc1ac0ee787780bcbd6d5865,71064,5.826402884735564,128,3,2019,0,224,48,0,4,0,0,0,6,0,39936,13824,0,47674,0.6466200086805556,4194304,8192,512,73728,512,0.006944444444444444,0.5416666666666666,0.1875,120039,16,1048576,4096,1048576,4096,53760,53760,39936,39936,1,0,0,0,0,0,0,39936,39936,2.8930978441842305,5.365100401816158,5.365100401816158,0,16792,1,1,0,0,0,0,0,79,12960,0,16792,12,28,0,0,0,0,0,8,0,72,0,0,0,0,1,0,0,0,0,0,0,1,1,0,1,0,1,1,1,0,0,0,0,0,0,1,1,0,0,0,1,0,1,1,0,1,1,1,0,0,0,0,0,1,0,1,0,0x014c,0x010b,0x0003,.text
6ae162ca49c19b0fe32932b105d1aba46c24c8f135f98ca508821d15dd3b9ec3,existing_benign,0,original,6ae162ca49c19b0fe32932b105d1aba46c24c8f135f98ca508821d15dd3b9ec3,110592,7.207490328532077,240,5,2025,0,224,14,38,10,0,10,0,10,0,15872,94720,0,17680,0.14388020833333334,4194304,4096,512,122880,1024,0.008333333333333333,0.12916666666666668,0.7708333333333334,133382,16,262144,8192,1048576,4096,109568,110464,89088,89088,1,1,0,0,0,0,0,15872,15872,5.001098685180552,7.340597667788032,6.1614150844235285,1,0,15,81,0,0,0,0,0,320,88824,0,0,1004,112,0,0,0,196,0,384,0,0,0,0,0,0,1,0,0,0,0,0,0,1,1,1,0,0,1,1,1,0,0,0,0,0,1,0,1,0,0,0,1,0,1,1,0,0,1,1,0,0,0,1,0,1,0,0,0,0x014c,0x010b,0x0002,.text
6b3fe599379ae4202ff43116b1e64f27b2a99dc8e3c0be7692c3b3e2e70596a8,existing_benign,0,original,6b3fe599379ae4202ff43116b1e64f27b2a99dc8e3c0be7692c3b3e2e70596a8,23040,5.453752798664443,240,5,2027,0,224,14,38,10,0,10,0,10,0,12800,10240,0,14880,0.4036458333333333,4194304,4096,512,36864,1024,0.027777777777777776,0.3472222222222222,0.2777777777777778,68643,16,262144,8192,1048576,4096,22016,22720,12800,12800,1,1,0,0,0,0,0,12800,12800,4.108358445131104,6.245873047103903,6.245873047103903,0,0,17,67,0,0,0,0,0,360,2088,0,0,844,112,0,0,0,192,0,336,0,0,0,0,0,0,1,0,0,0,0,0,0,1,1,1,0,0,1,1,1,0,0,0,0,0,0,0,1,0,0,0,1,0,1,1,0,0,1,1,0,0,0,1,0,1,0,0,0,0x014c,0x010b,0x0003,.text
6b86f22d00f1526ae8d346a984ef899612ca00a226738c777c427f61c09a726a,existing_benign,0,original,6b86f22d00f1526ae8d346a984ef899612ca00a226738c777c427f61c09a726a,28672,6.106220066465977,232,5,2044,0,224,14,38,10,0,10,0,10,0,20992,7680,0,23312,0.5174005681818182,4194304,4096,512,45056,1024,0.022727272727272728,0.4659090909090909,0.17045454545454544,92322,16,262144,8192,1048576,4096,27648,28512,20992,20992,1,1,0,0,0,0,0,20992,20992,4.191504723978797,6.2569738810735105,6.2569738810735105,0,0,6,83,0,0,0,0,0,140,2048,0,0,1080,112,0,0,0,192,0,356,0,0,0,0,0,0,1,0,0,0,1,0,0,1,1,1,0,0,1,1,1,0,0,0,0,0,0,0,1,0,0,0,1,0,1,1,0,0,1,1,0,0,0,1,0,1,0,0,0,0x014c,0x010b,0x0003,.text
6c85391b489629284ee6f0103c79c2790f159ec9f0a7f34e5c9c9d68a4c8cb1e,existing_benign,0,original,6c85391b489629284ee6f0103c79c2790f159ec9f0a7f34e5c9c9d68a4c8cb1e,847880,6.726182354469807,296,6,2020,0,224,14,0,6,0,0,0,6,0,603648,238592,0,240374,0.2794526599702381,4194304,4096,512,860160,1024,0.0011904761904761906,0.7017857142857142,0.2773809523809524,855913,16,1048576,4096,1048576,4096,833024,841876,603648,603648,1,2,0,0,0,0,0,603648,603648,4.486904890243739,7.0067790222974455,6.647007444962024,1,13832,14,294,5,0,0,0,0,300,91072,0,13832,0,84,0,0,24,64,0,1232,0,0,0,0,0,0,1,1,0,0,0,0,0,0,1,0,0,0,1,1,1,0,0,0,0,0,1,1,1,0,0,1,1,0,1,1,0,1,0,1,0,0,1,1,0,1,0,0,0,0x014c,0x010b,0x0002,.text
6d1c5ee66c823a8b0bc2fc65dc757db868009315207d3ecbd3c72417d9fa16f5,existing_benign,0,original,6d1c5ee66c823a8b0bc2fc65dc757db868009315207d3ecbd3c72417d9fa16f5,36944,6.6343816711650145,128,3,2083,0,224,48,0,4,0,0,0,6,0,23552,2560,0,31702,0.6449788411458334,4194304,8192,512,49152,512,0.010416666666666666,0.4791666666666667,0.052083333333333336,64690,16,1048576,4096,1048576,4096,26112,26112,23552,23552,1,0,0,0,0,0,0,23552,23552,3.329454608738263,6.416204383742707,6.416204383742707,0,10320,1,1,0,0,0,0,0,79,1568,0,10320,12,112,0,0,0,0,0,8,0,72,0,0,0,0,1,0,1,0,1,0,0,1,1,0,1,0,1,1,1,0,0,0,0,0,0,1,1,0,0,0,1,0,1,1,0,1,1,1,0,0,0,0,0,1,0,1,0,0x014c,0x010b,0x0003,.text
6d704d4089c919e44d6da0c2d1876cd4d9e90366de066b1e7d245c326fcdac11,existing_benign,0,original,6d704d4089c919e44d6da0c2d1876cd4d9e90366de066b1e7d245c326fcdac11,454144,6.559019410289176,232,6,2029,0,224,14,38,10,0,10,0,10,0,349696,105472,0,134608,0.2857676630434783,4194304,4096,512,471040,1024,0.002173913043478261,0.7423913043478261,0.22391304347826088,468643,16,262144,65536,1048576,4096,453120,455092,349696,349696,1,2,0,0,0,0,0,349696,349696,5.299445193613557,6.832155272250313,6.25686375076546,0,0,31,196,0,0,0,0,0,640,64072,0,0,23324,112,0,0,0,196,0,908,416,0,0,0,0,0,1,0,0,0,0,0,0,1,1,1,0,0,1,1,1,0,0,0,0,0,0,0,1,0,0,0,1,0,1,1,0,0,1,1,0,0,0,1,0,1,1,0,0,0x014c,0x010b,0x0002,.text
6dfb7b5170f97cf5e35080954227106038678258c80105e8997d600f1c270dde,existing_benign,0,original,6dfb7b5170f97cf5e35080954227106038678258c80105e8997d600f1c270dde,15360,5.363067100233012,232,5,2016,0,224,14,38,10,0,10,0,10,0,8192,7680,0,9136,0.31863839285714285,4194304,4096,512,28672,1024,0.03571428571428571,0.2857142857142857,0.26785714285714285,26119,16,262144,8192,1048576,4096,14336,15456,8192,8192,1,1,0,0,0,0,0,8192,8192,3.685782921096032,5.969825454496617,5.969825454496617,0,0,15,54,0,0,0,0,0,320,1376,0,0,648,112,0,0,0,192,0,276,0,0,0,0,0,0,1,0,0,0,0,0,0,1,1,1,0,0,1,1,1,0,0,0,0,0,0,0,1,0,0,0,1,0,1,1,0,0,1,1,0,0,0,1,0,1,0,0,0,0x014c,0x010b,0x0002,.text
6fe2e6431b45cf32b9b2f3e50a8efae046a2366eb34d0fb36da027cf56102aec,existing_benign,0,original,6fe2e6431b45cf32b9b2f3e50a8efae046a2366eb34d0fb36da027cf56102aec,11307584,6.5447806439515475,296,5,2025,0,224,14,42,6,0,0,0,6,0,9229824,4782080,0,8536512,0.6084990875912408,4194304,4096,512,14028800,1024,7.299270072992701e-05,0.6579197080291971,0.34087591240875914,11309295,16,10000000,4096,1048576,4096,11296256,14011508,9229824,9229824,1,1,0,0,0,0,0,9229824,9229824,5.706953388826975,6.666811269996916,6.4292974785849815,0,10304,24,666,0,0,0,0,17564,500,1376,0,10304,398348,84,0,0,24,64,0,2760,0,0,0,0,0,0,1,0,0,0,0,0,0,1,1,1,0,0,1,1,1,0,0,0,0,0,0,1,1,0,0,0,1,1,1,1,0,1,1,1,0,0,1,1,0,1,0,0,0,0x014c,0x010b,0x0003,.text
7065b5a7b6e66a2d66afe6c1cef38f1221b787b9470574262c9b89bb32154f11,existing_benign,0,original,7065b5a7b6e66a2d66afe6c1cef38f1221b787b9470574262c9b89bb32154f11,330944,6.317085210729285,240,5,2016,0,224,12,10,10,0,10,0,6,0,226304,106496,0,195392,0.5678943452380952,4194304,4096,512,344064,1024,0.002976190476190476,0.6577380952380952,0.30952380952380953,356521,16,262144,8192,1048576,4096,314368,332396,226304,226304,1,1,0,0,0,0,0,226304,226304,5.392228921729226,6.608154068567163,6.34326971223911,0,15552,15,239,2,0,0,0,0,320,67288,0,15552,11300,56,0,0,0,64,0,1016,0,0,0,0,0,0,1,0,1,0,0,0,0,1,1,1,0,0,1,1,1,0,0,0,0,0,0,1,1,0,0,1,1,0,1,1,0,1,1,1,0,0,0,1,0,1,0,0,0,0x014c,0x010b,0x0003,.text
7067cd6639fa4d49a86dd6eb24d8c4cca2a51ba44b7ad3053663163928c37330,existing_benign,0,original,7067cd6639fa4d49a86dd6eb24d8c4cca2a51ba44b7ad3053663163928c37330,78072,6.651365327291702,256,5,2016,0,224,9,0,5,0,0,0,5,0,37888,25600,0,35466,0.4329345703125,4194304,4096,512,81920,1024,0.0125,0.4625,0.3125,82874,16,1048576,4096,1048576,4096,63488,64400,37888,37888,1,1,0,0,0,0,0,37888,37888,5.189708636002809,6.402313870113554,6.402313870113554,0,13560,7,183,0,0,0,0,0,160,1580,0,13560,3608,28,0,0,0,64,0,760,0,0,0,0,0,0,1,0,0,0,0,0,0,1,1,0,0,0,1,1,1,0,0,0,0,0,0,1,1,0,0,0,1,0,1,1,0,1,1,1,0,0,0,1,0,1,0,0,0,0x014c,0x010b,0x0002,.text
7086f2e11ebf8f80ff442eeada0b9b47eec45aa80456e8ccc6a8e803f13a0df7,existing_benign,0,original,7086f2e11ebf8f80ff442eeada0b9b47eec45aa80456e8ccc6a8e803f13a0df7,67072,6.196937404011791,240,5,2065,0,224,14,38,10,0,10,0,10,0,54272,13824,0,46208,0.5640625,4194304,4096,512,81920,1024,0.0125,0.6625,0.16875,113388,16,262144,8192,1048576,4096,66048,67616,54272,54272,1,1,0,0,0,0,0,54272,54272,5.011048851803376,6.672262128719046,6.047592925910796,0,0,23,104,0,0,0,0,0,480,2072,0,0,4036,112,0,0,0,196,0,508,0,0,0,0,0,0,1,0,0,0,1,0,0,1,1,1,0,0,1,1,1,0,0,0,0,0,0,0,1,0,0,0,1,0,1,1,0,0,1,1,0,0,0,1,0,1,0,0,0,0x014c,0x010b,0x0002,.text
711ee1648675dd4871e3ca586db3dd1f8d513a0b6115302fc1d8b04e3a3cc6c8,existing_benign,0,original,711ee1648675dd4871e3ca586db3dd1f8d513a0b6115302fc1d8b04e3a3cc6c8,23040,5.837663181819392,240,5,1996,0,224,14,38,10,0,10,0,10,0,13312,9728,0,15376,0.375390625,4194304,4096,512,40960,1024,0.025,0.325,0.2375,54493,16,262144,8192,1048576,4096,22016,22688,13312,13312,1,1,0,0,0,0,0,13312,13312,4.254787832170656,5.824981172960399,5.824981172960399,0,0,4,110,0,0,0,0,0,100,2032,0,0,1060,112,0,0,0,192,0,456,0,0,0,0,0,0,1,0,0,0,0,0,0,1,1,1,0,0,1,1,1,0,0,0,0,0,0,0,1,0,0,0,1,0,1,1,0,0,1,1,0,0,0,1,0,1,0,0,0,0x014c,0x010b,0x0003,.text
7138fea085e1550a28e13d92ea7fc2f96039b586501e205c25be56e0498cc96d,existing_benign,0,original,7138fea085e1550a28e13d92ea7fc2f96039b586501e205c25be56e0498cc96d,15872,5.454477858553399,248,5,2067,0,224,14,38,10,0,10,0,10,0,7680,8192,0,9808,0.34207589285714285,4194304,4096,512,28672,1024,0.03571428571428571,0.26785714285714285,0.2857142857142857,41041,16,262144,8192,1048576,4096,14848,15424,7680,7680,1,1,0,0,0,0,0,7680,7680,4.007289096507688,5.6349583899590945,5.6349583899590945,0,0,5,79,0,0,0,0,0,120,2024,0,0,648,112,0,0,0,192,0,336,0,0,0,0,0,0,1,0,0,0,1,0,0,1,1,1,0,0,1,1,1,0,0,0,0,0,0,0,1,0,0,0,1,0,1,1,0,0,1,1,0,0,0,1,0,1,0,0,0,0x014c,0x010b,0x0003,.text
71479e6bdee39ea477dec5ce74f9e10337de15140f055f83af34ce7519b6b003,existing_benign,0,original,71479e6bdee39ea477dec5ce74f9e10337de15140f055f83af34ce7519b6b003,8192,3.3011813827701912,208,3,2020,0,224,14,38,10,0,10,0,10,0,5120,2048,0,0,0.0,268435456,4096,512,20480,1024,0.05,0.25,0.1,56250,16,262144,4096,1048576,4096,7168,7168,5120,5120,1,0,0,0,0,0,-1,0,0,2.9483576748206164,3.584880237951267,0.0,0,0,0,0,0,0,0,0,84,0,1072,0,0,204,112,0,0,0,0,0,0,0,0,0,0,0,1,0,0,0,0,0,0,0,1,1,1,0,0,0,0,0,0,0,0,0,0,0,0,0,0,0,0,1,1,0,1,0,0,1,1,0,0,0,0,0,0,0,0,0,0x014c,0x010b,0x0001,
714e7b87efbeaa9b56670c841e30f436922905b168c372d7a252a161f104a815,existing_benign,0,original,714e7b87efbeaa9b56670c841e30f436922905b168c372d7a252a161f104a815,191488,5.599130470691311,232,6,2057,0,224,14,38,10,0,10,0,10,0,172032,101888,0,159632,0.5567522321428572,4194304,4096,512,286720,1024,0.0035714285714285713,0.6,0.35535714285714287,206832,16,262144,8192,1048576,4096,190464,273568,172032,172032,1,2,0,0,0,0,0,172032,172032,4.020652714211234,6.708286344051129,5.470512254451421,0,0,20,154,0,0,0,0,0,420,2056,0,0,7860,112,0,0,0,196,0,696,160,0,0,0,0,0,1,0,0,0,1,0,0,1,1,1,0,0,1,1,1,0,0,0,0,0,0,0,1,0,0,0,1,0,1,1,0,0,1,1,0,0,0,1,0,1,1,0,0,0x014c,0x010b,0x0003,.text
7207775c31b72d3e86ecd5e8e28fd92e4d61a98d11bb3e69a965f8c83f41b1d4,existing_benign,0,original,7207775c31b72d3e86ecd5e8e28fd92e4d61a98d11bb3e69a965f8c83f41b1d4,10240,5.095663252050001,224,5,2055,0,224,14,38,10,0,10,0,10,0,4608,5632,0,7088,0.24720982142857142,4194304,4096,512,28672,1024,0.03571428571428571,0.16071428571428573,0.19642857142857142,24153,16,262144,8192,1048576,4096,9216,9792,4608,4608,1,1,0,0,0,0,0,4608,4608,3.9055233463175356,5.638513759012038,5.638513759012038,0,0,2,44,0,0,0,0,0,60,2032,0,0,380,112,0,0,0,192,0,184,0,0,0,0,0,0,1,0,0,0,1,0,0,1,1,1,0,0,1,1,1,0,0,0,0,0,0,0,1,0,0,0,1,0,1,1,0,0,1,1,0,0,0,1,0,1,0,0,0,0x014c,0x010b,0x0003,.text
72084e28ff6b2a8df8ec93f4e5296e43a0a4441a445eaaa5446c0ab09107603b,existing_benign,0,original,72084e28ff6b2a8df8ec93f4e5296e43a0a4441a445eaaa5446c0ab09107603b,394240,4.709245122515265,256,5,2093,0,224,14,38,10,0,10,0,6,2,338432,75264,0,335280,0.7795758928571429,4194304,4096,512,430080,1024,0.002380952380952381,0.7869047619047619,0.175,400074,16,262144,8192,1048576,4096,393216,413248,338432,338432,1,1,0,0,0,0,0,338432,338432,4.94986351891732,6.641865437739729,4.302150723629238,0,0,10,139,1,0,0,0,0,220,36376,0,0,12740,112,0,0,0,196,0,596,0,0,0,0,0,0,1,0,0,0,1,0,0,1,1,1,0,0,1,1,1,0,0,0,0,0,0,0,1,0,0,1,1,0,1,1,0,0,1,1,0,0,0,1,0,1,0,0,0,0x014c,0x010b,0x0002,.text
729087441e8f784cd8e061c8e121a1220e913368fe9111fd2e0ce3b9e1922a3b,existing_benign,0,original,729087441e8f784cd8e061c8e121a1220e913368fe9111fd2e0ce3b9e1922a3b,86016,6.0925421414368754,248,5,2013,0,224,14,38,10,0,10,0,10,0,61952,24064,0,63472,0.61984375,4194304,4096,512,102400,1024,0.01,0.605,0.235,139547,16,262144,8192,1048576,4096,84992,85824,61952,61952,1,1,0,0,0,0,0,61952,61952,4.420806277394667,6.586706260654421,6.315620071961735,0,0,31,153,1,0,0,0,0,640,2056,0,0,6216,112,0,0,24,192,0,736,0,0,0,0,0,0,1,0,0,0,0,0,0,1,1,1,0,0,1,1,1,0,0,0,0,0,0,0,1,0,0,1,1,0,1,1,0,0,1,1,0,0,1,1,0,1,0,0,0,0x014c,0x010b,0x0003,.text
733e73002c64ea288719eb78b7dce695cf4a32c1c6eccf72963d02b2b4b6fe96,existing_benign,0,original,733e73002c64ea288719eb78b7dce695cf4a32c1c6eccf72963d02b2b4b6fe96,84480,6.700819047994505,240,6,1981,0,224,14,38,10,0,10,0,10,0,13312,83456,0,14256,0.12430245535714286,4194304,4096,512,114688,1024,0.008928571428571428,0.11607142857142858,0.7276785714285714,123454,16,1048576,16384,1048576,4096,83456,96608,64512,64512,1,2,0,0,0,0,0,13312,13312,4.170806255540458,6.851967472061846,5.905224400951557,0,0,21,82,0,0,0,0,0,440,64496,0,0,960,112,0,0,0,192,0,412,96,0,0,0,0,0,1,0,0,0,1,0,0,1,1,1,0,0,1,1,1,0,0,0,0,0,0,0,1,0,0,0,1,0,1,1,0,0,1,1,0,0,0,1,0,1,1,0,0,0x014c,0x010b,0x0003,.text
739a9a4788a43f9b79ef4ccc1c270ab5cdc363d49c2d9ec2295246d9a64a0387,existing_benign,0,original,739a9a4788a43f9b79ef4ccc1c270ab5cdc363d49c2d9ec2295246d9a64a0387,13824,5.157953914686347,232,5,2023,0,224,14,38,10,0,10,0,10,0,6144,7680,0,8400,0.29296875,4194304,4096,512,28672,1024,0.03571428571428571,0.21428571428571427,0.26785714285714285,62817,16,262144,8192,1048576,4096,12800,13824,6144,6144,1,1,0,0,0,0,0,6144,6144,3.7292645470135746,5.7428354403230255,5.7428354403230255,0,0,16,63,0,0,0,0,0,340,2088,0,0,552,112,0,0,0,192,0,316,0,0,0,0,0,0,1,0,0,0,0,0,0,1,1,1,0,0,1,1,1,0,0,0,0,0,0,0,1,0,0,0,1,0,1,1,0,0,1,1,0,0,0,1,0,1,0,0,0,0x014c,0x010b,0x0003,.text
73d95f268452e18f7aed407eb57c491858ab9d58647e7e7436b55dffc3d25979,existing_benign,0,original,73d95f268452e18f7aed407eb57c491858ab9d58647e7e7436b55dffc3d25979,134656,5.412194789340597,240,5,2063,0,224,14,38,10,0,10,0,10,0,58880,76288,0,56272,0.3816189236111111,4194304,4096,512,147456,1024,0.006944444444444444,0.3993055555555556,0.5173611111111112,139647,16,262144,8192,1048576,4096,133632,134688,64000,64000,1,1,0,0,0,0,0,58880,58880,4.7519383088448075,6.313450971330914,6.313450971330914,0,0,17,220,4,0,0,0,0,360,63904,0,0,3144,112,0,0,0,196,0,948,0,0,0,0,0,0,1,0,0,0,1,0,0,1,1,1,0,0,1,1,1,0,0,0,0,0,0,0,1,0,0,1,1,0,1,1,0,0,1,1,0,0,0,1,0,1,0,0,0,0x014c,0x010b,0x0002,.text
7443215246a8bbbd85eb512ee01301c272a04ecc73713558a7f71b397dce991a,existing_benign,0,original,7443215246a8bbbd85eb512ee01301c272a04ecc73713558a7f71b397dce991a,24064,5.840205147525054,240,5,2091,0,224,14,38,10,0,10,0,10,0,13824,10240,0,15888,0.387890625,4194304,4096,512,40960,1024,0.025,0.3375,0.25,78750,16,262144,4096,1048576,4096,23040,23648,13824,13824,1,1,0,0,0,0,0,13824,13824,4.364125635964707,6.425286330645923,5.754254737132904,0,0,4,114,0,0,0,0,0,100,2024,0,0,1400,112,0,0,0,192,0,472,0,0,0,0,0,0,1,0,0,0,1,0,0,1,1,1,0,0,1,1,1,0,0,0,0,0,0,0,1,0,0,0,1,0,1,1,0,0,1,1,0,0,0,1,0,1,0,0,0,0x014c,0x010b,0x0003,.text
748f40c3f11e63f23b3a9ff995de7d08915e4df7258e075b63c2f340b75f7e2a,existing_benign,0,original,748f40c3f11e63f23b3a9ff995de7d08915e4df7258e075b63c2f340b75f7e2a,12800,5.28523678575898,240,5,2072,0,224,14,38,10,0,10,0,10,0,5632,7168,0,7712,0.2689732142857143,4194304,4096,512,28672,1024,0.03571428571428571,0.19642857142857142,0.25,42344,16,262144,8192,1048576,4096,11776,12352,5632,5632,1,1,0,0,0,0,0,5632,5632,4.2336743834326995,6.377787596096518,5.318505075089246,0,0,4,66,0,0,0,0,0,100,2032,0,0,512,112,0,0,0,192,0,280,0,0,0,0,0,0,1,0,0,0,1,0,0,1,1,1,0,0,1,1,1,0,0,0,0,0,0,0,1,0,0,0,1,0,1,1,0,0,1,1,0,0,0,1,0,1,0,0,0,0x014c,0x010b,0x0003,.text
74d5471785856875183c8c8a2aa4c9220731e8e15462f610287910b34f4a889c,existing_benign,0,original,74d5471785856875183c8c8a2aa4c9220731e8e15462f610287910b34f4a889c,15360,5.540233206995207,240,5,1988,0,224,14,38,10,0,10,0,10,0,7168,8192,0,9376,0.32700892857142855,4194304,4096,512,28672,1024,0.03571428571428571,0.25,0.2857142857142857,30086,16,262144,8192,1048576,4096,14336,14944,7168,7168,1,1,0,0,0,0,0,7168,7168,4.104711149154921,5.629988224977248,5.629988224977248,0,0,4,83,0,0,0,0,0,100,2040,0,0,700,112,0,0,0,192,0,348,0,0,0,0,0,0,1,0,0,0,1,0,0,1,1,1,0,0,1,1,1,0,0,0,0,0,0,0,1,0,0,0,1,0,1,1,0,0,1,1,0,0,0,1,0,1,0,0,0,0x014c,0x010b,0x0003,.text
75adc91bc9effcc58ec4ffa53b3c5cff29736182593b2be5ea7f23c7e88be74f,existing_benign,0,original,75adc91bc9effcc58ec4ffa53b3c5cff29736182593b2be5ea7f23c7e88be74f,44632,6.161082681542237,128,3,2019,0,224,48,0,4,0,0,0,6,0,24064,3072,0,32022,0.6514892578125,4194304,8192,512,49152,512,0.010416666666666666,0.4895833333333333,0.0625,105560,16,1048576,4096,1048576,4096,27136,27136,24064,24064,1,0,0,0,0,0,0,24064,24064,3.1438714201298565,5.000259791595472,5.000259791595472,0,16984,1,1,0,0,0,0,0,79,2352,0,16984,12,28,0,0,0,0,0,8,0,72,0,0,0,0,1,0,0,0,0,0,0,1,1,0,1,0,1,1,1,0,0,0,0,0,0,1,1,0,0,0,1,0,1,1,0,1,1,1,0,0,0,0,0,1,0,1,0,0x014c,0x010b,0x0003,.text
76c1e721761f359d49625950e6f968e8acbebdafbdffd69d1f222d05acb0a5c0,existing_benign,0,original,76c1e721761f359d49625950e6f968e8acbebdafbdffd69d1f222d05acb0a5c0,11264,5.235679485627882,232,5,2053,0,224,14,38,10,0,10,0,10,0,5632,6656,0,7824,0.2728794642857143,4194304,4096,512,28672,1024,0.03571428571428571,0.19642857142857142,0.23214285714285715,15623,16,262144,8192,1048576,4096,10240,11872,5632,5632,1,1,0,0,0,0,0,5632,5632,3.9839162947533557,5.755246747544756,5.755246747544756,0,0,4,41,0,0,0,0,0,100,2000,0,0,396,112,0,0,0,192,0,180,0,0,0,0,0,0,1,0,0,0,1,0,0,1,1,1,0,0,1,1,1,0,0,0,0,0,0,0,1,0,0,0,1,0,1,1,0,0,1,1,0,0,0,1,0,1,0,0,0,0x014c,0x010b,0x0003,.text
76c7c6898f7d50a0caf6103c255b223bcf396fb97058f91474563b29bc6e867e,existing_benign,0,original,76c7c6898f7d50a0caf6103c255b223bcf396fb97058f91474563b29bc6e867e,114176,6.350673585456834,240,5,2035,0,224,14,38,10,0,10,0,10,0,97280,17920,0,84368,0.6644405241935484,4194304,4096,512,126976,1024,0.008064516129032258,0.7661290322580645,0.14112903225806453,123708,16,262144,8192,1048576,4096,113152,114752,97280,97280,1,1,0,0,0,0,0,97280,97280,4.712017511332372,6.53096570030459,6.242796824502272,0,0,35,174,0,0,0,0,0,720,2064,0,0,5656,112,0,0,0,196,0,836,0,0,0,0,0,0,1,0,0,0,1,0,0,1,1,1,0,0,1,1,1,0,0,0,0,0,0,0,1,0,0,0,1,0,1,1,0,0,1,1,0,0,0,1,0,1,0,0,0,0x014c,0x010b,0x0003,.text
77b58044774b33f0b34ac0442f7b7aedac007d08fd964461fc590428d6906a00,existing_benign,0,original,77b58044774b33f0b34ac0442f7b7aedac007d08fd964461fc590428d6906a00,65024,6.422527623218367,256,5,2000,0,224,14,38,10,0,10,0,10,0,7168,57856,0,7712,0.094140625,4194304,4096,512,81920,1024,0.0125,0.0875,0.70625,120493,16,262144,8192,1048576,4096,64000,64544,53760,53760,1,1,0,0,0,0,0,7168,7168,4.512608152198387,6.5340733690397,5.653808963083975,0,0,6,52,0,0,0,0,0,140,53640,0,0,416,112,0,0,0,196,0,232,0,0,0,0,0,0,1,0,0,0,0,0,0,1,1,1,0,0,1,1,1,0,0,0,0,0,0,0,1,0,0,0,1,0,1,1,0,0,1,1,0,0,0,1,0,1,0,0,0,0x014c,0x010b,0x0002,.text
77f6a0e91924845cbe3e25c6efd28cb1470e9f8f3bdd66a42565a362dacbb0e4,existing_benign,0,original,77f6a0e91924845cbe3e25c6efd28cb1470e9f8f3bdd66a42565a362dacbb0e4,61952,5.608938050086224,240,5,1998,0,224,14,38,10,0,10,0,10,0,27136,34816,0,27824,0.3773871527777778,4194304,4096,512,73728,1024,0.013888888888888888,0.3680555555555556,0.4722222222222222,81577,16,262144,8192,1048576,4096,60928,61568,28672,28672,1,1,0,0,0,0,0,27136,27136,4.445123143833738,6.56912750823738,6.115591913123839,0,0,8,98,1,0,0,0,0,180,28568,0,0,1480,112,0,0,0,192,0,424,0,0,0,0,0,0,1,0,0,0,0,0,0,1,1,1,0,0,1,1,1,0,0,0,0,0,0,0,1,0,0,1,1,0,1,1,0,0,1,1,0,0,0,1,0,1,0,0,0,0x014c,0x010b,0x0002,.text
7858b52ca7c39c515cd6af84448403ac74c27293a9d36d0c76f4f9a04853b4cc,existing_benign,0,original,7858b52ca7c39c515cd6af84448403ac74c27293a9d36d0c76f4f9a04853b4cc,169744,6.695484780567045,272,6,2019,0,224,14,10,6,0,10,0,6,0,137728,14336,0,38208,0.22209821428571427,4194304,4096,512,172032,1024,0.005952380952380952,0.8005952380952381,0.08333333333333333,205564,16,1048576,8192,1048576,4096,152064,154664,137728,137728,1,2,0,0,0,0,0,137728,137728,4.279644351067385,6.524608210655092,6.524608210655092,0,16656,2,106,0,0,0,0,0,60,1736,0,16656,5320,84,0,0,24,64,0,432,0,0,0,0,0,0,1,0,1,0,0,0,0,1,1,1,0,0,1,1,1,0,0,0,0,0,0,1,1,0,0,0,1,0,1,1,0,1,1,1,0,0,1,1,0,1,0,0,0,0x014c,0x010b,0x0003,.text
787197d1f382d2017087585601a44b383a4875692cab00cb5d947500108643e0,existing_benign,0,original,787197d1f382d2017087585601a44b383a4875692cab00cb5d947500108643e0,333344,6.167788980938461,128,3,2065,0,224,48,0,4,0,0,0,4,0,320000,2560,0,327890,0.9308287154796512,4194304,8192,512,352256,512,0.0014534883720930232,0.9084302325581395,0.007267441860465116,337774,16,1048576,4096,1048576,4096,322560,322560,320000,320000,1,0,0,0,0,0,0,320000,320000,3.3886460281358226,6.119526700807853,6.119526700807853,0,10272,1,1,0,0,0,0,0,79,1900,0,10272,12,56,0,0,0,0,0,8,0,72,0,0,0,0,1,0,1,0,1,0,0,1,1,0,1,0,1,1,1,0,0,0,0,0,0,1,1,0,0,0,1,0,1,1,0,1,1,1,0,0,0,0,0,1,0,1,0,0x014c,0x010b,0x0003,.text
78ea2ef615a3b11bdc10d339f8b5722919eaf49427de09f9b76b063a8ee3a1ce,existing_benign,0,original,78ea2ef615a3b11bdc10d339f8b5722919eaf49427de09f9b76b063a8ee3a1ce,48192,6.608249551705473,128,3,2044,0,224,48,0,4,0,0,0,6,0,34304,3072,0,42454,0.647796630859375,4194304,8192,512,65536,512,0.0078125,0.5234375,0.046875,49489,16,1048576,4096,1048576,4096,37376,37376,34304,34304,1,0,0,0,0,0,0,34304,34304,3.760564546842833,6.374866765649363,6.374866765649363,0,10304,1,1,0,0,0,0,0,79,2488,0,10304,12,112,0,0,0,0,0,8,0,72,0,0,0,0,1,0,1,0,1,0,0,1,1,0,1,0,1,1,1,0,0,0,0,0,0,1,1,0,0,0,1,0,1,1,0,1,1,1,0,0,0,0,0,1,0,1,0,0x014c,0x010b,0x0003,.text
790e895edc047bf1e525084e7bd6ca3d496117af0d393b8cfd2f96ec11763000,existing_benign,0,original,790e895edc047bf1e525084e7bd6ca3d496117af0d393b8cfd2f96ec11763000,1384072,6.3585727171366395,304,6,2025,0,224,14,41,6,0,0,0,6,0,954880,416768,0,757361,0.5252914428710938,4194304,4096,512,1441792,1024,0.0007102272727272727,0.6622869318181818,0.2890625,1442523,16,1048576,4096,1048576,4096,1371648,1422784,954880,954880,1,2,0,0,1,0,0,954880,954880,5.356489033399584,6.701881398349889,6.494938089678157,0,11400,14,341,18,0,0,0,1284,300,32812,0,10736,36620,84,0,0,24,64,0,1420,0,0,0,0,0,0,1,0,0,0,0,0,0,1,1,0,0,0,1,1,1,0,0,0,1,0,0,1,1,0,0,1,1,1,1,1,0,1,1,1,0,0,1,1,0,1,0,0,0,0x014c,0x010b,0x0002,.text
7975c00645f4e338d7c7b4de8d3f5ad16e94f82010df4fbd759e7964ff6de003,existing_benign,0,original,7975c00645f4e338d7c7b4de8d3f5ad16e94f82010df4fbd759e7964ff6de003,16896,5.74422407729736,232,5,2013,0,224,14,38,10,0,10,0,10,0,8704,8192,0,11168,0.3408203125,4194304,4096,512,32768,1024,0.03125,0.265625,0.25,36212,16,262144,8192,1048576,4096,15872,16448,8704,8704,1,1,0,0,0,0,0,8704,8704,4.314025288518212,5.881845501798322,5.816454077377375,0,0,4,88,0,0,0,0,0,100,2040,0,0,828,112,0,0,0,192,0,368,0,0,0,0,0,0,1,0,0,0,0,0,0,1,1,1,0,0,1,1,1,0,0,0,0,0,0,0,1,0,0,0,1,0,1,1,0,0,1,1,0,0,0,1,0,1,0,0,0,0x014c,0x010b,0x0003,.text
79ae3531383ad05bd2fab5af5b604dcef486a8e09c3f95facecf2ae9aa65d729,existing_benign,0,original,79ae3531383ad05bd2fab5af5b604dcef486a8e09c3f95facecf2ae9aa65d729,14896,6.814388924467585,128,3,2002,0,224,6,0,4,0,0,0,4,0,2560,1536,0,10366,0.31634521484375,4194304,8192,512,32768,512,0.015625,0.078125,0.046875,24468,16,1048576,4096,1048576,4096,4096,4096,2560,2560,1,0,0,0,0,0,0,2560,2560,2.784292004618072,5.157670573801643,5.157670573801643,0,10288,1,1,0,0,0,0,0,83,936,0,10288,12,0,0,0,0,0,0,8,0,72,0,0,0,1,0,0,0,0,0,0,0,1,1,0,0,0,0,1,1,0,0,0,0,0,0,1,1,0,0,0,1,0,1,1,0,1,1,0,0,0,0,0,0,1,0,1,0,0x014c,0x010b,0x0003,.text
79d8ed1e363b38b8612f02302ca088a4344acbe77496be0a798cc92f5f4dc7ec,existing_benign,0,original,79d8ed1e363b38b8612f02302ca088a4344acbe77496be0a798cc92f5f4dc7ec,19456,5.691527317638378,240,5,1998,0,224,14,38,10,0,10,0,10,0,11264,12800,0,13504,0.3663194444444444,4194304,4096,512,36864,1024,0.027777777777777776,0.3055555555555556,0.3472222222222222,65722,16,262144,8192,1048576,4096,18432,23936,11264,11264,1,1,0,0,0,0,0,11264,11264,4.206172569514935,6.122476298146958,6.122476298146958,0,0,18,68,0,0,0,0,0,380,2080,0,0,700,112,0,0,0,196,0,344,0,0,0,0,0,0,1,0,0,0,0,0,0,1,1,1,0,0,1,1,1,0,0,0,0,0,0,0,1,0,0,0,1,0,1,1,0,0,1,1,0,0,0,1,0,1,0,0,0,0x014c,0x010b,0x0003,.text
7b5d9b4c1438c218d8330fa092f97950bea6142ed424b052ce8e9936d4b50152,existing_benign,0,original,7b5d9b4c1438c218d8330fa092f97950bea6142ed424b052ce8e9936d4b50152,1869296,6.972081757137862,304,5,2025,0,224,14,29,6,0,0,0,6,0,1371136,505344,0,454861,0.24088947685059653,4194304,4096,512,1888256,1024,0.0005422993492407809,0.7261388286334056,0.2676247288503254,1912176,16,1048576,4096,1048576,4096,1857536,1876332,1371136,1371136,1,1,0,0,0,0,0,1371136,1371136,5.5267029903677765,6.952306703428627,6.952306703428627,0,10736,9,210,0,0,0,0,0,200,1304,0,10736,54164,112,0,0,24,64,0,876,0,0,0,0,0,0,1,0,0,0,0,0,0,1,1,0,0,0,1,1,1,0,0,0,0,0,0,1,1,0,0,0,1,0,1,1,0,1,1,1,0,0,1,1,0,1,0,0,0,0x014c,0x010b,0x0002,.text
7b844cfa31184ede3987e9cca681a1a9a8b8015ed3ced294b8307dbc5bcf564f,existing_benign,0,original,7b844cfa31184ede3987e9cca681a1a9a8b8015ed3ced294b8307dbc5bcf564f,65896,6.629826324115241,224,5,2066,0,224,14,38,10,0,10,0,6,0,44544,16896,0,13216,0.1792534722222222,4194304,4096,512,73728,1024,0.013888888888888888,0.6041666666666666,0.22916666666666666,123134,16,262144,8192,1048576,4096,54272,61280,44544,44544,1,1,0,0,0,0,0,44544,44544,4.757733267448872,6.448264574309507,6.448264574309507,0,10600,5,73,5,0,0,0,0,120,1760,0,10600,2312,112,0,0,0,64,0,312,0,0,0,0,0,0,1,0,0,0,1,0,0,1,1,1,0,0,1,1,1,0,0,0,0,0,0,1,1,0,0,1,1,0,1,1,0,1,1,1,0,0,0,1,0,1,0,0,0,0x014c,0x010b,0x0003,.text
7ea7a99db4e9e75b052d55991beb0a644cf2c0ac9a018a5abec704d5a4799236,existing_benign,0,original,7ea7a99db4e9e75b052d55991beb0a644cf2c0ac9a018a5abec704d5a4799236,28160,6.099984273369123,248,5,1980,0,224,14,38,10,0,10,0,10,0,18944,9216,0,20848,0.508984375,4194304,4096,512,40960,1024,0.025,0.4625,0.225,54447,16,262144,8192,1048576,4096,27136,27744,18944,18944,1,1,0,0,0,0,0,18944,18944,4.201585370119938,6.266959824617502,6.266959824617502,0,0,23,94,0,0,0,0,0,480,2024,0,0,1092,112,0,0,0,192,0,468,0,0,0,0,0,0,1,0,0,0,1,0,0,1,1,1,0,0,1,1,1,0,0,0,0,0,0,0,1,0,0,0,1,0,1,1,0,0,1,1,0,0,0,1,0,1,0,0,0,0x014c,0x010b,0x0003,.text
806e6252db45be78bfc064eb9a774dd1320d8f9aa70dd746996a1d9ddf9b8fd4,existing_benign,0,original,806e6252db45be78bfc064eb9a774dd1320d8f9aa70dd746996a1d9ddf9b8fd4,630176,7.1360813600202775,280,6,2024,0,224,14,16,6,0,0,0,6,0,314368,164352,0,197349,0.3981893239927686,4194304,4096,512,495616,1024,0.002066115702479339,0.6342975206611571,0.33161157024793386,692264,16,1048576,4096,1048576,4096,478720,481852,314368,314368,1,1,0,0,1,0,0,314368,314368,4.5579799262487795,6.748278735648911,6.575139639749136,0,150432,8,237,0,0,0,0,0,180,15164,0,10376,16060,84,0,0,24,64,0,980,256,0,0,0,0,0,1,0,0,0,0,0,0,1,1,0,0,0,1,1,1,0,0,0,1,0,0,1,1,0,0,0,1,0,1,1,0,1,1,1,0,0,1,1,0,1,1,0,0,0x014c,0x010b,0x0002,.text
806fcd3ba14d4d7d9c5c0e4eb6cb75cf87d6ef2f8593f379ca3617de3715209c,existing_benign,0,original,806fcd3ba14d4d7d9c5c0e4eb6cb75cf87d6ef2f8593f379ca3617de3715209c,76288,6.2537888378927855,248,5,1971,0,224,14,38,10,0,10,0,10,0,62464,13824,0,57424,0.6372514204545454,4194304,4096,512,90112,1024,0.011363636363636364,0.6931818181818182,0.1534090909090909,118523,16,262144,8192,1048576,4096,75264,76192,62464,62464,1,1,0,0,0,0,0,62464,62464,4.600119453145497,6.406690329150406,6.176622151093732,0,0,15,174,0,0,0,0,0,320,2296,0,0,3680,112,0,0,0,192,0,756,0,0,0,0,0,0,1,0,0,0,1,0,0,1,1,1,0,0,1,1,1,0,0,0,0,0,0,0,1,0,0,0,1,0,1,1,0,0,1,1,0,0,0,1,0,1,0,0,0,0x014c,0x010b,0x0003,.text
8278b580d4333791ef110db782c710354c69f914b18db93d45fa9d8d02b99bbc,existing_benign,0,original,8278b580d4333791ef110db782c710354c69f914b18db93d45fa9d8d02b99bbc,1887560,5.979747645259937,272,8,2025,0,224,14,29,6,0,0,0,6,0,1462784,402944,0,4686,0.0024816550298264644,4194304,4096,512,1888256,1024,0.0005422993492407809,0.7746746203904555,0.2133947939262473,1893546,16,1048576,4096,1048576,4096,1858560,1865664,1462784,1462784,1,2,0,0,1,0,0,1462784,1462784,4.080405705081376,6.24408001276928,5.7936256451863475,0,27976,3,108,0,0,0,0,0,80,1808,0,27976,49140,56,0,0,0,64,0,648,0,0,0,0,0,0,1,0,0,0,0,0,0,1,1,0,0,0,1,1,1,0,0,0,1,0,0,1,1,0,0,0,1,0,1,1,0,1,1,1,0,0,0,1,0,1,0,0,0,0x014c,0x010b,0x0003,.text
832bbb5c83ee9cf00db93e9f3bdf4e390226a3201a08ea55013cefa09c925667,existing_benign,0,original,832bbb5c83ee9cf00db93e9f3bdf4e390226a3201a08ea55013cefa09c925667,470016,6.8556078009718275,232,6,2091,0,224,14,38,10,0,21315,20512,10,0,452608,17920,0,85936,0.1763064600840336,4194304,4096,512,487424,1024,0.0021008403361344537,0.9285714285714286,0.03676470588235294,507767,16,262144,8192,1048576,4096,468992,470080,452608,452608,1,2,0,0,0,0,0,452608,452608,4.549013092206634,6.839040558874645,6.839040558874645,0,0,19,84,0,0,0,0,0,400,2240,0,0,8312,112,0,0,24,196,0,412,64,0,0,0,0,0,1,0,0,0,1,0,0,1,1,1,0,0,1,1,1,0,0,0,0,0,0,0,1,0,0,0,1,0,1,1,0,0,1,1,0,0,1,1,0,1,1,0,0,0x014c,0x010b,0x0003,.text
83c858ee15edb5147cb34254bd80bb564efaf85a55177db20609bac2d6ebdba0,existing_benign,0,original,83c858ee15edb5147cb34254bd80bb564efaf85a55177db20609bac2d6ebdba0,75408,6.293192466142142,264,5,2011,0,224,11,0,6,0,0,0,6,0,32256,34816,0,5871,0.075439453125,4194304,4096,512,77824,1024,0.013157894736842105,0.4144736842105263,0.4473684210526316,85565,16,1048576,4096,1048576,4096,57856,66848,32256,32256,1,1,0,0,0,0,0,32256,32256,4.0316419800829255,6.510816396183951,6.510816396183951,0,16528,3,71,0,0,0,0,0,80,1312,0,16528,2312,56,0,0,0,64,0,296,0,0,0,0,0,0,1,0,0,0,0,0,0,1,1,0,0,0,1,1,1,0,0,0,0,0,0,1,1,0,0,0,1,0,1,1,0,1,1,1,0,0,0,1,0,1,0,0,0,0x014c,0x010b,0x0003,.text
8418c1156dc2c7d29ddd69a33376d679ea13d1a75b57ce75a17042781a7f896f,existing_benign,0,original,8418c1156dc2c7d29ddd69a33376d679ea13d1a75b57ce75a17042781a7f896f,1556336,6.6041200648590745,248,6,1999,0,224,14,38,10,0,10,0,6,1,1419776,134656,0,1274384,0.8081270292207792,4194304,4096,512,1576960,1024,0.0006493506493506494,0.9003246753246753,0.08538961038961039,1557494,16,262144,8192,1048576,4096,1544704,1554016,1419776,1419776,1,2,0,0,1,0,0,1419776,1419776,5.315237140907372,6.680047925732627,6.560566793272578,0,10608,10,163,0,0,0,0,0,220,49240,0,10608,57892,112,0,0,24,64,0,692,0,0,0,0,0,0,1,0,1,0,0,0,0,1,1,1,0,0,1,1,1,0,0,0,1,0,0,1,1,0,0,0,1,0,1,1,0,1,1,1,0,0,1,1,0,1,0,0,0,0x014c,0x010b,0x0003,.text
842b659649f1e049b056ed9f536df61d6dfad603bbc9ec522393fe6ad386ee53,existing_benign,0,original,842b659649f1e049b056ed9f536df61d6dfad603bbc9ec522393fe6ad386ee53,18432,5.035404032805024,256,6,1988,0,224,14,38,10,0,10,0,10,0,11264,7168,0,11344,0.3077256944444444,268435456,4096,512,36864,1024,0.027777777777777776,0.3055555555555556,0.19444444444444445,22464,16,262144,4096,1048576,4096,17408,18048,11264,11264,1,2,0,0,0,0,0,11264,11264,3.0530803907581556,5.409418717407827,5.409418717407827,0,0,16,46,0,0,0,0,219,340,1144,0,0,768,112,0,0,0,196,0,248,96,0,0,0,0,1,0,0,0,0,1,0,0,1,1,1,0,0,0,1,1,0,0,0,0,0,0,0,1,0,0,0,1,1,1,1,0,0,1,1,0,0,0,1,0,1,1,0,0,0x014c,0x010b,0x0003,.text
843419dd1ebe4177025bb00f2f028c2b9dff5c25842a8210b9f11fc05e153d3a,existing_benign,0,original,843419dd1ebe4177025bb00f2f028c2b9dff5c25842a8210b9f11fc05e153d3a,159712,6.308296519360834,240,6,2066,0,224,14,38,10,0,10,0,6,0,130048,20992,0,118736,0.72470703125,4194304,4096,512,163840,1024,0.00625,0.79375,0.128125,168508,16,262144,32768,1048576,4096,148992,151008,130048,130048,1,2,0,0,0,0,0,130048,130048,4.361648466509474,6.625752182735676,6.091288166010398,0,9696,3,167,0,0,0,0,0,80,4016,0,9696,7316,112,0,0,0,64,0,680,192,0,0,0,0,0,1,0,1,0,1,0,0,1,1,1,0,0,1,1,1,0,0,0,0,0,0,1,1,0,0,0,1,0,1,1,0,1,1,1,0,0,0,1,0,1,1,0,0,0x014c,0x010b,0x0002,.text
8437f1f90371dca4c31e373094448c12707f56dfef8bd2300ed1d2629b3b1572,existing_benign,0,original,8437f1f90371dca4c31e373094448c12707f56dfef8bd2300ed1d2629b3b1572,120000,6.445711221291919,232,5,2014,0,224,10,10,5,1,6,1,5,1,74752,28160,0,26551,0.20910250756048387,4194304,4096,512,126976,1024,0.008064516129032258,0.5887096774193549,0.2217741935483871,166768,16,1048576,4096,1048576,4096,102912,112132,74752,74752,1,1,0,0,0,0,0,74752,74752,4.437549548388761,6.364595120166248,6.364595120166248,0,16064,2,77,0,0,0,0,0,60,1696,0,16064,3324,28,0,0,0,64,0,316,0,0,0,0,0,0,1,0,0,0,0,0,0,1,1,0,0,0,1,1,1,0,0,0,0,0,0,1,1,0,0,0,1,0,1,1,0,1,1,1,0,0,0,1,0,1,0,0,0,0x014c,0x010b,0x0003,.text
85c352b9ba29cced75f22a186a9c1564b170ac529ae8b63db0509665861ac9be,existing_benign,0,original,85c352b9ba29cced75f22a186a9c1564b170ac529ae8b63db0509665861ac9be,231352,6.596659206649897,264,6,2025,0,224,14,44,6,0,0,0,6,0,154112,68096,0,28832,0.1193061440677966,4194304,4096,512,241664,1024,0.00423728813559322,0.6377118644067796,0.2817796610169492,263720,16,1048576,4096,1048576,4096,219648,221964,154112,154112,1,2,0,0,1,0,0,154112,154112,4.968052050890259,6.6549559839914165,6.6549559839914165,0,10680,3,93,0,0,0,0,0,80,1832,0,10680,6096,112,0,0,0,64,0,384,0,0,0,0,0,0,1,0,0,0,0,0,0,1,1,1,0,0,1,1,1,0,0,0,1,0,0,1,1,0,0,0,1,0,1,1,0,1,1,1,0,0,0,1,0,1,0,0,0,0x014c,0x010b,0x0003,.text
85e0a4277d4ee84add09589f0fb07491024478a419ed02025ce3ca681a0ecb0b,existing_benign,0,original,85e0a4277d4ee84add09589f0fb07491024478a419ed02025ce3ca681a0ecb0b,134144,6.339446838418193,240,6,2053,0,224,14,38,10,0,10,0,10,0,109568,28160,0,99280,0.6550886824324325,4194304,4096,512,151552,1024,0.006756756756756757,0.722972972972973,0.1858108108108108,187951,16,262144,8192,1048576,4096,133120,137568,109568,109568,1,2,0,0,0,0,0,109568,109568,4.456554986626271,6.662299250858964,6.259635588859752,0,0,36,211,0,0,0,0,0,740,2080,0,0,7068,112,0,0,0,196,0,988,96,0,0,0,0,0,1,0,0,0,1,0,0,1,1,1,0,0,1,1,1,0,0,0,0,0,0,0,1,0,0,0,1,0,1,1,0,0,1,1,0,0,0,1,0,1,1,0,0,0x014c,0x010b,0x0003,.text
861a8bfa7ee801d63e45d22cfb46f4e425108a56aed1441964925a8910d13261,existing_benign,0,original,861a8bfa7ee801d63e45d22cfb46f4e425108a56aed1441964925a8910d13261,1214936,6.012893228130875,128,3,2019,0,224,48,0,4,0,0,0,6,0,1194496,3072,0,1199554,0.9827512190645973,4194304,8192,512,1220608,512,0.00041946308724832214,0.9786073825503355,0.0025167785234899327,1239941,16,1048576,4096,1048576,4096,1197568,1197568,1194496,1194496,1,0,0,0,0,0,0,1194496,1194496,3.499309900839485,5.9870457866223985,5.9870457866223985,0,16856,1,1,0,0,0,0,0,79,2400,0,16856,12,28,0,0,0,0,0,8,0,72,0,0,0,0,1,0,0,0,0,0,0,1,1,0,1,0,1,1,1,0,0,0,0,0,0,1,1,0,0,0,1,0,1,1,0,1,1,1,0,0,0,0,0,1,0,1,0,0x014c,0x010b,0x0003,.text
86349cb4d3efc5ed16eff2d194fdbd74b19eaf862d4d3190c84c737fc829ebd1,existing_benign,0,original,86349cb4d3efc5ed16eff2d194fdbd74b19eaf862d4d3190c84c737fc829ebd1,183808,6.320094137506812,248,6,2094,0,224,14,38,10,0,10,0,10,0,165376,19456,0,150688,0.7507971938775511,268435456,4096,512,200704,1024,0.00510204081632653,0.8239795918367347,0.09693877551020408,185619,16,262144,4096,1048576,4096,182784,184352,165376,165376,1,2,0,0,0,0,0,165376,165376,4.289111485278233,6.684721036930976,6.2585541575852375,0,0,33,135,0,0,0,0,523,680,1352,0,0,7804,112,0,0,24,196,0,672,416,0,0,0,0,1,0,0,0,0,1,0,0,1,1,1,0,0,0,1,1,0,0,0,0,0,0,0,1,0,0,0,1,1,1,1,0,0,1,1,0,0,1,1,0,1,1,0,0,0x014c,0x010b,0x0003,.text
866422d290a270998c885d5b3956db9df18773b7655469df2f176dbf08e3c02b,existing_benign,0,original,866422d290a270998c885d5b3956db9df18773b7655469df2f176dbf08e3c02b,32864,6.389295771019071,264,5,2047,0,224,14,44,6,0,10,0,6,0,14848,7680,0,13429,0.3642849392361111,4194304,4096,512,36864,1024,0.027777777777777776,0.4027777777777778,0.20833333333333334,70687,16,1048576,8192,1048576,4096,21504,22308,14848,14848,1,1,0,0,0,0,0,14848,14848,4.575370118787785,5.9322932966187905,5.606851342336461,0,10336,9,119,58,0,0,0,0,200,1392,0,10336,1264,84,0,0,0,64,0,512,0,0,0,0,0,0,1,0,1,0,1,0,0,1,1,0,0,0,1,1,1,0,0,0,0,0,0,1,1,0,0,1,1,0,1,1,0,1,1,1,0,0,0,1,0,1,0,0,0,0x014c,0x010b,0x0003,.text
86a0a0ec8ec9d22d02cc508cee3fa1fcbf8f6c59cca175cc3ae5017f121645c9,existing_benign,0,original,86a0a0ec8ec9d22d02cc508cee3fa1fcbf8f6c59cca175cc3ae5017f121645c9,33792,6.089363616985857,224,5,2063,0,224,14,38,10,0,10,0,10,0,26112,49664,0,25248,0.2801846590909091,4194304,4096,512,90112,1024,0.011363636363636364,0.2897727272727273,0.5511363636363636,88827,16,262144,8192,1048576,4096,32768,75680,26112,43424,1,1,0,0,0,0,0,26112,26112,4.803655536373761,6.137127630332433,6.137127630332433,0,0,5,71,0,0,0,0,0,120,2032,0,0,1760,112,0,0,0,196,0,304,0,0,0,0,0,0,1,0,0,0,1,0,0,1,1,1,0,0,1,1,1,0,0,0,0,0,0,0,1,0,0,0,1,0,1,1,0,0,1,1,0,0,0,1,0,1,0,0,0,0x014c,0x010b,0x0003,.text
86b5ab623a01ef5d7c42ff4300f7ddba3a65a9f90e9d2fb6b668b4ed1cb1c1e5,existing_benign,0,original,86b5ab623a01ef5d7c42ff4300f7ddba3a65a9f90e9d2fb6b668b4ed1cb1c1e5,84992,6.106857522338857,248,6,2091,0,224,14,38,10,0,10,0,10,0,70144,14848,0,63872,0.5997596153846154,4194304,4096,512,106496,1024,0.009615384615384616,0.6586538461538461,0.13942307692307693,146185,16,262144,8192,1048576,4096,83968,84992,70144,70144,1,2,0,0,0,0,0,70144,70144,4.241928327489268,6.430408909638204,6.087275278092952,0,0,25,120,0,0,0,0,0,520,2072,0,0,4180,112,0,0,0,192,0,580,128,0,0,0,0,0,1,0,0,0,1,0,0,1,1,1,0,0,1,1,1,0,0,0,0,0,0,0,1,0,0,0,1,0,1,1,0,0,1,1,0,0,0,1,0,1,1,0,0,0x014c,0x010b,0x0003,.text
86c83e603936df21e1c7a2e6fe6a371145277431f496e973f524fa87f4683777,existing_benign,0,original,86c83e603936df21e1c7a2e6fe6a371145277431f496e973f524fa87f4683777,12288,5.01539197899962,240,5,2000,0,224,14,38,10,0,10,0,10,0,5120,7168,0,7440,0.25948660714285715,4194304,4096,512,28672,1024,0.03571428571428571,0.17857142857142858,0.25,77727,16,262144,8192,1048576,4096,11264,12288,5120,5120,1,1,0,0,0,0,0,5120,5120,3.9581979039717283,5.923889532526801,5.556595673639644,0,0,16,50,0,0,0,0,0,340,2088,0,0,448,112,0,0,0,192,0,264,0,0,0,0,0,0,1,0,0,0,0,0,0,1,1,1,0,0,1,1,1,0,0,0,0,0,0,0,1,0,0,0,1,0,1,1,0,0,1,1,0,0,0,1,0,1,0,0,0,0x014c,0x010b,0x0003,.text
876538f643da1d21cdab5d4920a75d93c1b9c696b8a0de1620eacdaadcdc226a,existing_benign,0,original,876538f643da1d21cdab5d4920a75d93c1b9c696b8a0de1620eacdaadcdc226a,23624,6.75415173849984,128,3,2055,0,224,48,0,4,0,0,0,6,0,10240,2560,0,18110,0.442138671875,4194304,8192,512,40960,512,0.0125,0.25,0.0625,28708,16,1048576,4096,1048576,4096,12800,12800,10240,10240,1,0,0,0,0,0,0,10240,10240,3.339480015781493,6.450649580921907,6.450649580921907,0,10312,1,1,0,0,0,0,0,79,1568,0,10312,12,112,0,0,0,0,0,8,0,72,0,0,0,0,1,0,1,0,1,0,0,1,1,0,1,0,1,1,1,0,0,0,0,0,0,1,1,0,0,0,1,0,1,1,0,1,1,1,0,0,0,0,0,1,0,1,0,0x014c,0x010b,0x0003,.text
8790a27fd109241c005aff1a11cb271c7d2eef9a3837c5532f3eba1aace50e2b,existing_benign,0,original,8790a27fd109241c005aff1a11cb271c7d2eef9a3837c5532f3eba1aace50e2b,261568,6.698223732594889,272,5,2025,0,224,14,29,6,0,0,0,6,0,128000,121344,0,61972,0.23276742788461538,4194304,4096,512,266240,1024,0.0038461538461538464,0.4807692307692308,0.45576923076923076,294928,16,1048576,4096,1048576,4096,249344,251964,128000,128000,1,1,0,0,0,0,0,128000,128000,5.494735214028385,7.139063943244915,6.517402185721304,1,11200,8,197,0,0,0,0,0,180,62892,0,11200,7456,84,0,0,0,64,0,820,0,0,0,0,0,0,1,0,0,0,0,0,0,1,1,0,0,0,1,1,1,0,0,0,0,0,1,1,1,0,0,0,1,0,1,1,0,1,1,1,0,0,0,1,0,1,0,0,0,0x014c,0x010b,0x0002,.text
87db07381436ce1f1c33155e13ef2b81787494f5b79d175f2fd041f4f2271036,existing_benign,0,original,87db07381436ce1f1c33155e13ef2b81787494f5b79d175f2fd041f4f2271036,50688,6.278993757825947,256,5,2005,0,224,14,38,10,0,10,0,10,0,40960,10240,0,38880,0.6328125,4194304,4096,512,61440,1024,0.016666666666666666,0.6666666666666666,0.16666666666666666,87874,16,262144,8192,1048576,4096,49664,51008,40960,40960,1,1,0,0,0,0,0,40960,40960,4.470252466620687,6.310740549297622,6.310740549297622,0,0,18,106,0,0,0,0,0,380,1032,0,0,2128,112,0,0,0,196,0,496,0,0,0,0,0,0,1,0,0,0,0,0,0,1,1,1,0,0,1,1,1,0,0,0,0,0,0,0,1,0,0,0,1,0,1,1,0,0,1,1,0,0,0,1,0,1,0,0,0,0x014c,0x010b,0x0002,.text
8809265003cc78cc7bfe708d0140f4045c86b2379b49b1b772eb25df1a27e1be,existing_benign,0,original,8809265003cc78cc7bfe708d0140f4045c86b2379b49b1b772eb25df1a27e1be,4421192,7.068062747293539,272,5,2013,0,224,11,0,6,0,10,0,6,0,2700800,1725440,0,2400901,0.5407356740803736,268435456,4096,512,4440064,1024,0.00023062730627306272,0.6082795202952029,0.3886070110701107,4484924,16,1048576,4096,1048576,4096,4404224,4425984,2700800,2700800,1,1,0,0,0,0,0,2700800,2700800,6.222152701114,7.550139769039538,6.5354082895525965,1,15944,10,862,0,0,0,0,56923,220,1414784,0,15944,197992,28,0,0,0,64,0,3488,416,0,0,1,0,1,0,0,1,0,0,0,0,1,1,0,0,0,0,1,1,0,0,0,0,0,1,1,1,0,0,0,1,1,1,1,0,1,1,1,0,0,0,1,0,1,1,0,0,0x014c,0x010b,0x0003,.text
885198add8218b84d89e7ad1a5e661e311b4ae5d7eac9a3d23c2d79677fc24da,existing_benign,0,original,885198add8218b84d89e7ad1a5e661e311b4ae5d7eac9a3d23c2d79677fc24da,237416,6.288407222168363,240,5,2055,0,224,14,38,10,0,10,0,6,0,209920,17408,0,174064,0.7202727754237288,4194304,4096,512,241664,1024,0.00423728813559322,0.8686440677966102,0.07203389830508475,245799,16,262144,8192,1048576,4096,225792,227072,209920,209920,1,1,0,0,0,0,0,209920,209920,5.133658374473363,6.617385596569871,6.059326038924926,0,10600,6,137,0,0,0,0,0,140,1520,0,10600,9928,112,0,0,0,64,0,572,0,0,0,0,0,0,1,0,0,0,1,0,0,1,1,1,0,0,1,1,1,0,0,0,0,0,0,1,1,0,0,0,1,0,1,1,0,1,1,1,0,0,0,1,0,1,0,0,0,0x014c,0x010b,0x0003,.text
8898ac53e7379dfd5b3464eb72205acd3b8a485eee8f2a871dd240eefd307a51,existing_benign,0,original,8898ac53e7379dfd5b3464eb72205acd3b8a485eee8f2a871dd240eefd307a51,1333008,5.928226869077053,128,3,2047,0,224,48,0,4,0,0,0,4,0,1319424,2560,0,1327510,0.9821185487689394,4194304,8192,512,1351680,512,0.0003787878787878788,0.9761363636363637,0.001893939393939394,1362589,16,1048576,4096,1048576,4096,1321984,1321984,1319424,1319424,1,0,0,0,0,0,0,1319424,1319424,3.194165861855257,5.913956144249432,5.913956144249432,0,10512,1,1,0,0,0,0,0,79,1596,0,10512,12,84,0,0,0,0,0,8,0,72,0,0,0,0,1,0,1,0,1,0,0,1,1,0,1,0,1,1,1,0,0,0,0,0,0,1,1,0,0,0,1,0,1,1,0,1,1,1,0,0,0,0,0,1,0,1,0,0x014c,0x010b,0x0003,.text
88a6760ec9c3767fedbb2ab57b9995515700133408b25e87a7ba02aed5a1f8c2,existing_benign,0,original,88a6760ec9c3767fedbb2ab57b9995515700133408b25e87a7ba02aed5a1f8c2,7168,3.3651276256085123,208,3,2051,0,224,14,38,10,0,10,0,10,0,4096,2048,0,0,0.0,268435456,4096,512,16384,1024,0.0625,0.25,0.125,15255,16,262144,4096,1048576,4096,6144,6144,4096,4096,1,0,0,0,0,0,-1,0,0,2.956049968885788,3.812029012348681,0.0,0,0,0,0,0,0,0,0,80,0,1040,0,0,184,112,0,0,0,0,0,0,0,0,0,0,0,1,0,0,0,0,1,0,0,1,1,1,0,0,0,0,0,0,0,0,0,0,0,0,0,0,0,0,1,1,0,1,0,0,1,1,0,0,0,0,0,0,0,0,0,0x014c,0x010b,0x0001,
88b6fdf0414555688c94e6c3998580ab765523cbd0f5a00c0fbad411d244b59e,existing_benign,0,original,88b6fdf0414555688c94e6c3998580ab765523cbd0f5a00c0fbad411d244b59e,48200,6.606089097598238,128,3,2051,0,224,48,0,4,0,0,0,6,0,34304,3072,0,42474,0.648101806640625,4194304,8192,512,65536,512,0.0078125,0.5234375,0.046875,109964,16,1048576,4096,1048576,4096,37376,37376,34304,34304,1,0,0,0,0,0,0,34304,34304,3.7609586669701094,6.371283885117243,6.371283885117243,0,10312,1,1,0,0,0,0,0,79,2488,0,10312,12,112,0,0,0,0,0,8,0,72,0,0,0,0,1,0,1,0,1,0,0,1,1,0,1,0,1,1,1,0,0,0,0,0,0,1,1,0,0,0,1,0,1,1,0,1,1,1,0,0,0,0,0,1,0,1,0,0x014c,0x010b,0x0003,.text
894b4701462ff994a7f7227baae0c3fe4d360df501a641f2b396831625113a7b,existing_benign,0,original,894b4701462ff994a7f7227baae0c3fe4d360df501a641f2b396831625113a7b,72704,7.087221392580929,232,5,2029,0,224,14,38,10,0,10,0,10,0,6144,66560,0,7600,0.08433948863636363,4194304,4096,512,90112,1024,0.011363636363636364,0.06818181818181818,0.7386363636363636,134263,16,262144,8192,1048576,4096,71680,72288,62464,62464,1,1,0,0,0,0,0,6144,6144,4.51453772904879,7.302593096516019,5.226773992316681,1,0,3,56,0,0,0,0,0,80,62392,0,0,428,112,0,0,0,196,0,236,0,0,0,0,0,0,1,0,0,0,0,0,0,1,1,1,0,0,1,1,1,0,0,0,0,0,1,0,1,0,0,0,1,0,1,1,0,0,1,1,0,0,0,1,0,1,0,0,0,0x014c,0x010b,0x0002,.text
8a212c190f2e0612eeb6541138eaf5965752d745487415dd85d54b5b695361a4,existing_benign,0,original,8a212c190f2e0612eeb6541138eaf5965752d745487415dd85d54b5b695361a4,326656,6.325959081869107,232,6,2015,0,224,14,38,10,0,10,0,10,0,284672,100352,0,251056,0.6254384566326531,4194304,4096,512,401408,1024,0.002551020408163265,0.7091836734693877,0.25,351492,16,262144,8192,1048576,4096,325632,384576,284672,284672,1,2,0,0,0,0,0,284672,284672,4.206864914366878,6.6640068338293394,6.2648591032605285,0,0,54,294,11,0,0,0,0,1100,12528,0,0,14412,112,0,0,24,196,0,1392,256,0,0,0,0,0,1,0,0,0,0,0,0,1,1,1,0,0,1,1,1,0,0,0,0,0,0,0,1,0,0,1,1,0,1,1,0,0,1,1,0,0,1,1,0,1,1,0,0,0x014c,0x010b,0x0003,.text
8a21d2bdf8bd07646bf5f935c21f7954094aedc13deb98ccf88445aac4d98506,existing_benign,0,original,8a21d2bdf8bd07646bf5f935c21f7954094aedc13deb98ccf88445aac4d98506,132544,6.646331707292705,264,5,2024,0,224,14,29,6,0,0,0,6,0,82432,40448,0,15122,0.10548270089285715,4194304,4096,512,143360,1024,0.007142857142857143,0.575,0.28214285714285714,181424,16,1048576,4096,1048576,4096,120320,122620,82432,82432,1,1,0,0,0,0,0,82432,82432,4.857251526372707,6.638092672514807,6.638092672514807,0,11200,2,74,0,0,0,0,0,60,1272,0,11200,4508,84,0,0,24,64,0,304,0,0,0,0,0,0,1,0,0,0,0,0,0,1,1,0,0,0,1,1,1,0,0,0,0,0,0,1,1,0,0,0,1,0,1,1,0,1,1,1,0,0,1,1,0,1,0,0,0,0x014c,0x010b,0x0003,.text
8a9bdfc5f3b8234309d1a4fda44298f9ccd64cb5d72e6e5eb546f3d76a528a22,existing_benign,0,original,8a9bdfc5f3b8234309d1a4fda44298f9ccd64cb5d72e6e5eb546f3d76a528a22,545168,6.678808287683543,304,6,2019,0,224,14,10,6,0,10,0,6,0,479744,47616,0,343696,0.24112113864942528,4194304,4096,512,1425408,1024,0.0007183908045977011,0.336566091954023,0.0334051724137931,559542,16,1048576,8192,1048576,4096,527360,1405484,479744,886828,1,2,0,0,0,0,0,479744,479744,4.528578058045082,6.763364216313082,6.541682640296829,0,16784,10,204,4,0,0,0,0,220,3036,0,16784,29588,84,0,0,24,64,0,856,0,0,0,0,0,0,1,0,1,0,0,0,0,1,1,1,0,0,1,1,1,0,0,0,0,0,0,1,1,0,0,1,1,0,1,1,0,1,1,1,0,0,1,1,0,1,0,0,0,0x014c,0x010b,0x0003,.text
8b1128e18107ce39e27a90669dc33e538485fb02f5d39877b184c5f2e60b2298,existing_benign,0,original,8b1128e18107ce39e27a90669dc33e538485fb02f5d39877b184c5f2e60b2298,24064,6.0479940131892,248,5,2089,0,224,14,38,10,0,10,0,10,0,15872,17920,0,16608,0.36860795454545453,4194304,4096,512,45056,1024,0.022727272727272728,0.3522727272727273,0.3977272727272727,82168,16,262144,8192,1048576,4096,23040,33408,15872,15872,1,1,0,0,0,0,0,15872,15872,4.320025071018833,6.238902212351127,6.216323417399548,0,0,4,77,0,0,0,0,0,100,2000,0,0,1744,112,0,0,0,192,0,324,0,0,0,0,0,0,1,0,0,0,1,0,0,1,1,1,0,0,1,1,1,0,0,0,0,0,0,0,1,0,0,0,1,0,1,1,0,0,1,1,0,0,0,1,0,1,0,0,0,0x014c,0x010b,0x0003,.text
8c3f849c2900f520ba6df93d3c8753579c6f91153e42851f08dfb6ba1d72d2ce,existing_benign,0,original,8c3f849c2900f520ba6df93d3c8753579c6f91153e42851f08dfb6ba1d72d2ce,249856,6.5001205238322095,232,5,2070,0,224,14,38,10,0,10,0,10,0,215040,35840,0,178592,0.6812744140625,4194304,4096,512,262144,1024,0.00390625,0.8203125,0.13671875,251092,16,262144,8192,1048576,4096,248832,250688,215040,215040,1,1,0,0,0,0,0,215040,215040,5.145749080905583,6.503596711765683,6.3580987186814255,0,0,25,177,0,0,0,0,0,520,1072,0,0,11908,112,0,0,24,196,0,808,0,0,0,0,0,0,1,0,0,0,1,0,0,1,1,1,0,0,1,1,1,0,0,0,0,0,0,0,1,0,0,0,1,0,1,1,0,0,1,1,0,0,1,1,0,1,0,0,0,0x014c,0x010b,0x0002,.text
8c8543023fdf4def9ff87485199ca2ca6d02bbe8ba18d1c1670c121abbd230b1,existing_benign,0,original,8c8543023fdf4def9ff87485199ca2ca6d02bbe8ba18d1c1670c121abbd230b1,7680,3.216703852418213,208,3,2051,0,224,14,38,10,0,10,0,10,0,4608,2048,0,0,0.0,268435456,4096,512,20480,1024,0.05,0.225,0.1,31887,16,262144,4096,1048576,4096,6656,6656,4608,4608,1,0,0,0,0,0,-1,0,0,2.871674448199801,3.496125371826216,0.0,0,0,0,0,0,0,0,0,84,0,1072,0,0,192,112,0,0,0,0,0,0,0,0,0,0,0,1,0,0,0,0,1,0,0,1,1,1,0,0,0,0,0,0,0,0,0,0,0,0,0,0,0,0,1,1,0,1,0,0,1,1,0,0,0,0,0,0,0,0,0,0x014c,0x010b,0x0001,
8cc474d89e436458882fe72ca1ece40eadfb2c19c3b3788f72c8df926b5f7813,existing_benign,0,original,8cc474d89e436458882fe72ca1ece40eadfb2c19c3b3788f72c8df926b5f7813,206672,5.559319818460494,280,6,2026,0,224,14,31,5,1,0,0,5,1,89600,109056,0,47296,0.21786556603773585,4194304,4096,512,217088,1024,0.0047169811320754715,0.41273584905660377,0.5023584905660378,238953,16,1048576,4096,1048576,4096,195584,198376,95232,95232,1,2,0,0,0,0,0,89600,89600,4.024386176717017,6.298931536582365,6.298931536582365,0,10064,2,78,0,0,0,0,0,60,95120,0,10064,4648,112,0,0,0,64,0,320,96,0,0,0,0,0,1,0,0,0,0,0,0,1,1,1,0,0,1,1,1,0,0,0,0,0,0,1,1,0,0,0,1,0,1,1,0,1,1,1,0,0,0,1,0,1,1,0,0,0x014c,0x010b,0x0002,.text
8d46eb608912578ee35039a2fc2903cd8a2d785901e44e3cc40f551464203fd2,existing_benign,0,original,8d46eb608912578ee35039a2fc2903cd8a2d785901e44e3cc40f551464203fd2,48128,6.050227296385515,240,6,2027,0,224,14,38,10,0,10,0,10,0,36864,11264,0,38032,0.580322265625,4194304,4096,512,65536,1024,0.015625,0.5625,0.171875,96760,16,262144,8192,1048576,4096,47104,48000,36864,36864,1,2,0,0,0,0,0,36864,36864,3.4686286188140705,6.17003764974408,6.17003764974408,0,0,28,107,0,0,0,0,0,580,2064,0,0,1580,112,0,0,0,192,0,540,160,0,0,0,0,0,1,0,0,0,0,0,0,1,1,1,0,0,1,1,1,0,0,0,0,0,0,0,1,0,0,0,1,0,1,1,0,0,1,1,0,0,0,1,0,1,1,0,0,0x014c,0x010b,0x0003,.text
8db8ab30f1bfe0895b9caf7a5006490a6be3066f0a50656b749cf58252025892,existing_benign,0,original,8db8ab30f1bfe0895b9caf7a5006490a6be3066f0a50656b749cf58252025892,35328,4.880037162477654,240,5,2005,0,224,14,38,10,0,10,0,10,0,9728,25600,0,11504,0.21604567307692307,4194304,4096,512,53248,1024,0.019230769230769232,0.18269230769230768,0.4807692307692308,59933,16,262144,8192,1048576,4096,34304,35040,20992,20992,1,1,0,0,0,0,0,9728,9728,3.983974492380309,5.735243322429603,5.735243322429603,0,0,12,47,0,0,0,0,0,260,20816,0,0,688,112,0,0,0,192,0,236,0,0,0,0,0,0,1,0,0,0,0,0,0,1,1,1,0,0,1,1,1,0,0,0,0,0,0,0,1,0,0,0,1,0,1,1,0,0,1,1,0,0,0,1,0,1,0,0,0,0x014c,0x010b,0x0002,.text
8e3d34e16f2d3d76222db3aa1e1605ea97541c341ce767149cb106127ac8ee14,existing_benign,0,original,8e3d34e16f2d3d76222db3aa1e1605ea97541c341ce767149cb106127ac8ee14,121984,6.607098986169581,256,5,2090,0,224,14,44,6,0,10,0,6,0,87040,174592,0,84601,0.30374325022977944,4194304,4096,512,278528,1024,0.003676470588235294,0.3125,0.6268382352941176,147191,16,1048576,8192,1048576,4096,110592,261316,87040,151236,1,1,0,0,0,0,0,87040,87040,4.7994173977409105,6.542770462547727,6.542770462547727,0,10368,14,156,0,0,0,0,0,300,12688,0,10368,4692,84,0,0,0,64,0,680,0,0,0,0,0,0,1,0,1,0,1,0,0,1,1,0,0,0,1,1,1,0,0,0,0,0,0,1,1,0,0,0,1,0,1,1,0,1,1,1,0,0,0,1,0,1,0,0,0,0x014c,0x010b,0x0003,.text
8f50b321a69ff28c2dee055c5879a7fe8d46237cf1f4c21f9d135d511273c232,existing_benign,0,original,8f50b321a69ff28c2dee055c5879a7fe8d46237cf1f4c21f9d135d511273c232,56320,6.159919656057973,232,6,2102,0,224,14,38,10,0,10,0,10,0,45056,11776,0,42032,0.5700954861111112,4194304,4096,512,73728,1024,0.013888888888888888,0.6111111111111112,0.1597222222222222,59370,16,262144,8192,1048576,4096,55296,56800,45056,45056,1,2,0,0,0,0,0,45056,45056,3.7443752036230173,6.413555277922227,6.201794120271972,0,0,22,99,0,0,0,0,0,460,1080,0,0,2752,112,0,0,0,196,0,484,256,0,0,0,0,0,1,0,0,0,1,0,0,1,1,1,0,0,1,1,1,0,0,0,0,0,0,0,1,0,0,0,1,0,1,1,0,0,1,1,0,0,0,1,0,1,1,0,0,0x014c,0x010b,0x0002,.text
8f6604857bf5ea6fc8f096947653e7b87f5033b92ca053d17f3bf30dd7bbb5d4,existing_benign,0,original,8f6604857bf5ea6fc8f096947653e7b87f5033b92ca053d17f3bf30dd7bbb5d4,51015616,6.596921325163103,128,6,0,0,224,3,0,6,1,1,0,6,1,19228672,1035776,0,482240,0.009396199122106944,4194304,4096,512,51322880,1024,1.995211492418196e-05,0.3746608140462889,0.020181564245810055,51057515,16,1048576,4096,1048576,4096,51001344,51308780,29667328,29667328,1,2,0,0,1,0,0,19228672,19228672,4.8204305443859425,6.675016670205503,6.065734617080927,0,13248,1,41,0,0,0,0,0,1040,0,0,11200,1067012,0,0,0,0,0,0,168,0,0,0,0,0,0,1,0,0,1,0,0,0,1,1,0,0,0,1,1,1,0,0,0,1,0,0,1,1,0,0,0,1,0,1,0,0,1,1,0,0,0,0,0,0,1,0,0,0,0x014c,0x010b,0x0003,.text
90063343c3b563d2cd0f476ba5fed094743b8b679c3dbc33cd1cb2b4ac12a329,existing_benign,0,original,90063343c3b563d2cd0f476ba5fed094743b8b679c3dbc33cd1cb2b4ac12a329,38912,5.872888528775159,240,6,2070,0,224,14,38,10,0,10,0,10,0,29696,9216,0,18784,0.3275669642857143,4194304,4096,512,57344,1024,0.017857142857142856,0.5178571428571429,0.16071428571428573,83532,16,262144,65536,1048576,4096,37888,38816,29696,29696,1,2,0,0,0,0,0,29696,29696,4.101369110886039,5.947390944597138,5.933984548974152,0,0,15,72,0,0,0,0,8744,320,2024,0,0,1688,112,0,0,0,196,0,348,256,0,0,0,0,0,1,0,0,0,1,0,0,1,1,1,0,0,1,1,1,0,0,0,0,0,0,0,1,0,0,0,1,1,1,1,0,0,1,1,0,0,0,1,0,1,1,0,0,0x014c,0x010b,0x0002,.text
90860a1666e72d76402cd46fed20cc185ca1ef355c0365c4809b63ee74f5a7e6,existing_benign,0,original,90860a1666e72d76402cd46fed20cc185ca1ef355c0365c4809b63ee74f5a7e6,22312,6.650396222193116,128,3,2103,0,224,48,0,4,0,0,0,4,0,9216,2048,0,17310,0.422607421875,268435456,8192,512,40960,512,0.0125,0.225,0.05,77602,16,1048576,4096,1048576,4096,11264,11264,9216,9216,1,0,0,0,0,0,0,9216,9216,2.9235527178527208,5.65513586353046,5.65513586353046,0,10536,1,1,0,0,0,0,0,79,1344,0,10536,12,28,0,0,0,0,0,8,0,72,0,0,0,1,0,0,1,0,1,0,0,1,1,0,0,0,1,1,1,0,0,0,0,0,0,1,1,0,0,0,1,0,1,1,0,1,1,1,0,0,0,0,0,1,0,1,0,0x014c,0x010b,0x0003,.text
90b7e193fc11a7f8d2dc6867a92b8b310503c376cf93bef4c51a53320cfc584d,existing_benign,0,original,90b7e193fc11a7f8d2dc6867a92b8b310503c376cf93bef4c51a53320cfc584d,17920,5.320746055390419,248,6,1972,0,224,14,38,10,0,10,0,10,0,9216,11264,0,11040,0.2994791666666667,4194304,4096,512,36864,1024,0.027777777777777776,0.25,0.3055555555555556,71101,16,262144,8192,1048576,4096,16896,20064,9216,9216,1,2,0,0,0,0,0,9216,9216,3.2975963557293535,5.946912175960809,5.946912175960809,0,0,19,57,0,0,0,0,0,400,2096,0,0,680,112,0,0,0,196,0,304,64,0,0,0,0,0,1,0,0,0,1,0,0,1,1,1,0,0,1,1,1,0,0,0,0,0,0,0,1,0,0,0,1,0,1,1,0,0,1,1,0,0,0,1,0,1,1,0,0,0x014c,0x010b,0x0003,.text
911108b9c6dd2bcd93dc4c204d2e1905f10083202908b802921579cf83394caf,existing_benign,0,original,911108b9c6dd2bcd93dc4c204d2e1905f10083202908b802921579cf83394caf,31576,6.371261058562084,240,5,2003,0,224,14,38,10,0,10,0,6,1,12288,8704,0,14208,0.43359375,4194304,4096,512,32768,1024,0.03125,0.375,0.265625,67259,16,262144,8192,1048576,4096,19968,20576,12288,12288,1,1,0,0,0,0,0,12288,12288,3.5753918109554674,6.040742895807869,6.040742895807869,0,10584,4,57,0,0,0,0,0,100,3592,0,10584,556,112,0,0,24,64,0,244,0,0,0,0,0,0,1,0,0,0,0,0,0,1,1,1,0,0,1,1,1,0,0,0,0,0,0,1,1,0,0,0,1,0,1,1,0,1,1,1,0,0,1,1,0,1,0,0,0,0x014c,0x010b,0x0003,.text
913a4732c8596e32f45baa887bcfe2058ca81bcdec54f73bc1b598562359ed72,existing_benign,0,original,913a4732c8596e32f45baa887bcfe2058ca81bcdec54f73bc1b598562359ed72,1287168,6.490472636521048,240,6,2025,0,224,14,38,10,0,10,0,10,0,1156608,140800,0,1080080,0.8214685552959502,4194304,4096,512,1314816,1024,0.000778816199376947,0.8796728971962616,0.10708722741433022,1319485,16,262144,8192,1048576,4096,1286144,1296928,1156608,1156608,1,2,0,0,0,0,0,1156608,1156608,4.995500794773899,6.791534573355193,6.429924327007369,0,0,26,742,62,0,0,0,0,540,4160,0,0,63664,112,0,0,0,196,0,3072,448,0,0,0,0,0,1,0,0,0,0,0,0,1,1,1,0,0,1,1,1,0,0,0,0,0,0,0,1,0,0,1,1,0,1,1,0,0,1,1,0,0,0,1,0,1,1,0,0,0x014c,0x010b,0x0003,.text
91b607a875e9e2798adf4709d020e4694fa01a89c52ada9b2aa828c477c37a6b,existing_benign,0,original,91b607a875e9e2798adf4709d020e4694fa01a89c52ada9b2aa828c477c37a6b,64512,6.288598273464807,256,6,2036,0,224,14,38,10,0,10,0,10,0,52736,274432,0,52448,0.15243675595238096,4194304,4096,512,344064,1024,0.002976190476190476,0.15327380952380953,0.7976190476190477,70714,16,262144,8192,1048576,4096,63488,327040,52736,264064,1,2,0,0,0,0,0,52736,52736,3.7672699898966187,6.428184087752609,6.262227047380596,0,0,29,121,0,0,0,0,0,600,2024,0,0,2328,112,0,0,0,196,0,600,96,0,0,0,0,0,1,0,0,0,1,0,0,1,1,1,0,0,1,1,1,0,0,0,0,0,0,0,1,0,0,0,1,0,1,1,0,0,1,1,0,0,0,1,0,1,1,0,0,0x014c,0x010b,0x0003,.text
91e847eeada566267bae51a6bab8237a584ec13bbe2673702ec891d09256281a,existing_benign,0,original,91e847eeada566267bae51a6bab8237a584ec13bbe2673702ec891d09256281a,203776,6.479371363288127,248,6,2008,0,224,14,38,10,0,10,0,10,0,166912,27136,0,163712,0.7837009803921569,4194304,4096,512,208896,1024,0.004901960784313725,0.7990196078431373,0.12990196078431374,262915,16,262144,8192,1048576,4096,193024,193984,166912,166912,1,2,0,0,0,0,0,166912,166912,4.392555841922413,6.653266218536387,6.323901004791207,0,9728,43,219,0,0,0,0,0,880,2032,0,9728,7872,112,0,0,0,196,0,1048,192,0,0,0,0,0,1,0,0,0,0,0,0,1,1,1,0,0,1,1,1,0,0,0,0,0,0,1,1,0,0,0,1,0,1,1,0,1,1,1,0,0,0,1,0,1,1,0,0,0x014c,0x010b,0x0003,.text
91f426e9d19b5e697d2a264a51a3c37579d773559f5c8809a5829e0e93bd4838,existing_benign,0,original,91f426e9d19b5e697d2a264a51a3c37579d773559f5c8809a5829e0e93bd4838,469936,6.412550887367839,272,5,2025,0,224,9,0,5,0,0,0,5,0,334336,123392,0,317810,0.6688821726831896,4194304,4096,512,475136,1024,0.0021551724137931034,0.7036637931034483,0.25969827586206895,494420,16,1048576,4096,1048576,4096,457728,458992,334336,334336,1,1,0,0,0,0,0,334336,334336,5.447344650425573,6.597747003378008,6.277874296495436,0,11184,15,470,1,0,0,0,0,320,25836,0,11184,18376,28,0,0,0,64,0,1940,0,0,0,0,0,0,1,0,0,0,0,0,0,1,1,0,0,0,1,1,1,0,0,0,0,0,0,1,1,0,0,1,1,0,1,1,0,1,1,1,0,0,0,1,0,1,0,0,0,0x014c,0x010b,0x0002,.text
922a22ef828af116fa26a62c8f578a23b5b2db43cd557c57dbceec9edba29855,existing_benign,0,original,922a22ef828af116fa26a62c8f578a23b5b2db43cd557c57dbceec9edba29855,22360,6.710515584395235,232,5,1982,0,224,14,38,10,0,10,0,6,0,6656,5120,0,8992,0.31361607142857145,4194304,4096,512,28672,1024,0.03571428571428571,0.23214285714285715,0.17857142857142858,62710,16,262144,8192,1048576,4096,10752,11360,6656,6656,1,1,0,0,0,0,0,6656,6656,3.9896548964295846,6.028849061139172,6.028849061139172,0,10584,3,37,0,0,0,0,0,80,1520,0,10584,428,112,0,0,0,64,0,160,0,0,0,0,0,0,1,0,0,0,1,0,0,1,1,1,0,0,1,1,1,0,0,0,0,0,0,1,1,0,0,0,1,0,1,1,0,1,1,1,0,0,0,1,0,1,0,0,0,0x014c,0x010b,0x0003,.text
93a81120d3f675c94f7eb9cf08daf33a0afdcd908b66619ed150c56e92d037e9,existing_benign,0,original,93a81120d3f675c94f7eb9cf08daf33a0afdcd908b66619ed150c56e92d037e9,36864,6.097563049445122,232,5,2039,0,224,14,38,10,0,10,0,10,0,28672,8704,0,28704,0.583984375,4194304,4096,512,49152,1024,0.020833333333333332,0.5833333333333334,0.17708333333333334,61055,16,262144,8192,1048576,4096,35840,36928,28672,28672,1,1,0,0,0,0,0,28672,28672,4.250702046080044,6.3891456997645415,6.246638550750077,0,0,18,75,0,0,0,0,0,380,1064,0,0,1428,112,0,0,0,196,0,372,0,0,0,0,0,0,1,0,0,0,1,0,0,1,1,1,0,0,1,1,1,0,0,0,0,0,0,0,1,0,0,0,1,0,1,1,0,0,1,1,0,0,0,1,0,1,0,0,0,0x014c,0x010b,0x0002,.text
