path,reason
C:\hiberfil.sys,Exception: Unable to access file 'C:\hiberfil.sys': [Errno 13] Permission denied: 'C:\\hiberfil.sys'
C:\pagefile.sys,Exception: Unable to access file 'C:\pagefile.sys': [Errno 13] Permission denied: 'C:\\pagefile.sys'
C:\swapfile.sys,Exception: Unable to access file 'C:\swapfile.sys': [Errno 13] Permission denied: 'C:\\swapfile.sys'
C:\altera\90\quartus\bin\icudt34.dll,"TypeError: int() argument must be a string, a bytes-like object or a real number, not 'NoneType'"
C:\altera\90\quartus\bin\cygwin\usr\share\terminfo\a\ansi.sys,PEFormatError: 'DOS Header magic not found.'
C:\altera\90\quartus\bin\cygwin\usr\share\terminfo\n\nansi.sys,PEFormatError: 'DOS Header magic not found.'
C:\altera\90\quartus\bin64\icudt34.dll,"TypeError: int() argument must be a string, a bytes-like object or a real number, not 'NoneType'"
C:\altera\90\quartus\drivers\sentinel\setup.exe,PEFormatError: 'Invalid NT Headers signature. Probably a NE file'
C:\altera\90\quartus\eda\synopsys\examples\tstrom.scr,PEFormatError: 'DOS Header magic not found.'
C:\altera\90\quartus\eda\synopsys\primetime\examples\run_pt.scr,PEFormatError: 'DOS Header magic not found.'
C:\Documents and Settings\yukiho\.cache\codex-runtimes\codex-primary-runtime\dependencies\native\git\mingw64\bin\git-credential-manager.exe,"TypeError: int() argument must be a string, a bytes-like object or a real number, not 'NoneType'"
C:\Documents and Settings\yukiho\.cache\codex-runtimes\codex-primary-runtime\dependencies\native\jxrlib\jxrlib\bin\api-ms-win-core-console-l1-1-0.dll,"TypeError: int() argument must be a string, a bytes-like object or a real number, not 'NoneType'"
C:\Documents and Settings\yukiho\.cache\codex-runtimes\codex-primary-runtime\dependencies\native\jxrlib\jxrlib\bin\api-ms-win-core-console-l1-2-0.dll,"TypeError: int() argument must be a string, a bytes-like object or a real number, not 'NoneType'"
C:\Documents and Settings\yukiho\.cache\codex-runtimes\codex-primary-runtime\dependencies\native\jxrlib\jxrlib\bin\api-ms-win-core-datetime-l1-1-0.dll,"TypeError: int() argument must be a string, a bytes-like object or a real number, not 'NoneType'"
C:\Documents and Settings\yukiho\.cache\codex-runtimes\codex-primary-runtime\dependencies\native\jxrlib\jxrlib\bin\api-ms-win-core-debug-l1-1-0.dll,"TypeError: int() argument must be a string, a bytes-like object or a real number, not 'NoneType'"
C:\Documents and Settings\yukiho\.cache\codex-runtimes\codex-primary-runtime\dependencies\native\jxrlib\jxrlib\bin\api-ms-win-core-errorhandling-l1-1-0.dll,"TypeError: int() argument must be a string, a bytes-like object or a real number, not 'NoneType'"
C:\Documents and Settings\yukiho\.cache\codex-runtimes\codex-primary-runtime\dependencies\native\jxrlib\jxrlib\bin\api-ms-win-core-fibers-l1-1-0.dll,"TypeError: int() argument must be a string, a bytes-like object or a real number, not 'NoneType'"
C:\Documents and Settings\yukiho\.cache\codex-runtimes\codex-primary-runtime\dependencies\native\jxrlib\jxrlib\bin\api-ms-win-core-fibers-l1-1-1.dll,"TypeError: int() argument must be a string, a bytes-like object or a real number, not 'NoneType'"
C:\Documents and Settings\yukiho\.cache\codex-runtimes\codex-primary-runtime\dependencies\native\jxrlib\jxrlib\bin\api-ms-win-core-file-l1-1-0.dll,"TypeError: int() argument must be a string, a bytes-like object or a real number, not 'NoneType'"
C:\Documents and Settings\yukiho\.cache\codex-runtimes\codex-primary-runtime\dependencies\native\jxrlib\jxrlib\bin\api-ms-win-core-file-l1-2-0.dll,"TypeError: int() argument must be a string, a bytes-like object or a real number, not 'NoneType'"
C:\Documents and Settings\yukiho\.cache\codex-runtimes\codex-primary-runtime\dependencies\native\jxrlib\jxrlib\bin\api-ms-win-core-file-l2-1-0.dll,"TypeError: int() argument must be a string, a bytes-like object or a real number, not 'NoneType'"
C:\Documents and Settings\yukiho\.cache\codex-runtimes\codex-primary-runtime\dependencies\native\jxrlib\jxrlib\bin\api-ms-win-core-handle-l1-1-0.dll,"TypeError: int() argument must be a string, a bytes-like object or a real number, not 'NoneType'"
C:\Documents and Settings\yukiho\.cache\codex-runtimes\codex-primary-runtime\dependencies\native\jxrlib\jxrlib\bin\api-ms-win-core-heap-l1-1-0.dll,"TypeError: int() argument must be a string, a bytes-like object or a real number, not 'NoneType'"
C:\Documents and Settings\yukiho\.cache\codex-runtimes\codex-primary-runtime\dependencies\native\jxrlib\jxrlib\bin\api-ms-win-core-interlocked-l1-1-0.dll,"TypeError: int() argument must be a string, a bytes-like object or a real number, not 'NoneType'"
C:\Documents and Settings\yukiho\.cache\codex-runtimes\codex-primary-runtime\dependencies\native\jxrlib\jxrlib\bin\api-ms-win-core-kernel32-legacy-l1-1-1.dll,"TypeError: int() argument must be a string, a bytes-like object or a real number, not 'NoneType'"
C:\Documents and Settings\yukiho\.cache\codex-runtimes\codex-primary-runtime\dependencies\native\jxrlib\jxrlib\bin\api-ms-win-core-libraryloader-l1-1-0.dll,"TypeError: int() argument must be a string, a bytes-like object or a real number, not 'NoneType'"
C:\Documents and Settings\yukiho\.cache\codex-runtimes\codex-primary-runtime\dependencies\native\jxrlib\jxrlib\bin\api-ms-win-core-localization-l1-2-0.dll,"TypeError: int() argument must be a string, a bytes-like object or a real number, not 'NoneType'"
C:\Documents and Settings\yukiho\.cache\codex-runtimes\codex-primary-runtime\dependencies\native\jxrlib\jxrlib\bin\api-ms-win-core-memory-l1-1-0.dll,"TypeError: int() argument must be a string, a bytes-like object or a real number, not 'NoneType'"
C:\Documents and Settings\yukiho\.cache\codex-runtimes\codex-primary-runtime\dependencies\native\jxrlib\jxrlib\bin\api-ms-win-core-namedpipe-l1-1-0.dll,"TypeError: int() argument must be a string, a bytes-like object or a real number, not 'NoneType'"
C:\Documents and Settings\yukiho\.cache\codex-runtimes\codex-primary-runtime\dependencies\native\jxrlib\jxrlib\bin\api-ms-win-core-processenvironment-l1-1-0.dll,"TypeError: int() argument must be a string, a bytes-like object or a real number, not 'NoneType'"
C:\Documents and Settings\yukiho\.cache\codex-runtimes\codex-primary-runtime\dependencies\native\jxrlib\jxrlib\bin\api-ms-win-core-processthreads-l1-1-0.dll,"TypeError: int() argument must be a string, a bytes-like object or a real number, not 'NoneType'"
C:\Documents and Settings\yukiho\.cache\codex-runtimes\codex-primary-runtime\dependencies\native\jxrlib\jxrlib\bin\api-ms-win-core-processthreads-l1-1-1.dll,"TypeError: int() argument must be a string, a bytes-like object or a real number, not 'NoneType'"
C:\Documents and Settings\yukiho\.cache\codex-runtimes\codex-primary-runtime\dependencies\native\jxrlib\jxrlib\bin\api-ms-win-core-profile-l1-1-0.dll,"TypeError: int() argument must be a string, a bytes-like object or a real number, not 'NoneType'"
C:\Documents and Settings\yukiho\.cache\codex-runtimes\codex-primary-runtime\dependencies\native\jxrlib\jxrlib\bin\api-ms-win-core-rtlsupport-l1-1-0.dll,"TypeError: int() argument must be a string, a bytes-like object or a real number, not 'NoneType'"
C:\Documents and Settings\yukiho\.cache\codex-runtimes\codex-primary-runtime\dependencies\native\jxrlib\jxrlib\bin\api-ms-win-core-string-l1-1-0.dll,"TypeError: int() argument must be a string, a bytes-like object or a real number, not 'NoneType'"
C:\Documents and Settings\yukiho\.cache\codex-runtimes\codex-primary-runtime\dependencies\native\jxrlib\jxrlib\bin\api-ms-win-core-synch-l1-1-0.dll,"TypeError: int() argument must be a string, a bytes-like object or a real number, not 'NoneType'"
C:\Documents and Settings\yukiho\.cache\codex-runtimes\codex-primary-runtime\dependencies\native\jxrlib\jxrlib\bin\api-ms-win-core-synch-l1-2-0.dll,"TypeError: int() argument must be a string, a bytes-like object or a real number, not 'NoneType'"
C:\Documents and Settings\yukiho\.cache\codex-runtimes\codex-primary-runtime\dependencies\native\jxrlib\jxrlib\bin\api-ms-win-core-sysinfo-l1-1-0.dll,"TypeError: int() argument must be a string, a bytes-like object or a real number, not 'NoneType'"
C:\Documents and Settings\yukiho\.cache\codex-runtimes\codex-primary-runtime\dependencies\native\jxrlib\jxrlib\bin\api-ms-win-core-sysinfo-l1-2-0.dll,"TypeError: int() argument must be a string, a bytes-like object or a real number, not 'NoneType'"
C:\Documents and Settings\yukiho\.cache\codex-runtimes\codex-primary-runtime\dependencies\native\jxrlib\jxrlib\bin\api-ms-win-core-timezone-l1-1-0.dll,"TypeError: int() argument must be a string, a bytes-like object or a real number, not 'NoneType'"
C:\Documents and Settings\yukiho\.cache\codex-runtimes\codex-primary-runtime\dependencies\native\jxrlib\jxrlib\bin\api-ms-win-core-util-l1-1-0.dll,"TypeError: int() argument must be a string, a bytes-like object or a real number, not 'NoneType'"
C:\Documents and Settings\yukiho\.cache\codex-runtimes\codex-primary-runtime\dependencies\native\jxrlib\jxrlib\bin\api-ms-win-crt-conio-l1-1-0.dll,"TypeError: int() argument must be a string, a bytes-like object or a real number, not 'NoneType'"
C:\Documents and Settings\yukiho\.cache\codex-runtimes\codex-primary-runtime\dependencies\native\jxrlib\jxrlib\bin\api-ms-win-crt-convert-l1-1-0.dll,"TypeError: int() argument must be a string, a bytes-like object or a real number, not 'NoneType'"
C:\Documents and Settings\yukiho\.cache\codex-runtimes\codex-primary-runtime\dependencies\native\jxrlib\jxrlib\bin\api-ms-win-crt-environment-l1-1-0.dll,"TypeError: int() argument must be a string, a bytes-like object or a real number, not 'NoneType'"
C:\Documents and Settings\yukiho\.cache\codex-runtimes\codex-primary-runtime\dependencies\native\jxrlib\jxrlib\bin\api-ms-win-crt-filesystem-l1-1-0.dll,"TypeError: int() argument must be a string, a bytes-like object or a real number, not 'NoneType'"
C:\Documents and Settings\yukiho\.cache\codex-runtimes\codex-primary-runtime\dependencies\native\jxrlib\jxrlib\bin\api-ms-win-crt-heap-l1-1-0.dll,"TypeError: int() argument must be a string, a bytes-like object or a real number, not 'NoneType'"
C:\Documents and Settings\yukiho\.cache\codex-runtimes\codex-primary-runtime\dependencies\native\jxrlib\jxrlib\bin\api-ms-win-crt-locale-l1-1-0.dll,"TypeError: int() argument must be a string, a bytes-like object or a real number, not 'NoneType'"
C:\Documents and Settings\yukiho\.cache\codex-runtimes\codex-primary-runtime\dependencies\native\jxrlib\jxrlib\bin\api-ms-win-crt-math-l1-1-0.dll,"TypeError: int() argument must be a string, a bytes-like object or a real number, not 'NoneType'"
C:\Documents and Settings\yukiho\.cache\codex-runtimes\codex-primary-runtime\dependencies\native\jxrlib\jxrlib\bin\api-ms-win-crt-multibyte-l1-1-0.dll,"TypeError: int() argument must be a string, a bytes-like object or a real number, not 'NoneType'"
C:\Documents and Settings\yukiho\.cache\codex-runtimes\codex-primary-runtime\dependencies\native\jxrlib\jxrlib\bin\api-ms-win-crt-private-l1-1-0.dll,"TypeError: int() argument must be a string, a bytes-like object or a real number, not 'NoneType'"
C:\Documents and Settings\yukiho\.cache\codex-runtimes\codex-primary-runtime\dependencies\native\jxrlib\jxrlib\bin\api-ms-win-crt-process-l1-1-0.dll,"TypeError: int() argument must be a string, a bytes-like object or a real number, not 'NoneType'"
C:\Documents and Settings\yukiho\.cache\codex-runtimes\codex-primary-runtime\dependencies\native\jxrlib\jxrlib\bin\api-ms-win-crt-runtime-l1-1-0.dll,"TypeError: int() argument must be a string, a bytes-like object or a real number, not 'NoneType'"
C:\Documents and Settings\yukiho\.cache\codex-runtimes\codex-primary-runtime\dependencies\native\jxrlib\jxrlib\bin\api-ms-win-crt-stdio-l1-1-0.dll,"TypeError: int() argument must be a string, a bytes-like object or a real number, not 'NoneType'"
C:\Documents and Settings\yukiho\.cache\codex-runtimes\codex-primary-runtime\dependencies\native\jxrlib\jxrlib\bin\api-ms-win-crt-string-l1-1-0.dll,"TypeError: int() argument must be a string, a bytes-like object or a real number, not 'NoneType'"
C:\Documents and Settings\yukiho\.cache\codex-runtimes\codex-primary-runtime\dependencies\native\jxrlib\jxrlib\bin\api-ms-win-crt-time-l1-1-0.dll,"TypeError: int() argument must be a string, a bytes-like object or a real number, not 'NoneType'"
C:\Documents and Settings\yukiho\.cache\codex-runtimes\codex-primary-runtime\dependencies\native\jxrlib\jxrlib\bin\api-ms-win-crt-utility-l1-1-0.dll,"TypeError: int() argument must be a string, a bytes-like object or a real number, not 'NoneType'"
C:\Documents and Settings\yukiho\.cache\codex-runtimes\codex-primary-runtime\dependencies\native\libheif\libheif\bin\api-ms-win-core-console-l1-1-0.dll,"TypeError: int() argument must be a string, a bytes-like object or a real number, not 'NoneType'"
C:\Documents and Settings\yukiho\.cache\codex-runtimes\codex-primary-runtime\dependencies\native\libheif\libheif\bin\api-ms-win-core-console-l1-2-0.dll,"TypeError: int() argument must be a string, a bytes-like object or a real number, not 'NoneType'"
C:\Documents and Settings\yukiho\.cache\codex-runtimes\codex-primary-runtime\dependencies\native\libheif\libheif\bin\api-ms-win-core-datetime-l1-1-0.dll,"TypeError: int() argument must be a string, a bytes-like object or a real number, not 'NoneType'"
C:\Documents and Settings\yukiho\.cache\codex-runtimes\codex-primary-runtime\dependencies\native\libheif\libheif\bin\api-ms-win-core-debug-l1-1-0.dll,"TypeError: int() argument must be a string, a bytes-like object or a real number, not 'NoneType'"
C:\Documents and Settings\yukiho\.cache\codex-runtimes\codex-primary-runtime\dependencies\native\libheif\libheif\bin\api-ms-win-core-errorhandling-l1-1-0.dll,"TypeError: int() argument must be a string, a bytes-like object or a real number, not 'NoneType'"
C:\Documents and Settings\yukiho\.cache\codex-runtimes\codex-primary-runtime\dependencies\native\libheif\libheif\bin\api-ms-win-core-fibers-l1-1-0.dll,"TypeError: int() argument must be a string, a bytes-like object or a real number, not 'NoneType'"
C:\Documents and Settings\yukiho\.cache\codex-runtimes\codex-primary-runtime\dependencies\native\libheif\libheif\bin\api-ms-win-core-fibers-l1-1-1.dll,"TypeError: int() argument must be a string, a bytes-like object or a real number, not 'NoneType'"
C:\Documents and Settings\yukiho\.cache\codex-runtimes\codex-primary-runtime\dependencies\native\libheif\libheif\bin\api-ms-win-core-file-l1-1-0.dll,"TypeError: int() argument must be a string, a bytes-like object or a real number, not 'NoneType'"
C:\Documents and Settings\yukiho\.cache\codex-runtimes\codex-primary-runtime\dependencies\native\libheif\libheif\bin\api-ms-win-core-file-l1-2-0.dll,"TypeError: int() argument must be a string, a bytes-like object or a real number, not 'NoneType'"
C:\Documents and Settings\yukiho\.cache\codex-runtimes\codex-primary-runtime\dependencies\native\libheif\libheif\bin\api-ms-win-core-file-l2-1-0.dll,"TypeError: int() argument must be a string, a bytes-like object or a real number, not 'NoneType'"
C:\Documents and Settings\yukiho\.cache\codex-runtimes\codex-primary-runtime\dependencies\native\libheif\libheif\bin\api-ms-win-core-handle-l1-1-0.dll,"TypeError: int() argument must be a string, a bytes-like object or a real number, not 'NoneType'"
C:\Documents and Settings\yukiho\.cache\codex-runtimes\codex-primary-runtime\dependencies\native\libheif\libheif\bin\api-ms-win-core-heap-l1-1-0.dll,"TypeError: int() argument must be a string, a bytes-like object or a real number, not 'NoneType'"
C:\Documents and Settings\yukiho\.cache\codex-runtimes\codex-primary-runtime\dependencies\native\libheif\libheif\bin\api-ms-win-core-interlocked-l1-1-0.dll,"TypeError: int() argument must be a string, a bytes-like object or a real number, not 'NoneType'"
C:\Documents and Settings\yukiho\.cache\codex-runtimes\codex-primary-runtime\dependencies\native\libheif\libheif\bin\api-ms-win-core-kernel32-legacy-l1-1-1.dll,"TypeError: int() argument must be a string, a bytes-like object or a real number, not 'NoneType'"
C:\Documents and Settings\yukiho\.cache\codex-runtimes\codex-primary-runtime\dependencies\native\libheif\libheif\bin\api-ms-win-core-libraryloader-l1-1-0.dll,"TypeError: int() argument must be a string, a bytes-like object or a real number, not 'NoneType'"
C:\Documents and Settings\yukiho\.cache\codex-runtimes\codex-primary-runtime\dependencies\native\libheif\libheif\bin\api-ms-win-core-localization-l1-2-0.dll,"TypeError: int() argument must be a string, a bytes-like object or a real number, not 'NoneType'"
C:\Documents and Settings\yukiho\.cache\codex-runtimes\codex-primary-runtime\dependencies\native\libheif\libheif\bin\api-ms-win-core-memory-l1-1-0.dll,"TypeError: int() argument must be a string, a bytes-like object or a real number, not 'NoneType'"
C:\Documents and Settings\yukiho\.cache\codex-runtimes\codex-primary-runtime\dependencies\native\libheif\libheif\bin\api-ms-win-core-namedpipe-l1-1-0.dll,"TypeError: int() argument must be a string, a bytes-like object or a real number, not 'NoneType'"
C:\Documents and Settings\yukiho\.cache\codex-runtimes\codex-primary-runtime\dependencies\native\libheif\libheif\bin\api-ms-win-core-processenvironment-l1-1-0.dll,"TypeError: int() argument must be a string, a bytes-like object or a real number, not 'NoneType'"
C:\Documents and Settings\yukiho\.cache\codex-runtimes\codex-primary-runtime\dependencies\native\libheif\libheif\bin\api-ms-win-core-processthreads-l1-1-0.dll,"TypeError: int() argument must be a string, a bytes-like object or a real number, not 'NoneType'"
C:\Documents and Settings\yukiho\.cache\codex-runtimes\codex-primary-runtime\dependencies\native\libheif\libheif\bin\api-ms-win-core-processthreads-l1-1-1.dll,"TypeError: int() argument must be a string, a bytes-like object or a real number, not 'NoneType'"
C:\Documents and Settings\yukiho\.cache\codex-runtimes\codex-primary-runtime\dependencies\native\libheif\libheif\bin\api-ms-win-core-profile-l1-1-0.dll,"TypeError: int() argument must be a string, a bytes-like object or a real number, not 'NoneType'"
C:\Documents and Settings\yukiho\.cache\codex-runtimes\codex-primary-runtime\dependencies\native\libheif\libheif\bin\api-ms-win-core-rtlsupport-l1-1-0.dll,"TypeError: int() argument must be a string, a bytes-like object or a real number, not 'NoneType'"
C:\Documents and Settings\yukiho\.cache\codex-runtimes\codex-primary-runtime\dependencies\native\libheif\libheif\bin\api-ms-win-core-string-l1-1-0.dll,"TypeError: int() argument must be a string, a bytes-like object or a real number, not 'NoneType'"
C:\Documents and Settings\yukiho\.cache\codex-runtimes\codex-primary-runtime\dependencies\native\libheif\libheif\bin\api-ms-win-core-synch-l1-1-0.dll,"TypeError: int() argument must be a string, a bytes-like object or a real number, not 'NoneType'"
C:\Documents and Settings\yukiho\.cache\codex-runtimes\codex-primary-runtime\dependencies\native\libheif\libheif\bin\api-ms-win-core-synch-l1-2-0.dll,"TypeError: int() argument must be a string, a bytes-like object or a real number, not 'NoneType'"
C:\Documents and Settings\yukiho\.cache\codex-runtimes\codex-primary-runtime\dependencies\native\libheif\libheif\bin\api-ms-win-core-sysinfo-l1-1-0.dll,"TypeError: int() argument must be a string, a bytes-like object or a real number, not 'NoneType'"
C:\Documents and Settings\yukiho\.cache\codex-runtimes\codex-primary-runtime\dependencies\native\libheif\libheif\bin\api-ms-win-core-sysinfo-l1-2-0.dll,"TypeError: int() argument must be a string, a bytes-like object or a real number, not 'NoneType'"
C:\Documents and Settings\yukiho\.cache\codex-runtimes\codex-primary-runtime\dependencies\native\libheif\libheif\bin\api-ms-win-core-timezone-l1-1-0.dll,"TypeError: int() argument must be a string, a bytes-like object or a real number, not 'NoneType'"
C:\Documents and Settings\yukiho\.cache\codex-runtimes\codex-primary-runtime\dependencies\native\libheif\libheif\bin\api-ms-win-core-util-l1-1-0.dll,"TypeError: int() argument must be a string, a bytes-like object or a real number, not 'NoneType'"
C:\Documents and Settings\yukiho\.cache\codex-runtimes\codex-primary-runtime\dependencies\native\libheif\libheif\bin\api-ms-win-crt-conio-l1-1-0.dll,"TypeError: int() argument must be a string, a bytes-like object or a real number, not 'NoneType'"
C:\Documents and Settings\yukiho\.cache\codex-runtimes\codex-primary-runtime\dependencies\native\libheif\libheif\bin\api-ms-win-crt-convert-l1-1-0.dll,"TypeError: int() argument must be a string, a bytes-like object or a real number, not 'NoneType'"
C:\Documents and Settings\yukiho\.cache\codex-runtimes\codex-primary-runtime\dependencies\native\libheif\libheif\bin\api-ms-win-crt-environment-l1-1-0.dll,"TypeError: int() argument must be a string, a bytes-like object or a real number, not 'NoneType'"
C:\Documents and Settings\yukiho\.cache\codex-runtimes\codex-primary-runtime\dependencies\native\libheif\libheif\bin\api-ms-win-crt-filesystem-l1-1-0.dll,"TypeError: int() argument must be a string, a bytes-like object or a real number, not 'NoneType'"
C:\Documents and Settings\yukiho\.cache\codex-runtimes\codex-primary-runtime\dependencies\native\libheif\libheif\bin\api-ms-win-crt-heap-l1-1-0.dll,"TypeError: int() argument must be a string, a bytes-like object or a real number, not 'NoneType'"
C:\Documents and Settings\yukiho\.cache\codex-runtimes\codex-primary-runtime\dependencies\native\libheif\libheif\bin\api-ms-win-crt-locale-l1-1-0.dll,"TypeError: int() argument must be a string, a bytes-like object or a real number, not 'NoneType'"
C:\Documents and Settings\yukiho\.cache\codex-runtimes\codex-primary-runtime\dependencies\native\libheif\libheif\bin\api-ms-win-crt-math-l1-1-0.dll,"TypeError: int() argument must be a string, a bytes-like object or a real number, not 'NoneType'"
C:\Documents and Settings\yukiho\.cache\codex-runtimes\codex-primary-runtime\dependencies\native\libheif\libheif\bin\api-ms-win-crt-multibyte-l1-1-0.dll,"TypeError: int() argument must be a string, a bytes-like object or a real number, not 'NoneType'"
C:\Documents and Settings\yukiho\.cache\codex-runtimes\codex-primary-runtime\dependencies\native\libheif\libheif\bin\api-ms-win-crt-private-l1-1-0.dll,"TypeError: int() argument must be a string, a bytes-like object or a real number, not 'NoneType'"
C:\Documents and Settings\yukiho\.cache\codex-runtimes\codex-primary-runtime\dependencies\native\libheif\libheif\bin\api-ms-win-crt-process-l1-1-0.dll,"TypeError: int() argument must be a string, a bytes-like object or a real number, not 'NoneType'"
C:\Documents and Settings\yukiho\.cache\codex-runtimes\codex-primary-runtime\dependencies\native\libheif\libheif\bin\api-ms-win-crt-runtime-l1-1-0.dll,"TypeError: int() argument must be a string, a bytes-like object or a real number, not 'NoneType'"
C:\Documents and Settings\yukiho\.cache\codex-runtimes\codex-primary-runtime\dependencies\native\libheif\libheif\bin\api-ms-win-crt-stdio-l1-1-0.dll,"TypeError: int() argument must be a string, a bytes-like object or a real number, not 'NoneType'"
C:\Documents and Settings\yukiho\.cache\codex-runtimes\codex-primary-runtime\dependencies\native\libheif\libheif\bin\api-ms-win-crt-string-l1-1-0.dll,"TypeError: int() argument must be a string, a bytes-like object or a real number, not 'NoneType'"
C:\Documents and Settings\yukiho\.cache\codex-runtimes\codex-primary-runtime\dependencies\native\libheif\libheif\bin\api-ms-win-crt-time-l1-1-0.dll,"TypeError: int() argument must be a string, a bytes-like object or a real number, not 'NoneType'"
C:\Documents and Settings\yukiho\.cache\codex-runtimes\codex-primary-runtime\dependencies\native\libheif\libheif\bin\api-ms-win-crt-utility-l1-1-0.dll,"TypeError: int() argument must be a string, a bytes-like object or a real number, not 'NoneType'"
C:\Documents and Settings\yukiho\.cache\codex-runtimes\codex-primary-runtime\dependencies\native\poppler\Library\bin\api-ms-win-core-console-l1-1-0.dll,"TypeError: int() argument must be a string, a bytes-like object or a real number, not 'NoneType'"
C:\Documents and Settings\yukiho\.cache\codex-runtimes\codex-primary-runtime\dependencies\native\poppler\Library\bin\api-ms-win-core-console-l1-2-0.dll,"TypeError: int() argument must be a string, a bytes-like object or a real number, not 'NoneType'"
C:\Documents and Settings\yukiho\.cache\codex-runtimes\codex-primary-runtime\dependencies\native\poppler\Library\bin\api-ms-win-core-datetime-l1-1-0.dll,"TypeError: int() argument must be a string, a bytes-like object or a real number, not 'NoneType'"
C:\Documents and Settings\yukiho\.cache\codex-runtimes\codex-primary-runtime\dependencies\native\poppler\Library\bin\api-ms-win-core-debug-l1-1-0.dll,"TypeError: int() argument must be a string, a bytes-like object or a real number, not 'NoneType'"
C:\Documents and Settings\yukiho\.cache\codex-runtimes\codex-primary-runtime\dependencies\native\poppler\Library\bin\api-ms-win-core-errorhandling-l1-1-0.dll,"TypeError: int() argument must be a string, a bytes-like object or a real number, not 'NoneType'"
C:\Documents and Settings\yukiho\.cache\codex-runtimes\codex-primary-runtime\dependencies\native\poppler\Library\bin\api-ms-win-core-fibers-l1-1-0.dll,"TypeError: int() argument must be a string, a bytes-like object or a real number, not 'NoneType'"
C:\Documents and Settings\yukiho\.cache\codex-runtimes\codex-primary-runtime\dependencies\native\poppler\Library\bin\api-ms-win-core-fibers-l1-1-1.dll,"TypeError: int() argument must be a string, a bytes-like object or a real number, not 'NoneType'"
C:\Documents and Settings\yukiho\.cache\codex-runtimes\codex-primary-runtime\dependencies\native\poppler\Library\bin\api-ms-win-core-file-l1-1-0.dll,"TypeError: int() argument must be a string, a bytes-like object or a real number, not 'NoneType'"
C:\Documents and Settings\yukiho\.cache\codex-runtimes\codex-primary-runtime\dependencies\native\poppler\Library\bin\api-ms-win-core-file-l1-2-0.dll,"TypeError: int() argument must be a string, a bytes-like object or a real number, not 'NoneType'"
C:\Documents and Settings\yukiho\.cache\codex-runtimes\codex-primary-runtime\dependencies\native\poppler\Library\bin\api-ms-win-core-file-l2-1-0.dll,"TypeError: int() argument must be a string, a bytes-like object or a real number, not 'NoneType'"
C:\Documents and Settings\yukiho\.cache\codex-runtimes\codex-primary-runtime\dependencies\native\poppler\Library\bin\api-ms-win-core-handle-l1-1-0.dll,"TypeError: int() argument must be a string, a bytes-like object or a real number, not 'NoneType'"
C:\Documents and Settings\yukiho\.cache\codex-runtimes\codex-primary-runtime\dependencies\native\poppler\Library\bin\api-ms-win-core-heap-l1-1-0.dll,"TypeError: int() argument must be a string, a bytes-like object or a real number, not 'NoneType'"
C:\Documents and Settings\yukiho\.cache\codex-runtimes\codex-primary-runtime\dependencies\native\poppler\Library\bin\api-ms-win-core-interlocked-l1-1-0.dll,"TypeError: int() argument must be a string, a bytes-like object or a real number, not 'NoneType'"
C:\Documents and Settings\yukiho\.cache\codex-runtimes\codex-primary-runtime\dependencies\native\poppler\Library\bin\api-ms-win-core-kernel32-legacy-l1-1-1.dll,"TypeError: int() argument must be a string, a bytes-like object or a real number, not 'NoneType'"
C:\Documents and Settings\yukiho\.cache\codex-runtimes\codex-primary-runtime\dependencies\native\poppler\Library\bin\api-ms-win-core-libraryloader-l1-1-0.dll,"TypeError: int() argument must be a string, a bytes-like object or a real number, not 'NoneType'"
C:\Documents and Settings\yukiho\.cache\codex-runtimes\codex-primary-runtime\dependencies\native\poppler\Library\bin\api-ms-win-core-localization-l1-2-0.dll,"TypeError: int() argument must be a string, a bytes-like object or a real number, not 'NoneType'"
C:\Documents and Settings\yukiho\.cache\codex-runtimes\codex-primary-runtime\dependencies\native\poppler\Library\bin\api-ms-win-core-memory-l1-1-0.dll,"TypeError: int() argument must be a string, a bytes-like object or a real number, not 'NoneType'"
C:\Documents and Settings\yukiho\.cache\codex-runtimes\codex-primary-runtime\dependencies\native\poppler\Library\bin\api-ms-win-core-namedpipe-l1-1-0.dll,"TypeError: int() argument must be a string, a bytes-like object or a real number, not 'NoneType'"
C:\Documents and Settings\yukiho\.cache\codex-runtimes\codex-primary-runtime\dependencies\native\poppler\Library\bin\api-ms-win-core-processenvironment-l1-1-0.dll,"TypeError: int() argument must be a string, a bytes-like object or a real number, not 'NoneType'"
C:\Documents and Settings\yukiho\.cache\codex-runtimes\codex-primary-runtime\dependencies\native\poppler\Library\bin\api-ms-win-core-processthreads-l1-1-0.dll,"TypeError: int() argument must be a string, a bytes-like object or a real number, not 'NoneType'"
C:\Documents and Settings\yukiho\.cache\codex-runtimes\codex-primary-runtime\dependencies\native\poppler\Library\bin\api-ms-win-core-processthreads-l1-1-1.dll,"TypeError: int() argument must be a string, a bytes-like object or a real number, not 'NoneType'"
C:\Documents and Settings\yukiho\.cache\codex-runtimes\codex-primary-runtime\dependencies\native\poppler\Library\bin\api-ms-win-core-profile-l1-1-0.dll,"TypeError: int() argument must be a string, a bytes-like object or a real number, not 'NoneType'"
C:\Documents and Settings\yukiho\.cache\codex-runtimes\codex-primary-runtime\dependencies\native\poppler\Library\bin\api-ms-win-core-rtlsupport-l1-1-0.dll,"TypeError: int() argument must be a string, a bytes-like object or a real number, not 'NoneType'"
C:\Documents and Settings\yukiho\.cache\codex-runtimes\codex-primary-runtime\dependencies\native\poppler\Library\bin\api-ms-win-core-string-l1-1-0.dll,"TypeError: int() argument must be a string, a bytes-like object or a real number, not 'NoneType'"
C:\Documents and Settings\yukiho\.cache\codex-runtimes\codex-primary-runtime\dependencies\native\poppler\Library\bin\api-ms-win-core-synch-l1-1-0.dll,"TypeError: int() argument must be a string, a bytes-like object or a real number, not 'NoneType'"
C:\Documents and Settings\yukiho\.cache\codex-runtimes\codex-primary-runtime\dependencies\native\poppler\Library\bin\api-ms-win-core-synch-l1-2-0.dll,"TypeError: int() argument must be a string, a bytes-like object or a real number, not 'NoneType'"
C:\Documents and Settings\yukiho\.cache\codex-runtimes\codex-primary-runtime\dependencies\native\poppler\Library\bin\api-ms-win-core-sysinfo-l1-1-0.dll,"TypeError: int() argument must be a string, a bytes-like object or a real number, not 'NoneType'"
C:\Documents and Settings\yukiho\.cache\codex-runtimes\codex-primary-runtime\dependencies\native\poppler\Library\bin\api-ms-win-core-sysinfo-l1-2-0.dll,"TypeError: int() argument must be a string, a bytes-like object or a real number, not 'NoneType'"
C:\Documents and Settings\yukiho\.cache\codex-runtimes\codex-primary-runtime\dependencies\native\poppler\Library\bin\api-ms-win-core-timezone-l1-1-0.dll,"TypeError: int() argument must be a string, a bytes-like object or a real number, not 'NoneType'"
C:\Documents and Settings\yukiho\.cache\codex-runtimes\codex-primary-runtime\dependencies\native\poppler\Library\bin\api-ms-win-core-util-l1-1-0.dll,"TypeError: int() argument must be a string, a bytes-like object or a real number, not 'NoneType'"
C:\Documents and Settings\yukiho\.cache\codex-runtimes\codex-primary-runtime\dependencies\native\poppler\Library\bin\api-ms-win-crt-conio-l1-1-0.dll,"TypeError: int() argument must be a string, a bytes-like object or a real number, not 'NoneType'"
C:\Documents and Settings\yukiho\.cache\codex-runtimes\codex-primary-runtime\dependencies\native\poppler\Library\bin\api-ms-win-crt-convert-l1-1-0.dll,"TypeError: int() argument must be a string, a bytes-like object or a real number, not 'NoneType'"
C:\Documents and Settings\yukiho\.cache\codex-runtimes\codex-primary-runtime\dependencies\native\poppler\Library\bin\api-ms-win-crt-environment-l1-1-0.dll,"TypeError: int() argument must be a string, a bytes-like object or a real number, not 'NoneType'"
C:\Documents and Settings\yukiho\.cache\codex-runtimes\codex-primary-runtime\dependencies\native\poppler\Library\bin\api-ms-win-crt-filesystem-l1-1-0.dll,"TypeError: int() argument must be a string, a bytes-like object or a real number, not 'NoneType'"
C:\Documents and Settings\yukiho\.cache\codex-runtimes\codex-primary-runtime\dependencies\native\poppler\Library\bin\api-ms-win-crt-heap-l1-1-0.dll,"TypeError: int() argument must be a string, a bytes-like object or a real number, not 'NoneType'"
C:\Documents and Settings\yukiho\.cache\codex-runtimes\codex-primary-runtime\dependencies\native\poppler\Library\bin\api-ms-win-crt-locale-l1-1-0.dll,"TypeError: int() argument must be a string, a bytes-like object or a real number, not 'NoneType'"
C:\Documents and Settings\yukiho\.cache\codex-runtimes\codex-primary-runtime\dependencies\native\poppler\Library\bin\api-ms-win-crt-math-l1-1-0.dll,"TypeError: int() argument must be a string, a bytes-like object or a real number, not 'NoneType'"
C:\Documents and Settings\yukiho\.cache\codex-runtimes\codex-primary-runtime\dependencies\native\poppler\Library\bin\api-ms-win-crt-multibyte-l1-1-0.dll,"TypeError: int() argument must be a string, a bytes-like object or a real number, not 'NoneType'"
C:\Documents and Settings\yukiho\.cache\codex-runtimes\codex-primary-runtime\dependencies\native\poppler\Library\bin\api-ms-win-crt-private-l1-1-0.dll,"TypeError: int() argument must be a string, a bytes-like object or a real number, not 'NoneType'"
C:\Documents and Settings\yukiho\.cache\codex-runtimes\codex-primary-runtime\dependencies\native\poppler\Library\bin\api-ms-win-crt-process-l1-1-0.dll,"TypeError: int() argument must be a string, a bytes-like object or a real number, not 'NoneType'"
C:\Documents and Settings\yukiho\.cache\codex-runtimes\codex-primary-runtime\dependencies\native\poppler\Library\bin\api-ms-win-crt-runtime-l1-1-0.dll,"TypeError: int() argument must be a string, a bytes-like object or a real number, not 'NoneType'"
C:\Documents and Settings\yukiho\.cache\codex-runtimes\codex-primary-runtime\dependencies\native\poppler\Library\bin\api-ms-win-crt-stdio-l1-1-0.dll,"TypeError: int() argument must be a string, a bytes-like object or a real number, not 'NoneType'"
C:\Documents and Settings\yukiho\.cache\codex-runtimes\codex-primary-runtime\dependencies\native\poppler\Library\bin\api-ms-win-crt-string-l1-1-0.dll,"TypeError: int() argument must be a string, a bytes-like object or a real number, not 'NoneType'"
C:\Documents and Settings\yukiho\.cache\codex-runtimes\codex-primary-runtime\dependencies\native\poppler\Library\bin\api-ms-win-crt-time-l1-1-0.dll,"TypeError: int() argument must be a string, a bytes-like object or a real number, not 'NoneType'"
C:\Documents and Settings\yukiho\.cache\codex-runtimes\codex-primary-runtime\dependencies\native\poppler\Library\bin\api-ms-win-crt-utility-l1-1-0.dll,"TypeError: int() argument must be a string, a bytes-like object or a real number, not 'NoneType'"
C:\Documents and Settings\yukiho\.cache\codex-runtimes\codex-primary-runtime\dependencies\native\poppler\Library\bin\icudt.dll,"TypeError: int() argument must be a string, a bytes-like object or a real number, not 'NoneType'"
C:\Documents and Settings\yukiho\.cache\codex-runtimes\codex-primary-runtime\dependencies\native\poppler\Library\bin\icudt78.dll,"TypeError: int() argument must be a string, a bytes-like object or a real number, not 'NoneType'"
C:\Documents and Settings\yukiho\.cache\codex-runtimes\codex-primary-runtime\dependencies\python\python3.dll,"TypeError: int() argument must be a string, a bytes-like object or a real number, not 'NoneType'"
C:\Documents and Settings\yukiho\.gradle\caches\9.1.0\file-changes\last-build.bin,"PEFormatError: 'Unable to read the DOS Header, possibly a truncated file.'"
C:\Documents and Settings\yukiho\.gradle\caches\9.1.0\fileHashes\fileHashes.bin,PEFormatError: 'DOS Header magic not found.'
C:\Documents and Settings\yukiho\.gradle\caches\9.1.0\groovy-dsl\02e3e5b91bd2adaced92eb934906b782\workspace\metadata.bin,PEFormatError: 'DOS Header magic not found.'
C:\Documents and Settings\yukiho\.gradle\caches\9.1.0\groovy-dsl\02e3e5b91bd2adaced92eb934906b782\workspace\metadata\metadata.bin,"PEFormatError: 'Unable to read the DOS Header, possibly a truncated file.'"
C:\Documents and Settings\yukiho\.gradle\caches\9.1.0\groovy-dsl\1e06200847afd466e83d6472f39a5925\workspace\metadata.bin,PEFormatError: 'DOS Header magic not found.'
C:\Documents and Settings\yukiho\.gradle\caches\9.1.0\groovy-dsl\1e06200847afd466e83d6472f39a5925\workspace\metadata\metadata.bin,"PEFormatError: 'Unable to read the DOS Header, possibly a truncated file.'"
C:\Documents and Settings\yukiho\.gradle\caches\9.1.0\groovy-dsl\ee9e38c862771afd38a90a5d3f47fc51\workspace\metadata.bin,PEFormatError: 'DOS Header magic not found.'
C:\Documents and Settings\yukiho\.gradle\caches\9.1.0\groovy-dsl\ee9e38c862771afd38a90a5d3f47fc51\workspace\metadata\metadata.bin,"PEFormatError: 'Unable to read the DOS Header, possibly a truncated file.'"
C:\Documents and Settings\yukiho\.gradle\caches\9.4.0\file-changes\last-build.bin,"PEFormatError: 'Unable to read the DOS Header, possibly a truncated file.'"
C:\Documents and Settings\yukiho\.gradle\caches\9.4.0\fileHashes\fileHashes.bin,PEFormatError: 'DOS Header magic not found.'
C:\Documents and Settings\yukiho\.gradle\caches\9.4.0\fileHashes\resourceHashesCache.bin,PEFormatError: 'DOS Header magic not found.'
C:\Documents and Settings\yukiho\.gradle\caches\9.4.0\groovy-dsl\052a90c30c0614ebfa911faaf806a943\metadata.bin,PEFormatError: 'DOS Header magic not found.'
C:\Documents and Settings\yukiho\.gradle\caches\9.4.0\groovy-dsl\052a90c30c0614ebfa911faaf806a943\metadata\metadata.bin,"PEFormatError: 'Unable to read the DOS Header, possibly a truncated file.'"
C:\Documents and Settings\yukiho\.gradle\caches\9.4.0\groovy-dsl\1c4dd18b29c4d4bc478fa3812e2048cf\metadata.bin,PEFormatError: 'DOS Header magic not found.'
C:\Documents and Settings\yukiho\.gradle\caches\9.4.0\groovy-dsl\1c4dd18b29c4d4bc478fa3812e2048cf\metadata\metadata.bin,"PEFormatError: 'Unable to read the DOS Header, possibly a truncated file.'"
C:\Documents and Settings\yukiho\.gradle\caches\9.4.0\groovy-dsl\227347cf3dc27b5bfcdb87e94c53d9eb\metadata.bin,PEFormatError: 'DOS Header magic not found.'
C:\Documents and Settings\yukiho\.gradle\caches\9.4.0\groovy-dsl\227347cf3dc27b5bfcdb87e94c53d9eb\metadata\metadata.bin,"PEFormatError: 'Unable to read the DOS Header, possibly a truncated file.'"
C:\Documents and Settings\yukiho\.gradle\caches\9.4.0\groovy-dsl\2b3ebef4b7eacf0ee9b15c1262e844ba\metadata.bin,PEFormatError: 'DOS Header magic not found.'
C:\Documents and Settings\yukiho\.gradle\caches\9.4.0\groovy-dsl\2b3ebef4b7eacf0ee9b15c1262e844ba\metadata\metadata.bin,"PEFormatError: 'Unable to read the DOS Header, possibly a truncated file.'"
C:\Documents and Settings\yukiho\.gradle\caches\9.4.0\groovy-dsl\30e1f549b9a03f2c8849d9a506f8bbcc\metadata.bin,PEFormatError: 'DOS Header magic not found.'
C:\Documents and Settings\yukiho\.gradle\caches\9.4.0\groovy-dsl\30e1f549b9a03f2c8849d9a506f8bbcc\metadata\metadata.bin,"PEFormatError: 'Unable to read the DOS Header, possibly a truncated file.'"
C:\Documents and Settings\yukiho\.gradle\caches\9.4.0\groovy-dsl\3cf9fab22ac650fbb318f067946261f3\metadata.bin,PEFormatError: 'DOS Header magic not found.'
C:\Documents and Settings\yukiho\.gradle\caches\9.4.0\groovy-dsl\3cf9fab22ac650fbb318f067946261f3\metadata\metadata.bin,"PEFormatError: 'Unable to read the DOS Header, possibly a truncated file.'"
C:\Documents and Settings\yukiho\.gradle\caches\9.4.0\groovy-dsl\45a65760b37f60be3118dd24112b71c3\metadata.bin,PEFormatError: 'DOS Header magic not found.'
C:\Documents and Settings\yukiho\.gradle\caches\9.4.0\groovy-dsl\45a65760b37f60be3118dd24112b71c3\metadata\metadata.bin,"PEFormatError: 'Unable to read the DOS Header, possibly a truncated file.'"
C:\Documents and Settings\yukiho\.gradle\caches\9.4.0\groovy-dsl\61dac46690c74c3036fa014c7eab089f\metadata.bin,PEFormatError: 'DOS Header magic not found.'
C:\Documents and Settings\yukiho\.gradle\caches\9.4.0\groovy-dsl\61dac46690c74c3036fa014c7eab089f\metadata\metadata.bin,"PEFormatError: 'Unable to read the DOS Header, possibly a truncated file.'"
C:\Documents and Settings\yukiho\.gradle\caches\9.4.0\groovy-dsl\6de387a227c068dae0cc6ff2a0a169b3\metadata.bin,PEFormatError: 'DOS Header magic not found.'
C:\Documents and Settings\yukiho\.gradle\caches\9.4.0\groovy-dsl\6de387a227c068dae0cc6ff2a0a169b3\metadata\metadata.bin,"PEFormatError: 'Unable to read the DOS Header, possibly a truncated file.'"
C:\Documents and Settings\yukiho\.gradle\caches\9.4.0\groovy-dsl\750d958aec1abc885835e7095b192683\metadata.bin,PEFormatError: 'DOS Header magic not found.'
C:\Documents and Settings\yukiho\.gradle\caches\9.4.0\groovy-dsl\750d958aec1abc885835e7095b192683\metadata\metadata.bin,"PEFormatError: 'Unable to read the DOS Header, possibly a truncated file.'"
C:\Documents and Settings\yukiho\.gradle\caches\9.4.0\groovy-dsl\79cdccc8b41a0cb240fcd2857e78921d\metadata.bin,PEFormatError: 'DOS Header magic not found.'
C:\Documents and Settings\yukiho\.gradle\caches\9.4.0\groovy-dsl\79cdccc8b41a0cb240fcd2857e78921d\metadata\metadata.bin,"PEFormatError: 'Unable to read the DOS Header, possibly a truncated file.'"
C:\Documents and Settings\yukiho\.gradle\caches\9.4.0\groovy-dsl\8ff5fd4180218890b8c213fe12cdabb2\metadata.bin,PEFormatError: 'DOS Header magic not found.'
C:\Documents and Settings\yukiho\.gradle\caches\9.4.0\groovy-dsl\8ff5fd4180218890b8c213fe12cdabb2\metadata\metadata.bin,"PEFormatError: 'Unable to read the DOS Header, possibly a truncated file.'"
C:\Documents and Settings\yukiho\.gradle\caches\9.4.0\groovy-dsl\9582bf458d10a5a91c6d1757a32b1b39\metadata.bin,PEFormatError: 'DOS Header magic not found.'
C:\Documents and Settings\yukiho\.gradle\caches\9.4.0\groovy-dsl\9582bf458d10a5a91c6d1757a32b1b39\metadata\metadata.bin,"PEFormatError: 'Unable to read the DOS Header, possibly a truncated file.'"
C:\Documents and Settings\yukiho\.gradle\caches\9.4.0\groovy-dsl\b2cf38cc0f1a41013870fd804bbe0a1a\metadata.bin,PEFormatError: 'DOS Header magic not found.'
C:\Documents and Settings\yukiho\.gradle\caches\9.4.0\groovy-dsl\b2cf38cc0f1a41013870fd804bbe0a1a\metadata\metadata.bin,"PEFormatError: 'Unable to read the DOS Header, possibly a truncated file.'"
C:\Documents and Settings\yukiho\.gradle\caches\9.4.0\groovy-dsl\b689b4bfcfe88fb91c32713768721550\metadata.bin,PEFormatError: 'DOS Header magic not found.'
C:\Documents and Settings\yukiho\.gradle\caches\9.4.0\groovy-dsl\b689b4bfcfe88fb91c32713768721550\metadata\metadata.bin,"PEFormatError: 'Unable to read the DOS Header, possibly a truncated file.'"
C:\Documents and Settings\yukiho\.gradle\caches\9.4.0\groovy-dsl\bd0f2b1a914a5ab9b965e9894d4c9d62\metadata.bin,PEFormatError: 'DOS Header magic not found.'
C:\Documents and Settings\yukiho\.gradle\caches\9.4.0\groovy-dsl\bd0f2b1a914a5ab9b965e9894d4c9d62\metadata\metadata.bin,"PEFormatError: 'Unable to read the DOS Header, possibly a truncated file.'"
C:\Documents and Settings\yukiho\.gradle\caches\9.4.0\groovy-dsl\c46ec055e47292435d3255752a30604e\metadata.bin,PEFormatError: 'DOS Header magic not found.'
C:\Documents and Settings\yukiho\.gradle\caches\9.4.0\groovy-dsl\c46ec055e47292435d3255752a30604e\metadata\metadata.bin,"PEFormatError: 'Unable to read the DOS Header, possibly a truncated file.'"
C:\Documents and Settings\yukiho\.gradle\caches\9.4.0\groovy-dsl\cac8687ae0717da61c21f5eb72bc6cda\metadata.bin,PEFormatError: 'DOS Header magic not found.'
C:\Documents and Settings\yukiho\.gradle\caches\9.4.0\groovy-dsl\cac8687ae0717da61c21f5eb72bc6cda\metadata\metadata.bin,"PEFormatError: 'Unable to read the DOS Header, possibly a truncated file.'"
C:\Documents and Settings\yukiho\.gradle\caches\9.4.0\groovy-dsl\d7e828deb31b43ca37ac5f7b8475bff7\metadata.bin,PEFormatError: 'DOS Header magic not found.'
C:\Documents and Settings\yukiho\.gradle\caches\9.4.0\groovy-dsl\d7e828deb31b43ca37ac5f7b8475bff7\metadata\metadata.bin,"PEFormatError: 'Unable to read the DOS Header, possibly a truncated file.'"
C:\Documents and Settings\yukiho\.gradle\caches\9.4.0\groovy-dsl\e94c7cd547e0d2024907e077f71d5d89\metadata.bin,PEFormatError: 'DOS Header magic not found.'
C:\Documents and Settings\yukiho\.gradle\caches\9.4.0\groovy-dsl\e94c7cd547e0d2024907e077f71d5d89\metadata\metadata.bin,"PEFormatError: 'Unable to read the DOS Header, possibly a truncated file.'"
C:\Documents and Settings\yukiho\.gradle\caches\9.4.0\groovy-dsl\fa08b5b47e4023cfcfcd730e30195132\metadata.bin,PEFormatError: 'DOS Header magic not found.'
C:\Documents and Settings\yukiho\.gradle\caches\9.4.0\groovy-dsl\fa08b5b47e4023cfcfcd730e30195132\metadata\metadata.bin,"PEFormatError: 'Unable to read the DOS Header, possibly a truncated file.'"
C:\Documents and Settings\yukiho\.gradle\caches\9.4.0\groovy-dsl\fb6c0c53c0d696cdd9112b0b6d3a3325\metadata.bin,PEFormatError: 'DOS Header magic not found.'
C:\Documents and Settings\yukiho\.gradle\caches\9.4.0\groovy-dsl\fb6c0c53c0d696cdd9112b0b6d3a3325\metadata\metadata.bin,"PEFormatError: 'Unable to read the DOS Header, possibly a truncated file.'"
C:\Documents and Settings\yukiho\.gradle\caches\9.4.0\javaCompile\classAnalysis.bin,PEFormatError: 'DOS Header magic not found.'
C:\Documents and Settings\yukiho\.gradle\caches\9.4.0\javaCompile\jarAnalysis.bin,PEFormatError: 'DOS Header magic not found.'
C:\Documents and Settings\yukiho\.gradle\caches\9.4.0\transforms\0002ffcf1e8730e3fcf306914caace92\metadata.bin,PEFormatError: 'DOS Header magic not found.'
C:\Documents and Settings\yukiho\.gradle\caches\9.4.0\transforms\0002ffcf1e8730e3fcf306914caace92\results.bin,"PEFormatError: 'Unable to read the DOS Header, possibly a truncated file.'"
C:\Documents and Settings\yukiho\.gradle\caches\9.4.0\transforms\004a5ba5a28998a8aefd7282ffe81196\metadata.bin,PEFormatError: 'DOS Header magic not found.'
C:\Documents and Settings\yukiho\.gradle\caches\9.4.0\transforms\004a5ba5a28998a8aefd7282ffe81196\results.bin,"PEFormatError: 'Unable to read the DOS Header, possibly a truncated file.'"
C:\Documents and Settings\yukiho\.gradle\caches\9.4.0\transforms\018772d86e88eb9bbac6ce03db9f6e77\metadata.bin,PEFormatError: 'DOS Header magic not found.'
C:\Documents and Settings\yukiho\.gradle\caches\9.4.0\transforms\018772d86e88eb9bbac6ce03db9f6e77\results.bin,"PEFormatError: 'Unable to read the DOS Header, possibly a truncated file.'"
C:\Documents and Settings\yukiho\.gradle\caches\9.4.0\transforms\02ba383fc4b6f5c6343ec36055797c32\metadata.bin,PEFormatError: 'DOS Header magic not found.'
C:\Documents and Settings\yukiho\.gradle\caches\9.4.0\transforms\02ba383fc4b6f5c6343ec36055797c32\results.bin,"PEFormatError: 'Unable to read the DOS Header, possibly a truncated file.'"
C:\Documents and Settings\yukiho\.gradle\caches\9.4.0\transforms\03f527124293380d3c75953e85f8e514\metadata.bin,PEFormatError: 'DOS Header magic not found.'
C:\Documents and Settings\yukiho\.gradle\caches\9.4.0\transforms\03f527124293380d3c75953e85f8e514\results.bin,PEFormatError: 'DOS Header magic not found.'
C:\Documents and Settings\yukiho\.gradle\caches\9.4.0\transforms\03f527124293380d3c75953e85f8e514\transformed\analysis\instrumentation-dependencies.bin,PEFormatError: 'DOS Header magic not found.'
C:\Documents and Settings\yukiho\.gradle\caches\9.4.0\transforms\03f527124293380d3c75953e85f8e514\transformed\analysis\instrumentation-hierarchy.bin,PEFormatError: 'DOS Header magic not found.'
C:\Documents and Settings\yukiho\.gradle\caches\9.4.0\transforms\040cc487111093db3595a1510cae74a0\metadata.bin,PEFormatError: 'DOS Header magic not found.'
C:\Documents and Settings\yukiho\.gradle\caches\9.4.0\transforms\040cc487111093db3595a1510cae74a0\results.bin,PEFormatError: 'DOS Header magic not found.'
C:\Documents and Settings\yukiho\.gradle\caches\9.4.0\transforms\061e257f8988456a41bb4746bbdad332\metadata.bin,PEFormatError: 'DOS Header magic not found.'
C:\Documents and Settings\yukiho\.gradle\caches\9.4.0\transforms\061e257f8988456a41bb4746bbdad332\results.bin,"PEFormatError: 'Unable to read the DOS Header, possibly a truncated file.'"
C:\Documents and Settings\yukiho\.gradle\caches\9.4.0\transforms\073a6b60b559303b2cc9c398ecc086af\metadata.bin,PEFormatError: 'DOS Header magic not found.'
C:\Documents and Settings\yukiho\.gradle\caches\9.4.0\transforms\073a6b60b559303b2cc9c398ecc086af\results.bin,PEFormatError: 'The file is empty'
C:\Documents and Settings\yukiho\.gradle\caches\9.4.0\transforms\07eeac7986c36a26873fb9651e018677\metadata.bin,PEFormatError: 'DOS Header magic not found.'
C:\Documents and Settings\yukiho\.gradle\caches\9.4.0\transforms\07eeac7986c36a26873fb9651e018677\results.bin,PEFormatError: 'The file is empty'
C:\Documents and Settings\yukiho\.gradle\caches\9.4.0\transforms\084be9a348c7ce7d1ae05124dd846463\metadata.bin,PEFormatError: 'DOS Header magic not found.'
C:\Documents and Settings\yukiho\.gradle\caches\9.4.0\transforms\084be9a348c7ce7d1ae05124dd846463\results.bin,"PEFormatError: 'Unable to read the DOS Header, possibly a truncated file.'"
C:\Documents and Settings\yukiho\.gradle\caches\9.4.0\transforms\084cee75522b0a4a460cb1e7593a8757\metadata.bin,PEFormatError: 'DOS Header magic not found.'
C:\Documents and Settings\yukiho\.gradle\caches\9.4.0\transforms\084cee75522b0a4a460cb1e7593a8757\results.bin,PEFormatError: 'DOS Header magic not found.'
C:\Documents and Settings\yukiho\.gradle\caches\9.4.0\transforms\084cee75522b0a4a460cb1e7593a8757\transformed\analysis\instrumentation-dependencies.bin,PEFormatError: 'DOS Header magic not found.'
C:\Documents and Settings\yukiho\.gradle\caches\9.4.0\transforms\084cee75522b0a4a460cb1e7593a8757\transformed\analysis\instrumentation-hierarchy.bin,"PEFormatError: 'Unable to read the DOS Header, possibly a truncated file.'"
C:\Documents and Settings\yukiho\.gradle\caches\9.4.0\transforms\0a288a275989db3240272f67447c2087\metadata.bin,PEFormatError: 'DOS Header magic not found.'
C:\Documents and Settings\yukiho\.gradle\caches\9.4.0\transforms\0a288a275989db3240272f67447c2087\results.bin,"PEFormatError: 'Unable to read the DOS Header, possibly a truncated file.'"
C:\Documents and Settings\yukiho\.gradle\caches\9.4.0\transforms\0a83a06048d4407305e34825e21db28c\metadata.bin,PEFormatError: 'DOS Header magic not found.'
C:\Documents and Settings\yukiho\.gradle\caches\9.4.0\transforms\0a83a06048d4407305e34825e21db28c\results.bin,"PEFormatError: 'Unable to read the DOS Header, possibly a truncated file.'"
C:\Documents and Settings\yukiho\.gradle\caches\9.4.0\transforms\0aebb32043b595898ff42a6499078dee\metadata.bin,PEFormatError: 'DOS Header magic not found.'
C:\Documents and Settings\yukiho\.gradle\caches\9.4.0\transforms\0aebb32043b595898ff42a6499078dee\results.bin,PEFormatError: 'DOS Header magic not found.'
C:\Documents and Settings\yukiho\.gradle\caches\9.4.0\transforms\0bb307732b652001528d0c9a72dc8b7f\metadata.bin,PEFormatError: 'DOS Header magic not found.'
C:\Documents and Settings\yukiho\.gradle\caches\9.4.0\transforms\0bb307732b652001528d0c9a72dc8b7f\results.bin,"PEFormatError: 'Unable to read the DOS Header, possibly a truncated file.'"
C:\Documents and Settings\yukiho\.gradle\caches\9.4.0\transforms\0c7abbb67439412919903e3445797614\metadata.bin,PEFormatError: 'DOS Header magic not found.'
C:\Documents and Settings\yukiho\.gradle\caches\9.4.0\transforms\0c7abbb67439412919903e3445797614\results.bin,PEFormatError: 'The file is empty'
C:\Documents and Settings\yukiho\.gradle\caches\9.4.0\transforms\0d247cb39a0d419d8c577c81879c7a2d\metadata.bin,PEFormatError: 'DOS Header magic not found.'
C:\Documents and Settings\yukiho\.gradle\caches\9.4.0\transforms\0d247cb39a0d419d8c577c81879c7a2d\results.bin,PEFormatError: 'DOS Header magic not found.'
C:\Documents and Settings\yukiho\.gradle\caches\9.4.0\transforms\0d247cb39a0d419d8c577c81879c7a2d\transformed\merge\instrumentation-dependencies.bin,"PEFormatError: 'Unable to read the DOS Header, possibly a truncated file.'"
C:\Documents and Settings\yukiho\.gradle\caches\9.4.0\transforms\0e6905003676f016d68ae4fe8da35caf\metadata.bin,PEFormatError: 'DOS Header magic not found.'
C:\Documents and Settings\yukiho\.gradle\caches\9.4.0\transforms\0e6905003676f016d68ae4fe8da35caf\results.bin,PEFormatError: 'DOS Header magic not found.'
C:\Documents and Settings\yukiho\.gradle\caches\9.4.0\transforms\0e6905003676f016d68ae4fe8da35caf\transformed\analysis\instrumentation-dependencies.bin,PEFormatError: 'DOS Header magic not found.'
C:\Documents and Settings\yukiho\.gradle\caches\9.4.0\transforms\0e6905003676f016d68ae4fe8da35caf\transformed\analysis\instrumentation-hierarchy.bin,PEFormatError: 'DOS Header magic not found.'
C:\Documents and Settings\yukiho\.gradle\caches\9.4.0\transforms\0fce12f5cb6e3a95109f7520d0d043b2\metadata.bin,PEFormatError: 'DOS Header magic not found.'
C:\Documents and Settings\yukiho\.gradle\caches\9.4.0\transforms\0fce12f5cb6e3a95109f7520d0d043b2\results.bin,"PEFormatError: 'Unable to read the DOS Header, possibly a truncated file.'"
C:\Documents and Settings\yukiho\.gradle\caches\9.4.0\transforms\10be1aa8b951a84a8041f038a3efc912\metadata.bin,PEFormatError: 'DOS Header magic not found.'
C:\Documents and Settings\yukiho\.gradle\caches\9.4.0\transforms\10be1aa8b951a84a8041f038a3efc912\results.bin,PEFormatError: 'The file is empty'
C:\Documents and Settings\yukiho\.gradle\caches\9.4.0\transforms\10ff5e0273b5b86893eb9c4732e0fbbe\metadata.bin,PEFormatError: 'DOS Header magic not found.'
C:\Documents and Settings\yukiho\.gradle\caches\9.4.0\transforms\10ff5e0273b5b86893eb9c4732e0fbbe\results.bin,PEFormatError: 'The file is empty'
C:\Documents and Settings\yukiho\.gradle\caches\9.4.0\transforms\117fbdcfb8bef9a07dac02ef3df47cd9\metadata.bin,PEFormatError: 'DOS Header magic not found.'
C:\Documents and Settings\yukiho\.gradle\caches\9.4.0\transforms\117fbdcfb8bef9a07dac02ef3df47cd9\results.bin,PEFormatError: 'DOS Header magic not found.'
C:\Documents and Settings\yukiho\.gradle\caches\9.4.0\transforms\117fbdcfb8bef9a07dac02ef3df47cd9\transformed\analysis\instrumentation-dependencies.bin,PEFormatError: 'DOS Header magic not found.'
C:\Documents and Settings\yukiho\.gradle\caches\9.4.0\transforms\117fbdcfb8bef9a07dac02ef3df47cd9\transformed\analysis\instrumentation-hierarchy.bin,"PEFormatError: 'Unable to read the DOS Header, possibly a truncated file.'"
C:\Documents and Settings\yukiho\.gradle\caches\9.4.0\transforms\118335d627175ccad05943fa7b9d9580\metadata.bin,PEFormatError: 'DOS Header magic not found.'
C:\Documents and Settings\yukiho\.gradle\caches\9.4.0\transforms\118335d627175ccad05943fa7b9d9580\results.bin,"PEFormatError: 'Unable to read the DOS Header, possibly a truncated file.'"
C:\Documents and Settings\yukiho\.gradle\caches\9.4.0\transforms\137818c0b72986aedf7e8e4584b278d1\metadata.bin,PEFormatError: 'DOS Header magic not found.'
C:\Documents and Settings\yukiho\.gradle\caches\9.4.0\transforms\137818c0b72986aedf7e8e4584b278d1\results.bin,PEFormatError: 'DOS Header magic not found.'
C:\Documents and Settings\yukiho\.gradle\caches\9.4.0\transforms\13b9df83b0ade7595be91cf30c5af4aa\metadata.bin,PEFormatError: 'DOS Header magic not found.'
C:\Documents and Settings\yukiho\.gradle\caches\9.4.0\transforms\13b9df83b0ade7595be91cf30c5af4aa\results.bin,PEFormatError: 'DOS Header magic not found.'
C:\Documents and Settings\yukiho\.gradle\caches\9.4.0\transforms\13b9df83b0ade7595be91cf30c5af4aa\transformed\analysis\instrumentation-dependencies.bin,PEFormatError: 'DOS Header magic not found.'
C:\Documents and Settings\yukiho\.gradle\caches\9.4.0\transforms\13b9df83b0ade7595be91cf30c5af4aa\transformed\analysis\instrumentation-hierarchy.bin,PEFormatError: 'DOS Header magic not found.'
C:\Documents and Settings\yukiho\.gradle\caches\9.4.0\transforms\147a15536c3f5bf01e2218b6e6d1d33b\metadata.bin,PEFormatError: 'DOS Header magic not found.'
C:\Documents and Settings\yukiho\.gradle\caches\9.4.0\transforms\147a15536c3f5bf01e2218b6e6d1d33b\results.bin,PEFormatError: 'DOS Header magic not found.'
C:\Documents and Settings\yukiho\.gradle\caches\9.4.0\transforms\147a15536c3f5bf01e2218b6e6d1d33b\transformed\merge\instrumentation-dependencies.bin,"PEFormatError: 'Unable to read the DOS Header, possibly a truncated file.'"
C:\Documents and Settings\yukiho\.gradle\caches\9.4.0\transforms\15b835f81df1c3791cf1597c81adcf14\metadata.bin,PEFormatError: 'DOS Header magic not found.'
C:\Documents and Settings\yukiho\.gradle\caches\9.4.0\transforms\15b835f81df1c3791cf1597c81adcf14\results.bin,"PEFormatError: 'Unable to read the DOS Header, possibly a truncated file.'"
C:\Documents and Settings\yukiho\.gradle\caches\9.4.0\transforms\160436219ac17d25ddb5c2868407c284\metadata.bin,PEFormatError: 'DOS Header magic not found.'
C:\Documents and Settings\yukiho\.gradle\caches\9.4.0\transforms\160436219ac17d25ddb5c2868407c284\results.bin,PEFormatError: 'DOS Header magic not found.'
C:\Documents and Settings\yukiho\.gradle\caches\9.4.0\transforms\16d1cdde5150298ae94c7968868eedea\metadata.bin,PEFormatError: 'DOS Header magic not found.'
C:\Documents and Settings\yukiho\.gradle\caches\9.4.0\transforms\16d1cdde5150298ae94c7968868eedea\results.bin,"PEFormatError: 'Unable to read the DOS Header, possibly a truncated file.'"
C:\Documents and Settings\yukiho\.gradle\caches\9.4.0\transforms\179275198683d667394d59e54a00470f\metadata.bin,PEFormatError: 'DOS Header magic not found.'
C:\Documents and Settings\yukiho\.gradle\caches\9.4.0\transforms\179275198683d667394d59e54a00470f\results.bin,PEFormatError: 'DOS Header magic not found.'
C:\Documents and Settings\yukiho\.gradle\caches\9.4.0\transforms\179275198683d667394d59e54a00470f\transformed\merge\instrumentation-dependencies.bin,"PEFormatError: 'Unable to read the DOS Header, possibly a truncated file.'"
C:\Documents and Settings\yukiho\.gradle\caches\9.4.0\transforms\18a9a5604299beeec820a9716d480c79\metadata.bin,PEFormatError: 'DOS Header magic not found.'
C:\Documents and Settings\yukiho\.gradle\caches\9.4.0\transforms\18a9a5604299beeec820a9716d480c79\results.bin,PEFormatError: 'DOS Header magic not found.'
C:\Documents and Settings\yukiho\.gradle\caches\9.4.0\transforms\1a4c241647a670f65b21b5bd990be5eb\metadata.bin,PEFormatError: 'DOS Header magic not found.'
C:\Documents and Settings\yukiho\.gradle\caches\9.4.0\transforms\1a4c241647a670f65b21b5bd990be5eb\results.bin,PEFormatError: 'DOS Header magic not found.'
C:\Documents and Settings\yukiho\.gradle\caches\9.4.0\transforms\1a4c241647a670f65b21b5bd990be5eb\transformed\merge\instrumentation-dependencies.bin,PEFormatError: 'DOS Header magic not found.'
C:\Documents and Settings\yukiho\.gradle\caches\9.4.0\transforms\1a9d64aeea9aa36ae68cfc8d556e21e7\metadata.bin,PEFormatError: 'DOS Header magic not found.'
C:\Documents and Settings\yukiho\.gradle\caches\9.4.0\transforms\1a9d64aeea9aa36ae68cfc8d556e21e7\results.bin,PEFormatError: 'The file is empty'
C:\Documents and Settings\yukiho\.gradle\caches\9.4.0\transforms\1bac6806fff0ce3a6d284eb72528dafc\metadata.bin,PEFormatError: 'DOS Header magic not found.'
C:\Documents and Settings\yukiho\.gradle\caches\9.4.0\transforms\1bac6806fff0ce3a6d284eb72528dafc\results.bin,"PEFormatError: 'Unable to read the DOS Header, possibly a truncated file.'"
C:\Documents and Settings\yukiho\.gradle\caches\9.4.0\transforms\1d7e7b68781972eb0994988dfb599018\metadata.bin,PEFormatError: 'DOS Header magic not found.'
C:\Documents and Settings\yukiho\.gradle\caches\9.4.0\transforms\1d7e7b68781972eb0994988dfb599018\results.bin,PEFormatError: 'DOS Header magic not found.'
C:\Documents and Settings\yukiho\.gradle\caches\9.4.0\transforms\1d7e7b68781972eb0994988dfb599018\transformed\analysis\instrumentation-dependencies.bin,PEFormatError: 'DOS Header magic not found.'
C:\Documents and Settings\yukiho\.gradle\caches\9.4.0\transforms\1d7e7b68781972eb0994988dfb599018\transformed\analysis\instrumentation-hierarchy.bin,PEFormatError: 'DOS Header magic not found.'
C:\Documents and Settings\yukiho\.gradle\caches\9.4.0\transforms\1fa4a87eb1015d788f56530fd4bd0732\metadata.bin,PEFormatError: 'DOS Header magic not found.'
C:\Documents and Settings\yukiho\.gradle\caches\9.4.0\transforms\1fa4a87eb1015d788f56530fd4bd0732\results.bin,"PEFormatError: 'Unable to read the DOS Header, possibly a truncated file.'"
C:\Documents and Settings\yukiho\.gradle\caches\9.4.0\transforms\1fd3068eb4f559ef1446f279d214bd13\metadata.bin,PEFormatError: 'DOS Header magic not found.'
C:\Documents and Settings\yukiho\.gradle\caches\9.4.0\transforms\1fd3068eb4f559ef1446f279d214bd13\results.bin,PEFormatError: 'The file is empty'
C:\Documents and Settings\yukiho\.gradle\caches\9.4.0\transforms\1ff9ae395667a948efb810ff9ee4d2e0\metadata.bin,PEFormatError: 'DOS Header magic not found.'
C:\Documents and Settings\yukiho\.gradle\caches\9.4.0\transforms\1ff9ae395667a948efb810ff9ee4d2e0\results.bin,"PEFormatError: 'Unable to read the DOS Header, possibly a truncated file.'"
C:\Documents and Settings\yukiho\.gradle\caches\9.4.0\transforms\20094af1b75f362a191d34c09efdcd0d\metadata.bin,PEFormatError: 'DOS Header magic not found.'
C:\Documents and Settings\yukiho\.gradle\caches\9.4.0\transforms\20094af1b75f362a191d34c09efdcd0d\results.bin,"PEFormatError: 'Unable to read the DOS Header, possibly a truncated file.'"
C:\Documents and Settings\yukiho\.gradle\caches\9.4.0\transforms\200e852bd0e87fcb51221a8abdd2506d\metadata.bin,PEFormatError: 'DOS Header magic not found.'
C:\Documents and Settings\yukiho\.gradle\caches\9.4.0\transforms\200e852bd0e87fcb51221a8abdd2506d\results.bin,PEFormatError: 'DOS Header magic not found.'
C:\Documents and Settings\yukiho\.gradle\caches\9.4.0\transforms\212596f9853f4682c5898424f8f5c39d\metadata.bin,PEFormatError: 'DOS Header magic not found.'
C:\Documents and Settings\yukiho\.gradle\caches\9.4.0\transforms\212596f9853f4682c5898424f8f5c39d\results.bin,"PEFormatError: 'Unable to read the DOS Header, possibly a truncated file.'"
C:\Documents and Settings\yukiho\.gradle\caches\9.4.0\transforms\219fa8366ec10e6edd3b34f8515d9362\metadata.bin,PEFormatError: 'DOS Header magic not found.'
C:\Documents and Settings\yukiho\.gradle\caches\9.4.0\transforms\219fa8366ec10e6edd3b34f8515d9362\results.bin,PEFormatError: 'The file is empty'
C:\Documents and Settings\yukiho\.gradle\caches\9.4.0\transforms\21c0fd24dbd9dd211809e07c4d98dc6d\metadata.bin,PEFormatError: 'DOS Header magic not found.'
C:\Documents and Settings\yukiho\.gradle\caches\9.4.0\transforms\21c0fd24dbd9dd211809e07c4d98dc6d\results.bin,"PEFormatError: 'Unable to read the DOS Header, possibly a truncated file.'"
C:\Documents and Settings\yukiho\.gradle\caches\9.4.0\transforms\22c287dd31ff2f1c85ba6338bb6ea16a\metadata.bin,PEFormatError: 'DOS Header magic not found.'
C:\Documents and Settings\yukiho\.gradle\caches\9.4.0\transforms\22c287dd31ff2f1c85ba6338bb6ea16a\results.bin,"PEFormatError: 'Unable to read the DOS Header, possibly a truncated file.'"
C:\Documents and Settings\yukiho\.gradle\caches\9.4.0\transforms\234618ceb1c783a17170b8300b9128d4\metadata.bin,PEFormatError: 'DOS Header magic not found.'
C:\Documents and Settings\yukiho\.gradle\caches\9.4.0\transforms\234618ceb1c783a17170b8300b9128d4\results.bin,PEFormatError: 'DOS Header magic not found.'
C:\Documents and Settings\yukiho\.gradle\caches\9.4.0\transforms\24c1a7a49f0e08ffb8ef808bca7322d2\metadata.bin,PEFormatError: 'DOS Header magic not found.'
C:\Documents and Settings\yukiho\.gradle\caches\9.4.0\transforms\24c1a7a49f0e08ffb8ef808bca7322d2\results.bin,"PEFormatError: 'Unable to read the DOS Header, possibly a truncated file.'"
C:\Documents and Settings\yukiho\.gradle\caches\9.4.0\transforms\2647e221876d49aed241a3b942bb4d93\metadata.bin,PEFormatError: 'DOS Header magic not found.'
C:\Documents and Settings\yukiho\.gradle\caches\9.4.0\transforms\2647e221876d49aed241a3b942bb4d93\results.bin,PEFormatError: 'The file is empty'
C:\Documents and Settings\yukiho\.gradle\caches\9.4.0\transforms\26d23e86241c7130f3ae18368b425ca0\metadata.bin,PEFormatError: 'DOS Header magic not found.'
C:\Documents and Settings\yukiho\.gradle\caches\9.4.0\transforms\26d23e86241c7130f3ae18368b425ca0\results.bin,PEFormatError: 'The file is empty'
C:\Documents and Settings\yukiho\.gradle\caches\9.4.0\transforms\277d8cb7667e34fc0a4fb49974e8e1d0\metadata.bin,PEFormatError: 'DOS Header magic not found.'
C:\Documents and Settings\yukiho\.gradle\caches\9.4.0\transforms\277d8cb7667e34fc0a4fb49974e8e1d0\results.bin,PEFormatError: 'DOS Header magic not found.'
C:\Documents and Settings\yukiho\.gradle\caches\9.4.0\transforms\277d8cb7667e34fc0a4fb49974e8e1d0\transformed\merge\instrumentation-dependencies.bin,"PEFormatError: 'Unable to read the DOS Header, possibly a truncated file.'"
C:\Documents and Settings\yukiho\.gradle\caches\9.4.0\transforms\279c6c8d4b056195c985721b0aaae426\metadata.bin,PEFormatError: 'DOS Header magic not found.'
C:\Documents and Settings\yukiho\.gradle\caches\9.4.0\transforms\279c6c8d4b056195c985721b0aaae426\results.bin,"PEFormatError: 'Unable to read the DOS Header, possibly a truncated file.'"
C:\Documents and Settings\yukiho\.gradle\caches\9.4.0\transforms\27b91045a0da9d5274eb8e2018452fda\metadata.bin,PEFormatError: 'DOS Header magic not found.'
C:\Documents and Settings\yukiho\.gradle\caches\9.4.0\transforms\27b91045a0da9d5274eb8e2018452fda\results.bin,PEFormatError: 'DOS Header magic not found.'
C:\Documents and Settings\yukiho\.gradle\caches\9.4.0\transforms\27b91045a0da9d5274eb8e2018452fda\transformed\analysis\instrumentation-dependencies.bin,PEFormatError: 'DOS Header magic not found.'
C:\Documents and Settings\yukiho\.gradle\caches\9.4.0\transforms\27b91045a0da9d5274eb8e2018452fda\transformed\analysis\instrumentation-hierarchy.bin,PEFormatError: 'DOS Header magic not found.'
C:\Documents and Settings\yukiho\.gradle\caches\9.4.0\transforms\28052a6ee217b2310bddb5d2684d1e31\metadata.bin,PEFormatError: 'DOS Header magic not found.'
C:\Documents and Settings\yukiho\.gradle\caches\9.4.0\transforms\28052a6ee217b2310bddb5d2684d1e31\results.bin,PEFormatError: 'DOS Header magic not found.'
C:\Documents and Settings\yukiho\.gradle\caches\9.4.0\transforms\28052a6ee217b2310bddb5d2684d1e31\transformed\merge\instrumentation-dependencies.bin,"PEFormatError: 'Unable to read the DOS Header, possibly a truncated file.'"
C:\Documents and Settings\yukiho\.gradle\caches\9.4.0\transforms\29a8d1c8a2a5571506051e542520ff7d\metadata.bin,PEFormatError: 'DOS Header magic not found.'
C:\Documents and Settings\yukiho\.gradle\caches\9.4.0\transforms\29a8d1c8a2a5571506051e542520ff7d\results.bin,PEFormatError: 'DOS Header magic not found.'
C:\Documents and Settings\yukiho\.gradle\caches\9.4.0\transforms\2b9eea4f15933f1cc6bb9ba0a9f82d7d\metadata.bin,PEFormatError: 'DOS Header magic not found.'
C:\Documents and Settings\yukiho\.gradle\caches\9.4.0\transforms\2b9eea4f15933f1cc6bb9ba0a9f82d7d\results.bin,PEFormatError: 'The file is empty'
C:\Documents and Settings\yukiho\.gradle\caches\9.4.0\transforms\2d3c48253e4462eb63a48a045fb39afa\metadata.bin,PEFormatError: 'DOS Header magic not found.'
C:\Documents and Settings\yukiho\.gradle\caches\9.4.0\transforms\2d3c48253e4462eb63a48a045fb39afa\results.bin,PEFormatError: 'The file is empty'
C:\Documents and Settings\yukiho\.gradle\caches\9.4.0\transforms\2d6ddfe7fac0b5bb7d7dedbabca69abc\metadata.bin,PEFormatError: 'DOS Header magic not found.'
C:\Documents and Settings\yukiho\.gradle\caches\9.4.0\transforms\2d6ddfe7fac0b5bb7d7dedbabca69abc\results.bin,PEFormatError: 'DOS Header magic not found.'
C:\Documents and Settings\yukiho\.gradle\caches\9.4.0\transforms\2d6ddfe7fac0b5bb7d7dedbabca69abc\transformed\merge\instrumentation-dependencies.bin,PEFormatError: 'DOS Header magic not found.'
C:\Documents and Settings\yukiho\.gradle\caches\9.4.0\transforms\2ddeb38fb1a36e7e77b4b00736e2e808\metadata.bin,PEFormatError: 'DOS Header magic not found.'
C:\Documents and Settings\yukiho\.gradle\caches\9.4.0\transforms\2ddeb38fb1a36e7e77b4b00736e2e808\results.bin,PEFormatError: 'The file is empty'
C:\Documents and Settings\yukiho\.gradle\caches\9.4.0\transforms\2f3fa35580e5d2c1f1242161d5925505\metadata.bin,PEFormatError: 'DOS Header magic not found.'
C:\Documents and Settings\yukiho\.gradle\caches\9.4.0\transforms\2f3fa35580e5d2c1f1242161d5925505\results.bin,"PEFormatError: 'Unable to read the DOS Header, possibly a truncated file.'"
C:\Documents and Settings\yukiho\.gradle\caches\9.4.0\transforms\2f8f5bef1062d34c754e6a714194863b\metadata.bin,PEFormatError: 'DOS Header magic not found.'
C:\Documents and Settings\yukiho\.gradle\caches\9.4.0\transforms\2f8f5bef1062d34c754e6a714194863b\results.bin,PEFormatError: 'DOS Header magic not found.'
C:\Documents and Settings\yukiho\.gradle\caches\9.4.0\transforms\2f8f5bef1062d34c754e6a714194863b\transformed\merge\instrumentation-dependencies.bin,"PEFormatError: 'Unable to read the DOS Header, possibly a truncated file.'"
C:\Documents and Settings\yukiho\.gradle\caches\9.4.0\transforms\2fe22f1499b851c874bc06b374a54be3\metadata.bin,PEFormatError: 'DOS Header magic not found.'
C:\Documents and Settings\yukiho\.gradle\caches\9.4.0\transforms\2fe22f1499b851c874bc06b374a54be3\results.bin,PEFormatError: 'DOS Header magic not found.'
C:\Documents and Settings\yukiho\.gradle\caches\9.4.0\transforms\30bd7a22edbd052da9707645f8b6661d\metadata.bin,PEFormatError: 'DOS Header magic not found.'
C:\Documents and Settings\yukiho\.gradle\caches\9.4.0\transforms\30bd7a22edbd052da9707645f8b6661d\results.bin,PEFormatError: 'DOS Header magic not found.'
C:\Documents and Settings\yukiho\.gradle\caches\9.4.0\transforms\30bd7a22edbd052da9707645f8b6661d\transformed\analysis\instrumentation-dependencies.bin,PEFormatError: 'DOS Header magic not found.'
C:\Documents and Settings\yukiho\.gradle\caches\9.4.0\transforms\30bd7a22edbd052da9707645f8b6661d\transformed\analysis\instrumentation-hierarchy.bin,PEFormatError: 'DOS Header magic not found.'
C:\Documents and Settings\yukiho\.gradle\caches\9.4.0\transforms\30fab4429763b75e584462dee0be7ea3\metadata.bin,PEFormatError: 'DOS Header magic not found.'
C:\Documents and Settings\yukiho\.gradle\caches\9.4.0\transforms\30fab4429763b75e584462dee0be7ea3\results.bin,PEFormatError: 'The file is empty'
C:\Documents and Settings\yukiho\.gradle\caches\9.4.0\transforms\31474d2b50c4d589c305162ee777c2be\metadata.bin,PEFormatError: 'DOS Header magic not found.'
C:\Documents and Settings\yukiho\.gradle\caches\9.4.0\transforms\31474d2b50c4d589c305162ee777c2be\results.bin,"PEFormatError: 'Unable to read the DOS Header, possibly a truncated file.'"
C:\Documents and Settings\yukiho\.gradle\caches\9.4.0\transforms\331325bc08c9582a1023a09cd0cb929a\metadata.bin,PEFormatError: 'DOS Header magic not found.'
C:\Documents and Settings\yukiho\.gradle\caches\9.4.0\transforms\331325bc08c9582a1023a09cd0cb929a\results.bin,PEFormatError: 'DOS Header magic not found.'
C:\Documents and Settings\yukiho\.gradle\caches\9.4.0\transforms\331325bc08c9582a1023a09cd0cb929a\transformed\merge\instrumentation-dependencies.bin,"PEFormatError: 'Unable to read the DOS Header, possibly a truncated file.'"
C:\Documents and Settings\yukiho\.gradle\caches\9.4.0\transforms\346507c48a6c14e36d2c7f52c64a447c\metadata.bin,PEFormatError: 'DOS Header magic not found.'
C:\Documents and Settings\yukiho\.gradle\caches\9.4.0\transforms\346507c48a6c14e36d2c7f52c64a447c\results.bin,"PEFormatError: 'Unable to read the DOS Header, possibly a truncated file.'"
C:\Documents and Settings\yukiho\.gradle\caches\9.4.0\transforms\359873c97bf5b2950ec8a19db263f26e\metadata.bin,PEFormatError: 'DOS Header magic not found.'
C:\Documents and Settings\yukiho\.gradle\caches\9.4.0\transforms\359873c97bf5b2950ec8a19db263f26e\results.bin,PEFormatError: 'DOS Header magic not found.'
C:\Documents and Settings\yukiho\.gradle\caches\9.4.0\transforms\362a4e30387b5c94bfee3693c39f8e97\metadata.bin,PEFormatError: 'DOS Header magic not found.'
C:\Documents and Settings\yukiho\.gradle\caches\9.4.0\transforms\362a4e30387b5c94bfee3693c39f8e97\results.bin,PEFormatError: 'DOS Header magic not found.'
C:\Documents and Settings\yukiho\.gradle\caches\9.4.0\transforms\362a4e30387b5c94bfee3693c39f8e97\transformed\analysis\instrumentation-dependencies.bin,PEFormatError: 'DOS Header magic not found.'
C:\Documents and Settings\yukiho\.gradle\caches\9.4.0\transforms\362a4e30387b5c94bfee3693c39f8e97\transformed\analysis\instrumentation-hierarchy.bin,PEFormatError: 'DOS Header magic not found.'
C:\Documents and Settings\yukiho\.gradle\caches\9.4.0\transforms\369a392cda5c49cd24185a3401c2ddf4\metadata.bin,PEFormatError: 'DOS Header magic not found.'
C:\Documents and Settings\yukiho\.gradle\caches\9.4.0\transforms\369a392cda5c49cd24185a3401c2ddf4\results.bin,PEFormatError: 'The file is empty'
C:\Documents and Settings\yukiho\.gradle\caches\9.4.0\transforms\37fcb08ebcfaf2d19f2179a46b314aa2\metadata.bin,PEFormatError: 'DOS Header magic not found.'
C:\Documents and Settings\yukiho\.gradle\caches\9.4.0\transforms\37fcb08ebcfaf2d19f2179a46b314aa2\results.bin,PEFormatError: 'The file is empty'
C:\Documents and Settings\yukiho\.gradle\caches\9.4.0\transforms\386b2de51bbec5e2792040242f028952\metadata.bin,PEFormatError: 'DOS Header magic not found.'
C:\Documents and Settings\yukiho\.gradle\caches\9.4.0\transforms\386b2de51bbec5e2792040242f028952\results.bin,"PEFormatError: 'Unable to read the DOS Header, possibly a truncated file.'"
C:\Documents and Settings\yukiho\.gradle\caches\9.4.0\transforms\38ce12d26d6640842e48610063a828d0\metadata.bin,PEFormatError: 'DOS Header magic not found.'
C:\Documents and Settings\yukiho\.gradle\caches\9.4.0\transforms\38ce12d26d6640842e48610063a828d0\results.bin,PEFormatError: 'The file is empty'
C:\Documents and Settings\yukiho\.gradle\caches\9.4.0\transforms\397b69525696938fabbf960dae64bfdf\metadata.bin,PEFormatError: 'DOS Header magic not found.'
C:\Documents and Settings\yukiho\.gradle\caches\9.4.0\transforms\397b69525696938fabbf960dae64bfdf\results.bin,PEFormatError: 'DOS Header magic not found.'
C:\Documents and Settings\yukiho\.gradle\caches\9.4.0\transforms\397b69525696938fabbf960dae64bfdf\transformed\analysis\instrumentation-dependencies.bin,PEFormatError: 'DOS Header magic not found.'
C:\Documents and Settings\yukiho\.gradle\caches\9.4.0\transforms\397b69525696938fabbf960dae64bfdf\transformed\analysis\instrumentation-hierarchy.bin,PEFormatError: 'DOS Header magic not found.'
C:\Documents and Settings\yukiho\.gradle\caches\9.4.0\transforms\397fdd63e468faa412bc1ba830609672\metadata.bin,PEFormatError: 'DOS Header magic not found.'
C:\Documents and Settings\yukiho\.gradle\caches\9.4.0\transforms\397fdd63e468faa412bc1ba830609672\results.bin,"PEFormatError: 'Unable to read the DOS Header, possibly a truncated file.'"
C:\Documents and Settings\yukiho\.gradle\caches\9.4.0\transforms\3a89d80a78859f41f4619b05ec5c1a33\metadata.bin,PEFormatError: 'DOS Header magic not found.'
C:\Documents and Settings\yukiho\.gradle\caches\9.4.0\transforms\3a89d80a78859f41f4619b05ec5c1a33\results.bin,PEFormatError: 'DOS Header magic not found.'
C:\Documents and Settings\yukiho\.gradle\caches\9.4.0\transforms\3a89d80a78859f41f4619b05ec5c1a33\transformed\merge\instrumentation-dependencies.bin,"PEFormatError: 'Unable to read the DOS Header, possibly a truncated file.'"
C:\Documents and Settings\yukiho\.gradle\caches\9.4.0\transforms\3ba8974d60a559cba292e93d596d0a11\metadata.bin,PEFormatError: 'DOS Header magic not found.'
C:\Documents and Settings\yukiho\.gradle\caches\9.4.0\transforms\3ba8974d60a559cba292e93d596d0a11\results.bin,PEFormatError: 'DOS Header magic not found.'
C:\Documents and Settings\yukiho\.gradle\caches\9.4.0\transforms\3ba8974d60a559cba292e93d596d0a11\transformed\merge\instrumentation-dependencies.bin,PEFormatError: 'DOS Header magic not found.'
C:\Documents and Settings\yukiho\.gradle\caches\9.4.0\transforms\3bb9c9871dc2b5c6d3d16309d0a1f468\metadata.bin,PEFormatError: 'DOS Header magic not found.'
C:\Documents and Settings\yukiho\.gradle\caches\9.4.0\transforms\3bb9c9871dc2b5c6d3d16309d0a1f468\results.bin,"PEFormatError: 'Unable to read the DOS Header, possibly a truncated file.'"
C:\Documents and Settings\yukiho\.gradle\caches\9.4.0\transforms\3bc072a39336203e1510aa997bee6094\metadata.bin,PEFormatError: 'DOS Header magic not found.'
C:\Documents and Settings\yukiho\.gradle\caches\9.4.0\transforms\3bc072a39336203e1510aa997bee6094\results.bin,PEFormatError: 'The file is empty'
C:\Documents and Settings\yukiho\.gradle\caches\9.4.0\transforms\3bdb16cd30a02bbe7f934ebd0ab53e86\metadata.bin,PEFormatError: 'DOS Header magic not found.'
C:\Documents and Settings\yukiho\.gradle\caches\9.4.0\transforms\3bdb16cd30a02bbe7f934ebd0ab53e86\results.bin,"PEFormatError: 'Unable to read the DOS Header, possibly a truncated file.'"
C:\Documents and Settings\yukiho\.gradle\caches\9.4.0\transforms\3be9878fe96705b36711a524ef1010c8\metadata.bin,PEFormatError: 'DOS Header magic not found.'
C:\Documents and Settings\yukiho\.gradle\caches\9.4.0\transforms\3be9878fe96705b36711a524ef1010c8\results.bin,PEFormatError: 'DOS Header magic not found.'
C:\Documents and Settings\yukiho\.gradle\caches\9.4.0\transforms\3be9878fe96705b36711a524ef1010c8\transformed\analysis\instrumentation-dependencies.bin,PEFormatError: 'DOS Header magic not found.'
C:\Documents and Settings\yukiho\.gradle\caches\9.4.0\transforms\3be9878fe96705b36711a524ef1010c8\transformed\analysis\instrumentation-hierarchy.bin,PEFormatError: 'DOS Header magic not found.'
C:\Documents and Settings\yukiho\.gradle\caches\9.4.0\transforms\3d311070f3c216c429945625a07bc686\metadata.bin,PEFormatError: 'DOS Header magic not found.'
C:\Documents and Settings\yukiho\.gradle\caches\9.4.0\transforms\3d311070f3c216c429945625a07bc686\results.bin,PEFormatError: 'DOS Header magic not found.'
C:\Documents and Settings\yukiho\.gradle\caches\9.4.0\transforms\3d311070f3c216c429945625a07bc686\transformed\analysis\instrumentation-dependencies.bin,PEFormatError: 'DOS Header magic not found.'
C:\Documents and Settings\yukiho\.gradle\caches\9.4.0\transforms\3d311070f3c216c429945625a07bc686\transformed\analysis\instrumentation-hierarchy.bin,PEFormatError: 'DOS Header magic not found.'
C:\Documents and Settings\yukiho\.gradle\caches\9.4.0\transforms\3e66923b0a85427162c31f0a718e4e0f\metadata.bin,PEFormatError: 'DOS Header magic not found.'
C:\Documents and Settings\yukiho\.gradle\caches\9.4.0\transforms\3e66923b0a85427162c31f0a718e4e0f\results.bin,PEFormatError: 'DOS Header magic not found.'
C:\Documents and Settings\yukiho\.gradle\caches\9.4.0\transforms\3e66923b0a85427162c31f0a718e4e0f\transformed\merge\instrumentation-dependencies.bin,"PEFormatError: 'Unable to read the DOS Header, possibly a truncated file.'"
C:\Documents and Settings\yukiho\.gradle\caches\9.4.0\transforms\3e854515fb0a9839cc8ca19bf266c64d\metadata.bin,PEFormatError: 'DOS Header magic not found.'
C:\Documents and Settings\yukiho\.gradle\caches\9.4.0\transforms\3e854515fb0a9839cc8ca19bf266c64d\results.bin,"PEFormatError: 'Unable to read the DOS Header, possibly a truncated file.'"
C:\Documents and Settings\yukiho\.gradle\caches\9.4.0\transforms\3f2247bcccda26c0b8b0984f6787a1f5\metadata.bin,PEFormatError: 'DOS Header magic not found.'
C:\Documents and Settings\yukiho\.gradle\caches\9.4.0\transforms\3f2247bcccda26c0b8b0984f6787a1f5\results.bin,PEFormatError: 'DOS Header magic not found.'
C:\Documents and Settings\yukiho\.gradle\caches\9.4.0\transforms\403741f2965bb1ce3375352d04d46f19\metadata.bin,PEFormatError: 'DOS Header magic not found.'
C:\Documents and Settings\yukiho\.gradle\caches\9.4.0\transforms\403741f2965bb1ce3375352d04d46f19\results.bin,PEFormatError: 'The file is empty'
C:\Documents and Settings\yukiho\.gradle\caches\9.4.0\transforms\404bdfbd9d17b9805df1765a7a26e52f\metadata.bin,PEFormatError: 'DOS Header magic not found.'
C:\Documents and Settings\yukiho\.gradle\caches\9.4.0\transforms\404bdfbd9d17b9805df1765a7a26e52f\results.bin,PEFormatError: 'DOS Header magic not found.'
C:\Documents and Settings\yukiho\.gradle\caches\9.4.0\transforms\404bdfbd9d17b9805df1765a7a26e52f\transformed\merge\instrumentation-dependencies.bin,PEFormatError: 'DOS Header magic not found.'
C:\Documents and Settings\yukiho\.gradle\caches\9.4.0\transforms\407bae68f98ac2e6b5b621b9e659d08b\metadata.bin,PEFormatError: 'DOS Header magic not found.'
C:\Documents and Settings\yukiho\.gradle\caches\9.4.0\transforms\407bae68f98ac2e6b5b621b9e659d08b\results.bin,"PEFormatError: 'Unable to read the DOS Header, possibly a truncated file.'"
C:\Documents and Settings\yukiho\.gradle\caches\9.4.0\transforms\408975a492ed2c5d03cb83f627c05bbb\metadata.bin,PEFormatError: 'DOS Header magic not found.'
C:\Documents and Settings\yukiho\.gradle\caches\9.4.0\transforms\408975a492ed2c5d03cb83f627c05bbb\results.bin,"PEFormatError: 'Unable to read the DOS Header, possibly a truncated file.'"
C:\Documents and Settings\yukiho\.gradle\caches\9.4.0\transforms\41240da1babb543debbb101fd8ee3f2b\metadata.bin,PEFormatError: 'DOS Header magic not found.'
C:\Documents and Settings\yukiho\.gradle\caches\9.4.0\transforms\41240da1babb543debbb101fd8ee3f2b\results.bin,PEFormatError: 'DOS Header magic not found.'
C:\Documents and Settings\yukiho\.gradle\caches\9.4.0\transforms\41240da1babb543debbb101fd8ee3f2b\transformed\merge\instrumentation-dependencies.bin,PEFormatError: 'DOS Header magic not found.'
C:\Documents and Settings\yukiho\.gradle\caches\9.4.0\transforms\41bba86d0886c26df3b7777d71b64093\metadata.bin,PEFormatError: 'DOS Header magic not found.'
C:\Documents and Settings\yukiho\.gradle\caches\9.4.0\transforms\41bba86d0886c26df3b7777d71b64093\results.bin,PEFormatError: 'DOS Header magic not found.'
C:\Documents and Settings\yukiho\.gradle\caches\9.4.0\transforms\43ad4176b9f5918d2e55f887fb1aa507\metadata.bin,PEFormatError: 'DOS Header magic not found.'
C:\Documents and Settings\yukiho\.gradle\caches\9.4.0\transforms\43ad4176b9f5918d2e55f887fb1aa507\results.bin,PEFormatError: 'The file is empty'
C:\Documents and Settings\yukiho\.gradle\caches\9.4.0\transforms\45edd56f2e9b0b18d14aea5512608be0\metadata.bin,PEFormatError: 'DOS Header magic not found.'
C:\Documents and Settings\yukiho\.gradle\caches\9.4.0\transforms\45edd56f2e9b0b18d14aea5512608be0\results.bin,PEFormatError: 'DOS Header magic not found.'
C:\Documents and Settings\yukiho\.gradle\caches\9.4.0\transforms\45edd56f2e9b0b18d14aea5512608be0\transformed\analysis\instrumentation-dependencies.bin,PEFormatError: 'DOS Header magic not found.'
C:\Documents and Settings\yukiho\.gradle\caches\9.4.0\transforms\45edd56f2e9b0b18d14aea5512608be0\transformed\analysis\instrumentation-hierarchy.bin,PEFormatError: 'DOS Header magic not found.'
C:\Documents and Settings\yukiho\.gradle\caches\9.4.0\transforms\4832db22469e76bf67b2af435acf614d\metadata.bin,PEFormatError: 'DOS Header magic not found.'
C:\Documents and Settings\yukiho\.gradle\caches\9.4.0\transforms\4832db22469e76bf67b2af435acf614d\results.bin,"PEFormatError: 'Unable to read the DOS Header, possibly a truncated file.'"
C:\Documents and Settings\yukiho\.gradle\caches\9.4.0\transforms\49500c7ddeffab76f1ae9ab7770830f4\metadata.bin,PEFormatError: 'DOS Header magic not found.'
C:\Documents and Settings\yukiho\.gradle\caches\9.4.0\transforms\49500c7ddeffab76f1ae9ab7770830f4\results.bin,"PEFormatError: 'Unable to read the DOS Header, possibly a truncated file.'"
C:\Documents and Settings\yukiho\.gradle\caches\9.4.0\transforms\4a069f3d2bd2708484fd9f7e02cb9772\metadata.bin,PEFormatError: 'DOS Header magic not found.'
C:\Documents and Settings\yukiho\.gradle\caches\9.4.0\transforms\4a069f3d2bd2708484fd9f7e02cb9772\results.bin,PEFormatError: 'DOS Header magic not found.'
C:\Documents and Settings\yukiho\.gradle\caches\9.4.0\transforms\4a069f3d2bd2708484fd9f7e02cb9772\transformed\merge\instrumentation-dependencies.bin,PEFormatError: 'DOS Header magic not found.'
C:\Documents and Settings\yukiho\.gradle\caches\9.4.0\transforms\4a76eb13804dd408cd5db1fc92f31061\metadata.bin,PEFormatError: 'DOS Header magic not found.'
C:\Documents and Settings\yukiho\.gradle\caches\9.4.0\transforms\4a76eb13804dd408cd5db1fc92f31061\results.bin,PEFormatError: 'DOS Header magic not found.'
C:\Documents and Settings\yukiho\.gradle\caches\9.4.0\transforms\4a76eb13804dd408cd5db1fc92f31061\transformed\analysis\instrumentation-dependencies.bin,PEFormatError: 'DOS Header magic not found.'
C:\Documents and Settings\yukiho\.gradle\caches\9.4.0\transforms\4a76eb13804dd408cd5db1fc92f31061\transformed\analysis\instrumentation-hierarchy.bin,PEFormatError: 'DOS Header magic not found.'
C:\Documents and Settings\yukiho\.gradle\caches\9.4.0\transforms\4b30573bfed26111c4818b7a3d009c43\metadata.bin,PEFormatError: 'DOS Header magic not found.'
C:\Documents and Settings\yukiho\.gradle\caches\9.4.0\transforms\4b30573bfed26111c4818b7a3d009c43\results.bin,PEFormatError: 'DOS Header magic not found.'
C:\Documents and Settings\yukiho\.gradle\caches\9.4.0\transforms\4b30573bfed26111c4818b7a3d009c43\transformed\analysis\instrumentation-dependencies.bin,PEFormatError: 'DOS Header magic not found.'
C:\Documents and Settings\yukiho\.gradle\caches\9.4.0\transforms\4b30573bfed26111c4818b7a3d009c43\transformed\analysis\instrumentation-hierarchy.bin,PEFormatError: 'DOS Header magic not found.'
C:\Documents and Settings\yukiho\.gradle\caches\9.4.0\transforms\4b6aaaa901a603586933d1a02b1b75d7\metadata.bin,PEFormatError: 'DOS Header magic not found.'
C:\Documents and Settings\yukiho\.gradle\caches\9.4.0\transforms\4b6aaaa901a603586933d1a02b1b75d7\results.bin,PEFormatError: 'DOS Header magic not found.'
C:\Documents and Settings\yukiho\.gradle\caches\9.4.0\transforms\4d27b82174d2b3659660afa8c7efd721\metadata.bin,PEFormatError: 'DOS Header magic not found.'
C:\Documents and Settings\yukiho\.gradle\caches\9.4.0\transforms\4d27b82174d2b3659660afa8c7efd721\results.bin,"PEFormatError: 'Unable to read the DOS Header, possibly a truncated file.'"
C:\Documents and Settings\yukiho\.gradle\caches\9.4.0\transforms\5052e554905bb5aeced5e37d62dbc30c\metadata.bin,PEFormatError: 'DOS Header magic not found.'
C:\Documents and Settings\yukiho\.gradle\caches\9.4.0\transforms\5052e554905bb5aeced5e37d62dbc30c\results.bin,"PEFormatError: 'Unable to read the DOS Header, possibly a truncated file.'"
C:\Documents and Settings\yukiho\.gradle\caches\9.4.0\transforms\50a30ecbad6024537996913dcf0fc19a\metadata.bin,PEFormatError: 'DOS Header magic not found.'
C:\Documents and Settings\yukiho\.gradle\caches\9.4.0\transforms\50a30ecbad6024537996913dcf0fc19a\results.bin,PEFormatError: 'DOS Header magic not found.'
C:\Documents and Settings\yukiho\.gradle\caches\9.4.0\transforms\50a30ecbad6024537996913dcf0fc19a\transformed\analysis\instrumentation-dependencies.bin,PEFormatError: 'DOS Header magic not found.'
C:\Documents and Settings\yukiho\.gradle\caches\9.4.0\transforms\50a30ecbad6024537996913dcf0fc19a\transformed\analysis\instrumentation-hierarchy.bin,"PEFormatError: 'Unable to read the DOS Header, possibly a truncated file.'"
C:\Documents and Settings\yukiho\.gradle\caches\9.4.0\transforms\50fda1e58ce431719843b5b065ea93a1\metadata.bin,PEFormatError: 'DOS Header magic not found.'
C:\Documents and Settings\yukiho\.gradle\caches\9.4.0\transforms\50fda1e58ce431719843b5b065ea93a1\results.bin,PEFormatError: 'DOS Header magic not found.'
C:\Documents and Settings\yukiho\.gradle\caches\9.4.0\transforms\52c323b191850f3cbe3cea80661da379\metadata.bin,PEFormatError: 'DOS Header magic not found.'
C:\Documents and Settings\yukiho\.gradle\caches\9.4.0\transforms\52c323b191850f3cbe3cea80661da379\results.bin,"PEFormatError: 'Unable to read the DOS Header, possibly a truncated file.'"
C:\Documents and Settings\yukiho\.gradle\caches\9.4.0\transforms\53f78354feb5a0903f07be3abdaa2adc\metadata.bin,PEFormatError: 'DOS Header magic not found.'
C:\Documents and Settings\yukiho\.gradle\caches\9.4.0\transforms\53f78354feb5a0903f07be3abdaa2adc\results.bin,PEFormatError: 'DOS Header magic not found.'
C:\Documents and Settings\yukiho\.gradle\caches\9.4.0\transforms\53f78354feb5a0903f07be3abdaa2adc\transformed\analysis\instrumentation-dependencies.bin,PEFormatError: 'DOS Header magic not found.'
C:\Documents and Settings\yukiho\.gradle\caches\9.4.0\transforms\53f78354feb5a0903f07be3abdaa2adc\transformed\analysis\instrumentation-hierarchy.bin,PEFormatError: 'DOS Header magic not found.'
C:\Documents and Settings\yukiho\.gradle\caches\9.4.0\transforms\54b0955fe0c7759cce7cfe8439536223\metadata.bin,PEFormatError: 'DOS Header magic not found.'
C:\Documents and Settings\yukiho\.gradle\caches\9.4.0\transforms\54b0955fe0c7759cce7cfe8439536223\results.bin,"PEFormatError: 'Unable to read the DOS Header, possibly a truncated file.'"
C:\Documents and Settings\yukiho\.gradle\caches\9.4.0\transforms\5525eddd8a18d98b3fc6e04ec2dc7ffa\metadata.bin,PEFormatError: 'DOS Header magic not found.'
C:\Documents and Settings\yukiho\.gradle\caches\9.4.0\transforms\5525eddd8a18d98b3fc6e04ec2dc7ffa\results.bin,PEFormatError: 'The file is empty'
C:\Documents and Settings\yukiho\.gradle\caches\9.4.0\transforms\561f802988d768a6f9cd273538b99746\metadata.bin,PEFormatError: 'DOS Header magic not found.'
C:\Documents and Settings\yukiho\.gradle\caches\9.4.0\transforms\561f802988d768a6f9cd273538b99746\results.bin,"PEFormatError: 'Unable to read the DOS Header, possibly a truncated file.'"
C:\Documents and Settings\yukiho\.gradle\caches\9.4.0\transforms\56a84999cc4e21fcc9f0bf1809377bcf\metadata.bin,PEFormatError: 'DOS Header magic not found.'
C:\Documents and Settings\yukiho\.gradle\caches\9.4.0\transforms\56a84999cc4e21fcc9f0bf1809377bcf\results.bin,PEFormatError: 'The file is empty'
C:\Documents and Settings\yukiho\.gradle\caches\9.4.0\transforms\599382cfcbbb1cd3500de37b95ab7059\metadata.bin,PEFormatError: 'DOS Header magic not found.'
C:\Documents and Settings\yukiho\.gradle\caches\9.4.0\transforms\599382cfcbbb1cd3500de37b95ab7059\results.bin,PEFormatError: 'DOS Header magic not found.'
C:\Documents and Settings\yukiho\.gradle\caches\9.4.0\transforms\599382cfcbbb1cd3500de37b95ab7059\transformed\merge\instrumentation-dependencies.bin,"PEFormatError: 'Unable to read the DOS Header, possibly a truncated file.'"
C:\Documents and Settings\yukiho\.gradle\caches\9.4.0\transforms\5a6ae1cb88afe798eeb01817f442d064\metadata.bin,PEFormatError: 'DOS Header magic not found.'
C:\Documents and Settings\yukiho\.gradle\caches\9.4.0\transforms\5a6ae1cb88afe798eeb01817f442d064\results.bin,PEFormatError: 'The file is empty'
C:\Documents and Settings\yukiho\.gradle\caches\9.4.0\transforms\5ae1b886383e3f82470a2821293d06cc\metadata.bin,PEFormatError: 'DOS Header magic not found.'
C:\Documents and Settings\yukiho\.gradle\caches\9.4.0\transforms\5ae1b886383e3f82470a2821293d06cc\results.bin,PEFormatError: 'DOS Header magic not found.'
C:\Documents and Settings\yukiho\.gradle\caches\9.4.0\transforms\5dccf6eb0c9b15fddbed62098d700b7f\metadata.bin,PEFormatError: 'DOS Header magic not found.'
C:\Documents and Settings\yukiho\.gradle\caches\9.4.0\transforms\5dccf6eb0c9b15fddbed62098d700b7f\results.bin,"PEFormatError: 'Unable to read the DOS Header, possibly a truncated file.'"
C:\Documents and Settings\yukiho\.gradle\caches\9.4.0\transforms\5e18cb49aae53fd1262e8fa763947eb1\metadata.bin,PEFormatError: 'DOS Header magic not found.'
C:\Documents and Settings\yukiho\.gradle\caches\9.4.0\transforms\5e18cb49aae53fd1262e8fa763947eb1\results.bin,PEFormatError: 'DOS Header magic not found.'
C:\Documents and Settings\yukiho\.gradle\caches\9.4.0\transforms\5e18cb49aae53fd1262e8fa763947eb1\transformed\analysis\instrumentation-dependencies.bin,PEFormatError: 'DOS Header magic not found.'
C:\Documents and Settings\yukiho\.gradle\caches\9.4.0\transforms\5e18cb49aae53fd1262e8fa763947eb1\transformed\analysis\instrumentation-hierarchy.bin,"PEFormatError: 'Unable to read the DOS Header, possibly a truncated file.'"
C:\Documents and Settings\yukiho\.gradle\caches\9.4.0\transforms\5f382713224f28751f1f081a844344db\metadata.bin,PEFormatError: 'DOS Header magic not found.'
C:\Documents and Settings\yukiho\.gradle\caches\9.4.0\transforms\5f382713224f28751f1f081a844344db\results.bin,PEFormatError: 'DOS Header magic not found.'
C:\Documents and Settings\yukiho\.gradle\caches\9.4.0\transforms\5f382713224f28751f1f081a844344db\transformed\analysis\instrumentation-dependencies.bin,PEFormatError: 'DOS Header magic not found.'
C:\Documents and Settings\yukiho\.gradle\caches\9.4.0\transforms\5f382713224f28751f1f081a844344db\transformed\analysis\instrumentation-hierarchy.bin,PEFormatError: 'DOS Header magic not found.'
C:\Documents and Settings\yukiho\.gradle\caches\9.4.0\transforms\600777c4d9366b501c958d3acce04022\metadata.bin,PEFormatError: 'DOS Header magic not found.'
C:\Documents and Settings\yukiho\.gradle\caches\9.4.0\transforms\600777c4d9366b501c958d3acce04022\results.bin,PEFormatError: 'The file is empty'
C:\Documents and Settings\yukiho\.gradle\caches\9.4.0\transforms\60d54d2dc78de14f2d91d68ae98849f0\metadata.bin,PEFormatError: 'DOS Header magic not found.'
C:\Documents and Settings\yukiho\.gradle\caches\9.4.0\transforms\60d54d2dc78de14f2d91d68ae98849f0\results.bin,"PEFormatError: 'Unable to read the DOS Header, possibly a truncated file.'"
C:\Documents and Settings\yukiho\.gradle\caches\9.4.0\transforms\60e7bb6488820d029503b74f7179a8b3\metadata.bin,PEFormatError: 'DOS Header magic not found.'
C:\Documents and Settings\yukiho\.gradle\caches\9.4.0\transforms\60e7bb6488820d029503b74f7179a8b3\results.bin,PEFormatError: 'DOS Header magic not found.'
C:\Documents and Settings\yukiho\.gradle\caches\9.4.0\transforms\60e7bb6488820d029503b74f7179a8b3\transformed\merge\instrumentation-dependencies.bin,"PEFormatError: 'Unable to read the DOS Header, possibly a truncated file.'"
C:\Documents and Settings\yukiho\.gradle\caches\9.4.0\transforms\6289a194ce36d279139154260b962ad4\metadata.bin,PEFormatError: 'DOS Header magic not found.'
C:\Documents and Settings\yukiho\.gradle\caches\9.4.0\transforms\6289a194ce36d279139154260b962ad4\results.bin,"PEFormatError: 'Unable to read the DOS Header, possibly a truncated file.'"
C:\Documents and Settings\yukiho\.gradle\caches\9.4.0\transforms\636f3f1a58b2afed32dcafcef5f0bb49\metadata.bin,PEFormatError: 'DOS Header magic not found.'
C:\Documents and Settings\yukiho\.gradle\caches\9.4.0\transforms\636f3f1a58b2afed32dcafcef5f0bb49\results.bin,"PEFormatError: 'Unable to read the DOS Header, possibly a truncated file.'"
C:\Documents and Settings\yukiho\.gradle\caches\9.4.0\transforms\63c464b8d32f72e5e9ae3e1374a495ca\metadata.bin,PEFormatError: 'DOS Header magic not found.'
C:\Documents and Settings\yukiho\.gradle\caches\9.4.0\transforms\63c464b8d32f72e5e9ae3e1374a495ca\results.bin,"PEFormatError: 'Unable to read the DOS Header, possibly a truncated file.'"
C:\Documents and Settings\yukiho\.gradle\caches\9.4.0\transforms\6468ef5e36b16d9c5087321fcb58b893\metadata.bin,PEFormatError: 'DOS Header magic not found.'
C:\Documents and Settings\yukiho\.gradle\caches\9.4.0\transforms\6468ef5e36b16d9c5087321fcb58b893\results.bin,"PEFormatError: 'Unable to read the DOS Header, possibly a truncated file.'"
C:\Documents and Settings\yukiho\.gradle\caches\9.4.0\transforms\65284bb647271cc1fbc5859198d71aa0\metadata.bin,PEFormatError: 'DOS Header magic not found.'
C:\Documents and Settings\yukiho\.gradle\caches\9.4.0\transforms\65284bb647271cc1fbc5859198d71aa0\results.bin,PEFormatError: 'The file is empty'
C:\Documents and Settings\yukiho\.gradle\caches\9.4.0\transforms\655b86e22bf59d967b1973c71c7c6d67\metadata.bin,PEFormatError: 'DOS Header magic not found.'
C:\Documents and Settings\yukiho\.gradle\caches\9.4.0\transforms\655b86e22bf59d967b1973c71c7c6d67\results.bin,"PEFormatError: 'Unable to read the DOS Header, possibly a truncated file.'"
C:\Documents and Settings\yukiho\.gradle\caches\9.4.0\transforms\66c3e4a7fc712c64ff97e76dba4695a9\metadata.bin,PEFormatError: 'DOS Header magic not found.'
C:\Documents and Settings\yukiho\.gradle\caches\9.4.0\transforms\66c3e4a7fc712c64ff97e76dba4695a9\results.bin,PEFormatError: 'DOS Header magic not found.'
C:\Documents and Settings\yukiho\.gradle\caches\9.4.0\transforms\66c3e4a7fc712c64ff97e76dba4695a9\transformed\analysis\instrumentation-dependencies.bin,PEFormatError: 'DOS Header magic not found.'
C:\Documents and Settings\yukiho\.gradle\caches\9.4.0\transforms\66c3e4a7fc712c64ff97e76dba4695a9\transformed\analysis\instrumentation-hierarchy.bin,PEFormatError: 'DOS Header magic not found.'
C:\Documents and Settings\yukiho\.gradle\caches\9.4.0\transforms\6703ac870bc4af568f1a58dfe0f313e7\metadata.bin,PEFormatError: 'DOS Header magic not found.'
C:\Documents and Settings\yukiho\.gradle\caches\9.4.0\transforms\6703ac870bc4af568f1a58dfe0f313e7\results.bin,PEFormatError: 'DOS Header magic not found.'
C:\Documents and Settings\yukiho\.gradle\caches\9.4.0\transforms\6703ac870bc4af568f1a58dfe0f313e7\transformed\merge\instrumentation-dependencies.bin,PEFormatError: 'DOS Header magic not found.'
C:\Documents and Settings\yukiho\.gradle\caches\9.4.0\transforms\673686d7cdeb3aed4ffa18da850a3c29\metadata.bin,PEFormatError: 'DOS Header magic not found.'
C:\Documents and Settings\yukiho\.gradle\caches\9.4.0\transforms\673686d7cdeb3aed4ffa18da850a3c29\results.bin,PEFormatError: 'DOS Header magic not found.'
C:\Documents and Settings\yukiho\.gradle\caches\9.4.0\transforms\673686d7cdeb3aed4ffa18da850a3c29\transformed\merge\instrumentation-dependencies.bin,"PEFormatError: 'Unable to read the DOS Header, possibly a truncated file.'"
C:\Documents and Settings\yukiho\.gradle\caches\9.4.0\transforms\67fb3f2e47c7f0e86344382ff6381c16\metadata.bin,PEFormatError: 'DOS Header magic not found.'
C:\Documents and Settings\yukiho\.gradle\caches\9.4.0\transforms\67fb3f2e47c7f0e86344382ff6381c16\results.bin,PEFormatError: 'DOS Header magic not found.'
C:\Documents and Settings\yukiho\.gradle\caches\9.4.0\transforms\68805c6eae5d28d4115b811f1b9979f9\metadata.bin,PEFormatError: 'DOS Header magic not found.'
C:\Documents and Settings\yukiho\.gradle\caches\9.4.0\transforms\68805c6eae5d28d4115b811f1b9979f9\results.bin,PEFormatError: 'The file is empty'
C:\Documents and Settings\yukiho\.gradle\caches\9.4.0\transforms\68b5d3cf668c937e3407552943c7adf8\metadata.bin,PEFormatError: 'DOS Header magic not found.'
C:\Documents and Settings\yukiho\.gradle\caches\9.4.0\transforms\68b5d3cf668c937e3407552943c7adf8\results.bin,PEFormatError: 'The file is empty'
C:\Documents and Settings\yukiho\.gradle\caches\9.4.0\transforms\69bec07d366c1cea47790ee75c1ed2c5\metadata.bin,PEFormatError: 'DOS Header magic not found.'
C:\Documents and Settings\yukiho\.gradle\caches\9.4.0\transforms\69bec07d366c1cea47790ee75c1ed2c5\results.bin,"PEFormatError: 'Unable to read the DOS Header, possibly a truncated file.'"
C:\Documents and Settings\yukiho\.gradle\caches\9.4.0\transforms\69d4672962bcdd3339c14689e135c90d\metadata.bin,PEFormatError: 'DOS Header magic not found.'
C:\Documents and Settings\yukiho\.gradle\caches\9.4.0\transforms\69d4672962bcdd3339c14689e135c90d\results.bin,"PEFormatError: 'Unable to read the DOS Header, possibly a truncated file.'"
C:\Documents and Settings\yukiho\.gradle\caches\9.4.0\transforms\6b4db57df4c46db267c9d663c085611e\metadata.bin,PEFormatError: 'DOS Header magic not found.'
C:\Documents and Settings\yukiho\.gradle\caches\9.4.0\transforms\6b4db57df4c46db267c9d663c085611e\results.bin,PEFormatError: 'DOS Header magic not found.'
C:\Documents and Settings\yukiho\.gradle\caches\9.4.0\transforms\6b4db57df4c46db267c9d663c085611e\transformed\analysis\instrumentation-dependencies.bin,PEFormatError: 'DOS Header magic not found.'
C:\Documents and Settings\yukiho\.gradle\caches\9.4.0\transforms\6b4db57df4c46db267c9d663c085611e\transformed\analysis\instrumentation-hierarchy.bin,PEFormatError: 'DOS Header magic not found.'
C:\Documents and Settings\yukiho\.gradle\caches\9.4.0\transforms\6b636795341d5060f01993aaa5c7b8c8\metadata.bin,PEFormatError: 'DOS Header magic not found.'
C:\Documents and Settings\yukiho\.gradle\caches\9.4.0\transforms\6b636795341d5060f01993aaa5c7b8c8\results.bin,PEFormatError: 'DOS Header magic not found.'
C:\Documents and Settings\yukiho\.gradle\caches\9.4.0\transforms\6b636795341d5060f01993aaa5c7b8c8\transformed\merge\instrumentation-dependencies.bin,"PEFormatError: 'Unable to read the DOS Header, possibly a truncated file.'"
C:\Documents and Settings\yukiho\.gradle\caches\9.4.0\transforms\6c0c69964a5b01b1a6f848fff216f0c4\metadata.bin,PEFormatError: 'DOS Header magic not found.'
C:\Documents and Settings\yukiho\.gradle\caches\9.4.0\transforms\6c0c69964a5b01b1a6f848fff216f0c4\results.bin,PEFormatError: 'DOS Header magic not found.'
C:\Documents and Settings\yukiho\.gradle\caches\9.4.0\transforms\6c0c69964a5b01b1a6f848fff216f0c4\transformed\analysis\instrumentation-dependencies.bin,PEFormatError: 'DOS Header magic not found.'
C:\Documents and Settings\yukiho\.gradle\caches\9.4.0\transforms\6c0c69964a5b01b1a6f848fff216f0c4\transformed\analysis\instrumentation-hierarchy.bin,PEFormatError: 'DOS Header magic not found.'
C:\Documents and Settings\yukiho\.gradle\caches\9.4.0\transforms\6ef2221380c93672b94760798d694e6d\metadata.bin,PEFormatError: 'DOS Header magic not found.'
C:\Documents and Settings\yukiho\.gradle\caches\9.4.0\transforms\6ef2221380c93672b94760798d694e6d\results.bin,PEFormatError: 'The file is empty'
C:\Documents and Settings\yukiho\.gradle\caches\9.4.0\transforms\6f7d4a49e3d6f12f2cf1cac5e3a32e10\metadata.bin,PEFormatError: 'DOS Header magic not found.'
C:\Documents and Settings\yukiho\.gradle\caches\9.4.0\transforms\6f7d4a49e3d6f12f2cf1cac5e3a32e10\results.bin,"PEFormatError: 'Unable to read the DOS Header, possibly a truncated file.'"
C:\Documents and Settings\yukiho\.gradle\caches\9.4.0\transforms\6fa91c4e7b051a2de30be6acd096cfee\metadata.bin,PEFormatError: 'DOS Header magic not found.'
C:\Documents and Settings\yukiho\.gradle\caches\9.4.0\transforms\6fa91c4e7b051a2de30be6acd096cfee\results.bin,PEFormatError: 'DOS Header magic not found.'
C:\Documents and Settings\yukiho\.gradle\caches\9.4.0\transforms\6fa91c4e7b051a2de30be6acd096cfee\transformed\analysis\instrumentation-dependencies.bin,PEFormatError: 'DOS Header magic not found.'
C:\Documents and Settings\yukiho\.gradle\caches\9.4.0\transforms\6fa91c4e7b051a2de30be6acd096cfee\transformed\analysis\instrumentation-hierarchy.bin,PEFormatError: 'DOS Header magic not found.'
C:\Documents and Settings\yukiho\.gradle\caches\9.4.0\transforms\6fb0a33a140dc7b3e99c93f9e6152d38\metadata.bin,PEFormatError: 'DOS Header magic not found.'
C:\Documents and Settings\yukiho\.gradle\caches\9.4.0\transforms\6fb0a33a140dc7b3e99c93f9e6152d38\results.bin,PEFormatError: 'DOS Header magic not found.'
C:\Documents and Settings\yukiho\.gradle\caches\9.4.0\transforms\6fb0a33a140dc7b3e99c93f9e6152d38\transformed\analysis\instrumentation-dependencies.bin,PEFormatError: 'DOS Header magic not found.'
C:\Documents and Settings\yukiho\.gradle\caches\9.4.0\transforms\6fb0a33a140dc7b3e99c93f9e6152d38\transformed\analysis\instrumentation-hierarchy.bin,PEFormatError: 'DOS Header magic not found.'
C:\Documents and Settings\yukiho\.gradle\caches\9.4.0\transforms\705728bb2457ae7688e9800a8522dca5\metadata.bin,PEFormatError: 'DOS Header magic not found.'
C:\Documents and Settings\yukiho\.gradle\caches\9.4.0\transforms\705728bb2457ae7688e9800a8522dca5\results.bin,"PEFormatError: 'Unable to read the DOS Header, possibly a truncated file.'"
C:\Documents and Settings\yukiho\.gradle\caches\9.4.0\transforms\70764fc28a851576f82e99c78de2d460\metadata.bin,PEFormatError: 'DOS Header magic not found.'
C:\Documents and Settings\yukiho\.gradle\caches\9.4.0\transforms\70764fc28a851576f82e99c78de2d460\results.bin,"PEFormatError: 'Unable to read the DOS Header, possibly a truncated file.'"
C:\Documents and Settings\yukiho\.gradle\caches\9.4.0\transforms\71ed785765877c21362965d030e376cf\metadata.bin,PEFormatError: 'DOS Header magic not found.'
C:\Documents and Settings\yukiho\.gradle\caches\9.4.0\transforms\71ed785765877c21362965d030e376cf\results.bin,PEFormatError: 'The file is empty'
C:\Documents and Settings\yukiho\.gradle\caches\9.4.0\transforms\73239f339d6871357f6fc72de6555da5\metadata.bin,PEFormatError: 'DOS Header magic not found.'
C:\Documents and Settings\yukiho\.gradle\caches\9.4.0\transforms\73239f339d6871357f6fc72de6555da5\results.bin,PEFormatError: 'The file is empty'
C:\Documents and Settings\yukiho\.gradle\caches\9.4.0\transforms\73f49f294b304ead22b35a482afbcd22\metadata.bin,PEFormatError: 'DOS Header magic not found.'
C:\Documents and Settings\yukiho\.gradle\caches\9.4.0\transforms\73f49f294b304ead22b35a482afbcd22\results.bin,PEFormatError: 'DOS Header magic not found.'
C:\Documents and Settings\yukiho\.gradle\caches\9.4.0\transforms\73f49f294b304ead22b35a482afbcd22\transformed\analysis\instrumentation-dependencies.bin,PEFormatError: 'DOS Header magic not found.'
C:\Documents and Settings\yukiho\.gradle\caches\9.4.0\transforms\73f49f294b304ead22b35a482afbcd22\transformed\analysis\instrumentation-hierarchy.bin,PEFormatError: 'DOS Header magic not found.'
C:\Documents and Settings\yukiho\.gradle\caches\9.4.0\transforms\74ed2a50cfc716f8663d4192934fecb1\metadata.bin,PEFormatError: 'DOS Header magic not found.'
C:\Documents and Settings\yukiho\.gradle\caches\9.4.0\transforms\74ed2a50cfc716f8663d4192934fecb1\results.bin,PEFormatError: 'DOS Header magic not found.'
C:\Documents and Settings\yukiho\.gradle\caches\9.4.0\transforms\74ed2a50cfc716f8663d4192934fecb1\transformed\analysis\instrumentation-dependencies.bin,PEFormatError: 'DOS Header magic not found.'
C:\Documents and Settings\yukiho\.gradle\caches\9.4.0\transforms\74ed2a50cfc716f8663d4192934fecb1\transformed\analysis\instrumentation-hierarchy.bin,PEFormatError: 'DOS Header magic not found.'
C:\Documents and Settings\yukiho\.gradle\caches\9.4.0\transforms\750d8bcc972486a26a9129ea6661051e\metadata.bin,PEFormatError: 'DOS Header magic not found.'
C:\Documents and Settings\yukiho\.gradle\caches\9.4.0\transforms\750d8bcc972486a26a9129ea6661051e\results.bin,PEFormatError: 'DOS Header magic not found.'
C:\Documents and Settings\yukiho\.gradle\caches\9.4.0\transforms\77fd6dd740c3b77b660f1ba2725f042d\metadata.bin,PEFormatError: 'DOS Header magic not found.'
C:\Documents and Settings\yukiho\.gradle\caches\9.4.0\transforms\77fd6dd740c3b77b660f1ba2725f042d\results.bin,PEFormatError: 'The file is empty'
C:\Documents and Settings\yukiho\.gradle\caches\9.4.0\transforms\7965dd52e920997ca93d596c3467bbf2\metadata.bin,PEFormatError: 'DOS Header magic not found.'
C:\Documents and Settings\yukiho\.gradle\caches\9.4.0\transforms\7965dd52e920997ca93d596c3467bbf2\results.bin,"PEFormatError: 'Unable to read the DOS Header, possibly a truncated file.'"
C:\Documents and Settings\yukiho\.gradle\caches\9.4.0\transforms\79f61b918b1ae157eb890e65b5bcfb34\metadata.bin,PEFormatError: 'DOS Header magic not found.'
C:\Documents and Settings\yukiho\.gradle\caches\9.4.0\transforms\79f61b918b1ae157eb890e65b5bcfb34\results.bin,"PEFormatError: 'Unable to read the DOS Header, possibly a truncated file.'"
C:\Documents and Settings\yukiho\.gradle\caches\9.4.0\transforms\7ac8e5da5f9fd7f5d0fde3db259226d8\metadata.bin,PEFormatError: 'DOS Header magic not found.'
C:\Documents and Settings\yukiho\.gradle\caches\9.4.0\transforms\7ac8e5da5f9fd7f5d0fde3db259226d8\results.bin,PEFormatError: 'DOS Header magic not found.'
C:\Documents and Settings\yukiho\.gradle\caches\9.4.0\transforms\7ac8e5da5f9fd7f5d0fde3db259226d8\transformed\merge\instrumentation-dependencies.bin,"PEFormatError: 'Unable to read the DOS Header, possibly a truncated file.'"
C:\Documents and Settings\yukiho\.gradle\caches\9.4.0\transforms\7d7cfcc3311a0d22da8cec2c418c70b1\metadata.bin,PEFormatError: 'DOS Header magic not found.'
C:\Documents and Settings\yukiho\.gradle\caches\9.4.0\transforms\7d7cfcc3311a0d22da8cec2c418c70b1\results.bin,PEFormatError: 'The file is empty'
C:\Documents and Settings\yukiho\.gradle\caches\9.4.0\transforms\7d895ee24b293388c517d23c6690c1df\metadata.bin,PEFormatError: 'DOS Header magic not found.'
C:\Documents and Settings\yukiho\.gradle\caches\9.4.0\transforms\7d895ee24b293388c517d23c6690c1df\results.bin,PEFormatError: 'The file is empty'
C:\Documents and Settings\yukiho\.gradle\caches\9.4.0\transforms\7e39cc7bbd8143a8737058c3736ac598\metadata.bin,PEFormatError: 'DOS Header magic not found.'
C:\Documents and Settings\yukiho\.gradle\caches\9.4.0\transforms\7e39cc7bbd8143a8737058c3736ac598\results.bin,PEFormatError: 'DOS Header magic not found.'
C:\Documents and Settings\yukiho\.gradle\caches\9.4.0\transforms\7e39cc7bbd8143a8737058c3736ac598\transformed\merge\instrumentation-dependencies.bin,"PEFormatError: 'Unable to read the DOS Header, possibly a truncated file.'"
C:\Documents and Settings\yukiho\.gradle\caches\9.4.0\transforms\7e80c4a3f8ab0bb5b903e218ba269670\metadata.bin,PEFormatError: 'DOS Header magic not found.'
C:\Documents and Settings\yukiho\.gradle\caches\9.4.0\transforms\7e80c4a3f8ab0bb5b903e218ba269670\results.bin,PEFormatError: 'The file is empty'
C:\Documents and Settings\yukiho\.gradle\caches\9.4.0\transforms\7f5872fa3783c7d70f3081a4de2b2ace\metadata.bin,PEFormatError: 'DOS Header magic not found.'
C:\Documents and Settings\yukiho\.gradle\caches\9.4.0\transforms\7f5872fa3783c7d70f3081a4de2b2ace\results.bin,PEFormatError: 'DOS Header magic not found.'
C:\Documents and Settings\yukiho\.gradle\caches\9.4.0\transforms\7f5872fa3783c7d70f3081a4de2b2ace\transformed\merge\instrumentation-dependencies.bin,PEFormatError: 'DOS Header magic not found.'
C:\Documents and Settings\yukiho\.gradle\caches\9.4.0\transforms\80ffb34a0a837c73a189c5e7c2b247f8\metadata.bin,PEFormatError: 'DOS Header magic not found.'
C:\Documents and Settings\yukiho\.gradle\caches\9.4.0\transforms\80ffb34a0a837c73a189c5e7c2b247f8\results.bin,PEFormatError: 'The file is empty'
C:\Documents and Settings\yukiho\.gradle\caches\9.4.0\transforms\8246f5a1d13dbb18d7721fadbf1f9e18\metadata.bin,PEFormatError: 'DOS Header magic not found.'
C:\Documents and Settings\yukiho\.gradle\caches\9.4.0\transforms\8246f5a1d13dbb18d7721fadbf1f9e18\results.bin,PEFormatError: 'DOS Header magic not found.'
C:\Documents and Settings\yukiho\.gradle\caches\9.4.0\transforms\8246f5a1d13dbb18d7721fadbf1f9e18\transformed\merge\instrumentation-dependencies.bin,"PEFormatError: 'Unable to read the DOS Header, possibly a truncated file.'"
C:\Documents and Settings\yukiho\.gradle\caches\9.4.0\transforms\834149f91441d5c06484218fee4c2f6c\metadata.bin,PEFormatError: 'DOS Header magic not found.'
C:\Documents and Settings\yukiho\.gradle\caches\9.4.0\transforms\834149f91441d5c06484218fee4c2f6c\results.bin,PEFormatError: 'DOS Header magic not found.'
C:\Documents and Settings\yukiho\.gradle\caches\9.4.0\transforms\834149f91441d5c06484218fee4c2f6c\transformed\merge\instrumentation-dependencies.bin,"PEFormatError: 'Unable to read the DOS Header, possibly a truncated file.'"
C:\Documents and Settings\yukiho\.gradle\caches\9.4.0\transforms\841704ab61a3955fdcf5ea9e8da24ddf\metadata.bin,PEFormatError: 'DOS Header magic not found.'
C:\Documents and Settings\yukiho\.gradle\caches\9.4.0\transforms\841704ab61a3955fdcf5ea9e8da24ddf\results.bin,PEFormatError: 'The file is empty'
C:\Documents and Settings\yukiho\.gradle\caches\9.4.0\transforms\84466b9c505ea590d406c22022d9be18\metadata.bin,PEFormatError: 'DOS Header magic not found.'
C:\Documents and Settings\yukiho\.gradle\caches\9.4.0\transforms\84466b9c505ea590d406c22022d9be18\results.bin,PEFormatError: 'The file is empty'
C:\Documents and Settings\yukiho\.gradle\caches\9.4.0\transforms\846de7ffefa2dadb2435b678f084e6c6\metadata.bin,PEFormatError: 'DOS Header magic not found.'
C:\Documents and Settings\yukiho\.gradle\caches\9.4.0\transforms\846de7ffefa2dadb2435b678f084e6c6\results.bin,PEFormatError: 'The file is empty'
C:\Documents and Settings\yukiho\.gradle\caches\9.4.0\transforms\87cb6c7d61dc346504e99375eb3cec44\metadata.bin,PEFormatError: 'DOS Header magic not found.'
C:\Documents and Settings\yukiho\.gradle\caches\9.4.0\transforms\87cb6c7d61dc346504e99375eb3cec44\results.bin,PEFormatError: 'DOS Header magic not found.'
C:\Documents and Settings\yukiho\.gradle\caches\9.4.0\transforms\87cb6c7d61dc346504e99375eb3cec44\transformed\analysis\instrumentation-dependencies.bin,PEFormatError: 'DOS Header magic not found.'
C:\Documents and Settings\yukiho\.gradle\caches\9.4.0\transforms\87cb6c7d61dc346504e99375eb3cec44\transformed\analysis\instrumentation-hierarchy.bin,PEFormatError: 'DOS Header magic not found.'
C:\Documents and Settings\yukiho\.gradle\caches\9.4.0\transforms\89546a8445cdceb38426cf6c25f73412\metadata.bin,PEFormatError: 'DOS Header magic not found.'
C:\Documents and Settings\yukiho\.gradle\caches\9.4.0\transforms\89546a8445cdceb38426cf6c25f73412\results.bin,PEFormatError: 'DOS Header magic not found.'
C:\Documents and Settings\yukiho\.gradle\caches\9.4.0\transforms\89546a8445cdceb38426cf6c25f73412\transformed\analysis\instrumentation-dependencies.bin,PEFormatError: 'DOS Header magic not found.'
C:\Documents and Settings\yukiho\.gradle\caches\9.4.0\transforms\89546a8445cdceb38426cf6c25f73412\transformed\analysis\instrumentation-hierarchy.bin,PEFormatError: 'DOS Header magic not found.'
C:\Documents and Settings\yukiho\.gradle\caches\9.4.0\transforms\8b7e9dc23ef0d73b0a277fcd2e375bf3\metadata.bin,PEFormatError: 'DOS Header magic not found.'
C:\Documents and Settings\yukiho\.gradle\caches\9.4.0\transforms\8b7e9dc23ef0d73b0a277fcd2e375bf3\results.bin,"PEFormatError: 'Unable to read the DOS Header, possibly a truncated file.'"
C:\Documents and Settings\yukiho\.gradle\caches\9.4.0\transforms\8b85c1ec77a990989a87d8dbf28304e0\metadata.bin,PEFormatError: 'DOS Header magic not found.'
C:\Documents and Settings\yukiho\.gradle\caches\9.4.0\transforms\8b85c1ec77a990989a87d8dbf28304e0\results.bin,PEFormatError: 'The file is empty'
C:\Documents and Settings\yukiho\.gradle\caches\9.4.0\transforms\8dd34d16354be3bc0004dbab6872c84d\metadata.bin,PEFormatError: 'DOS Header magic not found.'
C:\Documents and Settings\yukiho\.gradle\caches\9.4.0\transforms\8dd34d16354be3bc0004dbab6872c84d\results.bin,"PEFormatError: 'Unable to read the DOS Header, possibly a truncated file.'"
C:\Documents and Settings\yukiho\.gradle\caches\9.4.0\transforms\8f9c3e265cf8fd1189f18c62371b67a5\metadata.bin,PEFormatError: 'DOS Header magic not found.'
C:\Documents and Settings\yukiho\.gradle\caches\9.4.0\transforms\8f9c3e265cf8fd1189f18c62371b67a5\results.bin,PEFormatError: 'DOS Header magic not found.'
C:\Documents and Settings\yukiho\.gradle\caches\9.4.0\transforms\910e5eb3ddae16d1f12066866e4e4f4b\metadata.bin,PEFormatError: 'DOS Header magic not found.'
C:\Documents and Settings\yukiho\.gradle\caches\9.4.0\transforms\910e5eb3ddae16d1f12066866e4e4f4b\results.bin,PEFormatError: 'DOS Header magic not found.'
C:\Documents and Settings\yukiho\.gradle\caches\9.4.0\transforms\910e5eb3ddae16d1f12066866e4e4f4b\transformed\merge\instrumentation-dependencies.bin,"PEFormatError: 'Unable to read the DOS Header, possibly a truncated file.'"
C:\Documents and Settings\yukiho\.gradle\caches\9.4.0\transforms\931deff1864763995f083df95b60ee95\metadata.bin,PEFormatError: 'DOS Header magic not found.'
C:\Documents and Settings\yukiho\.gradle\caches\9.4.0\transforms\931deff1864763995f083df95b60ee95\results.bin,PEFormatError: 'DOS Header magic not found.'
C:\Documents and Settings\yukiho\.gradle\caches\9.4.0\transforms\931deff1864763995f083df95b60ee95\transformed\merge\instrumentation-dependencies.bin,"PEFormatError: 'Unable to read the DOS Header, possibly a truncated file.'"
C:\Documents and Settings\yukiho\.gradle\caches\9.4.0\transforms\936a70c40233bd6b34b115b035b682dd\metadata.bin,PEFormatError: 'DOS Header magic not found.'
C:\Documents and Settings\yukiho\.gradle\caches\9.4.0\transforms\936a70c40233bd6b34b115b035b682dd\results.bin,PEFormatError: 'The file is empty'
C:\Documents and Settings\yukiho\.gradle\caches\9.4.0\transforms\95b432f20298ac7ed2dd3b7e413c7320\metadata.bin,PEFormatError: 'DOS Header magic not found.'
C:\Documents and Settings\yukiho\.gradle\caches\9.4.0\transforms\95b432f20298ac7ed2dd3b7e413c7320\results.bin,PEFormatError: 'DOS Header magic not found.'
C:\Documents and Settings\yukiho\.gradle\caches\9.4.0\transforms\95b432f20298ac7ed2dd3b7e413c7320\transformed\analysis\instrumentation-dependencies.bin,PEFormatError: 'DOS Header magic not found.'
C:\Documents and Settings\yukiho\.gradle\caches\9.4.0\transforms\95b432f20298ac7ed2dd3b7e413c7320\transformed\analysis\instrumentation-hierarchy.bin,PEFormatError: 'DOS Header magic not found.'
C:\Documents and Settings\yukiho\.gradle\caches\9.4.0\transforms\961799bb6df9c91b0ffee75203fce5d2\metadata.bin,PEFormatError: 'DOS Header magic not found.'
C:\Documents and Settings\yukiho\.gradle\caches\9.4.0\transforms\961799bb6df9c91b0ffee75203fce5d2\results.bin,PEFormatError: 'The file is empty'
C:\Documents and Settings\yukiho\.gradle\caches\9.4.0\transforms\963eca9f45372d40618017d6b7f64cef\metadata.bin,PEFormatError: 'DOS Header magic not found.'
C:\Documents and Settings\yukiho\.gradle\caches\9.4.0\transforms\963eca9f45372d40618017d6b7f64cef\results.bin,PEFormatError: 'The file is empty'
C:\Documents and Settings\yukiho\.gradle\caches\9.4.0\transforms\96e049af6b1dcf743267610c197a69fc\metadata.bin,PEFormatError: 'DOS Header magic not found.'
C:\Documents and Settings\yukiho\.gradle\caches\9.4.0\transforms\96e049af6b1dcf743267610c197a69fc\results.bin,PEFormatError: 'DOS Header magic not found.'
C:\Documents and Settings\yukiho\.gradle\caches\9.4.0\transforms\96e049af6b1dcf743267610c197a69fc\transformed\merge\instrumentation-dependencies.bin,"PEFormatError: 'Unable to read the DOS Header, possibly a truncated file.'"
C:\Documents and Settings\yukiho\.gradle\caches\9.4.0\transforms\98fd200c1bf472d1bb855bdeef9f7560\metadata.bin,PEFormatError: 'DOS Header magic not found.'
C:\Documents and Settings\yukiho\.gradle\caches\9.4.0\transforms\98fd200c1bf472d1bb855bdeef9f7560\results.bin,PEFormatError: 'DOS Header magic not found.'
C:\Documents and Settings\yukiho\.gradle\caches\9.4.0\transforms\98fd200c1bf472d1bb855bdeef9f7560\transformed\analysis\instrumentation-dependencies.bin,PEFormatError: 'DOS Header magic not found.'
C:\Documents and Settings\yukiho\.gradle\caches\9.4.0\transforms\98fd200c1bf472d1bb855bdeef9f7560\transformed\analysis\instrumentation-hierarchy.bin,"PEFormatError: 'Unable to read the DOS Header, possibly a truncated file.'"
C:\Documents and Settings\yukiho\.gradle\caches\9.4.0\transforms\99050e5d6f9ad8acb12161c8d70d38c8\metadata.bin,PEFormatError: 'DOS Header magic not found.'
C:\Documents and Settings\yukiho\.gradle\caches\9.4.0\transforms\99050e5d6f9ad8acb12161c8d70d38c8\results.bin,PEFormatError: 'DOS Header magic not found.'
C:\Documents and Settings\yukiho\.gradle\caches\9.4.0\transforms\99050e5d6f9ad8acb12161c8d70d38c8\transformed\analysis\instrumentation-dependencies.bin,PEFormatError: 'DOS Header magic not found.'
C:\Documents and Settings\yukiho\.gradle\caches\9.4.0\transforms\99050e5d6f9ad8acb12161c8d70d38c8\transformed\analysis\instrumentation-hierarchy.bin,"PEFormatError: 'Unable to read the DOS Header, possibly a truncated file.'"
C:\Documents and Settings\yukiho\.gradle\caches\9.4.0\transforms\9942d859bf03a25bad63bba922e29713\metadata.bin,PEFormatError: 'DOS Header magic not found.'
C:\Documents and Settings\yukiho\.gradle\caches\9.4.0\transforms\9942d859bf03a25bad63bba922e29713\results.bin,"PEFormatError: 'Unable to read the DOS Header, possibly a truncated file.'"
C:\Documents and Settings\yukiho\.gradle\caches\9.4.0\transforms\9f64c18d353242d5314ea389d130a4e9\metadata.bin,PEFormatError: 'DOS Header magic not found.'
C:\Documents and Settings\yukiho\.gradle\caches\9.4.0\transforms\9f64c18d353242d5314ea389d130a4e9\results.bin,PEFormatError: 'DOS Header magic not found.'
C:\Documents and Settings\yukiho\.gradle\caches\9.4.0\transforms\9f64c18d353242d5314ea389d130a4e9\transformed\merge\instrumentation-dependencies.bin,PEFormatError: 'DOS Header magic not found.'
C:\Documents and Settings\yukiho\.gradle\caches\9.4.0\transforms\a0e07ab7d2bcc0a2e3d1316ed4fa3dd8\metadata.bin,PEFormatError: 'DOS Header magic not found.'
C:\Documents and Settings\yukiho\.gradle\caches\9.4.0\transforms\a0e07ab7d2bcc0a2e3d1316ed4fa3dd8\results.bin,PEFormatError: 'DOS Header magic not found.'
C:\Documents and Settings\yukiho\.gradle\caches\9.4.0\transforms\a39d9e7a9c87e23dd6c6cc0cc993fd04\metadata.bin,PEFormatError: 'DOS Header magic not found.'
C:\Documents and Settings\yukiho\.gradle\caches\9.4.0\transforms\a39d9e7a9c87e23dd6c6cc0cc993fd04\results.bin,PEFormatError: 'DOS Header magic not found.'
C:\Documents and Settings\yukiho\.gradle\caches\9.4.0\transforms\a39d9e7a9c87e23dd6c6cc0cc993fd04\transformed\merge\instrumentation-dependencies.bin,"PEFormatError: 'Unable to read the DOS Header, possibly a truncated file.'"
C:\Documents and Settings\yukiho\.gradle\caches\9.4.0\transforms\a4b7fd4a7a1f19f00d995848a10b9f13\metadata.bin,PEFormatError: 'DOS Header magic not found.'
C:\Documents and Settings\yukiho\.gradle\caches\9.4.0\transforms\a4b7fd4a7a1f19f00d995848a10b9f13\results.bin,PEFormatError: 'The file is empty'
C:\Documents and Settings\yukiho\.gradle\caches\9.4.0\transforms\a5329029ed4be4ed1c8fb66e909ad431\metadata.bin,PEFormatError: 'DOS Header magic not found.'
C:\Documents and Settings\yukiho\.gradle\caches\9.4.0\transforms\a5329029ed4be4ed1c8fb66e909ad431\results.bin,PEFormatError: 'DOS Header magic not found.'
C:\Documents and Settings\yukiho\.gradle\caches\9.4.0\transforms\a5329029ed4be4ed1c8fb66e909ad431\transformed\analysis\instrumentation-dependencies.bin,PEFormatError: 'DOS Header magic not found.'
C:\Documents and Settings\yukiho\.gradle\caches\9.4.0\transforms\a5329029ed4be4ed1c8fb66e909ad431\transformed\analysis\instrumentation-hierarchy.bin,PEFormatError: 'DOS Header magic not found.'
C:\Documents and Settings\yukiho\.gradle\caches\9.4.0\transforms\a574fdb0b525463ad7fa4e43c7b1a30e\metadata.bin,PEFormatError: 'DOS Header magic not found.'
C:\Documents and Settings\yukiho\.gradle\caches\9.4.0\transforms\a574fdb0b525463ad7fa4e43c7b1a30e\results.bin,PEFormatError: 'DOS Header magic not found.'
C:\Documents and Settings\yukiho\.gradle\caches\9.4.0\transforms\a5bc11515f906e80d7b48ffc3f34ad35\metadata.bin,PEFormatError: 'DOS Header magic not found.'
C:\Documents and Settings\yukiho\.gradle\caches\9.4.0\transforms\a5bc11515f906e80d7b48ffc3f34ad35\results.bin,PEFormatError: 'DOS Header magic not found.'
C:\Documents and Settings\yukiho\.gradle\caches\9.4.0\transforms\a5bc11515f906e80d7b48ffc3f34ad35\transformed\merge\instrumentation-dependencies.bin,"PEFormatError: 'Unable to read the DOS Header, possibly a truncated file.'"
C:\Documents and Settings\yukiho\.gradle\caches\9.4.0\transforms\a74282ff1a46c5e064b511b5f0b2e47a\metadata.bin,PEFormatError: 'DOS Header magic not found.'
C:\Documents and Settings\yukiho\.gradle\caches\9.4.0\transforms\a74282ff1a46c5e064b511b5f0b2e47a\results.bin,"PEFormatError: 'Unable to read the DOS Header, possibly a truncated file.'"
C:\Documents and Settings\yukiho\.gradle\caches\9.4.0\transforms\a92e8ea2bb9fb5ee1d7f8a8ebf6895c9\metadata.bin,PEFormatError: 'DOS Header magic not found.'
C:\Documents and Settings\yukiho\.gradle\caches\9.4.0\transforms\a92e8ea2bb9fb5ee1d7f8a8ebf6895c9\results.bin,PEFormatError: 'DOS Header magic not found.'
C:\Documents and Settings\yukiho\.gradle\caches\9.4.0\transforms\a9ae125ff2e018b8c87b83e895de67bb\metadata.bin,PEFormatError: 'DOS Header magic not found.'
C:\Documents and Settings\yukiho\.gradle\caches\9.4.0\transforms\a9ae125ff2e018b8c87b83e895de67bb\results.bin,PEFormatError: 'DOS Header magic not found.'
C:\Documents and Settings\yukiho\.gradle\caches\9.4.0\transforms\a9ae125ff2e018b8c87b83e895de67bb\transformed\merge\instrumentation-dependencies.bin,PEFormatError: 'DOS Header magic not found.'
C:\Documents and Settings\yukiho\.gradle\caches\9.4.0\transforms\aa13efe0fd3bc26ea7f546cbf80316cb\metadata.bin,PEFormatError: 'DOS Header magic not found.'
C:\Documents and Settings\yukiho\.gradle\caches\9.4.0\transforms\aa13efe0fd3bc26ea7f546cbf80316cb\results.bin,PEFormatError: 'DOS Header magic not found.'
C:\Documents and Settings\yukiho\.gradle\caches\9.4.0\transforms\aa13efe0fd3bc26ea7f546cbf80316cb\transformed\analysis\instrumentation-dependencies.bin,PEFormatError: 'DOS Header magic not found.'
C:\Documents and Settings\yukiho\.gradle\caches\9.4.0\transforms\aa13efe0fd3bc26ea7f546cbf80316cb\transformed\analysis\instrumentation-hierarchy.bin,PEFormatError: 'DOS Header magic not found.'
C:\Documents and Settings\yukiho\.gradle\caches\9.4.0\transforms\aa9a0e5f45f254da670cbfa674aa23c7\metadata.bin,PEFormatError: 'DOS Header magic not found.'
C:\Documents and Settings\yukiho\.gradle\caches\9.4.0\transforms\aa9a0e5f45f254da670cbfa674aa23c7\results.bin,PEFormatError: 'DOS Header magic not found.'
C:\Documents and Settings\yukiho\.gradle\caches\9.4.0\transforms\aa9a0e5f45f254da670cbfa674aa23c7\transformed\merge\instrumentation-dependencies.bin,"PEFormatError: 'Unable to read the DOS Header, possibly a truncated file.'"
C:\Documents and Settings\yukiho\.gradle\caches\9.4.0\transforms\aaff093e52faf50b9ad67edd25753385\metadata.bin,PEFormatError: 'DOS Header magic not found.'
C:\Documents and Settings\yukiho\.gradle\caches\9.4.0\transforms\aaff093e52faf50b9ad67edd25753385\results.bin,PEFormatError: 'DOS Header magic not found.'
C:\Documents and Settings\yukiho\.gradle\caches\9.4.0\transforms\aaff093e52faf50b9ad67edd25753385\transformed\merge\instrumentation-dependencies.bin,"PEFormatError: 'Unable to read the DOS Header, possibly a truncated file.'"
C:\Documents and Settings\yukiho\.gradle\caches\9.4.0\transforms\ab4a636b315f0753b964fedcc709cd51\metadata.bin,PEFormatError: 'DOS Header magic not found.'
C:\Documents and Settings\yukiho\.gradle\caches\9.4.0\transforms\ab4a636b315f0753b964fedcc709cd51\results.bin,PEFormatError: 'DOS Header magic not found.'
C:\Documents and Settings\yukiho\.gradle\caches\9.4.0\transforms\ab4a636b315f0753b964fedcc709cd51\transformed\merge\instrumentation-dependencies.bin,"PEFormatError: 'Unable to read the DOS Header, possibly a truncated file.'"
C:\Documents and Settings\yukiho\.gradle\caches\9.4.0\transforms\ab597e60f197077568692e995a7a0fae\metadata.bin,PEFormatError: 'DOS Header magic not found.'
C:\Documents and Settings\yukiho\.gradle\caches\9.4.0\transforms\ab597e60f197077568692e995a7a0fae\results.bin,PEFormatError: 'DOS Header magic not found.'
C:\Documents and Settings\yukiho\.gradle\caches\9.4.0\transforms\ac4312ee99ad1eca29edddce49811cd3\metadata.bin,PEFormatError: 'DOS Header magic not found.'
C:\Documents and Settings\yukiho\.gradle\caches\9.4.0\transforms\ac4312ee99ad1eca29edddce49811cd3\results.bin,PEFormatError: 'DOS Header magic not found.'
C:\Documents and Settings\yukiho\.gradle\caches\9.4.0\transforms\ac4312ee99ad1eca29edddce49811cd3\transformed\merge\instrumentation-dependencies.bin,PEFormatError: 'DOS Header magic not found.'
C:\Documents and Settings\yukiho\.gradle\caches\9.4.0\transforms\ad27d9834d3df4b4e7863e652fe3fb9a\metadata.bin,PEFormatError: 'DOS Header magic not found.'
C:\Documents and Settings\yukiho\.gradle\caches\9.4.0\transforms\ad27d9834d3df4b4e7863e652fe3fb9a\results.bin,"PEFormatError: 'Unable to read the DOS Header, possibly a truncated file.'"
C:\Documents and Settings\yukiho\.gradle\caches\9.4.0\transforms\aef331cc712478fc8876cb5a7d56c942\metadata.bin,PEFormatError: 'DOS Header magic not found.'
C:\Documents and Settings\yukiho\.gradle\caches\9.4.0\transforms\aef331cc712478fc8876cb5a7d56c942\results.bin,PEFormatError: 'DOS Header magic not found.'
C:\Documents and Settings\yukiho\.gradle\caches\9.4.0\transforms\aef331cc712478fc8876cb5a7d56c942\transformed\merge\instrumentation-dependencies.bin,"PEFormatError: 'Unable to read the DOS Header, possibly a truncated file.'"
C:\Documents and Settings\yukiho\.gradle\caches\9.4.0\transforms\afb8c2331f50d8f82bc8cc950bd30d00\metadata.bin,PEFormatError: 'DOS Header magic not found.'
C:\Documents and Settings\yukiho\.gradle\caches\9.4.0\transforms\afb8c2331f50d8f82bc8cc950bd30d00\results.bin,"PEFormatError: 'Unable to read the DOS Header, possibly a truncated file.'"
C:\Documents and Settings\yukiho\.gradle\caches\9.4.0\transforms\b0123e0394740352a70e760c0d3dfcc3\metadata.bin,PEFormatError: 'DOS Header magic not found.'
C:\Documents and Settings\yukiho\.gradle\caches\9.4.0\transforms\b0123e0394740352a70e760c0d3dfcc3\results.bin,PEFormatError: 'DOS Header magic not found.'
C:\Documents and Settings\yukiho\.gradle\caches\9.4.0\transforms\b0123e0394740352a70e760c0d3dfcc3\transformed\merge\instrumentation-dependencies.bin,"PEFormatError: 'Unable to read the DOS Header, possibly a truncated file.'"
C:\Documents and Settings\yukiho\.gradle\caches\9.4.0\transforms\b0a6eb18461de31f0000ef8da6e9b599\metadata.bin,PEFormatError: 'DOS Header magic not found.'
C:\Documents and Settings\yukiho\.gradle\caches\9.4.0\transforms\b0a6eb18461de31f0000ef8da6e9b599\results.bin,PEFormatError: 'DOS Header magic not found.'
C:\Documents and Settings\yukiho\.gradle\caches\9.4.0\transforms\b164e8cb37668def15820ade3ba5a179\metadata.bin,PEFormatError: 'DOS Header magic not found.'
C:\Documents and Settings\yukiho\.gradle\caches\9.4.0\transforms\b164e8cb37668def15820ade3ba5a179\results.bin,PEFormatError: 'DOS Header magic not found.'
C:\Documents and Settings\yukiho\.gradle\caches\9.4.0\transforms\b164e8cb37668def15820ade3ba5a179\transformed\merge\instrumentation-dependencies.bin,"PEFormatError: 'Unable to read the DOS Header, possibly a truncated file.'"
C:\Documents and Settings\yukiho\.gradle\caches\9.4.0\transforms\b368e056d40127b68fb9f3515ab44eb9\metadata.bin,PEFormatError: 'DOS Header magic not found.'
C:\Documents and Settings\yukiho\.gradle\caches\9.4.0\transforms\b368e056d40127b68fb9f3515ab44eb9\results.bin,PEFormatError: 'The file is empty'
C:\Documents and Settings\yukiho\.gradle\caches\9.4.0\transforms\b3ef2077f69243315a98d660b0d0654d\metadata.bin,PEFormatError: 'DOS Header magic not found.'
C:\Documents and Settings\yukiho\.gradle\caches\9.4.0\transforms\b3ef2077f69243315a98d660b0d0654d\results.bin,PEFormatError: 'DOS Header magic not found.'
C:\Documents and Settings\yukiho\.gradle\caches\9.4.0\transforms\bb0b03661d71b3fb21cb15d4b91866e3\metadata.bin,PEFormatError: 'DOS Header magic not found.'
C:\Documents and Settings\yukiho\.gradle\caches\9.4.0\transforms\bb0b03661d71b3fb21cb15d4b91866e3\results.bin,"PEFormatError: 'Unable to read the DOS Header, possibly a truncated file.'"
C:\Documents and Settings\yukiho\.gradle\caches\9.4.0\transforms\bb4091fd87ed15433b85ddccf3d19f9d\metadata.bin,PEFormatError: 'DOS Header magic not found.'
C:\Documents and Settings\yukiho\.gradle\caches\9.4.0\transforms\bb4091fd87ed15433b85ddccf3d19f9d\results.bin,PEFormatError: 'DOS Header magic not found.'
C:\Documents and Settings\yukiho\.gradle\caches\9.4.0\transforms\bb4091fd87ed15433b85ddccf3d19f9d\transformed\merge\instrumentation-dependencies.bin,PEFormatError: 'DOS Header magic not found.'
C:\Documents and Settings\yukiho\.gradle\caches\9.4.0\transforms\bb46d8ba5b94d6c568896f03a61892e6\metadata.bin,PEFormatError: 'DOS Header magic not found.'
C:\Documents and Settings\yukiho\.gradle\caches\9.4.0\transforms\bb46d8ba5b94d6c568896f03a61892e6\results.bin,PEFormatError: 'DOS Header magic not found.'
C:\Documents and Settings\yukiho\.gradle\caches\9.4.0\transforms\bc83adac286cde31ad96d13451d6a842\metadata.bin,PEFormatError: 'DOS Header magic not found.'
C:\Documents and Settings\yukiho\.gradle\caches\9.4.0\transforms\bc83adac286cde31ad96d13451d6a842\results.bin,PEFormatError: 'DOS Header magic not found.'
C:\Documents and Settings\yukiho\.gradle\caches\9.4.0\transforms\bc84cc1019700ba0190d0a40ca74a572\metadata.bin,PEFormatError: 'DOS Header magic not found.'
C:\Documents and Settings\yukiho\.gradle\caches\9.4.0\transforms\bc84cc1019700ba0190d0a40ca74a572\results.bin,PEFormatError: 'The file is empty'
C:\Documents and Settings\yukiho\.gradle\caches\9.4.0\transforms\bccfb2e824bd89eae83b9480cf20634b\metadata.bin,PEFormatError: 'DOS Header magic not found.'
C:\Documents and Settings\yukiho\.gradle\caches\9.4.0\transforms\bccfb2e824bd89eae83b9480cf20634b\results.bin,PEFormatError: 'DOS Header magic not found.'
C:\Documents and Settings\yukiho\.gradle\caches\9.4.0\transforms\bccfb2e824bd89eae83b9480cf20634b\transformed\merge\instrumentation-dependencies.bin,"PEFormatError: 'Unable to read the DOS Header, possibly a truncated file.'"
C:\Documents and Settings\yukiho\.gradle\caches\9.4.0\transforms\c102c3567881f7e36860a5690dd61f61\metadata.bin,PEFormatError: 'DOS Header magic not found.'
C:\Documents and Settings\yukiho\.gradle\caches\9.4.0\transforms\c102c3567881f7e36860a5690dd61f61\results.bin,"PEFormatError: 'Unable to read the DOS Header, possibly a truncated file.'"
C:\Documents and Settings\yukiho\.gradle\caches\9.4.0\transforms\c25caf73f6bef4fbcb0baadd4bd1ba7c\metadata.bin,PEFormatError: 'DOS Header magic not found.'
C:\Documents and Settings\yukiho\.gradle\caches\9.4.0\transforms\c25caf73f6bef4fbcb0baadd4bd1ba7c\results.bin,PEFormatError: 'The file is empty'
C:\Documents and Settings\yukiho\.gradle\caches\9.4.0\transforms\c316259cfe60dfe37e7c1975095452f7\metadata.bin,PEFormatError: 'DOS Header magic not found.'
C:\Documents and Settings\yukiho\.gradle\caches\9.4.0\transforms\c316259cfe60dfe37e7c1975095452f7\results.bin,"PEFormatError: 'Unable to read the DOS Header, possibly a truncated file.'"
C:\Documents and Settings\yukiho\.gradle\caches\9.4.0\transforms\c449d97e853b3fac24b9f7c5509fe3e9\metadata.bin,PEFormatError: 'DOS Header magic not found.'
C:\Documents and Settings\yukiho\.gradle\caches\9.4.0\transforms\c449d97e853b3fac24b9f7c5509fe3e9\results.bin,PEFormatError: 'The file is empty'
C:\Documents and Settings\yukiho\.gradle\caches\9.4.0\transforms\c5d86dd494263e633b80f12d92c3d89f\metadata.bin,PEFormatError: 'DOS Header magic not found.'
C:\Documents and Settings\yukiho\.gradle\caches\9.4.0\transforms\c5d86dd494263e633b80f12d92c3d89f\results.bin,PEFormatError: 'DOS Header magic not found.'
C:\Documents and Settings\yukiho\.gradle\caches\9.4.0\transforms\c6aa47564199b5eacdcd3ce1f209bb13\metadata.bin,PEFormatError: 'DOS Header magic not found.'
C:\Documents and Settings\yukiho\.gradle\caches\9.4.0\transforms\c6aa47564199b5eacdcd3ce1f209bb13\results.bin,"PEFormatError: 'Unable to read the DOS Header, possibly a truncated file.'"
C:\Documents and Settings\yukiho\.gradle\caches\9.4.0\transforms\c6fd2c68ef48c009411375acf8a9d4d6\metadata.bin,PEFormatError: 'DOS Header magic not found.'
C:\Documents and Settings\yukiho\.gradle\caches\9.4.0\transforms\c6fd2c68ef48c009411375acf8a9d4d6\results.bin,PEFormatError: 'DOS Header magic not found.'
C:\Documents and Settings\yukiho\.gradle\caches\9.4.0\transforms\c6fd2c68ef48c009411375acf8a9d4d6\transformed\merge\instrumentation-dependencies.bin,"PEFormatError: 'Unable to read the DOS Header, possibly a truncated file.'"
C:\Documents and Settings\yukiho\.gradle\caches\9.4.0\transforms\c7227c5c4c46455b4930c0130ccf5e98\metadata.bin,PEFormatError: 'DOS Header magic not found.'
C:\Documents and Settings\yukiho\.gradle\caches\9.4.0\transforms\c7227c5c4c46455b4930c0130ccf5e98\results.bin,PEFormatError: 'DOS Header magic not found.'
C:\Documents and Settings\yukiho\.gradle\caches\9.4.0\transforms\c7f7461fa7e49fd8a3c282fa6446ab9f\metadata.bin,PEFormatError: 'DOS Header magic not found.'
C:\Documents and Settings\yukiho\.gradle\caches\9.4.0\transforms\c7f7461fa7e49fd8a3c282fa6446ab9f\results.bin,PEFormatError: 'DOS Header magic not found.'
C:\Documents and Settings\yukiho\.gradle\caches\9.4.0\transforms\c7f7461fa7e49fd8a3c282fa6446ab9f\transformed\merge\instrumentation-dependencies.bin,PEFormatError: 'DOS Header magic not found.'
C:\Documents and Settings\yukiho\.gradle\caches\9.4.0\transforms\c814f60197f832eada621307ffcc2940\metadata.bin,PEFormatError: 'DOS Header magic not found.'
C:\Documents and Settings\yukiho\.gradle\caches\9.4.0\transforms\c814f60197f832eada621307ffcc2940\results.bin,PEFormatError: 'The file is empty'
C:\Documents and Settings\yukiho\.gradle\caches\9.4.0\transforms\c9168b4fdd2d4df0e92837ba109ee484\metadata.bin,PEFormatError: 'DOS Header magic not found.'
C:\Documents and Settings\yukiho\.gradle\caches\9.4.0\transforms\c9168b4fdd2d4df0e92837ba109ee484\results.bin,PEFormatError: 'DOS Header magic not found.'
C:\Documents and Settings\yukiho\.gradle\caches\9.4.0\transforms\cbcc634646c751f2c62a546e2d2852cf\metadata.bin,PEFormatError: 'DOS Header magic not found.'
C:\Documents and Settings\yukiho\.gradle\caches\9.4.0\transforms\cbcc634646c751f2c62a546e2d2852cf\results.bin,PEFormatError: 'DOS Header magic not found.'
C:\Documents and Settings\yukiho\.gradle\caches\9.4.0\transforms\cc8a0e16daa609eeffd74b8ecf078ed8\metadata.bin,PEFormatError: 'DOS Header magic not found.'
C:\Documents and Settings\yukiho\.gradle\caches\9.4.0\transforms\cc8a0e16daa609eeffd74b8ecf078ed8\results.bin,PEFormatError: 'DOS Header magic not found.'
C:\Documents and Settings\yukiho\.gradle\caches\9.4.0\transforms\cd93a6914c20d53091f85ca2111fce3e\metadata.bin,PEFormatError: 'DOS Header magic not found.'
C:\Documents and Settings\yukiho\.gradle\caches\9.4.0\transforms\cd93a6914c20d53091f85ca2111fce3e\results.bin,PEFormatError: 'The file is empty'
C:\Documents and Settings\yukiho\.gradle\caches\9.4.0\transforms\cda15eb123689d3445a6069ac2c4f8c8\metadata.bin,PEFormatError: 'DOS Header magic not found.'
C:\Documents and Settings\yukiho\.gradle\caches\9.4.0\transforms\cda15eb123689d3445a6069ac2c4f8c8\results.bin,"PEFormatError: 'Unable to read the DOS Header, possibly a truncated file.'"
C:\Documents and Settings\yukiho\.gradle\caches\9.4.0\transforms\ceb6b85217c5946d419c79f0fac62262\metadata.bin,PEFormatError: 'DOS Header magic not found.'
C:\Documents and Settings\yukiho\.gradle\caches\9.4.0\transforms\ceb6b85217c5946d419c79f0fac62262\results.bin,"PEFormatError: 'Unable to read the DOS Header, possibly a truncated file.'"
C:\Documents and Settings\yukiho\.gradle\caches\9.4.0\transforms\d13431c9f5ec000c068161760a77406c\metadata.bin,PEFormatError: 'DOS Header magic not found.'
C:\Documents and Settings\yukiho\.gradle\caches\9.4.0\transforms\d13431c9f5ec000c068161760a77406c\results.bin,"PEFormatError: 'Unable to read the DOS Header, possibly a truncated file.'"
C:\Documents and Settings\yukiho\.gradle\caches\9.4.0\transforms\d1fb592f2c8fe9e4ed022e9ff94fc7c6\metadata.bin,PEFormatError: 'DOS Header magic not found.'
C:\Documents and Settings\yukiho\.gradle\caches\9.4.0\transforms\d1fb592f2c8fe9e4ed022e9ff94fc7c6\results.bin,"PEFormatError: 'Unable to read the DOS Header, possibly a truncated file.'"
C:\Documents and Settings\yukiho\.gradle\caches\9.4.0\transforms\d2a4c94ce0b07484fa9d3a70dd600d4d\metadata.bin,PEFormatError: 'DOS Header magic not found.'
C:\Documents and Settings\yukiho\.gradle\caches\9.4.0\transforms\d2a4c94ce0b07484fa9d3a70dd600d4d\results.bin,PEFormatError: 'DOS Header magic not found.'
C:\Documents and Settings\yukiho\.gradle\caches\9.4.0\transforms\d364df0ffe26bdea57ed69a6055a51c6\metadata.bin,PEFormatError: 'DOS Header magic not found.'
C:\Documents and Settings\yukiho\.gradle\caches\9.4.0\transforms\d364df0ffe26bdea57ed69a6055a51c6\results.bin,"PEFormatError: 'Unable to read the DOS Header, possibly a truncated file.'"
C:\Documents and Settings\yukiho\.gradle\caches\9.4.0\transforms\d76bc6258d38bd3740ed304bd73a175e\metadata.bin,PEFormatError: 'DOS Header magic not found.'
C:\Documents and Settings\yukiho\.gradle\caches\9.4.0\transforms\d76bc6258d38bd3740ed304bd73a175e\results.bin,"PEFormatError: 'Unable to read the DOS Header, possibly a truncated file.'"
C:\Documents and Settings\yukiho\.gradle\caches\9.4.0\transforms\d7a5805d34c86b2908f835639a20dcab\metadata.bin,PEFormatError: 'DOS Header magic not found.'
C:\Documents and Settings\yukiho\.gradle\caches\9.4.0\transforms\d7a5805d34c86b2908f835639a20dcab\results.bin,PEFormatError: 'DOS Header magic not found.'
C:\Documents and Settings\yukiho\.gradle\caches\9.4.0\transforms\d7a5805d34c86b2908f835639a20dcab\transformed\merge\instrumentation-dependencies.bin,"PEFormatError: 'Unable to read the DOS Header, possibly a truncated file.'"
C:\Documents and Settings\yukiho\.gradle\caches\9.4.0\transforms\d81c79753a7a52d58116ddcaf487e826\metadata.bin,PEFormatError: 'DOS Header magic not found.'
C:\Documents and Settings\yukiho\.gradle\caches\9.4.0\transforms\d81c79753a7a52d58116ddcaf487e826\results.bin,"PEFormatError: 'Unable to read the DOS Header, possibly a truncated file.'"
C:\Documents and Settings\yukiho\.gradle\caches\9.4.0\transforms\d8269b9739c35effd27215378fdeaade\metadata.bin,PEFormatError: 'DOS Header magic not found.'
C:\Documents and Settings\yukiho\.gradle\caches\9.4.0\transforms\d8269b9739c35effd27215378fdeaade\results.bin,"PEFormatError: 'Unable to read the DOS Header, possibly a truncated file.'"
C:\Documents and Settings\yukiho\.gradle\caches\9.4.0\transforms\d8f3d990f092c54096afd4d7988add07\metadata.bin,PEFormatError: 'DOS Header magic not found.'
C:\Documents and Settings\yukiho\.gradle\caches\9.4.0\transforms\d8f3d990f092c54096afd4d7988add07\results.bin,"PEFormatError: 'Unable to read the DOS Header, possibly a truncated file.'"
C:\Documents and Settings\yukiho\.gradle\caches\9.4.0\transforms\d98b58b5bf69ca8ab362963d3cbd9d24\metadata.bin,PEFormatError: 'DOS Header magic not found.'
C:\Documents and Settings\yukiho\.gradle\caches\9.4.0\transforms\d98b58b5bf69ca8ab362963d3cbd9d24\results.bin,"PEFormatError: 'Unable to read the DOS Header, possibly a truncated file.'"
C:\Documents and Settings\yukiho\.gradle\caches\9.4.0\transforms\d9e15c719bd3f3bd62a54beec9ddf789\metadata.bin,PEFormatError: 'DOS Header magic not found.'
C:\Documents and Settings\yukiho\.gradle\caches\9.4.0\transforms\d9e15c719bd3f3bd62a54beec9ddf789\results.bin,PEFormatError: 'DOS Header magic not found.'
C:\Documents and Settings\yukiho\.gradle\caches\9.4.0\transforms\db05fee35378cbe4aa9ae71979d2a7f8\metadata.bin,PEFormatError: 'DOS Header magic not found.'
C:\Documents and Settings\yukiho\.gradle\caches\9.4.0\transforms\db05fee35378cbe4aa9ae71979d2a7f8\results.bin,PEFormatError: 'DOS Header magic not found.'
C:\Documents and Settings\yukiho\.gradle\caches\9.4.0\transforms\dbce3a62e937eab9d7e2150c9c05006e\metadata.bin,PEFormatError: 'DOS Header magic not found.'
C:\Documents and Settings\yukiho\.gradle\caches\9.4.0\transforms\dbce3a62e937eab9d7e2150c9c05006e\results.bin,"PEFormatError: 'Unable to read the DOS Header, possibly a truncated file.'"
C:\Documents and Settings\yukiho\.gradle\caches\9.4.0\transforms\dbf647c1e6a6454bbf0913a834004da2\metadata.bin,PEFormatError: 'DOS Header magic not found.'
C:\Documents and Settings\yukiho\.gradle\caches\9.4.0\transforms\dbf647c1e6a6454bbf0913a834004da2\results.bin,PEFormatError: 'The file is empty'
C:\Documents and Settings\yukiho\.gradle\caches\9.4.0\transforms\dce198fe0b5acc773517e7d501e8afc5\metadata.bin,PEFormatError: 'DOS Header magic not found.'
C:\Documents and Settings\yukiho\.gradle\caches\9.4.0\transforms\dce198fe0b5acc773517e7d501e8afc5\results.bin,PEFormatError: 'DOS Header magic not found.'
C:\Documents and Settings\yukiho\.gradle\caches\9.4.0\transforms\dce198fe0b5acc773517e7d501e8afc5\transformed\merge\instrumentation-dependencies.bin,"PEFormatError: 'Unable to read the DOS Header, possibly a truncated file.'"
C:\Documents and Settings\yukiho\.gradle\caches\9.4.0\transforms\de9b652cd27bf6abcb42c180de0e07f9\metadata.bin,PEFormatError: 'DOS Header magic not found.'
C:\Documents and Settings\yukiho\.gradle\caches\9.4.0\transforms\de9b652cd27bf6abcb42c180de0e07f9\results.bin,PEFormatError: 'DOS Header magic not found.'
C:\Documents and Settings\yukiho\.gradle\caches\9.4.0\transforms\de9b652cd27bf6abcb42c180de0e07f9\transformed\merge\instrumentation-dependencies.bin,PEFormatError: 'DOS Header magic not found.'
C:\Documents and Settings\yukiho\.gradle\caches\9.4.0\transforms\dee75030b5499acd2e669886166f4424\metadata.bin,PEFormatError: 'DOS Header magic not found.'
C:\Documents and Settings\yukiho\.gradle\caches\9.4.0\transforms\dee75030b5499acd2e669886166f4424\results.bin,PEFormatError: 'DOS Header magic not found.'
C:\Documents and Settings\yukiho\.gradle\caches\9.4.0\transforms\df31c03a5f1829de0ee5c2ac0ba3c01a\metadata.bin,PEFormatError: 'DOS Header magic not found.'
C:\Documents and Settings\yukiho\.gradle\caches\9.4.0\transforms\df31c03a5f1829de0ee5c2ac0ba3c01a\results.bin,"PEFormatError: 'Unable to read the DOS Header, possibly a truncated file.'"
C:\Documents and Settings\yukiho\.gradle\caches\9.4.0\transforms\df498944ede937c2b9e6ca7ea291cb7e\metadata.bin,PEFormatError: 'DOS Header magic not found.'
C:\Documents and Settings\yukiho\.gradle\caches\9.4.0\transforms\df498944ede937c2b9e6ca7ea291cb7e\results.bin,PEFormatError: 'The file is empty'
C:\Documents and Settings\yukiho\.gradle\caches\9.4.0\transforms\df5c714584fb1d14be9c153a83554425\metadata.bin,PEFormatError: 'DOS Header magic not found.'
C:\Documents and Settings\yukiho\.gradle\caches\9.4.0\transforms\df5c714584fb1d14be9c153a83554425\results.bin,PEFormatError: 'The file is empty'
C:\Documents and Settings\yukiho\.gradle\caches\9.4.0\transforms\e1bcd9c33e311381a40c4503cc2d6743\metadata.bin,PEFormatError: 'DOS Header magic not found.'
C:\Documents and Settings\yukiho\.gradle\caches\9.4.0\transforms\e1bcd9c33e311381a40c4503cc2d6743\results.bin,PEFormatError: 'The file is empty'
C:\Documents and Settings\yukiho\.gradle\caches\9.4.0\transforms\e1d603907f2cdbf06ac1c43dc7fd6718\metadata.bin,PEFormatError: 'DOS Header magic not found.'
C:\Documents and Settings\yukiho\.gradle\caches\9.4.0\transforms\e1d603907f2cdbf06ac1c43dc7fd6718\results.bin,PEFormatError: 'The file is empty'
C:\Documents and Settings\yukiho\.gradle\caches\9.4.0\transforms\e1d6bdda42181294b34689f0a6ea889e\metadata.bin,PEFormatError: 'DOS Header magic not found.'
C:\Documents and Settings\yukiho\.gradle\caches\9.4.0\transforms\e1d6bdda42181294b34689f0a6ea889e\results.bin,"PEFormatError: 'Unable to read the DOS Header, possibly a truncated file.'"
C:\Documents and Settings\yukiho\.gradle\caches\9.4.0\transforms\e35dc8fbe566888b72fbf318bd879e2e\metadata.bin,PEFormatError: 'DOS Header magic not found.'
C:\Documents and Settings\yukiho\.gradle\caches\9.4.0\transforms\e35dc8fbe566888b72fbf318bd879e2e\results.bin,"PEFormatError: 'Unable to read the DOS Header, possibly a truncated file.'"
C:\Documents and Settings\yukiho\.gradle\caches\9.4.0\transforms\e3fcf57e34aead9f230e6110fd8396af\metadata.bin,PEFormatError: 'DOS Header magic not found.'
C:\Documents and Settings\yukiho\.gradle\caches\9.4.0\transforms\e3fcf57e34aead9f230e6110fd8396af\results.bin,"PEFormatError: 'Unable to read the DOS Header, possibly a truncated file.'"
C:\Documents and Settings\yukiho\.gradle\caches\9.4.0\transforms\e4897fe841578bdcd5c75dd720d68b9f\metadata.bin,PEFormatError: 'DOS Header magic not found.'
C:\Documents and Settings\yukiho\.gradle\caches\9.4.0\transforms\e4897fe841578bdcd5c75dd720d68b9f\results.bin,PEFormatError: 'DOS Header magic not found.'
C:\Documents and Settings\yukiho\.gradle\caches\9.4.0\transforms\e5f804532f1352196c6bfc6a76d77339\metadata.bin,PEFormatError: 'DOS Header magic not found.'
C:\Documents and Settings\yukiho\.gradle\caches\9.4.0\transforms\e5f804532f1352196c6bfc6a76d77339\results.bin,PEFormatError: 'DOS Header magic not found.'
C:\Documents and Settings\yukiho\.gradle\caches\9.4.0\transforms\e5f804532f1352196c6bfc6a76d77339\transformed\merge\instrumentation-dependencies.bin,"PEFormatError: 'Unable to read the DOS Header, possibly a truncated file.'"
C:\Documents and Settings\yukiho\.gradle\caches\9.4.0\transforms\e6cab34200558b81971c7686607bfa81\metadata.bin,PEFormatError: 'DOS Header magic not found.'
C:\Documents and Settings\yukiho\.gradle\caches\9.4.0\transforms\e6cab34200558b81971c7686607bfa81\results.bin,PEFormatError: 'DOS Header magic not found.'
C:\Documents and Settings\yukiho\.gradle\caches\9.4.0\transforms\e6cab34200558b81971c7686607bfa81\transformed\merge\instrumentation-dependencies.bin,"PEFormatError: 'Unable to read the DOS Header, possibly a truncated file.'"
C:\Documents and Settings\yukiho\.gradle\caches\9.4.0\transforms\e71e5bfdddee4d1d9c74407d283f8ebc\metadata.bin,PEFormatError: 'DOS Header magic not found.'
C:\Documents and Settings\yukiho\.gradle\caches\9.4.0\transforms\e71e5bfdddee4d1d9c74407d283f8ebc\results.bin,"PEFormatError: 'Unable to read the DOS Header, possibly a truncated file.'"
C:\Documents and Settings\yukiho\.gradle\caches\9.4.0\transforms\e905a7b9de5d68b4573c63e67e4940bf\metadata.bin,PEFormatError: 'DOS Header magic not found.'
C:\Documents and Settings\yukiho\.gradle\caches\9.4.0\transforms\e905a7b9de5d68b4573c63e67e4940bf\results.bin,PEFormatError: 'DOS Header magic not found.'
C:\Documents and Settings\yukiho\.gradle\caches\9.4.0\transforms\e905a7b9de5d68b4573c63e67e4940bf\transformed\merge\instrumentation-dependencies.bin,PEFormatError: 'DOS Header magic not found.'
C:\Documents and Settings\yukiho\.gradle\caches\9.4.0\transforms\ec44cc585e5ff45a1f21869e5253478b\metadata.bin,PEFormatError: 'DOS Header magic not found.'
C:\Documents and Settings\yukiho\.gradle\caches\9.4.0\transforms\ec44cc585e5ff45a1f21869e5253478b\results.bin,PEFormatError: 'DOS Header magic not found.'
C:\Documents and Settings\yukiho\.gradle\caches\9.4.0\transforms\ec44cc585e5ff45a1f21869e5253478b\transformed\merge\instrumentation-dependencies.bin,PEFormatError: 'DOS Header magic not found.'
C:\Documents and Settings\yukiho\.gradle\caches\9.4.0\transforms\ecb71bfd09a7036e8aaff6bc469c0485\metadata.bin,PEFormatError: 'DOS Header magic not found.'
C:\Documents and Settings\yukiho\.gradle\caches\9.4.0\transforms\ecb71bfd09a7036e8aaff6bc469c0485\results.bin,"PEFormatError: 'Unable to read the DOS Header, possibly a truncated file.'"
C:\Documents and Settings\yukiho\.gradle\caches\9.4.0\transforms\f05b9b511c21358b9d64c8bae3d54276\metadata.bin,PEFormatError: 'DOS Header magic not found.'
C:\Documents and Settings\yukiho\.gradle\caches\9.4.0\transforms\f05b9b511c21358b9d64c8bae3d54276\results.bin,PEFormatError: 'DOS Header magic not found.'
C:\Documents and Settings\yukiho\.gradle\caches\9.4.0\transforms\f05b9b511c21358b9d64c8bae3d54276\transformed\merge\instrumentation-dependencies.bin,"PEFormatError: 'Unable to read the DOS Header, possibly a truncated file.'"
C:\Documents and Settings\yukiho\.gradle\caches\9.4.0\transforms\f13499336d892c052144d646a313661b\metadata.bin,PEFormatError: 'DOS Header magic not found.'
C:\Documents and Settings\yukiho\.gradle\caches\9.4.0\transforms\f13499336d892c052144d646a313661b\results.bin,"PEFormatError: 'Unable to read the DOS Header, possibly a truncated file.'"
C:\Documents and Settings\yukiho\.gradle\caches\9.4.0\transforms\f1df407b8da4a06db5b54d9ceff08538\metadata.bin,PEFormatError: 'DOS Header magic not found.'
C:\Documents and Settings\yukiho\.gradle\caches\9.4.0\transforms\f1df407b8da4a06db5b54d9ceff08538\results.bin,"PEFormatError: 'Unable to read the DOS Header, possibly a truncated file.'"
C:\Documents and Settings\yukiho\.gradle\caches\9.4.0\transforms\f21b894a4c8af981a6fcddeeb2b6eefd\metadata.bin,PEFormatError: 'DOS Header magic not found.'
C:\Documents and Settings\yukiho\.gradle\caches\9.4.0\transforms\f21b894a4c8af981a6fcddeeb2b6eefd\results.bin,PEFormatError: 'DOS Header magic not found.'
C:\Documents and Settings\yukiho\.gradle\caches\9.4.0\transforms\f21b894a4c8af981a6fcddeeb2b6eefd\transformed\merge\instrumentation-dependencies.bin,"PEFormatError: 'Unable to read the DOS Header, possibly a truncated file.'"
C:\Documents and Settings\yukiho\.gradle\caches\9.4.0\transforms\f4033560e096c45a54278d2ce521fea4\metadata.bin,PEFormatError: 'DOS Header magic not found.'
C:\Documents and Settings\yukiho\.gradle\caches\9.4.0\transforms\f4033560e096c45a54278d2ce521fea4\results.bin,PEFormatError: 'DOS Header magic not found.'
C:\Documents and Settings\yukiho\.gradle\caches\9.4.0\transforms\f4033560e096c45a54278d2ce521fea4\transformed\analysis\instrumentation-dependencies.bin,PEFormatError: 'DOS Header magic not found.'
C:\Documents and Settings\yukiho\.gradle\caches\9.4.0\transforms\f4033560e096c45a54278d2ce521fea4\transformed\analysis\instrumentation-hierarchy.bin,PEFormatError: 'DOS Header magic not found.'
C:\Documents and Settings\yukiho\.gradle\caches\9.4.0\transforms\f4c0755048405409e1579dcd2a26ad09\metadata.bin,PEFormatError: 'DOS Header magic not found.'
C:\Documents and Settings\yukiho\.gradle\caches\9.4.0\transforms\f4c0755048405409e1579dcd2a26ad09\results.bin,PEFormatError: 'DOS Header magic not found.'
C:\Documents and Settings\yukiho\.gradle\caches\9.4.0\transforms\f4c0755048405409e1579dcd2a26ad09\transformed\merge\instrumentation-dependencies.bin,PEFormatError: 'DOS Header magic not found.'
C:\Documents and Settings\yukiho\.gradle\caches\9.4.0\transforms\f50ae09e57b85d42fdd1866d1fa2b26f\metadata.bin,PEFormatError: 'DOS Header magic not found.'
C:\Documents and Settings\yukiho\.gradle\caches\9.4.0\transforms\f50ae09e57b85d42fdd1866d1fa2b26f\results.bin,"PEFormatError: 'Unable to read the DOS Header, possibly a truncated file.'"
C:\Documents and Settings\yukiho\.gradle\caches\9.4.0\transforms\f70ad19bf594348bee0172df59848025\metadata.bin,PEFormatError: 'DOS Header magic not found.'
C:\Documents and Settings\yukiho\.gradle\caches\9.4.0\transforms\f70ad19bf594348bee0172df59848025\results.bin,PEFormatError: 'DOS Header magic not found.'
C:\Documents and Settings\yukiho\.gradle\caches\9.4.0\transforms\f71032d0c28b317596ad65ba2e6e7c09\metadata.bin,PEFormatError: 'DOS Header magic not found.'
C:\Documents and Settings\yukiho\.gradle\caches\9.4.0\transforms\f71032d0c28b317596ad65ba2e6e7c09\results.bin,PEFormatError: 'DOS Header magic not found.'
C:\Documents and Settings\yukiho\.gradle\caches\9.4.0\transforms\f71032d0c28b317596ad65ba2e6e7c09\transformed\merge\instrumentation-dependencies.bin,"PEFormatError: 'Unable to read the DOS Header, possibly a truncated file.'"
C:\Documents and Settings\yukiho\.gradle\caches\9.4.0\transforms\f756b3039dc8036d0ef394dc5f05f3c6\metadata.bin,PEFormatError: 'DOS Header magic not found.'
C:\Documents and Settings\yukiho\.gradle\caches\9.4.0\transforms\f756b3039dc8036d0ef394dc5f05f3c6\results.bin,"PEFormatError: 'Unable to read the DOS Header, possibly a truncated file.'"
C:\Documents and Settings\yukiho\.gradle\caches\9.4.0\transforms\f7930066d8a4edf5dc71391f1561df1c\metadata.bin,PEFormatError: 'DOS Header magic not found.'
C:\Documents and Settings\yukiho\.gradle\caches\9.4.0\transforms\f7930066d8a4edf5dc71391f1561df1c\results.bin,"PEFormatError: 'Unable to read the DOS Header, possibly a truncated file.'"
C:\Documents and Settings\yukiho\.gradle\caches\9.4.0\transforms\f7b1df5ee582d414db42a593cdcd12f2\metadata.bin,PEFormatError: 'DOS Header magic not found.'
C:\Documents and Settings\yukiho\.gradle\caches\9.4.0\transforms\f7b1df5ee582d414db42a593cdcd12f2\results.bin,"PEFormatError: 'Unable to read the DOS Header, possibly a truncated file.'"
C:\Documents and Settings\yukiho\.gradle\caches\9.4.0\transforms\f80b396f69ebb271a391010a32e4832c\metadata.bin,PEFormatError: 'DOS Header magic not found.'
C:\Documents and Settings\yukiho\.gradle\caches\9.4.0\transforms\f80b396f69ebb271a391010a32e4832c\results.bin,PEFormatError: 'DOS Header magic not found.'
C:\Documents and Settings\yukiho\.gradle\caches\9.4.0\transforms\f95ef048d7c70cb282ee6060b9496b7b\metadata.bin,PEFormatError: 'DOS Header magic not found.'
C:\Documents and Settings\yukiho\.gradle\caches\9.4.0\transforms\f95ef048d7c70cb282ee6060b9496b7b\results.bin,PEFormatError: 'DOS Header magic not found.'
C:\Documents and Settings\yukiho\.gradle\caches\9.4.0\transforms\f95ef048d7c70cb282ee6060b9496b7b\transformed\analysis\instrumentation-dependencies.bin,PEFormatError: 'DOS Header magic not found.'
C:\Documents and Settings\yukiho\.gradle\caches\9.4.0\transforms\f95ef048d7c70cb282ee6060b9496b7b\transformed\analysis\instrumentation-hierarchy.bin,PEFormatError: 'DOS Header magic not found.'
C:\Documents and Settings\yukiho\.gradle\caches\9.4.0\transforms\fd21cb1e788c68ec9e5154c4dad55124\metadata.bin,PEFormatError: 'DOS Header magic not found.'
C:\Documents and Settings\yukiho\.gradle\caches\9.4.0\transforms\fd21cb1e788c68ec9e5154c4dad55124\results.bin,PEFormatError: 'DOS Header magic not found.'
C:\Documents and Settings\yukiho\.gradle\caches\9.4.0\transforms\fd21cb1e788c68ec9e5154c4dad55124\transformed\analysis\instrumentation-dependencies.bin,PEFormatError: 'DOS Header magic not found.'
C:\Documents and Settings\yukiho\.gradle\caches\9.4.0\transforms\fd21cb1e788c68ec9e5154c4dad55124\transformed\analysis\instrumentation-hierarchy.bin,PEFormatError: 'DOS Header magic not found.'
C:\Documents and Settings\yukiho\.gradle\caches\9.4.0\transforms\fec9912d3e182838c2171599aeb2b252\metadata.bin,PEFormatError: 'DOS Header magic not found.'
C:\Documents and Settings\yukiho\.gradle\caches\9.4.0\transforms\fec9912d3e182838c2171599aeb2b252\results.bin,"PEFormatError: 'Unable to read the DOS Header, possibly a truncated file.'"
C:\Documents and Settings\yukiho\.gradle\caches\9.4.0\transforms\ff0190900a83424824fe5a8e59389eff\metadata.bin,PEFormatError: 'DOS Header magic not found.'
C:\Documents and Settings\yukiho\.gradle\caches\9.4.0\transforms\ff0190900a83424824fe5a8e59389eff\results.bin,"PEFormatError: 'Unable to read the DOS Header, possibly a truncated file.'"
C:\Documents and Settings\yukiho\.gradle\caches\journal-1\file-access.bin,PEFormatError: 'DOS Header magic not found.'
C:\Documents and Settings\yukiho\.gradle\caches\modules-2\metadata-2.107\module-artifact.bin,PEFormatError: 'DOS Header magic not found.'
C:\Documents and Settings\yukiho\.gradle\caches\modules-2\metadata-2.107\module-artifacts.bin,PEFormatError: 'DOS Header magic not found.'
C:\Documents and Settings\yukiho\.gradle\caches\modules-2\metadata-2.107\module-metadata.bin,PEFormatError: 'DOS Header magic not found.'
C:\Documents and Settings\yukiho\.gradle\caches\modules-2\metadata-2.107\resource-at-url.bin,PEFormatError: 'DOS Header magic not found.'
C:\Documents and Settings\yukiho\.gradle\caches\modules-2\metadata-2.107\descriptors\at.yawk.lz4\lz4-java\1.10.1\1aabd0c54952056a1ba4cd00590517b0\descriptor.bin,PEFormatError: 'DOS Header magic not found.'
C:\Documents and Settings\yukiho\.gradle\caches\modules-2\metadata-2.107\descriptors\at.yawk.lz4\lz4-java\1.8.1\1aabd0c54952056a1ba4cd00590517b0\descriptor.bin,PEFormatError: 'DOS Header magic not found.'
C:\Documents and Settings\yukiho\.gradle\caches\modules-2\metadata-2.107\descriptors\carpet\fabric-carpet\1.14.4-1.3.7+v200127\c3441c8445d9b4078dd15cd67f4815df\descriptor.bin,PEFormatError: 'DOS Header magic not found.'
C:\Documents and Settings\yukiho\.gradle\caches\modules-2\metadata-2.107\descriptors\carpet\fabric-carpet\1.15.2-1.4.8+v200811\c3441c8445d9b4078dd15cd67f4815df\descriptor.bin,PEFormatError: 'DOS Header magic not found.'
C:\Documents and Settings\yukiho\.gradle\caches\modules-2\metadata-2.107\descriptors\carpet\fabric-carpet\1.16.5-1.4.44+v210714\c3441c8445d9b4078dd15cd67f4815df\descriptor.bin,PEFormatError: 'DOS Header magic not found.'
C:\Documents and Settings\yukiho\.gradle\caches\modules-2\metadata-2.107\descriptors\carpet\fabric-carpet\1.17.1-1.4.57+v220119\c3441c8445d9b4078dd15cd67f4815df\descriptor.bin,PEFormatError: 'DOS Header magic not found.'
C:\Documents and Settings\yukiho\.gradle\caches\modules-2\metadata-2.107\descriptors\carpet\fabric-carpet\1.18.2-1.4.69+v220331\c3441c8445d9b4078dd15cd67f4815df\descriptor.bin,PEFormatError: 'DOS Header magic not found.'
C:\Documents and Settings\yukiho\.gradle\caches\modules-2\metadata-2.107\descriptors\carpet\fabric-carpet\1.19.4-1.4.100+v230314\c3441c8445d9b4078dd15cd67f4815df\descriptor.bin,PEFormatError: 'DOS Header magic not found.'
C:\Documents and Settings\yukiho\.gradle\caches\modules-2\metadata-2.107\descriptors\carpet\fabric-carpet\1.20-1.4.112+v230608\c3441c8445d9b4078dd15cd67f4815df\descriptor.bin,PEFormatError: 'DOS Header magic not found.'
C:\Documents and Settings\yukiho\.gradle\caches\modules-2\metadata-2.107\descriptors\carpet\fabric-carpet\1.20.2-1.4.118+v230921\c3441c8445d9b4078dd15cd67f4815df\descriptor.bin,PEFormatError: 'DOS Header magic not found.'
C:\Documents and Settings\yukiho\.gradle\caches\modules-2\metadata-2.107\descriptors\carpet\fabric-carpet\1.20.3-1.4.128+v231205\c3441c8445d9b4078dd15cd67f4815df\descriptor.bin,PEFormatError: 'DOS Header magic not found.'
C:\Documents and Settings\yukiho\.gradle\caches\modules-2\metadata-2.107\descriptors\carpet\fabric-carpet\1.20.6-1.4.141+v240429\c3441c8445d9b4078dd15cd67f4815df\descriptor.bin,PEFormatError: 'DOS Header magic not found.'
C:\Documents and Settings\yukiho\.gradle\caches\modules-2\metadata-2.107\descriptors\carpet\fabric-carpet\1.21-1.4.147+v240613\c3441c8445d9b4078dd15cd67f4815df\descriptor.bin,PEFormatError: 'DOS Header magic not found.'
C:\Documents and Settings\yukiho\.gradle\caches\modules-2\metadata-2.107\descriptors\carpet\fabric-carpet\1.21.10-1.4.188+v251016\c3441c8445d9b4078dd15cd67f4815df\descriptor.bin,PEFormatError: 'DOS Header magic not found.'
C:\Documents and Settings\yukiho\.gradle\caches\modules-2\metadata-2.107\descriptors\carpet\fabric-carpet\1.21.2-1.4.158+v241022\c3441c8445d9b4078dd15cd67f4815df\descriptor.bin,PEFormatError: 'DOS Header magic not found.'
C:\Documents and Settings\yukiho\.gradle\caches\modules-2\metadata-2.107\descriptors\carpet\fabric-carpet\1.21.4-1.4.161+v241203\c3441c8445d9b4078dd15cd67f4815df\descriptor.bin,PEFormatError: 'DOS Header magic not found.'
C:\Documents and Settings\yukiho\.gradle\caches\modules-2\metadata-2.107\descriptors\carpet\fabric-carpet\1.21.5-1.4.169+v250325\c3441c8445d9b4078dd15cd67f4815df\descriptor.bin,PEFormatError: 'DOS Header magic not found.'
C:\Documents and Settings\yukiho\.gradle\caches\modules-2\metadata-2.107\descriptors\carpet\fabric-carpet\1.21.7-1.4.177+v250630\c3441c8445d9b4078dd15cd67f4815df\descriptor.bin,PEFormatError: 'DOS Header magic not found.'
C:\Documents and Settings\yukiho\.gradle\caches\modules-2\metadata-2.107\descriptors\carpet\fabric-carpet\26.1-beta-3+v260113\c3441c8445d9b4078dd15cd67f4815df\descriptor.bin,PEFormatError: 'DOS Header magic not found.'
C:\Documents and Settings\yukiho\.gradle\caches\modules-2\metadata-2.107\descriptors\com.azure\azure-client-sdk-parent\1.7.0\26c913274550a0b2221f47a0fe2d2358\descriptor.bin,PEFormatError: 'DOS Header magic not found.'
C:\Documents and Settings\yukiho\.gradle\caches\modules-2\metadata-2.107\descriptors\com.azure\azure-json\1.4.0\1aabd0c54952056a1ba4cd00590517b0\descriptor.bin,PEFormatError: 'DOS Header magic not found.'
C:\Documents and Settings\yukiho\.gradle\caches\modules-2\metadata-2.107\descriptors\com.azure\azure-sdk-parent\1.6.0\26c913274550a0b2221f47a0fe2d2358\descriptor.bin,PEFormatError: 'DOS Header magic not found.'
C:\Documents and Settings\yukiho\.gradle\caches\modules-2\metadata-2.107\descriptors\com.fasterxml\oss-parent\43\26c913274550a0b2221f47a0fe2d2358\descriptor.bin,PEFormatError: 'DOS Header magic not found.'
C:\Documents and Settings\yukiho\.gradle\caches\modules-2\metadata-2.107\descriptors\com.fasterxml\oss-parent\55\26c913274550a0b2221f47a0fe2d2358\descriptor.bin,PEFormatError: 'DOS Header magic not found.'
C:\Documents and Settings\yukiho\.gradle\caches\modules-2\metadata-2.107\descriptors\com.fasterxml\oss-parent\56\26c913274550a0b2221f47a0fe2d2358\descriptor.bin,PEFormatError: 'DOS Header magic not found.'
C:\Documents and Settings\yukiho\.gradle\caches\modules-2\metadata-2.107\descriptors\com.fasterxml\oss-parent\58\26c913274550a0b2221f47a0fe2d2358\descriptor.bin,PEFormatError: 'DOS Header magic not found.'
C:\Documents and Settings\yukiho\.gradle\caches\modules-2\metadata-2.107\descriptors\com.fasterxml\oss-parent\61\26c913274550a0b2221f47a0fe2d2358\descriptor.bin,PEFormatError: 'DOS Header magic not found.'
C:\Documents and Settings\yukiho\.gradle\caches\modules-2\metadata-2.107\descriptors\com.fasterxml\oss-parent\68\26c913274550a0b2221f47a0fe2d2358\descriptor.bin,PEFormatError: 'DOS Header magic not found.'
C:\Documents and Settings\yukiho\.gradle\caches\modules-2\metadata-2.107\descriptors\com.fasterxml.jackson\jackson-base\2.13.4\26c913274550a0b2221f47a0fe2d2358\descriptor.bin,PEFormatError: 'DOS Header magic not found.'
C:\Documents and Settings\yukiho\.gradle\caches\modules-2\metadata-2.107\descriptors\com.fasterxml.jackson\jackson-bom\2.13.4\26c913274550a0b2221f47a0fe2d2358\descriptor.bin,PEFormatError: 'DOS Header magic not found.'
C:\Documents and Settings\yukiho\.gradle\caches\modules-2\metadata-2.107\descriptors\com.fasterxml.jackson\jackson-bom\2.16.0\26c913274550a0b2221f47a0fe2d2358\descriptor.bin,PEFormatError: 'DOS Header magic not found.'
C:\Documents and Settings\yukiho\.gradle\caches\modules-2\metadata-2.107\descriptors\com.fasterxml.jackson\jackson-bom\2.17.2\26c913274550a0b2221f47a0fe2d2358\descriptor.bin,PEFormatError: 'DOS Header magic not found.'
C:\Documents and Settings\yukiho\.gradle\caches\modules-2\metadata-2.107\descriptors\com.fasterxml.jackson\jackson-bom\2.19.1\26c913274550a0b2221f47a0fe2d2358\descriptor.bin,PEFormatError: 'DOS Header magic not found.'
C:\Documents and Settings\yukiho\.gradle\caches\modules-2\metadata-2.107\descriptors\com.fasterxml.jackson\jackson-parent\2.13\26c913274550a0b2221f47a0fe2d2358\descriptor.bin,PEFormatError: 'DOS Header magic not found.'
C:\Documents and Settings\yukiho\.gradle\caches\modules-2\metadata-2.107\descriptors\com.fasterxml.jackson\jackson-parent\2.16\26c913274550a0b2221f47a0fe2d2358\descriptor.bin,PEFormatError: 'DOS Header magic not found.'
C:\Documents and Settings\yukiho\.gradle\caches\modules-2\metadata-2.107\descriptors\com.fasterxml.jackson\jackson-parent\2.17\26c913274550a0b2221f47a0fe2d2358\descriptor.bin,PEFormatError: 'DOS Header magic not found.'
C:\Documents and Settings\yukiho\.gradle\caches\modules-2\metadata-2.107\descriptors\com.fasterxml.jackson\jackson-parent\2.19.2\26c913274550a0b2221f47a0fe2d2358\descriptor.bin,PEFormatError: 'DOS Header magic not found.'
C:\Documents and Settings\yukiho\.gradle\caches\modules-2\metadata-2.107\descriptors\com.fasterxml.jackson.core\jackson-annotations\2.13.4\1aabd0c54952056a1ba4cd00590517b0\descriptor.bin,PEFormatError: 'DOS Header magic not found.'
C:\Documents and Settings\yukiho\.gradle\caches\modules-2\metadata-2.107\descriptors\com.fasterxml.jackson.core\jackson-annotations\2.13.4\26c913274550a0b2221f47a0fe2d2358\descriptor.bin,PEFormatError: 'DOS Header magic not found.'
C:\Documents and Settings\yukiho\.gradle\caches\modules-2\metadata-2.107\descriptors\com.fasterxml.jackson.core\jackson-annotations\2.13.4\42d5112e53485e9f59b1068dfd734a05\descriptor.bin,PEFormatError: 'DOS Header magic not found.'
C:\Documents and Settings\yukiho\.gradle\caches\modules-2\metadata-2.107\descriptors\com.fasterxml.jackson.core\jackson-core\2.13.4\1aabd0c54952056a1ba4cd00590517b0\descriptor.bin,PEFormatError: 'DOS Header magic not found.'
C:\Documents and Settings\yukiho\.gradle\caches\modules-2\metadata-2.107\descriptors\com.fasterxml.jackson.core\jackson-core\2.13.4\26c913274550a0b2221f47a0fe2d2358\descriptor.bin,PEFormatError: 'DOS Header magic not found.'
C:\Documents and Settings\yukiho\.gradle\caches\modules-2\metadata-2.107\descriptors\com.fasterxml.jackson.core\jackson-core\2.13.4\42d5112e53485e9f59b1068dfd734a05\descriptor.bin,PEFormatError: 'DOS Header magic not found.'
C:\Documents and Settings\yukiho\.gradle\caches\modules-2\metadata-2.107\descriptors\com.fasterxml.jackson.core\jackson-databind\2.13.4.2\1aabd0c54952056a1ba4cd00590517b0\descriptor.bin,PEFormatError: 'DOS Header magic not found.'
C:\Documents and Settings\yukiho\.gradle\caches\modules-2\metadata-2.107\descriptors\com.fasterxml.jackson.core\jackson-databind\2.13.4.2\26c913274550a0b2221f47a0fe2d2358\descriptor.bin,PEFormatError: 'DOS Header magic not found.'
C:\Documents and Settings\yukiho\.gradle\caches\modules-2\metadata-2.107\descriptors\com.fasterxml.jackson.core\jackson-databind\2.13.4.2\42d5112e53485e9f59b1068dfd734a05\descriptor.bin,PEFormatError: 'DOS Header magic not found.'
C:\Documents and Settings\yukiho\.gradle\caches\modules-2\metadata-2.107\descriptors\com.fasterxml.woodstox\woodstox-core\7.1.0\26c913274550a0b2221f47a0fe2d2358\descriptor.bin,PEFormatError: 'DOS Header magic not found.'
C:\Documents and Settings\yukiho\.gradle\caches\modules-2\metadata-2.107\descriptors\com.github.Fallen-Breath\lazydfu\0.1.2\5b82b3eb2ade91cb124477b88f8fcbff\descriptor.bin,PEFormatError: 'DOS Header magic not found.'
C:\Documents and Settings\yukiho\.gradle\caches\modules-2\metadata-2.107\descriptors\com.github.Fallen-Breath\lithium-fabric\64c6863a89\5b82b3eb2ade91cb124477b88f8fcbff\descriptor.bin,PEFormatError: 'DOS Header magic not found.'
C:\Documents and Settings\yukiho\.gradle\caches\modules-2\metadata-2.107\descriptors\com.github.Fallen-Breath\lithium-fabric\b7f9b66908\5b82b3eb2ade91cb124477b88f8fcbff\descriptor.bin,PEFormatError: 'DOS Header magic not found.'
C:\Documents and Settings\yukiho\.gradle\caches\modules-2\metadata-2.107\descriptors\com.github.Fallen-Breath\preprocessor\c5abb4fb12\5b82b3eb2ade91cb124477b88f8fcbff\descriptor.bin,PEFormatError: 'DOS Header magic not found.'
C:\Documents and Settings\yukiho\.gradle\caches\modules-2\metadata-2.107\descriptors\com.github.Fallen-Breath\remap\f1c1480696\5b82b3eb2ade91cb124477b88f8fcbff\descriptor.bin,PEFormatError: 'DOS Header magic not found.'
C:\Documents and Settings\yukiho\.gradle\caches\modules-2\metadata-2.107\descriptors\com.github.Fallen-Breath.lithium-fabric\lithium\64c6863a89\5b82b3eb2ade91cb124477b88f8fcbff\descriptor.bin,PEFormatError: 'DOS Header magic not found.'
C:\Documents and Settings\yukiho\.gradle\caches\modules-2\metadata-2.107\descriptors\com.github.Fallen-Breath.lithium-fabric\lithium\b7f9b66908\5b82b3eb2ade91cb124477b88f8fcbff\descriptor.bin,PEFormatError: 'DOS Header magic not found.'
C:\Documents and Settings\yukiho\.gradle\caches\modules-2\metadata-2.107\descriptors\com.github.Fallen-Breath.preprocessor\preprocessor\c5abb4fb12\5b82b3eb2ade91cb124477b88f8fcbff\descriptor.bin,PEFormatError: 'DOS Header magic not found.'
C:\Documents and Settings\yukiho\.gradle\caches\modules-2\metadata-2.107\descriptors\com.github.gnembon\fabric-carpet\1.4.194\5b82b3eb2ade91cb124477b88f8fcbff\descriptor.bin,PEFormatError: 'DOS Header magic not found.'
C:\Documents and Settings\yukiho\.gradle\caches\modules-2\metadata-2.107\descriptors\com.github.hierynomus.license\com.github.hierynomus.license.gradle.plugin\0.16.1\2f8748e965ecb2135dad092e9ef808de\descriptor.bin,PEFormatError: 'DOS Header magic not found.'
C:\Documents and Settings\yukiho\.gradle\caches\modules-2\metadata-2.107\descriptors\com.github.oshi\oshi-core\5.7.5\1aabd0c54952056a1ba4cd00590517b0\descriptor.bin,PEFormatError: 'DOS Header magic not found.'
C:\Documents and Settings\yukiho\.gradle\caches\modules-2\metadata-2.107\descriptors\com.github.oshi\oshi-core\5.8.5\1aabd0c54952056a1ba4cd00590517b0\descriptor.bin,PEFormatError: 'DOS Header magic not found.'
C:\Documents and Settings\yukiho\.gradle\caches\modules-2\metadata-2.107\descriptors\com.github.oshi\oshi-core\6.2.2\1aabd0c54952056a1ba4cd00590517b0\descriptor.bin,PEFormatError: 'DOS Header magic not found.'
C:\Documents and Settings\yukiho\.gradle\caches\modules-2\metadata-2.107\descriptors\com.github.oshi\oshi-core\6.4.10\1aabd0c54952056a1ba4cd00590517b0\descriptor.bin,PEFormatError: 'DOS Header magic not found.'
C:\Documents and Settings\yukiho\.gradle\caches\modules-2\metadata-2.107\descriptors\com.github.oshi\oshi-core\6.4.5\1aabd0c54952056a1ba4cd00590517b0\descriptor.bin,PEFormatError: 'DOS Header magic not found.'
C:\Documents and Settings\yukiho\.gradle\caches\modules-2\metadata-2.107\descriptors\com.github.oshi\oshi-core\6.6.5\1aabd0c54952056a1ba4cd00590517b0\descriptor.bin,PEFormatError: 'DOS Header magic not found.'
C:\Documents and Settings\yukiho\.gradle\caches\modules-2\metadata-2.107\descriptors\com.github.oshi\oshi-core\6.6.5\26c913274550a0b2221f47a0fe2d2358\descriptor.bin,PEFormatError: 'DOS Header magic not found.'
C:\Documents and Settings\yukiho\.gradle\caches\modules-2\metadata-2.107\descriptors\com.github.oshi\oshi-core\6.6.5\42d5112e53485e9f59b1068dfd734a05\descriptor.bin,PEFormatError: 'DOS Header magic not found.'
C:\Documents and Settings\yukiho\.gradle\caches\modules-2\metadata-2.107\descriptors\com.github.oshi\oshi-core\6.9.0\1aabd0c54952056a1ba4cd00590517b0\descriptor.bin,PEFormatError: 'DOS Header magic not found.'
C:\Documents and Settings\yukiho\.gradle\caches\modules-2\metadata-2.107\descriptors\com.github.oshi\oshi-parent\5.7.5\26c913274550a0b2221f47a0fe2d2358\descriptor.bin,PEFormatError: 'DOS Header magic not found.'
C:\Documents and Settings\yukiho\.gradle\caches\modules-2\metadata-2.107\descriptors\com.github.oshi\oshi-parent\5.8.5\26c913274550a0b2221f47a0fe2d2358\descriptor.bin,PEFormatError: 'DOS Header magic not found.'
C:\Documents and Settings\yukiho\.gradle\caches\modules-2\metadata-2.107\descriptors\com.github.oshi\oshi-parent\6.2.2\26c913274550a0b2221f47a0fe2d2358\descriptor.bin,PEFormatError: 'DOS Header magic not found.'
C:\Documents and Settings\yukiho\.gradle\caches\modules-2\metadata-2.107\descriptors\com.github.oshi\oshi-parent\6.4.10\26c913274550a0b2221f47a0fe2d2358\descriptor.bin,PEFormatError: 'DOS Header magic not found.'
C:\Documents and Settings\yukiho\.gradle\caches\modules-2\metadata-2.107\descriptors\com.github.oshi\oshi-parent\6.4.5\26c913274550a0b2221f47a0fe2d2358\descriptor.bin,PEFormatError: 'DOS Header magic not found.'
C:\Documents and Settings\yukiho\.gradle\caches\modules-2\metadata-2.107\descriptors\com.github.oshi\oshi-parent\6.6.5\26c913274550a0b2221f47a0fe2d2358\descriptor.bin,PEFormatError: 'DOS Header magic not found.'
C:\Documents and Settings\yukiho\.gradle\caches\modules-2\metadata-2.107\descriptors\com.github.oshi\oshi-parent\6.9.0\26c913274550a0b2221f47a0fe2d2358\descriptor.bin,PEFormatError: 'DOS Header magic not found.'
C:\Documents and Settings\yukiho\.gradle\caches\modules-2\metadata-2.107\descriptors\com.github.stephenc.jcip\jcip-annotations\1.0-1\1aabd0c54952056a1ba4cd00590517b0\descriptor.bin,PEFormatError: 'DOS Header magic not found.'
C:\Documents and Settings\yukiho\.gradle\caches\modules-2\metadata-2.107\descriptors\com.github.stephenc.jcip\jcip-annotations\1.0-1\26c913274550a0b2221f47a0fe2d2358\descriptor.bin,PEFormatError: 'DOS Header magic not found.'
C:\Documents and Settings\yukiho\.gradle\caches\modules-2\metadata-2.107\descriptors\com.github.stephenc.jcip\jcip-annotations\1.0-1\42d5112e53485e9f59b1068dfd734a05\descriptor.bin,PEFormatError: 'DOS Header magic not found.'
C:\Documents and Settings\yukiho\.gradle\caches\modules-2\metadata-2.107\descriptors\com.google.code.findbugs\jsr305\3.0.2\26c913274550a0b2221f47a0fe2d2358\descriptor.bin,PEFormatError: 'DOS Header magic not found.'
C:\Documents and Settings\yukiho\.gradle\caches\modules-2\metadata-2.107\descriptors\com.google.code.findbugs\jsr305\3.0.2\2f8748e965ecb2135dad092e9ef808de\descriptor.bin,PEFormatError: 'DOS Header magic not found.'
C:\Documents and Settings\yukiho\.gradle\caches\modules-2\metadata-2.107\descriptors\com.google.code.gson\gson\2.10\1aabd0c54952056a1ba4cd00590517b0\descriptor.bin,PEFormatError: 'DOS Header magic not found.'
C:\Documents and Settings\yukiho\.gradle\caches\modules-2\metadata-2.107\descriptors\com.google.code.gson\gson\2.10.1\1aabd0c54952056a1ba4cd00590517b0\descriptor.bin,PEFormatError: 'DOS Header magic not found.'
C:\Documents and Settings\yukiho\.gradle\caches\modules-2\metadata-2.107\descriptors\com.google.code.gson\gson\2.10.1\26c913274550a0b2221f47a0fe2d2358\descriptor.bin,PEFormatError: 'DOS Header magic not found.'
C:\Documents and Settings\yukiho\.gradle\caches\modules-2\metadata-2.107\descriptors\com.google.code.gson\gson\2.10.1\2f8748e965ecb2135dad092e9ef808de\descriptor.bin,PEFormatError: 'DOS Header magic not found.'
C:\Documents and Settings\yukiho\.gradle\caches\modules-2\metadata-2.107\descriptors\com.google.code.gson\gson\2.11.0\1aabd0c54952056a1ba4cd00590517b0\descriptor.bin,PEFormatError: 'DOS Header magic not found.'
C:\Documents and Settings\yukiho\.gradle\caches\modules-2\metadata-2.107\descriptors\com.google.code.gson\gson\2.11.0\26c913274550a0b2221f47a0fe2d2358\descriptor.bin,PEFormatError: 'DOS Header magic not found.'
C:\Documents and Settings\yukiho\.gradle\caches\modules-2\metadata-2.107\descriptors\com.google.code.gson\gson\2.11.0\42d5112e53485e9f59b1068dfd734a05\descriptor.bin,PEFormatError: 'DOS Header magic not found.'
C:\Documents and Settings\yukiho\.gradle\caches\modules-2\metadata-2.107\descriptors\com.google.code.gson\gson\2.13.2\1aabd0c54952056a1ba4cd00590517b0\descriptor.bin,PEFormatError: 'DOS Header magic not found.'
C:\Documents and Settings\yukiho\.gradle\caches\modules-2\metadata-2.107\descriptors\com.google.code.gson\gson\2.8.0\1aabd0c54952056a1ba4cd00590517b0\descriptor.bin,PEFormatError: 'DOS Header magic not found.'
C:\Documents and Settings\yukiho\.gradle\caches\modules-2\metadata-2.107\descriptors\com.google.code.gson\gson\2.8.9\1aabd0c54952056a1ba4cd00590517b0\descriptor.bin,PEFormatError: 'DOS Header magic not found.'
C:\Documents and Settings\yukiho\.gradle\caches\modules-2\metadata-2.107\descriptors\com.google.code.gson\gson-parent\2.10\26c913274550a0b2221f47a0fe2d2358\descriptor.bin,PEFormatError: 'DOS Header magic not found.'
C:\Documents and Settings\yukiho\.gradle\caches\modules-2\metadata-2.107\descriptors\com.google.code.gson\gson-parent\2.10.1\26c913274550a0b2221f47a0fe2d2358\descriptor.bin,PEFormatError: 'DOS Header magic not found.'
C:\Documents and Settings\yukiho\.gradle\caches\modules-2\metadata-2.107\descriptors\com.google.code.gson\gson-parent\2.10.1\2f8748e965ecb2135dad092e9ef808de\descriptor.bin,PEFormatError: 'DOS Header magic not found.'
C:\Documents and Settings\yukiho\.gradle\caches\modules-2\metadata-2.107\descriptors\com.google.code.gson\gson-parent\2.11.0\26c913274550a0b2221f47a0fe2d2358\descriptor.bin,PEFormatError: 'DOS Header magic not found.'
C:\Documents and Settings\yukiho\.gradle\caches\modules-2\metadata-2.107\descriptors\com.google.code.gson\gson-parent\2.13.2\26c913274550a0b2221f47a0fe2d2358\descriptor.bin,PEFormatError: 'DOS Header magic not found.'
C:\Documents and Settings\yukiho\.gradle\caches\modules-2\metadata-2.107\descriptors\com.google.code.gson\gson-parent\2.8.0\26c913274550a0b2221f47a0fe2d2358\descriptor.bin,PEFormatError: 'DOS Header magic not found.'
C:\Documents and Settings\yukiho\.gradle\caches\modules-2\metadata-2.107\descriptors\com.google.code.gson\gson-parent\2.8.9\26c913274550a0b2221f47a0fe2d2358\descriptor.bin,PEFormatError: 'DOS Header magic not found.'
C:\Documents and Settings\yukiho\.gradle\caches\modules-2\metadata-2.107\descriptors\com.google.errorprone\error_prone_annotations\2.3.2\26c913274550a0b2221f47a0fe2d2358\descriptor.bin,PEFormatError: 'DOS Header magic not found.'
C:\Documents and Settings\yukiho\.gradle\caches\modules-2\metadata-2.107\descriptors\com.google.errorprone\error_prone_annotations\2.3.2\2f8748e965ecb2135dad092e9ef808de\descriptor.bin,PEFormatError: 'DOS Header magic not found.'
C:\Documents and Settings\yukiho\.gradle\caches\modules-2\metadata-2.107\descriptors\com.google.errorprone\error_prone_parent\2.3.2\26c913274550a0b2221f47a0fe2d2358\descriptor.bin,PEFormatError: 'DOS Header magic not found.'
C:\Documents and Settings\yukiho\.gradle\caches\modules-2\metadata-2.107\descriptors\com.google.errorprone\error_prone_parent\2.3.2\2f8748e965ecb2135dad092e9ef808de\descriptor.bin,PEFormatError: 'DOS Header magic not found.'
C:\Documents and Settings\yukiho\.gradle\caches\modules-2\metadata-2.107\descriptors\com.google.guava\failureaccess\1.0.1\1aabd0c54952056a1ba4cd00590517b0\descriptor.bin,PEFormatError: 'DOS Header magic not found.'
C:\Documents and Settings\yukiho\.gradle\caches\modules-2\metadata-2.107\descriptors\com.google.guava\failureaccess\1.0.1\26c913274550a0b2221f47a0fe2d2358\descriptor.bin,PEFormatError: 'DOS Header magic not found.'
C:\Documents and Settings\yukiho\.gradle\caches\modules-2\metadata-2.107\descriptors\com.google.guava\failureaccess\1.0.1\2f8748e965ecb2135dad092e9ef808de\descriptor.bin,PEFormatError: 'DOS Header magic not found.'
C:\Documents and Settings\yukiho\.gradle\caches\modules-2\metadata-2.107\descriptors\com.google.guava\failureaccess\1.0.2\1aabd0c54952056a1ba4cd00590517b0\descriptor.bin,PEFormatError: 'DOS Header magic not found.'
C:\Documents and Settings\yukiho\.gradle\caches\modules-2\metadata-2.107\descriptors\com.google.guava\failureaccess\1.0.2\26c913274550a0b2221f47a0fe2d2358\descriptor.bin,PEFormatError: 'DOS Header magic not found.'
C:\Documents and Settings\yukiho\.gradle\caches\modules-2\metadata-2.107\descriptors\com.google.guava\failureaccess\1.0.2\42d5112e53485e9f59b1068dfd734a05\descriptor.bin,PEFormatError: 'DOS Header magic not found.'
C:\Documents and Settings\yukiho\.gradle\caches\modules-2\metadata-2.107\descriptors\com.google.guava\failureaccess\1.0.3\1aabd0c54952056a1ba4cd00590517b0\descriptor.bin,PEFormatError: 'DOS Header magic not found.'
C:\Documents and Settings\yukiho\.gradle\caches\modules-2\metadata-2.107\descriptors\com.google.guava\guava\21.0\c5f7e3fe759bfc29dcb6fc6baddbbc5f\descriptor.bin,PEFormatError: 'DOS Header magic not found.'
C:\Documents and Settings\yukiho\.gradle\caches\modules-2\metadata-2.107\descriptors\com.google.guava\guava\28.0-jre\26c913274550a0b2221f47a0fe2d2358\descriptor.bin,PEFormatError: 'DOS Header magic not found.'
C:\Documents and Settings\yukiho\.gradle\caches\modules-2\metadata-2.107\descriptors\com.google.guava\guava\28.0-jre\2f8748e965ecb2135dad092e9ef808de\descriptor.bin,PEFormatError: 'DOS Header magic not found.'
C:\Documents and Settings\yukiho\.gradle\caches\modules-2\metadata-2.107\descriptors\com.google.guava\guava\31.0.1-jre\1aabd0c54952056a1ba4cd00590517b0\descriptor.bin,PEFormatError: 'DOS Header magic not found.'
C:\Documents and Settings\yukiho\.gradle\caches\modules-2\metadata-2.107\descriptors\com.google.guava\guava\31.1-jre\1aabd0c54952056a1ba4cd00590517b0\descriptor.bin,PEFormatError: 'DOS Header magic not found.'
C:\Documents and Settings\yukiho\.gradle\caches\modules-2\metadata-2.107\descriptors\com.google.guava\guava\32.1.2-jre\1aabd0c54952056a1ba4cd00590517b0\descriptor.bin,PEFormatError: 'DOS Header magic not found.'
C:\Documents and Settings\yukiho\.gradle\caches\modules-2\metadata-2.107\descriptors\com.google.guava\guava\33.3.1-jre\1aabd0c54952056a1ba4cd00590517b0\descriptor.bin,PEFormatError: 'DOS Header magic not found.'
C:\Documents and Settings\yukiho\.gradle\caches\modules-2\metadata-2.107\descriptors\com.google.guava\guava\33.3.1-jre\26c913274550a0b2221f47a0fe2d2358\descriptor.bin,PEFormatError: 'DOS Header magic not found.'
C:\Documents and Settings\yukiho\.gradle\caches\modules-2\metadata-2.107\descriptors\com.google.guava\guava\33.3.1-jre\42d5112e53485e9f59b1068dfd734a05\descriptor.bin,PEFormatError: 'DOS Header magic not found.'
C:\Documents and Settings\yukiho\.gradle\caches\modules-2\metadata-2.107\descriptors\com.google.guava\guava\33.5.0-jre\1aabd0c54952056a1ba4cd00590517b0\descriptor.bin,PEFormatError: 'DOS Header magic not found.'
C:\Documents and Settings\yukiho\.gradle\caches\modules-2\metadata-2.107\descriptors\com.google.guava\guava-parent\21.0\26c913274550a0b2221f47a0fe2d2358\descriptor.bin,PEFormatError: 'DOS Header magic not found.'
C:\Documents and Settings\yukiho\.gradle\caches\modules-2\metadata-2.107\descriptors\com.google.guava\guava-parent\26.0-android\26c913274550a0b2221f47a0fe2d2358\descriptor.bin,PEFormatError: 'DOS Header magic not found.'
C:\Documents and Settings\yukiho\.gradle\caches\modules-2\metadata-2.107\descriptors\com.google.guava\guava-parent\26.0-android\2f8748e965ecb2135dad092e9ef808de\descriptor.bin,PEFormatError: 'DOS Header magic not found.'
C:\Documents and Settings\yukiho\.gradle\caches\modules-2\metadata-2.107\descriptors\com.google.guava\guava-parent\28.0-jre\26c913274550a0b2221f47a0fe2d2358\descriptor.bin,PEFormatError: 'DOS Header magic not found.'
C:\Documents and Settings\yukiho\.gradle\caches\modules-2\metadata-2.107\descriptors\com.google.guava\guava-parent\28.0-jre\2f8748e965ecb2135dad092e9ef808de\descriptor.bin,PEFormatError: 'DOS Header magic not found.'
C:\Documents and Settings\yukiho\.gradle\caches\modules-2\metadata-2.107\descriptors\com.google.guava\guava-parent\31.0.1-jre\26c913274550a0b2221f47a0fe2d2358\descriptor.bin,PEFormatError: 'DOS Header magic not found.'
C:\Documents and Settings\yukiho\.gradle\caches\modules-2\metadata-2.107\descriptors\com.google.guava\guava-parent\31.1-jre\26c913274550a0b2221f47a0fe2d2358\descriptor.bin,PEFormatError: 'DOS Header magic not found.'
C:\Documents and Settings\yukiho\.gradle\caches\modules-2\metadata-2.107\descriptors\com.google.guava\guava-parent\32.1.2-jre\26c913274550a0b2221f47a0fe2d2358\descriptor.bin,PEFormatError: 'DOS Header magic not found.'
C:\Documents and Settings\yukiho\.gradle\caches\modules-2\metadata-2.107\descriptors\com.google.guava\guava-parent\33.3.1-jre\26c913274550a0b2221f47a0fe2d2358\descriptor.bin,PEFormatError: 'DOS Header magic not found.'
C:\Documents and Settings\yukiho\.gradle\caches\modules-2\metadata-2.107\descriptors\com.google.guava\guava-parent\33.4.0-android\26c913274550a0b2221f47a0fe2d2358\descriptor.bin,PEFormatError: 'DOS Header magic not found.'
C:\Documents and Settings\yukiho\.gradle\caches\modules-2\metadata-2.107\descriptors\com.google.guava\guava-parent\33.5.0-jre\26c913274550a0b2221f47a0fe2d2358\descriptor.bin,PEFormatError: 'DOS Header magic not found.'
C:\Documents and Settings\yukiho\.gradle\caches\modules-2\metadata-2.107\descriptors\com.google.guava\listenablefuture\9999.0-empty-to-avoid-conflict-with-guava\26c913274550a0b2221f47a0fe2d2358\descriptor.bin,PEFormatError: 'DOS Header magic not found.'
C:\Documents and Settings\yukiho\.gradle\caches\modules-2\metadata-2.107\descriptors\com.google.guava\listenablefuture\9999.0-empty-to-avoid-conflict-with-guava\2f8748e965ecb2135dad092e9ef808de\descriptor.bin,PEFormatError: 'DOS Header magic not found.'
C:\Documents and Settings\yukiho\.gradle\caches\modules-2\metadata-2.107\descriptors\com.google.j2objc\j2objc-annotations\1.3\26c913274550a0b2221f47a0fe2d2358\descriptor.bin,PEFormatError: 'DOS Header magic not found.'
C:\Documents and Settings\yukiho\.gradle\caches\modules-2\metadata-2.107\descriptors\com.google.j2objc\j2objc-annotations\1.3\2f8748e965ecb2135dad092e9ef808de\descriptor.bin,PEFormatError: 'DOS Header magic not found.'
C:\Documents and Settings\yukiho\.gradle\caches\modules-2\metadata-2.107\descriptors\com.gradleup.shadow\com.gradleup.shadow.gradle.plugin\9.3.1\26c913274550a0b2221f47a0fe2d2358\descriptor.bin,PEFormatError: 'DOS Header magic not found.'
C:\Documents and Settings\yukiho\.gradle\caches\modules-2\metadata-2.107\descriptors\com.gradleup.shadow\shadow-gradle-plugin\9.3.1\26c913274550a0b2221f47a0fe2d2358\descriptor.bin,PEFormatError: 'DOS Header magic not found.'
C:\Documents and Settings\yukiho\.gradle\caches\modules-2\metadata-2.107\descriptors\com.ibm.icu\icu4j\66.1\1aabd0c54952056a1ba4cd00590517b0\descriptor.bin,PEFormatError: 'DOS Header magic not found.'
C:\Documents and Settings\yukiho\.gradle\caches\modules-2\metadata-2.107\descriptors\com.ibm.icu\icu4j\70.1\1aabd0c54952056a1ba4cd00590517b0\descriptor.bin,PEFormatError: 'DOS Header magic not found.'
C:\Documents and Settings\yukiho\.gradle\caches\modules-2\metadata-2.107\descriptors\com.ibm.icu\icu4j\71.1\1aabd0c54952056a1ba4cd00590517b0\descriptor.bin,PEFormatError: 'DOS Header magic not found.'
C:\Documents and Settings\yukiho\.gradle\caches\modules-2\metadata-2.107\descriptors\com.ibm.icu\icu4j\73.2\1aabd0c54952056a1ba4cd00590517b0\descriptor.bin,PEFormatError: 'DOS Header magic not found.'
C:\Documents and Settings\yukiho\.gradle\caches\modules-2\metadata-2.107\descriptors\com.ibm.icu\icu4j\76.1\1aabd0c54952056a1ba4cd00590517b0\descriptor.bin,PEFormatError: 'DOS Header magic not found.'
C:\Documents and Settings\yukiho\.gradle\caches\modules-2\metadata-2.107\descriptors\com.ibm.icu\icu4j\76.1\26c913274550a0b2221f47a0fe2d2358\descriptor.bin,PEFormatError: 'DOS Header magic not found.'
C:\Documents and Settings\yukiho\.gradle\caches\modules-2\metadata-2.107\descriptors\com.ibm.icu\icu4j\76.1\42d5112e53485e9f59b1068dfd734a05\descriptor.bin,PEFormatError: 'DOS Header magic not found.'
C:\Documents and Settings\yukiho\.gradle\caches\modules-2\metadata-2.107\descriptors\com.ibm.icu\icu4j\77.1\1aabd0c54952056a1ba4cd00590517b0\descriptor.bin,PEFormatError: 'DOS Header magic not found.'
C:\Documents and Settings\yukiho\.gradle\caches\modules-2\metadata-2.107\descriptors\com.ibm.icu\icu4j-core-mojang\51.2\1aabd0c54952056a1ba4cd00590517b0\descriptor.bin,PEFormatError: 'DOS Header magic not found.'
C:\Documents and Settings\yukiho\.gradle\caches\modules-2\metadata-2.107\descriptors\com.microsoft.azure\msal4j\1.15.0\1aabd0c54952056a1ba4cd00590517b0\descriptor.bin,PEFormatError: 'DOS Header magic not found.'
C:\Documents and Settings\yukiho\.gradle\caches\modules-2\metadata-2.107\descriptors\com.microsoft.azure\msal4j\1.17.2\1aabd0c54952056a1ba4cd00590517b0\descriptor.bin,PEFormatError: 'DOS Header magic not found.'
C:\Documents and Settings\yukiho\.gradle\caches\modules-2\metadata-2.107\descriptors\com.microsoft.azure\msal4j\1.17.2\26c913274550a0b2221f47a0fe2d2358\descriptor.bin,PEFormatError: 'DOS Header magic not found.'
C:\Documents and Settings\yukiho\.gradle\caches\modules-2\metadata-2.107\descriptors\com.microsoft.azure\msal4j\1.17.2\42d5112e53485e9f59b1068dfd734a05\descriptor.bin,PEFormatError: 'DOS Header magic not found.'
C:\Documents and Settings\yukiho\.gradle\caches\modules-2\metadata-2.107\descriptors\com.microsoft.azure\msal4j\1.23.1\1aabd0c54952056a1ba4cd00590517b0\descriptor.bin,PEFormatError: 'DOS Header magic not found.'
C:\Documents and Settings\yukiho\.gradle\caches\modules-2\metadata-2.107\descriptors\com.mojang\authlib\1.5.25\1aabd0c54952056a1ba4cd00590517b0\descriptor.bin,PEFormatError: 'DOS Header magic not found.'
C:\Documents and Settings\yukiho\.gradle\caches\modules-2\metadata-2.107\descriptors\com.mojang\authlib\2.1.28\1aabd0c54952056a1ba4cd00590517b0\descriptor.bin,PEFormatError: 'DOS Header magic not found.'
C:\Documents and Settings\yukiho\.gradle\caches\modules-2\metadata-2.107\descriptors\com.mojang\authlib\2.3.31\1aabd0c54952056a1ba4cd00590517b0\descriptor.bin,PEFormatError: 'DOS Header magic not found.'
C:\Documents and Settings\yukiho\.gradle\caches\modules-2\metadata-2.107\descriptors\com.mojang\authlib\3.18.38\1aabd0c54952056a1ba4cd00590517b0\descriptor.bin,PEFormatError: 'DOS Header magic not found.'
C:\Documents and Settings\yukiho\.gradle\caches\modules-2\metadata-2.107\descriptors\com.mojang\authlib\3.3.39\1aabd0c54952056a1ba4cd00590517b0\descriptor.bin,PEFormatError: 'DOS Header magic not found.'
C:\Documents and Settings\yukiho\.gradle\caches\modules-2\metadata-2.107\descriptors\com.mojang\authlib\4.0.43\1aabd0c54952056a1ba4cd00590517b0\descriptor.bin,PEFormatError: 'DOS Header magic not found.'
C:\Documents and Settings\yukiho\.gradle\caches\modules-2\metadata-2.107\descriptors\com.mojang\authlib\5.0.47\1aabd0c54952056a1ba4cd00590517b0\descriptor.bin,PEFormatError: 'DOS Header magic not found.'
C:\Documents and Settings\yukiho\.gradle\caches\modules-2\metadata-2.107\descriptors\com.mojang\authlib\6.0.52\1aabd0c54952056a1ba4cd00590517b0\descriptor.bin,PEFormatError: 'DOS Header magic not found.'
C:\Documents and Settings\yukiho\.gradle\caches\modules-2\metadata-2.107\descriptors\com.mojang\authlib\6.0.54\1aabd0c54952056a1ba4cd00590517b0\descriptor.bin,PEFormatError: 'DOS Header magic not found.'
C:\Documents and Settings\yukiho\.gradle\caches\modules-2\metadata-2.107\descriptors\com.mojang\authlib\6.0.55\1aabd0c54952056a1ba4cd00590517b0\descriptor.bin,PEFormatError: 'DOS Header magic not found.'
C:\Documents and Settings\yukiho\.gradle\caches\modules-2\metadata-2.107\descriptors\com.mojang\authlib\6.0.57\1aabd0c54952056a1ba4cd00590517b0\descriptor.bin,PEFormatError: 'DOS Header magic not found.'
C:\Documents and Settings\yukiho\.gradle\caches\modules-2\metadata-2.107\descriptors\com.mojang\authlib\6.0.58\1aabd0c54952056a1ba4cd00590517b0\descriptor.bin,PEFormatError: 'DOS Header magic not found.'
C:\Documents and Settings\yukiho\.gradle\caches\modules-2\metadata-2.107\descriptors\com.mojang\authlib\7.0.61\1aabd0c54952056a1ba4cd00590517b0\descriptor.bin,PEFormatError: 'DOS Header magic not found.'
C:\Documents and Settings\yukiho\.gradle\caches\modules-2\metadata-2.107\descriptors\com.mojang\authlib\7.0.61\42d5112e53485e9f59b1068dfd734a05\descriptor.bin,PEFormatError: 'DOS Header magic not found.'
C:\Documents and Settings\yukiho\.gradle\caches\modules-2\metadata-2.107\descriptors\com.mojang\blocklist\1.0.10\1aabd0c54952056a1ba4cd00590517b0\descriptor.bin,PEFormatError: 'DOS Header magic not found.'
C:\Documents and Settings\yukiho\.gradle\caches\modules-2\metadata-2.107\descriptors\com.mojang\blocklist\1.0.10\42d5112e53485e9f59b1068dfd734a05\descriptor.bin,PEFormatError: 'DOS Header magic not found.'
C:\Documents and Settings\yukiho\.gradle\caches\modules-2\metadata-2.107\descriptors\com.mojang\blocklist\1.0.5\1aabd0c54952056a1ba4cd00590517b0\descriptor.bin,PEFormatError: 'DOS Header magic not found.'
C:\Documents and Settings\yukiho\.gradle\caches\modules-2\metadata-2.107\descriptors\com.mojang\brigadier\1.0.17\1aabd0c54952056a1ba4cd00590517b0\descriptor.bin,PEFormatError: 'DOS Header magic not found.'
C:\Documents and Settings\yukiho\.gradle\caches\modules-2\metadata-2.107\descriptors\com.mojang\brigadier\1.0.18\1aabd0c54952056a1ba4cd00590517b0\descriptor.bin,PEFormatError: 'DOS Header magic not found.'
C:\Documents and Settings\yukiho\.gradle\caches\modules-2\metadata-2.107\descriptors\com.mojang\brigadier\1.1.8\1aabd0c54952056a1ba4cd00590517b0\descriptor.bin,PEFormatError: 'DOS Header magic not found.'
C:\Documents and Settings\yukiho\.gradle\caches\modules-2\metadata-2.107\descriptors\com.mojang\brigadier\1.2.9\1aabd0c54952056a1ba4cd00590517b0\descriptor.bin,PEFormatError: 'DOS Header magic not found.'
C:\Documents and Settings\yukiho\.gradle\caches\modules-2\metadata-2.107\descriptors\com.mojang\brigadier\1.3.10\1aabd0c54952056a1ba4cd00590517b0\descriptor.bin,PEFormatError: 'DOS Header magic not found.'
C:\Documents and Settings\yukiho\.gradle\caches\modules-2\metadata-2.107\descriptors\com.mojang\brigadier\1.3.10\42d5112e53485e9f59b1068dfd734a05\descriptor.bin,PEFormatError: 'DOS Header magic not found.'
C:\Documents and Settings\yukiho\.gradle\caches\modules-2\metadata-2.107\descriptors\com.mojang\datafixerupper\2.0.24\1aabd0c54952056a1ba4cd00590517b0\descriptor.bin,PEFormatError: 'DOS Header magic not found.'
C:\Documents and Settings\yukiho\.gradle\caches\modules-2\metadata-2.107\descriptors\com.mojang\datafixerupper\4.0.26\1aabd0c54952056a1ba4cd00590517b0\descriptor.bin,PEFormatError: 'DOS Header magic not found.'
C:\Documents and Settings\yukiho\.gradle\caches\modules-2\metadata-2.107\descriptors\com.mojang\datafixerupper\4.1.27\1aabd0c54952056a1ba4cd00590517b0\descriptor.bin,PEFormatError: 'DOS Header magic not found.'
C:\Documents and Settings\yukiho\.gradle\caches\modules-2\metadata-2.107\descriptors\com.mojang\datafixerupper\6.0.6\1aabd0c54952056a1ba4cd00590517b0\descriptor.bin,PEFormatError: 'DOS Header magic not found.'
C:\Documents and Settings\yukiho\.gradle\caches\modules-2\metadata-2.107\descriptors\com.mojang\datafixerupper\6.0.8\1aabd0c54952056a1ba4cd00590517b0\descriptor.bin,PEFormatError: 'DOS Header magic not found.'
C:\Documents and Settings\yukiho\.gradle\caches\modules-2\metadata-2.107\descriptors\com.mojang\datafixerupper\7.0.14\1aabd0c54952056a1ba4cd00590517b0\descriptor.bin,PEFormatError: 'DOS Header magic not found.'
C:\Documents and Settings\yukiho\.gradle\caches\modules-2\metadata-2.107\descriptors\com.mojang\datafixerupper\8.0.16\1aabd0c54952056a1ba4cd00590517b0\descriptor.bin,PEFormatError: 'DOS Header magic not found.'
C:\Documents and Settings\yukiho\.gradle\caches\modules-2\metadata-2.107\descriptors\com.mojang\datafixerupper\8.0.16\42d5112e53485e9f59b1068dfd734a05\descriptor.bin,PEFormatError: 'DOS Header magic not found.'
C:\Documents and Settings\yukiho\.gradle\caches\modules-2\metadata-2.107\descriptors\com.mojang\datafixerupper\9.0.19\1aabd0c54952056a1ba4cd00590517b0\descriptor.bin,PEFormatError: 'DOS Header magic not found.'
C:\Documents and Settings\yukiho\.gradle\caches\modules-2\metadata-2.107\descriptors\com.mojang\javabridge\1.0.22\1aabd0c54952056a1ba4cd00590517b0\descriptor.bin,PEFormatError: 'DOS Header magic not found.'
C:\Documents and Settings\yukiho\.gradle\caches\modules-2\metadata-2.107\descriptors\com.mojang\javabridge\1.1.23\1aabd0c54952056a1ba4cd00590517b0\descriptor.bin,PEFormatError: 'DOS Header magic not found.'
C:\Documents and Settings\yukiho\.gradle\caches\modules-2\metadata-2.107\descriptors\com.mojang\javabridge\1.2.24\1aabd0c54952056a1ba4cd00590517b0\descriptor.bin,PEFormatError: 'DOS Header magic not found.'
C:\Documents and Settings\yukiho\.gradle\caches\modules-2\metadata-2.107\descriptors\com.mojang\jtracy\1.0.29\1aabd0c54952056a1ba4cd00590517b0\descriptor.bin,PEFormatError: 'DOS Header magic not found.'
C:\Documents and Settings\yukiho\.gradle\caches\modules-2\metadata-2.107\descriptors\com.mojang\jtracy\1.0.36\1aabd0c54952056a1ba4cd00590517b0\descriptor.bin,PEFormatError: 'DOS Header magic not found.'
C:\Documents and Settings\yukiho\.gradle\caches\modules-2\metadata-2.107\descriptors\com.mojang\jtracy\1.0.36\42d5112e53485e9f59b1068dfd734a05\descriptor.bin,PEFormatError: 'DOS Header magic not found.'
C:\Documents and Settings\yukiho\.gradle\caches\modules-2\metadata-2.107\descriptors\com.mojang\jtracy\1.0.37\1aabd0c54952056a1ba4cd00590517b0\descriptor.bin,PEFormatError: 'DOS Header magic not found.'
C:\Documents and Settings\yukiho\.gradle\caches\modules-2\metadata-2.107\descriptors\com.mojang\logging\1.0.0\1aabd0c54952056a1ba4cd00590517b0\descriptor.bin,PEFormatError: 'DOS Header magic not found.'
C:\Documents and Settings\yukiho\.gradle\caches\modules-2\metadata-2.107\descriptors\com.mojang\logging\1.1.1\1aabd0c54952056a1ba4cd00590517b0\descriptor.bin,PEFormatError: 'DOS Header magic not found.'
C:\Documents and Settings\yukiho\.gradle\caches\modules-2\metadata-2.107\descriptors\com.mojang\logging\1.2.7\1aabd0c54952056a1ba4cd00590517b0\descriptor.bin,PEFormatError: 'DOS Header magic not found.'
C:\Documents and Settings\yukiho\.gradle\caches\modules-2\metadata-2.107\descriptors\com.mojang\logging\1.4.9\1aabd0c54952056a1ba4cd00590517b0\descriptor.bin,PEFormatError: 'DOS Header magic not found.'
C:\Documents and Settings\yukiho\.gradle\caches\modules-2\metadata-2.107\descriptors\com.mojang\logging\1.5.10\1aabd0c54952056a1ba4cd00590517b0\descriptor.bin,PEFormatError: 'DOS Header magic not found.'
C:\Documents and Settings\yukiho\.gradle\caches\modules-2\metadata-2.107\descriptors\com.mojang\logging\1.5.10\42d5112e53485e9f59b1068dfd734a05\descriptor.bin,PEFormatError: 'DOS Header magic not found.'
C:\Documents and Settings\yukiho\.gradle\caches\modules-2\metadata-2.107\descriptors\com.mojang\logging\1.6.11\1aabd0c54952056a1ba4cd00590517b0\descriptor.bin,PEFormatError: 'DOS Header magic not found.'
C:\Documents and Settings\yukiho\.gradle\caches\modules-2\metadata-2.107\descriptors\com.mojang\patchy\1.3.9\1aabd0c54952056a1ba4cd00590517b0\descriptor.bin,PEFormatError: 'DOS Header magic not found.'
C:\Documents and Settings\yukiho\.gradle\caches\modules-2\metadata-2.107\descriptors\com.mojang\patchy\2.1.6\1aabd0c54952056a1ba4cd00590517b0\descriptor.bin,PEFormatError: 'DOS Header magic not found.'
C:\Documents and Settings\yukiho\.gradle\caches\modules-2\metadata-2.107\descriptors\com.mojang\patchy\2.2.10\1aabd0c54952056a1ba4cd00590517b0\descriptor.bin,PEFormatError: 'DOS Header magic not found.'
C:\Documents and Settings\yukiho\.gradle\caches\modules-2\metadata-2.107\descriptors\com.mojang\patchy\2.2.10\42d5112e53485e9f59b1068dfd734a05\descriptor.bin,PEFormatError: 'DOS Header magic not found.'
C:\Documents and Settings\yukiho\.gradle\caches\modules-2\metadata-2.107\descriptors\com.mojang\text2speech\1.11.3\1aabd0c54952056a1ba4cd00590517b0\descriptor.bin,PEFormatError: 'DOS Header magic not found.'
C:\Documents and Settings\yukiho\.gradle\caches\modules-2\metadata-2.107\descriptors\com.mojang\text2speech\1.12.4\1aabd0c54952056a1ba4cd00590517b0\descriptor.bin,PEFormatError: 'DOS Header magic not found.'
C:\Documents and Settings\yukiho\.gradle\caches\modules-2\metadata-2.107\descriptors\com.mojang\text2speech\1.16.7\1aabd0c54952056a1ba4cd00590517b0\descriptor.bin,PEFormatError: 'DOS Header magic not found.'
C:\Documents and Settings\yukiho\.gradle\caches\modules-2\metadata-2.107\descriptors\com.mojang\text2speech\1.17.9\1aabd0c54952056a1ba4cd00590517b0\descriptor.bin,PEFormatError: 'DOS Header magic not found.'
C:\Documents and Settings\yukiho\.gradle\caches\modules-2\metadata-2.107\descriptors\com.mojang\text2speech\1.18.11\1aabd0c54952056a1ba4cd00590517b0\descriptor.bin,PEFormatError: 'DOS Header magic not found.'
C:\Documents and Settings\yukiho\.gradle\caches\modules-2\metadata-2.107\descriptors\com.mojang\text2speech\1.18.11\42d5112e53485e9f59b1068dfd734a05\descriptor.bin,PEFormatError: 'DOS Header magic not found.'
C:\Documents and Settings\yukiho\.gradle\caches\modules-2\metadata-2.107\descriptors\com.mycila\license-maven-plugin\3.0\26c913274550a0b2221f47a0fe2d2358\descriptor.bin,PEFormatError: 'DOS Header magic not found.'
C:\Documents and Settings\yukiho\.gradle\caches\modules-2\metadata-2.107\descriptors\com.mycila\license-maven-plugin-parent\3.0\26c913274550a0b2221f47a0fe2d2358\descriptor.bin,PEFormatError: 'DOS Header magic not found.'
C:\Documents and Settings\yukiho\.gradle\caches\modules-2\metadata-2.107\descriptors\com.mycila\mycila-pom\3\26c913274550a0b2221f47a0fe2d2358\descriptor.bin,PEFormatError: 'DOS Header magic not found.'
C:\Documents and Settings\yukiho\.gradle\caches\modules-2\metadata-2.107\descriptors\com.mycila\mycila-xmltool\4.4.ga\26c913274550a0b2221f47a0fe2d2358\descriptor.bin,PEFormatError: 'DOS Header magic not found.'
C:\Documents and Settings\yukiho\.gradle\caches\modules-2\metadata-2.107\descriptors\com.mycila.xmltool\xmltool\3.3\26c913274550a0b2221f47a0fe2d2358\descriptor.bin,PEFormatError: 'DOS Header magic not found.'
C:\Documents and Settings\yukiho\.gradle\caches\modules-2\metadata-2.107\descriptors\com.nimbusds\content-type\2.3\1aabd0c54952056a1ba4cd00590517b0\descriptor.bin,PEFormatError: 'DOS Header magic not found.'
C:\Documents and Settings\yukiho\.gradle\caches\modules-2\metadata-2.107\descriptors\com.nimbusds\content-type\2.3\26c913274550a0b2221f47a0fe2d2358\descriptor.bin,PEFormatError: 'DOS Header magic not found.'
C:\Documents and Settings\yukiho\.gradle\caches\modules-2\metadata-2.107\descriptors\com.nimbusds\content-type\2.3\42d5112e53485e9f59b1068dfd734a05\descriptor.bin,PEFormatError: 'DOS Header magic not found.'
C:\Documents and Settings\yukiho\.gradle\caches\modules-2\metadata-2.107\descriptors\com.nimbusds\lang-tag\1.7\1aabd0c54952056a1ba4cd00590517b0\descriptor.bin,PEFormatError: 'DOS Header magic not found.'
C:\Documents and Settings\yukiho\.gradle\caches\modules-2\metadata-2.107\descriptors\com.nimbusds\lang-tag\1.7\26c913274550a0b2221f47a0fe2d2358\descriptor.bin,PEFormatError: 'DOS Header magic not found.'
C:\Documents and Settings\yukiho\.gradle\caches\modules-2\metadata-2.107\descriptors\com.nimbusds\lang-tag\1.7\42d5112e53485e9f59b1068dfd734a05\descriptor.bin,PEFormatError: 'DOS Header magic not found.'
C:\Documents and Settings\yukiho\.gradle\caches\modules-2\metadata-2.107\descriptors\com.nimbusds\nimbus-jose-jwt\9.37.3\1aabd0c54952056a1ba4cd00590517b0\descriptor.bin,PEFormatError: 'DOS Header magic not found.'
C:\Documents and Settings\yukiho\.gradle\caches\modules-2\metadata-2.107\descriptors\com.nimbusds\nimbus-jose-jwt\9.40\1aabd0c54952056a1ba4cd00590517b0\descriptor.bin,PEFormatError: 'DOS Header magic not found.'
C:\Documents and Settings\yukiho\.gradle\caches\modules-2\metadata-2.107\descriptors\com.nimbusds\nimbus-jose-jwt\9.40\26c913274550a0b2221f47a0fe2d2358\descriptor.bin,PEFormatError: 'DOS Header magic not found.'
C:\Documents and Settings\yukiho\.gradle\caches\modules-2\metadata-2.107\descriptors\com.nimbusds\nimbus-jose-jwt\9.40\42d5112e53485e9f59b1068dfd734a05\descriptor.bin,PEFormatError: 'DOS Header magic not found.'
C:\Documents and Settings\yukiho\.gradle\caches\modules-2\metadata-2.107\descriptors\com.nimbusds\oauth2-oidc-sdk\11.18\1aabd0c54952056a1ba4cd00590517b0\descriptor.bin,PEFormatError: 'DOS Header magic not found.'
C:\Documents and Settings\yukiho\.gradle\caches\modules-2\metadata-2.107\descriptors\com.nimbusds\oauth2-oidc-sdk\11.18\26c913274550a0b2221f47a0fe2d2358\descriptor.bin,PEFormatError: 'DOS Header magic not found.'
C:\Documents and Settings\yukiho\.gradle\caches\modules-2\metadata-2.107\descriptors\com.nimbusds\oauth2-oidc-sdk\11.18\42d5112e53485e9f59b1068dfd734a05\descriptor.bin,PEFormatError: 'DOS Header magic not found.'
C:\Documents and Settings\yukiho\.gradle\caches\modules-2\metadata-2.107\descriptors\com.nimbusds\oauth2-oidc-sdk\11.9.1\1aabd0c54952056a1ba4cd00590517b0\descriptor.bin,PEFormatError: 'DOS Header magic not found.'
C:\Documents and Settings\yukiho\.gradle\caches\modules-2\metadata-2.107\descriptors\commons-codec\commons-codec\1.10\1aabd0c54952056a1ba4cd00590517b0\descriptor.bin,PEFormatError: 'DOS Header magic not found.'
C:\Documents and Settings\yukiho\.gradle\caches\modules-2\metadata-2.107\descriptors\commons-codec\commons-codec\1.15\1aabd0c54952056a1ba4cd00590517b0\descriptor.bin,PEFormatError: 'DOS Header magic not found.'
C:\Documents and Settings\yukiho\.gradle\caches\modules-2\metadata-2.107\descriptors\commons-codec\commons-codec\1.16.0\1aabd0c54952056a1ba4cd00590517b0\descriptor.bin,PEFormatError: 'DOS Header magic not found.'
C:\Documents and Settings\yukiho\.gradle\caches\modules-2\metadata-2.107\descriptors\commons-codec\commons-codec\1.17.1\1aabd0c54952056a1ba4cd00590517b0\descriptor.bin,PEFormatError: 'DOS Header magic not found.'
C:\Documents and Settings\yukiho\.gradle\caches\modules-2\metadata-2.107\descriptors\commons-codec\commons-codec\1.17.1\26c913274550a0b2221f47a0fe2d2358\descriptor.bin,PEFormatError: 'DOS Header magic not found.'
C:\Documents and Settings\yukiho\.gradle\caches\modules-2\metadata-2.107\descriptors\commons-codec\commons-codec\1.17.1\42d5112e53485e9f59b1068dfd734a05\descriptor.bin,PEFormatError: 'DOS Header magic not found.'
C:\Documents and Settings\yukiho\.gradle\caches\modules-2\metadata-2.107\descriptors\commons-codec\commons-codec\1.19.0\1aabd0c54952056a1ba4cd00590517b0\descriptor.bin,PEFormatError: 'DOS Header magic not found.'
C:\Documents and Settings\yukiho\.gradle\caches\modules-2\metadata-2.107\descriptors\commons-codec\commons-codec\1.20.0\26c913274550a0b2221f47a0fe2d2358\descriptor.bin,PEFormatError: 'DOS Header magic not found.'
C:\Documents and Settings\yukiho\.gradle\caches\modules-2\metadata-2.107\descriptors\commons-io\commons-io\2.11.0\1aabd0c54952056a1ba4cd00590517b0\descriptor.bin,PEFormatError: 'DOS Header magic not found.'
C:\Documents and Settings\yukiho\.gradle\caches\modules-2\metadata-2.107\descriptors\commons-io\commons-io\2.13.0\1aabd0c54952056a1ba4cd00590517b0\descriptor.bin,PEFormatError: 'DOS Header magic not found.'
C:\Documents and Settings\yukiho\.gradle\caches\modules-2\metadata-2.107\descriptors\commons-io\commons-io\2.15.1\1aabd0c54952056a1ba4cd00590517b0\descriptor.bin,PEFormatError: 'DOS Header magic not found.'
C:\Documents and Settings\yukiho\.gradle\caches\modules-2\metadata-2.107\descriptors\commons-io\commons-io\2.17.0\1aabd0c54952056a1ba4cd00590517b0\descriptor.bin,PEFormatError: 'DOS Header magic not found.'
C:\Documents and Settings\yukiho\.gradle\caches\modules-2\metadata-2.107\descriptors\commons-io\commons-io\2.17.0\26c913274550a0b2221f47a0fe2d2358\descriptor.bin,PEFormatError: 'DOS Header magic not found.'
C:\Documents and Settings\yukiho\.gradle\caches\modules-2\metadata-2.107\descriptors\commons-io\commons-io\2.17.0\42d5112e53485e9f59b1068dfd734a05\descriptor.bin,PEFormatError: 'DOS Header magic not found.'
C:\Documents and Settings\yukiho\.gradle\caches\modules-2\metadata-2.107\descriptors\commons-io\commons-io\2.20.0\1aabd0c54952056a1ba4cd00590517b0\descriptor.bin,PEFormatError: 'DOS Header magic not found.'
C:\Documents and Settings\yukiho\.gradle\caches\modules-2\metadata-2.107\descriptors\commons-io\commons-io\2.21.0\26c913274550a0b2221f47a0fe2d2358\descriptor.bin,PEFormatError: 'DOS Header magic not found.'
C:\Documents and Settings\yukiho\.gradle\caches\modules-2\metadata-2.107\descriptors\commons-io\commons-io\2.5\1aabd0c54952056a1ba4cd00590517b0\descriptor.bin,PEFormatError: 'DOS Header magic not found.'
C:\Documents and Settings\yukiho\.gradle\caches\modules-2\metadata-2.107\descriptors\commons-logging\commons-logging\1.1.1\26c913274550a0b2221f47a0fe2d2358\descriptor.bin,PEFormatError: 'DOS Header magic not found.'
C:\Documents and Settings\yukiho\.gradle\caches\modules-2\metadata-2.107\descriptors\commons-logging\commons-logging\1.1.3\1aabd0c54952056a1ba4cd00590517b0\descriptor.bin,PEFormatError: 'DOS Header magic not found.'
C:\Documents and Settings\yukiho\.gradle\caches\modules-2\metadata-2.107\descriptors\commons-logging\commons-logging\1.2\1aabd0c54952056a1ba4cd00590517b0\descriptor.bin,PEFormatError: 'DOS Header magic not found.'
C:\Documents and Settings\yukiho\.gradle\caches\modules-2\metadata-2.107\descriptors\commons-logging\commons-logging\1.3.4\1aabd0c54952056a1ba4cd00590517b0\descriptor.bin,PEFormatError: 'DOS Header magic not found.'
C:\Documents and Settings\yukiho\.gradle\caches\modules-2\metadata-2.107\descriptors\commons-logging\commons-logging\1.3.4\26c913274550a0b2221f47a0fe2d2358\descriptor.bin,PEFormatError: 'DOS Header magic not found.'
C:\Documents and Settings\yukiho\.gradle\caches\modules-2\metadata-2.107\descriptors\commons-logging\commons-logging\1.3.4\42d5112e53485e9f59b1068dfd734a05\descriptor.bin,PEFormatError: 'DOS Header magic not found.'
C:\Documents and Settings\yukiho\.gradle\caches\modules-2\metadata-2.107\descriptors\curse.maven\lithium-360438\2904300\422f4e54d526837b4780deb524ca9ffb\descriptor.bin,PEFormatError: 'DOS Header magic not found.'
C:\Documents and Settings\yukiho\.gradle\caches\modules-2\metadata-2.107\descriptors\curse.maven\lithium-360438\3344974\422f4e54d526837b4780deb524ca9ffb\descriptor.bin,PEFormatError: 'DOS Header magic not found.'
C:\Documents and Settings\yukiho\.gradle\caches\modules-2\metadata-2.107\descriptors\curse.maven\lithium-360438\4143613\422f4e54d526837b4780deb524ca9ffb\descriptor.bin,PEFormatError: 'DOS Header magic not found.'
C:\Documents and Settings\yukiho\.gradle\caches\modules-2\metadata-2.107\descriptors\curse.maven\lithium-360438\4439705\422f4e54d526837b4780deb524ca9ffb\descriptor.bin,PEFormatError: 'DOS Header magic not found.'
C:\Documents and Settings\yukiho\.gradle\caches\modules-2\metadata-2.107\descriptors\curse.maven\lithium-360438\4765724\422f4e54d526837b4780deb524ca9ffb\descriptor.bin,PEFormatError: 'DOS Header magic not found.'
C:\Documents and Settings\yukiho\.gradle\caches\modules-2\metadata-2.107\descriptors\curse.maven\lithium-360438\4765747\422f4e54d526837b4780deb524ca9ffb\descriptor.bin,PEFormatError: 'DOS Header magic not found.'
C:\Documents and Settings\yukiho\.gradle\caches\modules-2\metadata-2.107\descriptors\curse.maven\lithium-360438\4972281\422f4e54d526837b4780deb524ca9ffb\descriptor.bin,PEFormatError: 'DOS Header magic not found.'
C:\Documents and Settings\yukiho\.gradle\caches\modules-2\metadata-2.107\descriptors\curse.maven\lithium-360438\5448638\422f4e54d526837b4780deb524ca9ffb\descriptor.bin,PEFormatError: 'DOS Header magic not found.'
C:\Documents and Settings\yukiho\.gradle\caches\modules-2\metadata-2.107\descriptors\curse.maven\lithium-360438\6099717\422f4e54d526837b4780deb524ca9ffb\descriptor.bin,PEFormatError: 'DOS Header magic not found.'
C:\Documents and Settings\yukiho\.gradle\caches\modules-2\metadata-2.107\descriptors\curse.maven\lithium-360438\6290412\422f4e54d526837b4780deb524ca9ffb\descriptor.bin,PEFormatError: 'DOS Header magic not found.'
C:\Documents and Settings\yukiho\.gradle\caches\modules-2\metadata-2.107\descriptors\curse.maven\lithium-360438\6401281\422f4e54d526837b4780deb524ca9ffb\descriptor.bin,PEFormatError: 'DOS Header magic not found.'
C:\Documents and Settings\yukiho\.gradle\caches\modules-2\metadata-2.107\descriptors\curse.maven\lithium-360438\6658792\422f4e54d526837b4780deb524ca9ffb\descriptor.bin,PEFormatError: 'DOS Header magic not found.'
C:\Documents and Settings\yukiho\.gradle\caches\modules-2\metadata-2.107\descriptors\curse.maven\lithium-360438\6779976\422f4e54d526837b4780deb524ca9ffb\descriptor.bin,PEFormatError: 'DOS Header magic not found.'
C:\Documents and Settings\yukiho\.gradle\caches\modules-2\metadata-2.107\descriptors\curse.maven\lithium-360438\7079732\422f4e54d526837b4780deb524ca9ffb\descriptor.bin,PEFormatError: 'DOS Header magic not found.'
C:\Documents and Settings\yukiho\.gradle\caches\modules-2\metadata-2.107\descriptors\curse.maven\lithium-360438\7313048\422f4e54d526837b4780deb524ca9ffb\descriptor.bin,PEFormatError: 'DOS Header magic not found.'
C:\Documents and Settings\yukiho\.gradle\caches\modules-2\metadata-2.107\descriptors\fabric-loom\fabric-loom.gradle.plugin\1.16.1\c5f7e3fe759bfc29dcb6fc6baddbbc5f\descriptor.bin,PEFormatError: 'DOS Header magic not found.'
C:\Documents and Settings\yukiho\.gradle\caches\modules-2\metadata-2.107\descriptors\gradle.plugin.com.hierynomus.gradle.plugins\license-gradle-plugin\0.16.1\2f8748e965ecb2135dad092e9ef808de\descriptor.bin,PEFormatError: 'DOS Header magic not found.'
C:\Documents and Settings\yukiho\.gradle\caches\modules-2\metadata-2.107\descriptors\io.fabric8\kubernetes-client-bom\5.12.4\26c913274550a0b2221f47a0fe2d2358\descriptor.bin,PEFormatError: 'DOS Header magic not found.'
C:\Documents and Settings\yukiho\.gradle\caches\modules-2\metadata-2.107\descriptors\io.github.llamalad7\mixinextras-fabric\0.3.6\1aabd0c54952056a1ba4cd00590517b0\descriptor.bin,PEFormatError: 'DOS Header magic not found.'
C:\Documents and Settings\yukiho\.gradle\caches\modules-2\metadata-2.107\descriptors\io.github.llamalad7\mixinextras-fabric\0.3.6\26c913274550a0b2221f47a0fe2d2358\descriptor.bin,PEFormatError: 'DOS Header magic not found.'
C:\Documents and Settings\yukiho\.gradle\caches\modules-2\metadata-2.107\descriptors\io.github.llamalad7\mixinextras-fabric\0.4.1\c5f7e3fe759bfc29dcb6fc6baddbbc5f\descriptor.bin,PEFormatError: 'DOS Header magic not found.'
C:\Documents and Settings\yukiho\.gradle\caches\modules-2\metadata-2.107\descriptors\io.github.llamalad7\mixinextras-fabric\0.5.0\c5f7e3fe759bfc29dcb6fc6baddbbc5f\descriptor.bin,PEFormatError: 'DOS Header magic not found.'
C:\Documents and Settings\yukiho\.gradle\caches\modules-2\metadata-2.107\descriptors\io.netty\netty-all\4.1.25.Final\1aabd0c54952056a1ba4cd00590517b0\descriptor.bin,PEFormatError: 'DOS Header magic not found.'
C:\Documents and Settings\yukiho\.gradle\caches\modules-2\metadata-2.107\descriptors\io.netty\netty-all\4.1.68.Final\1aabd0c54952056a1ba4cd00590517b0\descriptor.bin,PEFormatError: 'DOS Header magic not found.'
C:\Documents and Settings\yukiho\.gradle\caches\modules-2\metadata-2.107\descriptors\io.netty\netty-bom\4.1.104.Final\26c913274550a0b2221f47a0fe2d2358\descriptor.bin,PEFormatError: 'DOS Header magic not found.'
C:\Documents and Settings\yukiho\.gradle\caches\modules-2\metadata-2.107\descriptors\io.netty\netty-bom\4.1.68.Final\26c913274550a0b2221f47a0fe2d2358\descriptor.bin,PEFormatError: 'DOS Header magic not found.'
C:\Documents and Settings\yukiho\.gradle\caches\modules-2\metadata-2.107\descriptors\io.netty\netty-buffer\4.1.115.Final\1aabd0c54952056a1ba4cd00590517b0\descriptor.bin,PEFormatError: 'DOS Header magic not found.'
C:\Documents and Settings\yukiho\.gradle\caches\modules-2\metadata-2.107\descriptors\io.netty\netty-buffer\4.1.118.Final\1aabd0c54952056a1ba4cd00590517b0\descriptor.bin,PEFormatError: 'DOS Header magic not found.'
C:\Documents and Settings\yukiho\.gradle\caches\modules-2\metadata-2.107\descriptors\io.netty\netty-buffer\4.1.118.Final\26c913274550a0b2221f47a0fe2d2358\descriptor.bin,PEFormatError: 'DOS Header magic not found.'
C:\Documents and Settings\yukiho\.gradle\caches\modules-2\metadata-2.107\descriptors\io.netty\netty-buffer\4.1.118.Final\42d5112e53485e9f59b1068dfd734a05\descriptor.bin,PEFormatError: 'DOS Header magic not found.'
C:\Documents and Settings\yukiho\.gradle\caches\modules-2\metadata-2.107\descriptors\io.netty\netty-buffer\4.1.82.Final\1aabd0c54952056a1ba4cd00590517b0\descriptor.bin,PEFormatError: 'DOS Header magic not found.'
C:\Documents and Settings\yukiho\.gradle\caches\modules-2\metadata-2.107\descriptors\io.netty\netty-buffer\4.1.97.Final\1aabd0c54952056a1ba4cd00590517b0\descriptor.bin,PEFormatError: 'DOS Header magic not found.'
C:\Documents and Settings\yukiho\.gradle\caches\modules-2\metadata-2.107\descriptors\io.netty\netty-buffer\4.2.7.Final\1aabd0c54952056a1ba4cd00590517b0\descriptor.bin,PEFormatError: 'DOS Header magic not found.'
C:\Documents and Settings\yukiho\.gradle\caches\modules-2\metadata-2.107\descriptors\io.netty\netty-codec\4.1.115.Final\1aabd0c54952056a1ba4cd00590517b0\descriptor.bin,PEFormatError: 'DOS Header magic not found.'
C:\Documents and Settings\yukiho\.gradle\caches\modules-2\metadata-2.107\descriptors\io.netty\netty-codec\4.1.118.Final\1aabd0c54952056a1ba4cd00590517b0\descriptor.bin,PEFormatError: 'DOS Header magic not found.'
C:\Documents and Settings\yukiho\.gradle\caches\modules-2\metadata-2.107\descriptors\io.netty\netty-codec\4.1.118.Final\26c913274550a0b2221f47a0fe2d2358\descriptor.bin,PEFormatError: 'DOS Header magic not found.'
C:\Documents and Settings\yukiho\.gradle\caches\modules-2\metadata-2.107\descriptors\io.netty\netty-codec\4.1.118.Final\42d5112e53485e9f59b1068dfd734a05\descriptor.bin,PEFormatError: 'DOS Header magic not found.'
C:\Documents and Settings\yukiho\.gradle\caches\modules-2\metadata-2.107\descriptors\io.netty\netty-codec\4.1.82.Final\1aabd0c54952056a1ba4cd00590517b0\descriptor.bin,PEFormatError: 'DOS Header magic not found.'
C:\Documents and Settings\yukiho\.gradle\caches\modules-2\metadata-2.107\descriptors\io.netty\netty-codec\4.1.97.Final\1aabd0c54952056a1ba4cd00590517b0\descriptor.bin,PEFormatError: 'DOS Header magic not found.'
C:\Documents and Settings\yukiho\.gradle\caches\modules-2\metadata-2.107\descriptors\io.netty\netty-codec-base\4.2.7.Final\1aabd0c54952056a1ba4cd00590517b0\descriptor.bin,PEFormatError: 'DOS Header magic not found.'
C:\Documents and Settings\yukiho\.gradle\caches\modules-2\metadata-2.107\descriptors\io.netty\netty-codec-compression\4.2.7.Final\1aabd0c54952056a1ba4cd00590517b0\descriptor.bin,PEFormatError: 'DOS Header magic not found.'
C:\Documents and Settings\yukiho\.gradle\caches\modules-2\metadata-2.107\descriptors\io.netty\netty-codec-http\4.1.118.Final\1aabd0c54952056a1ba4cd00590517b0\descriptor.bin,PEFormatError: 'DOS Header magic not found.'
C:\Documents and Settings\yukiho\.gradle\caches\modules-2\metadata-2.107\descriptors\io.netty\netty-codec-http\4.1.118.Final\26c913274550a0b2221f47a0fe2d2358\descriptor.bin,PEFormatError: 'DOS Header magic not found.'
C:\Documents and Settings\yukiho\.gradle\caches\modules-2\metadata-2.107\descriptors\io.netty\netty-codec-http\4.1.118.Final\42d5112e53485e9f59b1068dfd734a05\descriptor.bin,PEFormatError: 'DOS Header magic not found.'
C:\Documents and Settings\yukiho\.gradle\caches\modules-2\metadata-2.107\descriptors\io.netty\netty-codec-http\4.2.7.Final\1aabd0c54952056a1ba4cd00590517b0\descriptor.bin,PEFormatError: 'DOS Header magic not found.'
C:\Documents and Settings\yukiho\.gradle\caches\modules-2\metadata-2.107\descriptors\io.netty\netty-common\4.1.115.Final\1aabd0c54952056a1ba4cd00590517b0\descriptor.bin,PEFormatError: 'DOS Header magic not found.'
C:\Documents and Settings\yukiho\.gradle\caches\modules-2\metadata-2.107\descriptors\io.netty\netty-common\4.1.118.Final\1aabd0c54952056a1ba4cd00590517b0\descriptor.bin,PEFormatError: 'DOS Header magic not found.'
C:\Documents and Settings\yukiho\.gradle\caches\modules-2\metadata-2.107\descriptors\io.netty\netty-common\4.1.118.Final\26c913274550a0b2221f47a0fe2d2358\descriptor.bin,PEFormatError: 'DOS Header magic not found.'
C:\Documents and Settings\yukiho\.gradle\caches\modules-2\metadata-2.107\descriptors\io.netty\netty-common\4.1.118.Final\42d5112e53485e9f59b1068dfd734a05\descriptor.bin,PEFormatError: 'DOS Header magic not found.'
C:\Documents and Settings\yukiho\.gradle\caches\modules-2\metadata-2.107\descriptors\io.netty\netty-common\4.1.82.Final\1aabd0c54952056a1ba4cd00590517b0\descriptor.bin,PEFormatError: 'DOS Header magic not found.'
C:\Documents and Settings\yukiho\.gradle\caches\modules-2\metadata-2.107\descriptors\io.netty\netty-common\4.1.97.Final\1aabd0c54952056a1ba4cd00590517b0\descriptor.bin,PEFormatError: 'DOS Header magic not found.'
C:\Documents and Settings\yukiho\.gradle\caches\modules-2\metadata-2.107\descriptors\io.netty\netty-common\4.2.7.Final\1aabd0c54952056a1ba4cd00590517b0\descriptor.bin,PEFormatError: 'DOS Header magic not found.'
C:\Documents and Settings\yukiho\.gradle\caches\modules-2\metadata-2.107\descriptors\io.netty\netty-handler\4.1.115.Final\1aabd0c54952056a1ba4cd00590517b0\descriptor.bin,PEFormatError: 'DOS Header magic not found.'
C:\Documents and Settings\yukiho\.gradle\caches\modules-2\metadata-2.107\descriptors\io.netty\netty-handler\4.1.118.Final\1aabd0c54952056a1ba4cd00590517b0\descriptor.bin,PEFormatError: 'DOS Header magic not found.'
C:\Documents and Settings\yukiho\.gradle\caches\modules-2\metadata-2.107\descriptors\io.netty\netty-handler\4.1.118.Final\26c913274550a0b2221f47a0fe2d2358\descriptor.bin,PEFormatError: 'DOS Header magic not found.'
C:\Documents and Settings\yukiho\.gradle\caches\modules-2\metadata-2.107\descriptors\io.netty\netty-handler\4.1.118.Final\42d5112e53485e9f59b1068dfd734a05\descriptor.bin,PEFormatError: 'DOS Header magic not found.'
C:\Documents and Settings\yukiho\.gradle\caches\modules-2\metadata-2.107\descriptors\io.netty\netty-handler\4.1.82.Final\1aabd0c54952056a1ba4cd00590517b0\descriptor.bin,PEFormatError: 'DOS Header magic not found.'
C:\Documents and Settings\yukiho\.gradle\caches\modules-2\metadata-2.107\descriptors\io.netty\netty-handler\4.1.97.Final\1aabd0c54952056a1ba4cd00590517b0\descriptor.bin,PEFormatError: 'DOS Header magic not found.'
C:\Documents and Settings\yukiho\.gradle\caches\modules-2\metadata-2.107\descriptors\io.netty\netty-handler\4.2.7.Final\1aabd0c54952056a1ba4cd00590517b0\descriptor.bin,PEFormatError: 'DOS Header magic not found.'
C:\Documents and Settings\yukiho\.gradle\caches\modules-2\metadata-2.107\descriptors\io.netty\netty-parent\4.1.115.Final\26c913274550a0b2221f47a0fe2d2358\descriptor.bin,PEFormatError: 'DOS Header magic not found.'
C:\Documents and Settings\yukiho\.gradle\caches\modules-2\metadata-2.107\descriptors\io.netty\netty-parent\4.1.118.Final\26c913274550a0b2221f47a0fe2d2358\descriptor.bin,PEFormatError: 'DOS Header magic not found.'
C:\Documents and Settings\yukiho\.gradle\caches\modules-2\metadata-2.107\descriptors\io.netty\netty-parent\4.1.25.Final\26c913274550a0b2221f47a0fe2d2358\descriptor.bin,PEFormatError: 'DOS Header magic not found.'
C:\Documents and Settings\yukiho\.gradle\caches\modules-2\metadata-2.107\descriptors\io.netty\netty-parent\4.1.68.Final\26c913274550a0b2221f47a0fe2d2358\descriptor.bin,PEFormatError: 'DOS Header magic not found.'
C:\Documents and Settings\yukiho\.gradle\caches\modules-2\metadata-2.107\descriptors\io.netty\netty-parent\4.1.82.Final\26c913274550a0b2221f47a0fe2d2358\descriptor.bin,PEFormatError: 'DOS Header magic not found.'
C:\Documents and Settings\yukiho\.gradle\caches\modules-2\metadata-2.107\descriptors\io.netty\netty-parent\4.1.97.Final\26c913274550a0b2221f47a0fe2d2358\descriptor.bin,PEFormatError: 'DOS Header magic not found.'
C:\Documents and Settings\yukiho\.gradle\caches\modules-2\metadata-2.107\descriptors\io.netty\netty-parent\4.2.7.Final\26c913274550a0b2221f47a0fe2d2358\descriptor.bin,PEFormatError: 'DOS Header magic not found.'
C:\Documents and Settings\yukiho\.gradle\caches\modules-2\metadata-2.107\descriptors\io.netty\netty-resolver\4.1.115.Final\1aabd0c54952056a1ba4cd00590517b0\descriptor.bin,PEFormatError: 'DOS Header magic not found.'
C:\Documents and Settings\yukiho\.gradle\caches\modules-2\metadata-2.107\descriptors\io.netty\netty-resolver\4.1.118.Final\1aabd0c54952056a1ba4cd00590517b0\descriptor.bin,PEFormatError: 'DOS Header magic not found.'
C:\Documents and Settings\yukiho\.gradle\caches\modules-2\metadata-2.107\descriptors\io.netty\netty-resolver\4.1.118.Final\26c913274550a0b2221f47a0fe2d2358\descriptor.bin,PEFormatError: 'DOS Header magic not found.'
C:\Documents and Settings\yukiho\.gradle\caches\modules-2\metadata-2.107\descriptors\io.netty\netty-resolver\4.1.118.Final\42d5112e53485e9f59b1068dfd734a05\descriptor.bin,PEFormatError: 'DOS Header magic not found.'
C:\Documents and Settings\yukiho\.gradle\caches\modules-2\metadata-2.107\descriptors\io.netty\netty-resolver\4.1.82.Final\1aabd0c54952056a1ba4cd00590517b0\descriptor.bin,PEFormatError: 'DOS Header magic not found.'
C:\Documents and Settings\yukiho\.gradle\caches\modules-2\metadata-2.107\descriptors\io.netty\netty-resolver\4.1.97.Final\1aabd0c54952056a1ba4cd00590517b0\descriptor.bin,PEFormatError: 'DOS Header magic not found.'
C:\Documents and Settings\yukiho\.gradle\caches\modules-2\metadata-2.107\descriptors\io.netty\netty-resolver\4.2.7.Final\1aabd0c54952056a1ba4cd00590517b0\descriptor.bin,PEFormatError: 'DOS Header magic not found.'
C:\Documents and Settings\yukiho\.gradle\caches\modules-2\metadata-2.107\descriptors\io.netty\netty-transport\4.1.115.Final\1aabd0c54952056a1ba4cd00590517b0\descriptor.bin,PEFormatError: 'DOS Header magic not found.'
C:\Documents and Settings\yukiho\.gradle\caches\modules-2\metadata-2.107\descriptors\io.netty\netty-transport\4.1.118.Final\1aabd0c54952056a1ba4cd00590517b0\descriptor.bin,PEFormatError: 'DOS Header magic not found.'
C:\Documents and Settings\yukiho\.gradle\caches\modules-2\metadata-2.107\descriptors\io.netty\netty-transport\4.1.118.Final\26c913274550a0b2221f47a0fe2d2358\descriptor.bin,PEFormatError: 'DOS Header magic not found.'
C:\Documents and Settings\yukiho\.gradle\caches\modules-2\metadata-2.107\descriptors\io.netty\netty-transport\4.1.118.Final\42d5112e53485e9f59b1068dfd734a05\descriptor.bin,PEFormatError: 'DOS Header magic not found.'
C:\Documents and Settings\yukiho\.gradle\caches\modules-2\metadata-2.107\descriptors\io.netty\netty-transport\4.1.82.Final\1aabd0c54952056a1ba4cd00590517b0\descriptor.bin,PEFormatError: 'DOS Header magic not found.'
C:\Documents and Settings\yukiho\.gradle\caches\modules-2\metadata-2.107\descriptors\io.netty\netty-transport\4.1.97.Final\1aabd0c54952056a1ba4cd00590517b0\descriptor.bin,PEFormatError: 'DOS Header magic not found.'
C:\Documents and Settings\yukiho\.gradle\caches\modules-2\metadata-2.107\descriptors\io.netty\netty-transport\4.2.7.Final\1aabd0c54952056a1ba4cd00590517b0\descriptor.bin,PEFormatError: 'DOS Header magic not found.'
C:\Documents and Settings\yukiho\.gradle\caches\modules-2\metadata-2.107\descriptors\io.netty\netty-transport-classes-epoll\4.1.115.Final\1aabd0c54952056a1ba4cd00590517b0\descriptor.bin,PEFormatError: 'DOS Header magic not found.'
C:\Documents and Settings\yukiho\.gradle\caches\modules-2\metadata-2.107\descriptors\io.netty\netty-transport-classes-epoll\4.1.118.Final\1aabd0c54952056a1ba4cd00590517b0\descriptor.bin,PEFormatError: 'DOS Header magic not found.'
C:\Documents and Settings\yukiho\.gradle\caches\modules-2\metadata-2.107\descriptors\io.netty\netty-transport-classes-epoll\4.1.118.Final\26c913274550a0b2221f47a0fe2d2358\descriptor.bin,PEFormatError: 'DOS Header magic not found.'
C:\Documents and Settings\yukiho\.gradle\caches\modules-2\metadata-2.107\descriptors\io.netty\netty-transport-classes-epoll\4.1.118.Final\42d5112e53485e9f59b1068dfd734a05\descriptor.bin,PEFormatError: 'DOS Header magic not found.'
C:\Documents and Settings\yukiho\.gradle\caches\modules-2\metadata-2.107\descriptors\io.netty\netty-transport-classes-epoll\4.1.82.Final\1aabd0c54952056a1ba4cd00590517b0\descriptor.bin,PEFormatError: 'DOS Header magic not found.'
C:\Documents and Settings\yukiho\.gradle\caches\modules-2\metadata-2.107\descriptors\io.netty\netty-transport-classes-epoll\4.1.97.Final\1aabd0c54952056a1ba4cd00590517b0\descriptor.bin,PEFormatError: 'DOS Header magic not found.'
C:\Documents and Settings\yukiho\.gradle\caches\modules-2\metadata-2.107\descriptors\io.netty\netty-transport-classes-epoll\4.2.7.Final\1aabd0c54952056a1ba4cd00590517b0\descriptor.bin,PEFormatError: 'DOS Header magic not found.'
C:\Documents and Settings\yukiho\.gradle\caches\modules-2\metadata-2.107\descriptors\io.netty\netty-transport-classes-kqueue\4.2.7.Final\1aabd0c54952056a1ba4cd00590517b0\descriptor.bin,PEFormatError: 'DOS Header magic not found.'
C:\Documents and Settings\yukiho\.gradle\caches\modules-2\metadata-2.107\descriptors\io.netty\netty-transport-native-epoll\4.1.115.Final\1aabd0c54952056a1ba4cd00590517b0\descriptor.bin,PEFormatError: 'DOS Header magic not found.'
C:\Documents and Settings\yukiho\.gradle\caches\modules-2\metadata-2.107\descriptors\io.netty\netty-transport-native-epoll\4.1.118.Final\1aabd0c54952056a1ba4cd00590517b0\descriptor.bin,PEFormatError: 'DOS Header magic not found.'
C:\Documents and Settings\yukiho\.gradle\caches\modules-2\metadata-2.107\descriptors\io.netty\netty-transport-native-epoll\4.1.118.Final\26c913274550a0b2221f47a0fe2d2358\descriptor.bin,PEFormatError: 'DOS Header magic not found.'
C:\Documents and Settings\yukiho\.gradle\caches\modules-2\metadata-2.107\descriptors\io.netty\netty-transport-native-epoll\4.1.118.Final\42d5112e53485e9f59b1068dfd734a05\descriptor.bin,PEFormatError: 'DOS Header magic not found.'
C:\Documents and Settings\yukiho\.gradle\caches\modules-2\metadata-2.107\descriptors\io.netty\netty-transport-native-epoll\4.1.82.Final\1aabd0c54952056a1ba4cd00590517b0\descriptor.bin,PEFormatError: 'DOS Header magic not found.'
C:\Documents and Settings\yukiho\.gradle\caches\modules-2\metadata-2.107\descriptors\io.netty\netty-transport-native-epoll\4.1.97.Final\1aabd0c54952056a1ba4cd00590517b0\descriptor.bin,PEFormatError: 'DOS Header magic not found.'
C:\Documents and Settings\yukiho\.gradle\caches\modules-2\metadata-2.107\descriptors\io.netty\netty-transport-native-epoll\4.2.7.Final\1aabd0c54952056a1ba4cd00590517b0\descriptor.bin,PEFormatError: 'DOS Header magic not found.'
C:\Documents and Settings\yukiho\.gradle\caches\modules-2\metadata-2.107\descriptors\io.netty\netty-transport-native-kqueue\4.2.7.Final\1aabd0c54952056a1ba4cd00590517b0\descriptor.bin,PEFormatError: 'DOS Header magic not found.'
C:\Documents and Settings\yukiho\.gradle\caches\modules-2\metadata-2.107\descriptors\io.netty\netty-transport-native-unix-common\4.1.115.Final\1aabd0c54952056a1ba4cd00590517b0\descriptor.bin,PEFormatError: 'DOS Header magic not found.'
C:\Documents and Settings\yukiho\.gradle\caches\modules-2\metadata-2.107\descriptors\io.netty\netty-transport-native-unix-common\4.1.118.Final\1aabd0c54952056a1ba4cd00590517b0\descriptor.bin,PEFormatError: 'DOS Header magic not found.'
C:\Documents and Settings\yukiho\.gradle\caches\modules-2\metadata-2.107\descriptors\io.netty\netty-transport-native-unix-common\4.1.118.Final\26c913274550a0b2221f47a0fe2d2358\descriptor.bin,PEFormatError: 'DOS Header magic not found.'
C:\Documents and Settings\yukiho\.gradle\caches\modules-2\metadata-2.107\descriptors\io.netty\netty-transport-native-unix-common\4.1.118.Final\42d5112e53485e9f59b1068dfd734a05\descriptor.bin,PEFormatError: 'DOS Header magic not found.'
C:\Documents and Settings\yukiho\.gradle\caches\modules-2\metadata-2.107\descriptors\io.netty\netty-transport-native-unix-common\4.1.82.Final\1aabd0c54952056a1ba4cd00590517b0\descriptor.bin,PEFormatError: 'DOS Header magic not found.'
C:\Documents and Settings\yukiho\.gradle\caches\modules-2\metadata-2.107\descriptors\io.netty\netty-transport-native-unix-common\4.1.97.Final\1aabd0c54952056a1ba4cd00590517b0\descriptor.bin,PEFormatError: 'DOS Header magic not found.'
C:\Documents and Settings\yukiho\.gradle\caches\modules-2\metadata-2.107\descriptors\io.netty\netty-transport-native-unix-common\4.2.7.Final\1aabd0c54952056a1ba4cd00590517b0\descriptor.bin,PEFormatError: 'DOS Header magic not found.'
C:\Documents and Settings\yukiho\.gradle\caches\modules-2\metadata-2.107\descriptors\it.unimi.dsi\fastutil\8.2.1\1aabd0c54952056a1ba4cd00590517b0\descriptor.bin,PEFormatError: 'DOS Header magic not found.'
C:\Documents and Settings\yukiho\.gradle\caches\modules-2\metadata-2.107\descriptors\it.unimi.dsi\fastutil\8.5.12\1aabd0c54952056a1ba4cd00590517b0\descriptor.bin,PEFormatError: 'DOS Header magic not found.'
C:\Documents and Settings\yukiho\.gradle\caches\modules-2\metadata-2.107\descriptors\it.unimi.dsi\fastutil\8.5.15\1aabd0c54952056a1ba4cd00590517b0\descriptor.bin,PEFormatError: 'DOS Header magic not found.'
C:\Documents and Settings\yukiho\.gradle\caches\modules-2\metadata-2.107\descriptors\it.unimi.dsi\fastutil\8.5.15\26c913274550a0b2221f47a0fe2d2358\descriptor.bin,PEFormatError: 'DOS Header magic not found.'
C:\Documents and Settings\yukiho\.gradle\caches\modules-2\metadata-2.107\descriptors\it.unimi.dsi\fastutil\8.5.15\42d5112e53485e9f59b1068dfd734a05\descriptor.bin,PEFormatError: 'DOS Header magic not found.'
C:\Documents and Settings\yukiho\.gradle\caches\modules-2\metadata-2.107\descriptors\it.unimi.dsi\fastutil\8.5.18\1aabd0c54952056a1ba4cd00590517b0\descriptor.bin,PEFormatError: 'DOS Header magic not found.'
C:\Documents and Settings\yukiho\.gradle\caches\modules-2\metadata-2.107\descriptors\it.unimi.dsi\fastutil\8.5.6\1aabd0c54952056a1ba4cd00590517b0\descriptor.bin,PEFormatError: 'DOS Header magic not found.'
C:\Documents and Settings\yukiho\.gradle\caches\modules-2\metadata-2.107\descriptors\it.unimi.dsi\fastutil\8.5.9\1aabd0c54952056a1ba4cd00590517b0\descriptor.bin,PEFormatError: 'DOS Header magic not found.'
C:\Documents and Settings\yukiho\.gradle\caches\modules-2\metadata-2.107\descriptors\jakarta.platform\jakarta.jakartaee-bom\9.1.0\26c913274550a0b2221f47a0fe2d2358\descriptor.bin,PEFormatError: 'DOS Header magic not found.'
C:\Documents and Settings\yukiho\.gradle\caches\modules-2\metadata-2.107\descriptors\jakarta.platform\jakartaee-api-parent\9.1.0\26c913274550a0b2221f47a0fe2d2358\descriptor.bin,PEFormatError: 'DOS Header magic not found.'
C:\Documents and Settings\yukiho\.gradle\caches\modules-2\metadata-2.107\descriptors\junit\junit\4.13.2\1aabd0c54952056a1ba4cd00590517b0\descriptor.bin,PEFormatError: 'DOS Header magic not found.'
C:\Documents and Settings\yukiho\.gradle\caches\modules-2\metadata-2.107\descriptors\junit\junit\4.13.2\26c913274550a0b2221f47a0fe2d2358\descriptor.bin,PEFormatError: 'DOS Header magic not found.'
C:\Documents and Settings\yukiho\.gradle\caches\modules-2\metadata-2.107\descriptors\me.fallenbreath\conditional-mixin-fabric\0.6.4\66fd630f92b925384376d2411a84c17a\descriptor.bin,PEFormatError: 'DOS Header magic not found.'
C:\Documents and Settings\yukiho\.gradle\caches\modules-2\metadata-2.107\descriptors\me.fallenbreath\yamlang\1.5.0\2f8748e965ecb2135dad092e9ef808de\descriptor.bin,PEFormatError: 'DOS Header magic not found.'
C:\Documents and Settings\yukiho\.gradle\caches\modules-2\metadata-2.107\descriptors\me.fallenbreath.yamlang\me.fallenbreath.yamlang.gradle.plugin\1.5.0\2f8748e965ecb2135dad092e9ef808de\descriptor.bin,PEFormatError: 'DOS Header magic not found.'
C:\Documents and Settings\yukiho\.gradle\caches\modules-2\metadata-2.107\descriptors\net.fabricmc\cfr\0.2.2\c5f7e3fe759bfc29dcb6fc6baddbbc5f\descriptor.bin,PEFormatError: 'DOS Header magic not found.'
C:\Documents and Settings\yukiho\.gradle\caches\modules-2\metadata-2.107\descriptors\net.fabricmc\class-tweaker\0.1.1\c5f7e3fe759bfc29dcb6fc6baddbbc5f\descriptor.bin,PEFormatError: 'DOS Header magic not found.'
C:\Documents and Settings\yukiho\.gradle\caches\modules-2\metadata-2.107\descriptors\net.fabricmc\class-tweaker\0.3.0-beta.2\c5f7e3fe759bfc29dcb6fc6baddbbc5f\descriptor.bin,PEFormatError: 'DOS Header magic not found.'
C:\Documents and Settings\yukiho\.gradle\caches\modules-2\metadata-2.107\descriptors\net.fabricmc\dev-launch-injector\0.2.1+build.8\c5f7e3fe759bfc29dcb6fc6baddbbc5f\descriptor.bin,PEFormatError: 'DOS Header magic not found.'
C:\Documents and Settings\yukiho\.gradle\caches\modules-2\metadata-2.107\descriptors\net.fabricmc\fabric-fernflower\2.0.0\c5f7e3fe759bfc29dcb6fc6baddbbc5f\descriptor.bin,PEFormatError: 'DOS Header magic not found.'
C:\Documents and Settings\yukiho\.gradle\caches\modules-2\metadata-2.107\descriptors\net.fabricmc\fabric-loader\0.16.14\c5f7e3fe759bfc29dcb6fc6baddbbc5f\descriptor.bin,PEFormatError: 'DOS Header magic not found.'
C:\Documents and Settings\yukiho\.gradle\caches\modules-2\metadata-2.107\descriptors\net.fabricmc\fabric-loader\0.17.3\c5f7e3fe759bfc29dcb6fc6baddbbc5f\descriptor.bin,PEFormatError: 'DOS Header magic not found.'
C:\Documents and Settings\yukiho\.gradle\caches\modules-2\metadata-2.107\descriptors\net.fabricmc\fabric-loader\0.18.2\c5f7e3fe759bfc29dcb6fc6baddbbc5f\descriptor.bin,PEFormatError: 'DOS Header magic not found.'
C:\Documents and Settings\yukiho\.gradle\caches\modules-2\metadata-2.107\descriptors\net.fabricmc\fabric-loader\0.18.4\c5f7e3fe759bfc29dcb6fc6baddbbc5f\descriptor.bin,PEFormatError: 'DOS Header magic not found.'
C:\Documents and Settings\yukiho\.gradle\caches\modules-2\metadata-2.107\descriptors\net.fabricmc\fabric-log4j-util\1.0.2\c5f7e3fe759bfc29dcb6fc6baddbbc5f\descriptor.bin,PEFormatError: 'DOS Header magic not found.'
C:\Documents and Settings\yukiho\.gradle\caches\modules-2\metadata-2.107\descriptors\net.fabricmc\fabric-loom\1.14.10\c5f7e3fe759bfc29dcb6fc6baddbbc5f\descriptor.bin,PEFormatError: 'DOS Header magic not found.'
C:\Documents and Settings\yukiho\.gradle\caches\modules-2\metadata-2.107\descriptors\net.fabricmc\fabric-loom\1.15.3\c5f7e3fe759bfc29dcb6fc6baddbbc5f\descriptor.bin,PEFormatError: 'DOS Header magic not found.'
C:\Documents and Settings\yukiho\.gradle\caches\modules-2\metadata-2.107\descriptors\net.fabricmc\fabric-loom\1.16.1\c5f7e3fe759bfc29dcb6fc6baddbbc5f\descriptor.bin,PEFormatError: 'DOS Header magic not found.'
C:\Documents and Settings\yukiho\.gradle\caches\modules-2\metadata-2.107\descriptors\net.fabricmc\fabric-loom-native\0.2.0\c5f7e3fe759bfc29dcb6fc6baddbbc5f\descriptor.bin,PEFormatError: 'DOS Header magic not found.'
C:\Documents and Settings\yukiho\.gradle\caches\modules-2\metadata-2.107\descriptors\net.fabricmc\fabric-mixin-compile-extensions\0.6.0\c5f7e3fe759bfc29dcb6fc6baddbbc5f\descriptor.bin,PEFormatError: 'DOS Header magic not found.'
C:\Documents and Settings\yukiho\.gradle\caches\modules-2\metadata-2.107\descriptors\net.fabricmc\intermediary\1.14.4\c5f7e3fe759bfc29dcb6fc6baddbbc5f\descriptor.bin,PEFormatError: 'DOS Header magic not found.'
C:\Documents and Settings\yukiho\.gradle\caches\modules-2\metadata-2.107\descriptors\net.fabricmc\intermediary\1.15.2\c5f7e3fe759bfc29dcb6fc6baddbbc5f\descriptor.bin,PEFormatError: 'DOS Header magic not found.'
C:\Documents and Settings\yukiho\.gradle\caches\modules-2\metadata-2.107\descriptors\net.fabricmc\intermediary\1.16.5\c5f7e3fe759bfc29dcb6fc6baddbbc5f\descriptor.bin,PEFormatError: 'DOS Header magic not found.'
C:\Documents and Settings\yukiho\.gradle\caches\modules-2\metadata-2.107\descriptors\net.fabricmc\intermediary\1.17.1\c5f7e3fe759bfc29dcb6fc6baddbbc5f\descriptor.bin,PEFormatError: 'DOS Header magic not found.'
C:\Documents and Settings\yukiho\.gradle\caches\modules-2\metadata-2.107\descriptors\net.fabricmc\intermediary\1.18.2\c5f7e3fe759bfc29dcb6fc6baddbbc5f\descriptor.bin,PEFormatError: 'DOS Header magic not found.'
C:\Documents and Settings\yukiho\.gradle\caches\modules-2\metadata-2.107\descriptors\net.fabricmc\intermediary\1.19.4\c5f7e3fe759bfc29dcb6fc6baddbbc5f\descriptor.bin,PEFormatError: 'DOS Header magic not found.'
C:\Documents and Settings\yukiho\.gradle\caches\modules-2\metadata-2.107\descriptors\net.fabricmc\intermediary\1.20.1\c5f7e3fe759bfc29dcb6fc6baddbbc5f\descriptor.bin,PEFormatError: 'DOS Header magic not found.'
C:\Documents and Settings\yukiho\.gradle\caches\modules-2\metadata-2.107\descriptors\net.fabricmc\intermediary\1.20.2\c5f7e3fe759bfc29dcb6fc6baddbbc5f\descriptor.bin,PEFormatError: 'DOS Header magic not found.'
C:\Documents and Settings\yukiho\.gradle\caches\modules-2\metadata-2.107\descriptors\net.fabricmc\intermediary\1.20.4\c5f7e3fe759bfc29dcb6fc6baddbbc5f\descriptor.bin,PEFormatError: 'DOS Header magic not found.'
C:\Documents and Settings\yukiho\.gradle\caches\modules-2\metadata-2.107\descriptors\net.fabricmc\intermediary\1.20.6\c5f7e3fe759bfc29dcb6fc6baddbbc5f\descriptor.bin,PEFormatError: 'DOS Header magic not found.'
C:\Documents and Settings\yukiho\.gradle\caches\modules-2\metadata-2.107\descriptors\net.fabricmc\intermediary\1.21.1\c5f7e3fe759bfc29dcb6fc6baddbbc5f\descriptor.bin,PEFormatError: 'DOS Header magic not found.'
C:\Documents and Settings\yukiho\.gradle\caches\modules-2\metadata-2.107\descriptors\net.fabricmc\intermediary\1.21.10\c5f7e3fe759bfc29dcb6fc6baddbbc5f\descriptor.bin,PEFormatError: 'DOS Header magic not found.'
C:\Documents and Settings\yukiho\.gradle\caches\modules-2\metadata-2.107\descriptors\net.fabricmc\intermediary\1.21.11\c5f7e3fe759bfc29dcb6fc6baddbbc5f\descriptor.bin,PEFormatError: 'DOS Header magic not found.'
C:\Documents and Settings\yukiho\.gradle\caches\modules-2\metadata-2.107\descriptors\net.fabricmc\intermediary\1.21.3\c5f7e3fe759bfc29dcb6fc6baddbbc5f\descriptor.bin,PEFormatError: 'DOS Header magic not found.'
C:\Documents and Settings\yukiho\.gradle\caches\modules-2\metadata-2.107\descriptors\net.fabricmc\intermediary\1.21.4\c5f7e3fe759bfc29dcb6fc6baddbbc5f\descriptor.bin,PEFormatError: 'DOS Header magic not found.'
C:\Documents and Settings\yukiho\.gradle\caches\modules-2\metadata-2.107\descriptors\net.fabricmc\intermediary\1.21.5\c5f7e3fe759bfc29dcb6fc6baddbbc5f\descriptor.bin,PEFormatError: 'DOS Header magic not found.'
C:\Documents and Settings\yukiho\.gradle\caches\modules-2\metadata-2.107\descriptors\net.fabricmc\intermediary\1.21.8\c5f7e3fe759bfc29dcb6fc6baddbbc5f\descriptor.bin,PEFormatError: 'DOS Header magic not found.'
C:\Documents and Settings\yukiho\.gradle\caches\modules-2\metadata-2.107\descriptors\net.fabricmc\lorenz-tiny\4.0.2\c5f7e3fe759bfc29dcb6fc6baddbbc5f\descriptor.bin,PEFormatError: 'DOS Header magic not found.'
C:\Documents and Settings\yukiho\.gradle\caches\modules-2\metadata-2.107\descriptors\net.fabricmc\mapping-io\0.2.1\c5f7e3fe759bfc29dcb6fc6baddbbc5f\descriptor.bin,PEFormatError: 'DOS Header magic not found.'
C:\Documents and Settings\yukiho\.gradle\caches\modules-2\metadata-2.107\descriptors\net.fabricmc\mapping-io\0.8.0\c5f7e3fe759bfc29dcb6fc6baddbbc5f\descriptor.bin,PEFormatError: 'DOS Header magic not found.'
C:\Documents and Settings\yukiho\.gradle\caches\modules-2\metadata-2.107\descriptors\net.fabricmc\mercury\0.4.3\c5f7e3fe759bfc29dcb6fc6baddbbc5f\descriptor.bin,PEFormatError: 'DOS Header magic not found.'
C:\Documents and Settings\yukiho\.gradle\caches\modules-2\metadata-2.107\descriptors\net.fabricmc\mercurymixin\0.2.2\c5f7e3fe759bfc29dcb6fc6baddbbc5f\descriptor.bin,PEFormatError: 'DOS Header magic not found.'
C:\Documents and Settings\yukiho\.gradle\caches\modules-2\metadata-2.107\descriptors\net.fabricmc\sponge-mixin\0.15.5+mixin.0.8.7\c5f7e3fe759bfc29dcb6fc6baddbbc5f\descriptor.bin,PEFormatError: 'DOS Header magic not found.'
C:\Documents and Settings\yukiho\.gradle\caches\modules-2\metadata-2.107\descriptors\net.fabricmc\sponge-mixin\0.16.5+mixin.0.8.7\c5f7e3fe759bfc29dcb6fc6baddbbc5f\descriptor.bin,PEFormatError: 'DOS Header magic not found.'
C:\Documents and Settings\yukiho\.gradle\caches\modules-2\metadata-2.107\descriptors\net.fabricmc\sponge-mixin\0.17.0+mixin.0.8.7\c5f7e3fe759bfc29dcb6fc6baddbbc5f\descriptor.bin,PEFormatError: 'DOS Header magic not found.'
C:\Documents and Settings\yukiho\.gradle\caches\modules-2\metadata-2.107\descriptors\net.fabricmc\stitch\0.6.2\c5f7e3fe759bfc29dcb6fc6baddbbc5f\descriptor.bin,PEFormatError: 'DOS Header magic not found.'
C:\Documents and Settings\yukiho\.gradle\caches\modules-2\metadata-2.107\descriptors\net.fabricmc\tiny-mappings-parser\0.3.0+build.17\c5f7e3fe759bfc29dcb6fc6baddbbc5f\descriptor.bin,PEFormatError: 'DOS Header magic not found.'
C:\Documents and Settings\yukiho\.gradle\caches\modules-2\metadata-2.107\descriptors\net.fabricmc\tiny-remapper\0.12.2\c5f7e3fe759bfc29dcb6fc6baddbbc5f\descriptor.bin,PEFormatError: 'DOS Header magic not found.'
C:\Documents and Settings\yukiho\.gradle\caches\modules-2\metadata-2.107\descriptors\net.fabricmc\tiny-remapper\0.12.3\c5f7e3fe759bfc29dcb6fc6baddbbc5f\descriptor.bin,PEFormatError: 'DOS Header magic not found.'
C:\Documents and Settings\yukiho\.gradle\caches\modules-2\metadata-2.107\descriptors\net.fabricmc\tiny-remapper\0.13.0\c5f7e3fe759bfc29dcb6fc6baddbbc5f\descriptor.bin,PEFormatError: 'DOS Header magic not found.'
C:\Documents and Settings\yukiho\.gradle\caches\modules-2\metadata-2.107\descriptors\net.fabricmc\yarn\1.21.1+build.1\c5f7e3fe759bfc29dcb6fc6baddbbc5f\descriptor.bin,PEFormatError: 'DOS Header magic not found.'
C:\Documents and Settings\yukiho\.gradle\caches\modules-2\metadata-2.107\descriptors\net.fabricmc\yarn\1.21.10+build.2\c5f7e3fe759bfc29dcb6fc6baddbbc5f\descriptor.bin,PEFormatError: 'DOS Header magic not found.'
C:\Documents and Settings\yukiho\.gradle\caches\modules-2\metadata-2.107\descriptors\net.fabricmc\yarn\1.21.10+build.3\c5f7e3fe759bfc29dcb6fc6baddbbc5f\descriptor.bin,PEFormatError: 'DOS Header magic not found.'
C:\Documents and Settings\yukiho\.gradle\caches\modules-2\metadata-2.107\descriptors\net.fabricmc\yarn\1.21.11+build.4\c5f7e3fe759bfc29dcb6fc6baddbbc5f\descriptor.bin,PEFormatError: 'DOS Header magic not found.'
C:\Documents and Settings\yukiho\.gradle\caches\modules-2\metadata-2.107\descriptors\net.fabricmc.fabric-api\fabric-api\0.138.4+1.21.10\c5f7e3fe759bfc29dcb6fc6baddbbc5f\descriptor.bin,PEFormatError: 'DOS Header magic not found.'
C:\Documents and Settings\yukiho\.gradle\caches\modules-2\metadata-2.107\descriptors\net.fabricmc.fabric-api\fabric-api\0.139.4+1.21.11\c5f7e3fe759bfc29dcb6fc6baddbbc5f\descriptor.bin,PEFormatError: 'DOS Header magic not found.'
C:\Documents and Settings\yukiho\.gradle\caches\modules-2\metadata-2.107\descriptors\net.fabricmc.fabric-api\fabric-api-base\1.0.0+14b92d896f\c5f7e3fe759bfc29dcb6fc6baddbbc5f\descriptor.bin,PEFormatError: 'DOS Header magic not found.'
C:\Documents and Settings\yukiho\.gradle\caches\modules-2\metadata-2.107\descriptors\net.fabricmc.fabric-api\fabric-api-base\1.0.5+4ebb5c0853\c5f7e3fe759bfc29dcb6fc6baddbbc5f\descriptor.bin,PEFormatError: 'DOS Header magic not found.'
C:\Documents and Settings\yukiho\.gradle\caches\modules-2\metadata-2.107\descriptors\net.fabricmc.fabric-api\fabric-api-deprecated\0.138.4+1.21.10\c5f7e3fe759bfc29dcb6fc6baddbbc5f\descriptor.bin,PEFormatError: 'DOS Header magic not found.'
C:\Documents and Settings\yukiho\.gradle\caches\modules-2\metadata-2.107\descriptors\net.fabricmc.fabric-api\fabric-api-deprecated\0.139.4+1.21.11\c5f7e3fe759bfc29dcb6fc6baddbbc5f\descriptor.bin,PEFormatError: 'DOS Header magic not found.'
C:\Documents and Settings\yukiho\.gradle\caches\modules-2\metadata-2.107\descriptors\net.fabricmc.fabric-api\fabric-api-lookup-api-v1\1.6.106+d17682156f\c5f7e3fe759bfc29dcb6fc6baddbbc5f\descriptor.bin,PEFormatError: 'DOS Header magic not found.'
C:\Documents and Settings\yukiho\.gradle\caches\modules-2\metadata-2.107\descriptors\net.fabricmc.fabric-api\fabric-api-lookup-api-v1\1.6.113+1fb1cde953\c5f7e3fe759bfc29dcb6fc6baddbbc5f\descriptor.bin,PEFormatError: 'DOS Header magic not found.'
C:\Documents and Settings\yukiho\.gradle\caches\modules-2\metadata-2.107\descriptors\net.fabricmc.fabric-api\fabric-biome-api-v1\16.1.0+c2417d4f6f\c5f7e3fe759bfc29dcb6fc6baddbbc5f\descriptor.bin,PEFormatError: 'DOS Header magic not found.'
C:\Documents and Settings\yukiho\.gradle\caches\modules-2\metadata-2.107\descriptors\net.fabricmc.fabric-api\fabric-biome-api-v1\17.1.1+4fc5413f53\c5f7e3fe759bfc29dcb6fc6baddbbc5f\descriptor.bin,PEFormatError: 'DOS Header magic not found.'
C:\Documents and Settings\yukiho\.gradle\caches\modules-2\metadata-2.107\descriptors\net.fabricmc.fabric-api\fabric-block-api-v1\1.1.10+4ebb5c0853\c5f7e3fe759bfc29dcb6fc6baddbbc5f\descriptor.bin,PEFormatError: 'DOS Header magic not found.'
C:\Documents and Settings\yukiho\.gradle\caches\modules-2\metadata-2.107\descriptors\net.fabricmc.fabric-api\fabric-block-api-v1\1.1.5+d17682156f\c5f7e3fe759bfc29dcb6fc6baddbbc5f\descriptor.bin,PEFormatError: 'DOS Header magic not found.'
C:\Documents and Settings\yukiho\.gradle\caches\modules-2\metadata-2.107\descriptors\net.fabricmc.fabric-api\fabric-block-view-api-v2\1.0.34+e4fd1b926f\c5f7e3fe759bfc29dcb6fc6baddbbc5f\descriptor.bin,PEFormatError: 'DOS Header magic not found.'
C:\Documents and Settings\yukiho\.gradle\caches\modules-2\metadata-2.107\descriptors\net.fabricmc.fabric-api\fabric-block-view-api-v2\1.0.39+4ebb5c0853\c5f7e3fe759bfc29dcb6fc6baddbbc5f\descriptor.bin,PEFormatError: 'DOS Header magic not found.'
C:\Documents and Settings\yukiho\.gradle\caches\modules-2\metadata-2.107\descriptors\net.fabricmc.fabric-api\fabric-client-gametest-api-v1\4.2.13+14b92d896f\c5f7e3fe759bfc29dcb6fc6baddbbc5f\descriptor.bin,PEFormatError: 'DOS Header magic not found.'
C:\Documents and Settings\yukiho\.gradle\caches\modules-2\metadata-2.107\descriptors\net.fabricmc.fabric-api\fabric-client-gametest-api-v1\4.3.5+bfe9fcf453\c5f7e3fe759bfc29dcb6fc6baddbbc5f\descriptor.bin,PEFormatError: 'DOS Header magic not found.'
C:\Documents and Settings\yukiho\.gradle\caches\modules-2\metadata-2.107\descriptors\net.fabricmc.fabric-api\fabric-command-api-v2\2.4.0+c0ab2d5d6f\c5f7e3fe759bfc29dcb6fc6baddbbc5f\descriptor.bin,PEFormatError: 'DOS Header magic not found.'
C:\Documents and Settings\yukiho\.gradle\caches\modules-2\metadata-2.107\descriptors\net.fabricmc.fabric-api\fabric-command-api-v2\2.4.6+4ebb5c0853\c5f7e3fe759bfc29dcb6fc6baddbbc5f\descriptor.bin,PEFormatError: 'DOS Header magic not found.'
C:\Documents and Settings\yukiho\.gradle\caches\modules-2\metadata-2.107\descriptors\net.fabricmc.fabric-api\fabric-content-registries-v0\10.2.14+4fc5413f53\c5f7e3fe759bfc29dcb6fc6baddbbc5f\descriptor.bin,PEFormatError: 'DOS Header magic not found.'
C:\Documents and Settings\yukiho\.gradle\caches\modules-2\metadata-2.107\descriptors\net.fabricmc.fabric-api\fabric-content-registries-v0\10.2.6+b6a242646f\c5f7e3fe759bfc29dcb6fc6baddbbc5f\descriptor.bin,PEFormatError: 'DOS Header magic not found.'
C:\Documents and Settings\yukiho\.gradle\caches\modules-2\metadata-2.107\descriptors\net.fabricmc.fabric-api\fabric-convention-tags-v1\2.1.49+7f945d5b6f\c5f7e3fe759bfc29dcb6fc6baddbbc5f\descriptor.bin,PEFormatError: 'DOS Header magic not found.'
C:\Documents and Settings\yukiho\.gradle\caches\modules-2\metadata-2.107\descriptors\net.fabricmc.fabric-api\fabric-convention-tags-v1\2.1.55+7f945d5b53\c5f7e3fe759bfc29dcb6fc6baddbbc5f\descriptor.bin,PEFormatError: 'DOS Header magic not found.'
C:\Documents and Settings\yukiho\.gradle\caches\modules-2\metadata-2.107\descriptors\net.fabricmc.fabric-api\fabric-convention-tags-v2\2.17.0+ff7bc77d6f\c5f7e3fe759bfc29dcb6fc6baddbbc5f\descriptor.bin,PEFormatError: 'DOS Header magic not found.'
C:\Documents and Settings\yukiho\.gradle\caches\modules-2\metadata-2.107\descriptors\net.fabricmc.fabric-api\fabric-convention-tags-v2\2.17.3+8ef948ba53\c5f7e3fe759bfc29dcb6fc6baddbbc5f\descriptor.bin,PEFormatError: 'DOS Header magic not found.'
C:\Documents and Settings\yukiho\.gradle\caches\modules-2\metadata-2.107\descriptors\net.fabricmc.fabric-api\fabric-crash-report-info-v1\0.3.18+33df5e6e6f\c5f7e3fe759bfc29dcb6fc6baddbbc5f\descriptor.bin,PEFormatError: 'DOS Header magic not found.'
C:\Documents and Settings\yukiho\.gradle\caches\modules-2\metadata-2.107\descriptors\net.fabricmc.fabric-api\fabric-crash-report-info-v1\0.3.23+4ebb5c0853\c5f7e3fe759bfc29dcb6fc6baddbbc5f\descriptor.bin,PEFormatError: 'DOS Header magic not found.'
C:\Documents and Settings\yukiho\.gradle\caches\modules-2\metadata-2.107\descriptors\net.fabricmc.fabric-api\fabric-data-attachment-api-v1\1.8.33+cd3b9e596f\c5f7e3fe759bfc29dcb6fc6baddbbc5f\descriptor.bin,PEFormatError: 'DOS Header magic not found.'
C:\Documents and Settings\yukiho\.gradle\caches\modules-2\metadata-2.107\descriptors\net.fabricmc.fabric-api\fabric-data-attachment-api-v1\1.8.42+1fb1cde953\c5f7e3fe759bfc29dcb6fc6baddbbc5f\descriptor.bin,PEFormatError: 'DOS Header magic not found.'
C:\Documents and Settings\yukiho\.gradle\caches\modules-2\metadata-2.107\descriptors\net.fabricmc.fabric-api\fabric-data-generation-api-v1\23.2.27+d8b85ef16f\c5f7e3fe759bfc29dcb6fc6baddbbc5f\descriptor.bin,PEFormatError: 'DOS Header magic not found.'
C:\Documents and Settings\yukiho\.gradle\caches\modules-2\metadata-2.107\descriptors\net.fabricmc.fabric-api\fabric-data-generation-api-v1\23.2.38+1d9b5c3553\c5f7e3fe759bfc29dcb6fc6baddbbc5f\descriptor.bin,PEFormatError: 'DOS Header magic not found.'
C:\Documents and Settings\yukiho\.gradle\caches\modules-2\metadata-2.107\descriptors\net.fabricmc.fabric-api\fabric-dimensions-v1\4.0.22+38b9cc196f\c5f7e3fe759bfc29dcb6fc6baddbbc5f\descriptor.bin,PEFormatError: 'DOS Header magic not found.'
C:\Documents and Settings\yukiho\.gradle\caches\modules-2\metadata-2.107\descriptors\net.fabricmc.fabric-api\fabric-dimensions-v1\4.0.28+4fc5413f53\c5f7e3fe759bfc29dcb6fc6baddbbc5f\descriptor.bin,PEFormatError: 'DOS Header magic not found.'
C:\Documents and Settings\yukiho\.gradle\caches\modules-2\metadata-2.107\descriptors\net.fabricmc.fabric-api\fabric-entity-events-v1\2.1.13+fde3702c6f\c5f7e3fe759bfc29dcb6fc6baddbbc5f\descriptor.bin,PEFormatError: 'DOS Header magic not found.'
C:\Documents and Settings\yukiho\.gradle\caches\modules-2\metadata-2.107\descriptors\net.fabricmc.fabric-api\fabric-entity-events-v1\3.0.5+4ebb5c0853\c5f7e3fe759bfc29dcb6fc6baddbbc5f\descriptor.bin,PEFormatError: 'DOS Header magic not found.'
C:\Documents and Settings\yukiho\.gradle\caches\modules-2\metadata-2.107\descriptors\net.fabricmc.fabric-api\fabric-events-interaction-v0\4.0.36+5ba217126f\c5f7e3fe759bfc29dcb6fc6baddbbc5f\descriptor.bin,PEFormatError: 'DOS Header magic not found.'
C:\Documents and Settings\yukiho\.gradle\caches\modules-2\metadata-2.107\descriptors\net.fabricmc.fabric-api\fabric-events-interaction-v0\4.0.43+1fb1cde953\c5f7e3fe759bfc29dcb6fc6baddbbc5f\descriptor.bin,PEFormatError: 'DOS Header magic not found.'
C:\Documents and Settings\yukiho\.gradle\caches\modules-2\metadata-2.107\descriptors\net.fabricmc.fabric-api\fabric-game-rule-api-v1\1.1.1+e47eaae56f\c5f7e3fe759bfc29dcb6fc6baddbbc5f\descriptor.bin,PEFormatError: 'DOS Header magic not found.'
C:\Documents and Settings\yukiho\.gradle\caches\modules-2\metadata-2.107\descriptors\net.fabricmc.fabric-api\fabric-game-rule-api-v1\2.0.3+4fc5413f53\c5f7e3fe759bfc29dcb6fc6baddbbc5f\descriptor.bin,PEFormatError: 'DOS Header magic not found.'
C:\Documents and Settings\yukiho\.gradle\caches\modules-2\metadata-2.107\descriptors\net.fabricmc.fabric-api\fabric-gametest-api-v1\3.1.21+33df5e6e6f\c5f7e3fe759bfc29dcb6fc6baddbbc5f\descriptor.bin,PEFormatError: 'DOS Header magic not found.'
C:\Documents and Settings\yukiho\.gradle\caches\modules-2\metadata-2.107\descriptors\net.fabricmc.fabric-api\fabric-gametest-api-v1\3.1.27+4fc5413f53\c5f7e3fe759bfc29dcb6fc6baddbbc5f\descriptor.bin,PEFormatError: 'DOS Header magic not found.'
C:\Documents and Settings\yukiho\.gradle\caches\modules-2\metadata-2.107\descriptors\net.fabricmc.fabric-api\fabric-item-api-v1\11.5.11+9bce411b6f\c5f7e3fe759bfc29dcb6fc6baddbbc5f\descriptor.bin,PEFormatError: 'DOS Header magic not found.'
C:\Documents and Settings\yukiho\.gradle\caches\modules-2\metadata-2.107\descriptors\net.fabricmc.fabric-api\fabric-item-api-v1\11.5.19+78c8b46653\c5f7e3fe759bfc29dcb6fc6baddbbc5f\descriptor.bin,PEFormatError: 'DOS Header magic not found.'
C:\Documents and Settings\yukiho\.gradle\caches\modules-2\metadata-2.107\descriptors\net.fabricmc.fabric-api\fabric-item-group-api-v1\4.2.27+86b3ae576f\c5f7e3fe759bfc29dcb6fc6baddbbc5f\descriptor.bin,PEFormatError: 'DOS Header magic not found.'
C:\Documents and Settings\yukiho\.gradle\caches\modules-2\metadata-2.107\descriptors\net.fabricmc.fabric-api\fabric-item-group-api-v1\4.2.36+4fc5413f53\c5f7e3fe759bfc29dcb6fc6baddbbc5f\descriptor.bin,PEFormatError: 'DOS Header magic not found.'
C:\Documents and Settings\yukiho\.gradle\caches\modules-2\metadata-2.107\descriptors\net.fabricmc.fabric-api\fabric-key-binding-api-v1\1.1.1+b3ba9c486f\c5f7e3fe759bfc29dcb6fc6baddbbc5f\descriptor.bin,PEFormatError: 'DOS Header magic not found.'
C:\Documents and Settings\yukiho\.gradle\caches\modules-2\metadata-2.107\descriptors\net.fabricmc.fabric-api\fabric-key-binding-api-v1\1.1.7+4fc5413f53\c5f7e3fe759bfc29dcb6fc6baddbbc5f\descriptor.bin,PEFormatError: 'DOS Header magic not found.'
C:\Documents and Settings\yukiho\.gradle\caches\modules-2\metadata-2.107\descriptors\net.fabricmc.fabric-api\fabric-lifecycle-events-v1\2.6.15+4ebb5c0853\c5f7e3fe759bfc29dcb6fc6baddbbc5f\descriptor.bin,PEFormatError: 'DOS Header magic not found.'
C:\Documents and Settings\yukiho\.gradle\caches\modules-2\metadata-2.107\descriptors\net.fabricmc.fabric-api\fabric-lifecycle-events-v1\2.6.9+33df5e6e6f\c5f7e3fe759bfc29dcb6fc6baddbbc5f\descriptor.bin,PEFormatError: 'DOS Header magic not found.'
C:\Documents and Settings\yukiho\.gradle\caches\modules-2\metadata-2.107\descriptors\net.fabricmc.fabric-api\fabric-loot-api-v2\3.0.67+3f89f5a56f\c5f7e3fe759bfc29dcb6fc6baddbbc5f\descriptor.bin,PEFormatError: 'DOS Header magic not found.'
C:\Documents and Settings\yukiho\.gradle\caches\modules-2\metadata-2.107\descriptors\net.fabricmc.fabric-api\fabric-loot-api-v2\3.0.73+3f89f5a553\c5f7e3fe759bfc29dcb6fc6baddbbc5f\descriptor.bin,PEFormatError: 'DOS Header magic not found.'
C:\Documents and Settings\yukiho\.gradle\caches\modules-2\metadata-2.107\descriptors\net.fabricmc.fabric-api\fabric-loot-api-v3\2.0.14+d17682156f\c5f7e3fe759bfc29dcb6fc6baddbbc5f\descriptor.bin,PEFormatError: 'DOS Header magic not found.'
C:\Documents and Settings\yukiho\.gradle\caches\modules-2\metadata-2.107\descriptors\net.fabricmc.fabric-api\fabric-loot-api-v3\2.0.20+78c8b46653\c5f7e3fe759bfc29dcb6fc6baddbbc5f\descriptor.bin,PEFormatError: 'DOS Header magic not found.'
C:\Documents and Settings\yukiho\.gradle\caches\modules-2\metadata-2.107\descriptors\net.fabricmc.fabric-api\fabric-message-api-v1\6.1.12+4ebb5c0853\c5f7e3fe759bfc29dcb6fc6baddbbc5f\descriptor.bin,PEFormatError: 'DOS Header magic not found.'
C:\Documents and Settings\yukiho\.gradle\caches\modules-2\metadata-2.107\descriptors\net.fabricmc.fabric-api\fabric-message-api-v1\6.1.7+3154c1c86f\c5f7e3fe759bfc29dcb6fc6baddbbc5f\descriptor.bin,PEFormatError: 'DOS Header magic not found.'
C:\Documents and Settings\yukiho\.gradle\caches\modules-2\metadata-2.107\descriptors\net.fabricmc.fabric-api\fabric-model-loading-api-v1\6.0.5+3ffd6ef06f\c5f7e3fe759bfc29dcb6fc6baddbbc5f\descriptor.bin,PEFormatError: 'DOS Header magic not found.'
C:\Documents and Settings\yukiho\.gradle\caches\modules-2\metadata-2.107\descriptors\net.fabricmc.fabric-api\fabric-networking-api-v1\5.1.0+b095d8db6f\c5f7e3fe759bfc29dcb6fc6baddbbc5f\descriptor.bin,PEFormatError: 'DOS Header magic not found.'
C:\Documents and Settings\yukiho\.gradle\caches\modules-2\metadata-2.107\descriptors\net.fabricmc.fabric-api\fabric-networking-api-v1\5.1.4+4ebb5c0853\c5f7e3fe759bfc29dcb6fc6baddbbc5f\descriptor.bin,PEFormatError: 'DOS Header magic not found.'
C:\Documents and Settings\yukiho\.gradle\caches\modules-2\metadata-2.107\descriptors\net.fabricmc.fabric-api\fabric-object-builder-api-v1\21.1.28+9bce411b6f\c5f7e3fe759bfc29dcb6fc6baddbbc5f\descriptor.bin,PEFormatError: 'DOS Header magic not found.'
C:\Documents and Settings\yukiho\.gradle\caches\modules-2\metadata-2.107\descriptors\net.fabricmc.fabric-api\fabric-object-builder-api-v1\21.1.37+4fc5413f53\c5f7e3fe759bfc29dcb6fc6baddbbc5f\descriptor.bin,PEFormatError: 'DOS Header magic not found.'
C:\Documents and Settings\yukiho\.gradle\caches\modules-2\metadata-2.107\descriptors\net.fabricmc.fabric-api\fabric-particles-v1\4.2.10+4fc5413f53\c5f7e3fe759bfc29dcb6fc6baddbbc5f\descriptor.bin,PEFormatError: 'DOS Header magic not found.'
C:\Documents and Settings\yukiho\.gradle\caches\modules-2\metadata-2.107\descriptors\net.fabricmc.fabric-api\fabric-particles-v1\4.2.3+a0ee59a46f\c5f7e3fe759bfc29dcb6fc6baddbbc5f\descriptor.bin,PEFormatError: 'DOS Header magic not found.'
C:\Documents and Settings\yukiho\.gradle\caches\modules-2\metadata-2.107\descriptors\net.fabricmc.fabric-api\fabric-recipe-api-v1\8.2.0+39709ef06f\c5f7e3fe759bfc29dcb6fc6baddbbc5f\descriptor.bin,PEFormatError: 'DOS Header magic not found.'
C:\Documents and Settings\yukiho\.gradle\caches\modules-2\metadata-2.107\descriptors\net.fabricmc.fabric-api\fabric-recipe-api-v1\8.2.2+4ebb5c0853\c5f7e3fe759bfc29dcb6fc6baddbbc5f\descriptor.bin,PEFormatError: 'DOS Header magic not found.'
C:\Documents and Settings\yukiho\.gradle\caches\modules-2\metadata-2.107\descriptors\net.fabricmc.fabric-api\fabric-registry-sync-v0\6.1.42+679c8c5c6f\c5f7e3fe759bfc29dcb6fc6baddbbc5f\descriptor.bin,PEFormatError: 'DOS Header magic not found.'
C:\Documents and Settings\yukiho\.gradle\caches\modules-2\metadata-2.107\descriptors\net.fabricmc.fabric-api\fabric-registry-sync-v0\6.2.3+4ebb5c0853\c5f7e3fe759bfc29dcb6fc6baddbbc5f\descriptor.bin,PEFormatError: 'DOS Header magic not found.'
C:\Documents and Settings\yukiho\.gradle\caches\modules-2\metadata-2.107\descriptors\net.fabricmc.fabric-api\fabric-renderer-api-v1\7.2.3+9be2a36e6f\c5f7e3fe759bfc29dcb6fc6baddbbc5f\descriptor.bin,PEFormatError: 'DOS Header magic not found.'
C:\Documents and Settings\yukiho\.gradle\caches\modules-2\metadata-2.107\descriptors\net.fabricmc.fabric-api\fabric-renderer-indigo\4.1.4+9be2a36e6f\c5f7e3fe759bfc29dcb6fc6baddbbc5f\descriptor.bin,PEFormatError: 'DOS Header magic not found.'
C:\Documents and Settings\yukiho\.gradle\caches\modules-2\metadata-2.107\descriptors\net.fabricmc.fabric-api\fabric-rendering-fluids-v1\3.1.38+86b3ae576f\c5f7e3fe759bfc29dcb6fc6baddbbc5f\descriptor.bin,PEFormatError: 'DOS Header magic not found.'
C:\Documents and Settings\yukiho\.gradle\caches\modules-2\metadata-2.107\descriptors\net.fabricmc.fabric-api\fabric-rendering-fluids-v1\3.1.43+4ebb5c0853\c5f7e3fe759bfc29dcb6fc6baddbbc5f\descriptor.bin,PEFormatError: 'DOS Header magic not found.'
C:\Documents and Settings\yukiho\.gradle\caches\modules-2\metadata-2.107\descriptors\net.fabricmc.fabric-api\fabric-rendering-v1\16.2.0+bee81f016f\c5f7e3fe759bfc29dcb6fc6baddbbc5f\descriptor.bin,PEFormatError: 'DOS Header magic not found.'
C:\Documents and Settings\yukiho\.gradle\caches\modules-2\metadata-2.107\descriptors\net.fabricmc.fabric-api\fabric-rendering-v1\16.2.5+1fb1cde953\c5f7e3fe759bfc29dcb6fc6baddbbc5f\descriptor.bin,PEFormatError: 'DOS Header magic not found.'
C:\Documents and Settings\yukiho\.gradle\caches\modules-2\metadata-2.107\descriptors\net.fabricmc.fabric-api\fabric-resource-conditions-api-v1\5.0.28+33df5e6e6f\c5f7e3fe759bfc29dcb6fc6baddbbc5f\descriptor.bin,PEFormatError: 'DOS Header magic not found.'
C:\Documents and Settings\yukiho\.gradle\caches\modules-2\metadata-2.107\descriptors\net.fabricmc.fabric-api\fabric-resource-conditions-api-v1\5.0.35+4fc5413f53\c5f7e3fe759bfc29dcb6fc6baddbbc5f\descriptor.bin,PEFormatError: 'DOS Header magic not found.'
C:\Documents and Settings\yukiho\.gradle\caches\modules-2\metadata-2.107\descriptors\net.fabricmc.fabric-api\fabric-resource-loader-v0\3.3.1+d4d4122a6f\c5f7e3fe759bfc29dcb6fc6baddbbc5f\descriptor.bin,PEFormatError: 'DOS Header magic not found.'
C:\Documents and Settings\yukiho\.gradle\caches\modules-2\metadata-2.107\descriptors\net.fabricmc.fabric-api\fabric-resource-loader-v0\3.3.4+4fc5413f53\c5f7e3fe759bfc29dcb6fc6baddbbc5f\descriptor.bin,PEFormatError: 'DOS Header magic not found.'
C:\Documents and Settings\yukiho\.gradle\caches\modules-2\metadata-2.107\descriptors\net.fabricmc.fabric-api\fabric-resource-loader-v1\1.0.10+78c8b46653\c5f7e3fe759bfc29dcb6fc6baddbbc5f\descriptor.bin,PEFormatError: 'DOS Header magic not found.'
C:\Documents and Settings\yukiho\.gradle\caches\modules-2\metadata-2.107\descriptors\net.fabricmc.fabric-api\fabric-resource-loader-v1\1.0.4+14959b836f\c5f7e3fe759bfc29dcb6fc6baddbbc5f\descriptor.bin,PEFormatError: 'DOS Header magic not found.'
C:\Documents and Settings\yukiho\.gradle\caches\modules-2\metadata-2.107\descriptors\net.fabricmc.fabric-api\fabric-screen-api-v1\3.1.0+9c82a7986f\c5f7e3fe759bfc29dcb6fc6baddbbc5f\descriptor.bin,PEFormatError: 'DOS Header magic not found.'
C:\Documents and Settings\yukiho\.gradle\caches\modules-2\metadata-2.107\descriptors\net.fabricmc.fabric-api\fabric-screen-api-v1\3.1.7+4ebb5c0853\c5f7e3fe759bfc29dcb6fc6baddbbc5f\descriptor.bin,PEFormatError: 'DOS Header magic not found.'
C:\Documents and Settings\yukiho\.gradle\caches\modules-2\metadata-2.107\descriptors\net.fabricmc.fabric-api\fabric-screen-handler-api-v1\1.3.151+d17682156f\c5f7e3fe759bfc29dcb6fc6baddbbc5f\descriptor.bin,PEFormatError: 'DOS Header magic not found.'
C:\Documents and Settings\yukiho\.gradle\caches\modules-2\metadata-2.107\descriptors\net.fabricmc.fabric-api\fabric-screen-handler-api-v1\1.3.159+4fc5413f53\c5f7e3fe759bfc29dcb6fc6baddbbc5f\descriptor.bin,PEFormatError: 'DOS Header magic not found.'
C:\Documents and Settings\yukiho\.gradle\caches\modules-2\metadata-2.107\descriptors\net.fabricmc.fabric-api\fabric-serialization-api-v1\1.0.0+d857c9766f\c5f7e3fe759bfc29dcb6fc6baddbbc5f\descriptor.bin,PEFormatError: 'DOS Header magic not found.'
C:\Documents and Settings\yukiho\.gradle\caches\modules-2\metadata-2.107\descriptors\net.fabricmc.fabric-api\fabric-serialization-api-v1\1.0.5+4ebb5c0853\c5f7e3fe759bfc29dcb6fc6baddbbc5f\descriptor.bin,PEFormatError: 'DOS Header magic not found.'
C:\Documents and Settings\yukiho\.gradle\caches\modules-2\metadata-2.107\descriptors\net.fabricmc.fabric-api\fabric-sound-api-v1\1.0.45+328a75ba6f\c5f7e3fe759bfc29dcb6fc6baddbbc5f\descriptor.bin,PEFormatError: 'DOS Header magic not found.'
C:\Documents and Settings\yukiho\.gradle\caches\modules-2\metadata-2.107\descriptors\net.fabricmc.fabric-api\fabric-sound-api-v1\1.0.51+4fc5413f53\c5f7e3fe759bfc29dcb6fc6baddbbc5f\descriptor.bin,PEFormatError: 'DOS Header magic not found.'
C:\Documents and Settings\yukiho\.gradle\caches\modules-2\metadata-2.107\descriptors\net.fabricmc.fabric-api\fabric-tag-api-v1\1.2.13+2fa446b26f\c5f7e3fe759bfc29dcb6fc6baddbbc5f\descriptor.bin,PEFormatError: 'DOS Header magic not found.'
C:\Documents and Settings\yukiho\.gradle\caches\modules-2\metadata-2.107\descriptors\net.fabricmc.fabric-api\fabric-tag-api-v1\1.2.20+4fc5413f53\c5f7e3fe759bfc29dcb6fc6baddbbc5f\descriptor.bin,PEFormatError: 'DOS Header magic not found.'
C:\Documents and Settings\yukiho\.gradle\caches\modules-2\metadata-2.107\descriptors\net.fabricmc.fabric-api\fabric-transfer-api-v1\6.0.15+79ec2c126f\c5f7e3fe759bfc29dcb6fc6baddbbc5f\descriptor.bin,PEFormatError: 'DOS Header magic not found.'
C:\Documents and Settings\yukiho\.gradle\caches\modules-2\metadata-2.107\descriptors\net.fabricmc.fabric-api\fabric-transfer-api-v1\6.0.24+4fc5413f53\c5f7e3fe759bfc29dcb6fc6baddbbc5f\descriptor.bin,PEFormatError: 'DOS Header magic not found.'
C:\Documents and Settings\yukiho\.gradle\caches\modules-2\metadata-2.107\descriptors\net.fabricmc.fabric-api\fabric-transitive-access-wideners-v1\6.5.3+41eb43436f\c5f7e3fe759bfc29dcb6fc6baddbbc5f\descriptor.bin,PEFormatError: 'DOS Header magic not found.'
C:\Documents and Settings\yukiho\.gradle\caches\modules-2\metadata-2.107\descriptors\net.fabricmc.fabric-api\fabric-transitive-access-wideners-v1\7.0.7+1fb1cde953\c5f7e3fe759bfc29dcb6fc6baddbbc5f\descriptor.bin,PEFormatError: 'DOS Header magic not found.'
C:\Documents and Settings\yukiho\.gradle\caches\modules-2\metadata-2.107\descriptors\net.fabricmc.fabric-loom\net.fabricmc.fabric-loom.gradle.plugin\1.15-SNAPSHOT\c5f7e3fe759bfc29dcb6fc6baddbbc5f\descriptor.bin,PEFormatError: 'DOS Header magic not found.'
C:\Documents and Settings\yukiho\.gradle\caches\modules-2\metadata-2.107\descriptors\net.fabricmc.fabric-loom-remap\net.fabricmc.fabric-loom-remap.gradle.plugin\1.14-SNAPSHOT\c5f7e3fe759bfc29dcb6fc6baddbbc5f\descriptor.bin,PEFormatError: 'DOS Header magic not found.'
C:\Documents and Settings\yukiho\.gradle\caches\modules-2\metadata-2.107\descriptors\net.fabricmc.fabric-loom-remap\net.fabricmc.fabric-loom-remap.gradle.plugin\1.14.10\c5f7e3fe759bfc29dcb6fc6baddbbc5f\descriptor.bin,PEFormatError: 'DOS Header magic not found.'
C:\Documents and Settings\yukiho\.gradle\caches\modules-2\metadata-2.107\descriptors\net.fabricmc.fabric-loom-remap\net.fabricmc.fabric-loom-remap.gradle.plugin\1.15-SNAPSHOT\c5f7e3fe759bfc29dcb6fc6baddbbc5f\descriptor.bin,PEFormatError: 'DOS Header magic not found.'
C:\Documents and Settings\yukiho\.gradle\caches\modules-2\metadata-2.107\descriptors\net.fabricmc.unpick\unpick\3.0.0-beta.13\c5f7e3fe759bfc29dcb6fc6baddbbc5f\descriptor.bin,PEFormatError: 'DOS Header magic not found.'
C:\Documents and Settings\yukiho\.gradle\caches\modules-2\metadata-2.107\descriptors\net.fabricmc.unpick\unpick-format-utils\3.0.0-beta.13\c5f7e3fe759bfc29dcb6fc6baddbbc5f\descriptor.bin,PEFormatError: 'DOS Header magic not found.'
C:\Documents and Settings\yukiho\.gradle\caches\modules-2\metadata-2.107\descriptors\net.java.dev.jna\jna\4.4.0\1aabd0c54952056a1ba4cd00590517b0\descriptor.bin,PEFormatError: 'DOS Header magic not found.'
C:\Documents and Settings\yukiho\.gradle\caches\modules-2\metadata-2.107\descriptors\net.java.dev.jna\jna\5.10.0\1aabd0c54952056a1ba4cd00590517b0\descriptor.bin,PEFormatError: 'DOS Header magic not found.'
C:\Documents and Settings\yukiho\.gradle\caches\modules-2\metadata-2.107\descriptors\net.java.dev.jna\jna\5.10.0\26c913274550a0b2221f47a0fe2d2358\descriptor.bin,PEFormatError: 'DOS Header magic not found.'
C:\Documents and Settings\yukiho\.gradle\caches\modules-2\metadata-2.107\descriptors\net.java.dev.jna\jna\5.12.1\1aabd0c54952056a1ba4cd00590517b0\descriptor.bin,PEFormatError: 'DOS Header magic not found.'
C:\Documents and Settings\yukiho\.gradle\caches\modules-2\metadata-2.107\descriptors\net.java.dev.jna\jna\5.13.0\1aabd0c54952056a1ba4cd00590517b0\descriptor.bin,PEFormatError: 'DOS Header magic not found.'
C:\Documents and Settings\yukiho\.gradle\caches\modules-2\metadata-2.107\descriptors\net.java.dev.jna\jna\5.14.0\1aabd0c54952056a1ba4cd00590517b0\descriptor.bin,PEFormatError: 'DOS Header magic not found.'
C:\Documents and Settings\yukiho\.gradle\caches\modules-2\metadata-2.107\descriptors\net.java.dev.jna\jna\5.15.0\1aabd0c54952056a1ba4cd00590517b0\descriptor.bin,PEFormatError: 'DOS Header magic not found.'
C:\Documents and Settings\yukiho\.gradle\caches\modules-2\metadata-2.107\descriptors\net.java.dev.jna\jna\5.15.0\26c913274550a0b2221f47a0fe2d2358\descriptor.bin,PEFormatError: 'DOS Header magic not found.'
C:\Documents and Settings\yukiho\.gradle\caches\modules-2\metadata-2.107\descriptors\net.java.dev.jna\jna\5.15.0\42d5112e53485e9f59b1068dfd734a05\descriptor.bin,PEFormatError: 'DOS Header magic not found.'
C:\Documents and Settings\yukiho\.gradle\caches\modules-2\metadata-2.107\descriptors\net.java.dev.jna\jna\5.17.0\1aabd0c54952056a1ba4cd00590517b0\descriptor.bin,PEFormatError: 'DOS Header magic not found.'
C:\Documents and Settings\yukiho\.gradle\caches\modules-2\metadata-2.107\descriptors\net.java.dev.jna\jna\5.8.0\1aabd0c54952056a1ba4cd00590517b0\descriptor.bin,PEFormatError: 'DOS Header magic not found.'
C:\Documents and Settings\yukiho\.gradle\caches\modules-2\metadata-2.107\descriptors\net.java.dev.jna\jna-platform\5.10.0\1aabd0c54952056a1ba4cd00590517b0\descriptor.bin,PEFormatError: 'DOS Header magic not found.'
C:\Documents and Settings\yukiho\.gradle\caches\modules-2\metadata-2.107\descriptors\net.java.dev.jna\jna-platform\5.12.1\1aabd0c54952056a1ba4cd00590517b0\descriptor.bin,PEFormatError: 'DOS Header magic not found.'
C:\Documents and Settings\yukiho\.gradle\caches\modules-2\metadata-2.107\descriptors\net.java.dev.jna\jna-platform\5.13.0\1aabd0c54952056a1ba4cd00590517b0\descriptor.bin,PEFormatError: 'DOS Header magic not found.'
C:\Documents and Settings\yukiho\.gradle\caches\modules-2\metadata-2.107\descriptors\net.java.dev.jna\jna-platform\5.14.0\1aabd0c54952056a1ba4cd00590517b0\descriptor.bin,PEFormatError: 'DOS Header magic not found.'
C:\Documents and Settings\yukiho\.gradle\caches\modules-2\metadata-2.107\descriptors\net.java.dev.jna\jna-platform\5.15.0\1aabd0c54952056a1ba4cd00590517b0\descriptor.bin,PEFormatError: 'DOS Header magic not found.'
C:\Documents and Settings\yukiho\.gradle\caches\modules-2\metadata-2.107\descriptors\net.java.dev.jna\jna-platform\5.15.0\26c913274550a0b2221f47a0fe2d2358\descriptor.bin,PEFormatError: 'DOS Header magic not found.'
C:\Documents and Settings\yukiho\.gradle\caches\modules-2\metadata-2.107\descriptors\net.java.dev.jna\jna-platform\5.15.0\42d5112e53485e9f59b1068dfd734a05\descriptor.bin,PEFormatError: 'DOS Header magic not found.'
C:\Documents and Settings\yukiho\.gradle\caches\modules-2\metadata-2.107\descriptors\net.java.dev.jna\jna-platform\5.17.0\1aabd0c54952056a1ba4cd00590517b0\descriptor.bin,PEFormatError: 'DOS Header magic not found.'
C:\Documents and Settings\yukiho\.gradle\caches\modules-2\metadata-2.107\descriptors\net.java.dev.jna\jna-platform\5.8.0\1aabd0c54952056a1ba4cd00590517b0\descriptor.bin,PEFormatError: 'DOS Header magic not found.'
C:\Documents and Settings\yukiho\.gradle\caches\modules-2\metadata-2.107\descriptors\net.java.dev.jna\platform\3.4.0\1aabd0c54952056a1ba4cd00590517b0\descriptor.bin,PEFormatError: 'DOS Header magic not found.'
C:\Documents and Settings\yukiho\.gradle\caches\modules-2\metadata-2.107\descriptors\net.java.jinput\jinput\2.0.5\1aabd0c54952056a1ba4cd00590517b0\descriptor.bin,PEFormatError: 'DOS Header magic not found.'
C:\Documents and Settings\yukiho\.gradle\caches\modules-2\metadata-2.107\descriptors\net.java.jutils\jutils\1.0.0\1aabd0c54952056a1ba4cd00590517b0\descriptor.bin,PEFormatError: 'DOS Header magic not found.'
C:\Documents and Settings\yukiho\.gradle\caches\modules-2\metadata-2.107\descriptors\net.minidev\accessors-smart\2.5.0\1aabd0c54952056a1ba4cd00590517b0\descriptor.bin,PEFormatError: 'DOS Header magic not found.'
C:\Documents and Settings\yukiho\.gradle\caches\modules-2\metadata-2.107\descriptors\net.minidev\accessors-smart\2.5.1\1aabd0c54952056a1ba4cd00590517b0\descriptor.bin,PEFormatError: 'DOS Header magic not found.'
C:\Documents and Settings\yukiho\.gradle\caches\modules-2\metadata-2.107\descriptors\net.minidev\accessors-smart\2.5.1\26c913274550a0b2221f47a0fe2d2358\descriptor.bin,PEFormatError: 'DOS Header magic not found.'
C:\Documents and Settings\yukiho\.gradle\caches\modules-2\metadata-2.107\descriptors\net.minidev\accessors-smart\2.5.1\42d5112e53485e9f59b1068dfd734a05\descriptor.bin,PEFormatError: 'DOS Header magic not found.'
C:\Documents and Settings\yukiho\.gradle\caches\modules-2\metadata-2.107\descriptors\net.minidev\json-smart\2.5.0\1aabd0c54952056a1ba4cd00590517b0\descriptor.bin,PEFormatError: 'DOS Header magic not found.'
C:\Documents and Settings\yukiho\.gradle\caches\modules-2\metadata-2.107\descriptors\net.minidev\json-smart\2.5.1\1aabd0c54952056a1ba4cd00590517b0\descriptor.bin,PEFormatError: 'DOS Header magic not found.'
C:\Documents and Settings\yukiho\.gradle\caches\modules-2\metadata-2.107\descriptors\net.minidev\json-smart\2.5.1\26c913274550a0b2221f47a0fe2d2358\descriptor.bin,PEFormatError: 'DOS Header magic not found.'
C:\Documents and Settings\yukiho\.gradle\caches\modules-2\metadata-2.107\descriptors\net.minidev\json-smart\2.5.1\42d5112e53485e9f59b1068dfd734a05\descriptor.bin,PEFormatError: 'DOS Header magic not found.'
C:\Documents and Settings\yukiho\.gradle\caches\modules-2\metadata-2.107\descriptors\net.sf.jopt-simple\jopt-simple\5.0.3\1aabd0c54952056a1ba4cd00590517b0\descriptor.bin,PEFormatError: 'DOS Header magic not found.'
C:\Documents and Settings\yukiho\.gradle\caches\modules-2\metadata-2.107\descriptors\net.sf.jopt-simple\jopt-simple\5.0.4\1aabd0c54952056a1ba4cd00590517b0\descriptor.bin,PEFormatError: 'DOS Header magic not found.'
C:\Documents and Settings\yukiho\.gradle\caches\modules-2\metadata-2.107\descriptors\net.sf.jopt-simple\jopt-simple\5.0.4\26c913274550a0b2221f47a0fe2d2358\descriptor.bin,PEFormatError: 'DOS Header magic not found.'
C:\Documents and Settings\yukiho\.gradle\caches\modules-2\metadata-2.107\descriptors\net.sf.jopt-simple\jopt-simple\5.0.4\42d5112e53485e9f59b1068dfd734a05\descriptor.bin,PEFormatError: 'DOS Header magic not found.'
C:\Documents and Settings\yukiho\.gradle\caches\modules-2\metadata-2.107\descriptors\org.apache\apache\10\26c913274550a0b2221f47a0fe2d2358\descriptor.bin,PEFormatError: 'DOS Header magic not found.'
C:\Documents and Settings\yukiho\.gradle\caches\modules-2\metadata-2.107\descriptors\org.apache\apache\13\26c913274550a0b2221f47a0fe2d2358\descriptor.bin,PEFormatError: 'DOS Header magic not found.'
C:\Documents and Settings\yukiho\.gradle\caches\modules-2\metadata-2.107\descriptors\org.apache\apache\15\26c913274550a0b2221f47a0fe2d2358\descriptor.bin,PEFormatError: 'DOS Header magic not found.'
C:\Documents and Settings\yukiho\.gradle\caches\modules-2\metadata-2.107\descriptors\org.apache\apache\16\26c913274550a0b2221f47a0fe2d2358\descriptor.bin,PEFormatError: 'DOS Header magic not found.'
C:\Documents and Settings\yukiho\.gradle\caches\modules-2\metadata-2.107\descriptors\org.apache\apache\18\26c913274550a0b2221f47a0fe2d2358\descriptor.bin,PEFormatError: 'DOS Header magic not found.'
C:\Documents and Settings\yukiho\.gradle\caches\modules-2\metadata-2.107\descriptors\org.apache\apache\21\26c913274550a0b2221f47a0fe2d2358\descriptor.bin,PEFormatError: 'DOS Header magic not found.'
C:\Documents and Settings\yukiho\.gradle\caches\modules-2\metadata-2.107\descriptors\org.apache\apache\23\26c913274550a0b2221f47a0fe2d2358\descriptor.bin,PEFormatError: 'DOS Header magic not found.'
C:\Documents and Settings\yukiho\.gradle\caches\modules-2\metadata-2.107\descriptors\org.apache\apache\24\26c913274550a0b2221f47a0fe2d2358\descriptor.bin,PEFormatError: 'DOS Header magic not found.'
C:\Documents and Settings\yukiho\.gradle\caches\modules-2\metadata-2.107\descriptors\org.apache\apache\27\26c913274550a0b2221f47a0fe2d2358\descriptor.bin,PEFormatError: 'DOS Header magic not found.'
C:\Documents and Settings\yukiho\.gradle\caches\modules-2\metadata-2.107\descriptors\org.apache\apache\29\26c913274550a0b2221f47a0fe2d2358\descriptor.bin,PEFormatError: 'DOS Header magic not found.'
C:\Documents and Settings\yukiho\.gradle\caches\modules-2\metadata-2.107\descriptors\org.apache\apache\30\26c913274550a0b2221f47a0fe2d2358\descriptor.bin,PEFormatError: 'DOS Header magic not found.'
C:\Documents and Settings\yukiho\.gradle\caches\modules-2\metadata-2.107\descriptors\org.apache\apache\31\26c913274550a0b2221f47a0fe2d2358\descriptor.bin,PEFormatError: 'DOS Header magic not found.'
C:\Documents and Settings\yukiho\.gradle\caches\modules-2\metadata-2.107\descriptors\org.apache\apache\32\26c913274550a0b2221f47a0fe2d2358\descriptor.bin,PEFormatError: 'DOS Header magic not found.'
C:\Documents and Settings\yukiho\.gradle\caches\modules-2\metadata-2.107\descriptors\org.apache\apache\33\26c913274550a0b2221f47a0fe2d2358\descriptor.bin,PEFormatError: 'DOS Header magic not found.'
C:\Documents and Settings\yukiho\.gradle\caches\modules-2\metadata-2.107\descriptors\org.apache\apache\35\26c913274550a0b2221f47a0fe2d2358\descriptor.bin,PEFormatError: 'DOS Header magic not found.'
C:\Documents and Settings\yukiho\.gradle\caches\modules-2\metadata-2.107\descriptors\org.apache\apache\4\26c913274550a0b2221f47a0fe2d2358\descriptor.bin,PEFormatError: 'DOS Header magic not found.'
C:\Documents and Settings\yukiho\.gradle\caches\modules-2\metadata-2.107\descriptors\org.apache.ant\ant\1.10.15\26c913274550a0b2221f47a0fe2d2358\descriptor.bin,PEFormatError: 'DOS Header magic not found.'
C:\Documents and Settings\yukiho\.gradle\caches\modules-2\metadata-2.107\descriptors\org.apache.ant\ant-launcher\1.10.15\26c913274550a0b2221f47a0fe2d2358\descriptor.bin,PEFormatError: 'DOS Header magic not found.'
C:\Documents and Settings\yukiho\.gradle\caches\modules-2\metadata-2.107\descriptors\org.apache.ant\ant-parent\1.10.15\26c913274550a0b2221f47a0fe2d2358\descriptor.bin,PEFormatError: 'DOS Header magic not found.'
C:\Documents and Settings\yukiho\.gradle\caches\modules-2\metadata-2.107\descriptors\org.apache.commons\commons-compress\1.21\1aabd0c54952056a1ba4cd00590517b0\descriptor.bin,PEFormatError: 'DOS Header magic not found.'
C:\Documents and Settings\yukiho\.gradle\caches\modules-2\metadata-2.107\descriptors\org.apache.commons\commons-compress\1.22\1aabd0c54952056a1ba4cd00590517b0\descriptor.bin,PEFormatError: 'DOS Header magic not found.'
C:\Documents and Settings\yukiho\.gradle\caches\modules-2\metadata-2.107\descriptors\org.apache.commons\commons-compress\1.26.0\1aabd0c54952056a1ba4cd00590517b0\descriptor.bin,PEFormatError: 'DOS Header magic not found.'
C:\Documents and Settings\yukiho\.gradle\caches\modules-2\metadata-2.107\descriptors\org.apache.commons\commons-compress\1.27.1\1aabd0c54952056a1ba4cd00590517b0\descriptor.bin,PEFormatError: 'DOS Header magic not found.'
C:\Documents and Settings\yukiho\.gradle\caches\modules-2\metadata-2.107\descriptors\org.apache.commons\commons-compress\1.27.1\26c913274550a0b2221f47a0fe2d2358\descriptor.bin,PEFormatError: 'DOS Header magic not found.'
C:\Documents and Settings\yukiho\.gradle\caches\modules-2\metadata-2.107\descriptors\org.apache.commons\commons-compress\1.27.1\42d5112e53485e9f59b1068dfd734a05\descriptor.bin,PEFormatError: 'DOS Header magic not found.'
C:\Documents and Settings\yukiho\.gradle\caches\modules-2\metadata-2.107\descriptors\org.apache.commons\commons-compress\1.28.0\1aabd0c54952056a1ba4cd00590517b0\descriptor.bin,PEFormatError: 'DOS Header magic not found.'
C:\Documents and Settings\yukiho\.gradle\caches\modules-2\metadata-2.107\descriptors\org.apache.commons\commons-compress\1.8.1\1aabd0c54952056a1ba4cd00590517b0\descriptor.bin,PEFormatError: 'DOS Header magic not found.'
C:\Documents and Settings\yukiho\.gradle\caches\modules-2\metadata-2.107\descriptors\org.apache.commons\commons-lang3\3.12.0\1aabd0c54952056a1ba4cd00590517b0\descriptor.bin,PEFormatError: 'DOS Header magic not found.'
C:\Documents and Settings\yukiho\.gradle\caches\modules-2\metadata-2.107\descriptors\org.apache.commons\commons-lang3\3.13.0\1aabd0c54952056a1ba4cd00590517b0\descriptor.bin,PEFormatError: 'DOS Header magic not found.'
C:\Documents and Settings\yukiho\.gradle\caches\modules-2\metadata-2.107\descriptors\org.apache.commons\commons-lang3\3.14.0\1aabd0c54952056a1ba4cd00590517b0\descriptor.bin,PEFormatError: 'DOS Header magic not found.'
C:\Documents and Settings\yukiho\.gradle\caches\modules-2\metadata-2.107\descriptors\org.apache.commons\commons-lang3\3.17.0\1aabd0c54952056a1ba4cd00590517b0\descriptor.bin,PEFormatError: 'DOS Header magic not found.'
C:\Documents and Settings\yukiho\.gradle\caches\modules-2\metadata-2.107\descriptors\org.apache.commons\commons-lang3\3.17.0\26c913274550a0b2221f47a0fe2d2358\descriptor.bin,PEFormatError: 'DOS Header magic not found.'
C:\Documents and Settings\yukiho\.gradle\caches\modules-2\metadata-2.107\descriptors\org.apache.commons\commons-lang3\3.17.0\42d5112e53485e9f59b1068dfd734a05\descriptor.bin,PEFormatError: 'DOS Header magic not found.'
C:\Documents and Settings\yukiho\.gradle\caches\modules-2\metadata-2.107\descriptors\org.apache.commons\commons-lang3\3.19.0\1aabd0c54952056a1ba4cd00590517b0\descriptor.bin,PEFormatError: 'DOS Header magic not found.'
C:\Documents and Settings\yukiho\.gradle\caches\modules-2\metadata-2.107\descriptors\org.apache.commons\commons-lang3\3.5\1aabd0c54952056a1ba4cd00590517b0\descriptor.bin,PEFormatError: 'DOS Header magic not found.'
C:\Documents and Settings\yukiho\.gradle\caches\modules-2\metadata-2.107\descriptors\org.apache.commons\commons-parent\28\26c913274550a0b2221f47a0fe2d2358\descriptor.bin,PEFormatError: 'DOS Header magic not found.'
C:\Documents and Settings\yukiho\.gradle\caches\modules-2\metadata-2.107\descriptors\org.apache.commons\commons-parent\33\26c913274550a0b2221f47a0fe2d2358\descriptor.bin,PEFormatError: 'DOS Header magic not found.'
C:\Documents and Settings\yukiho\.gradle\caches\modules-2\metadata-2.107\descriptors\org.apache.commons\commons-parent\34\26c913274550a0b2221f47a0fe2d2358\descriptor.bin,PEFormatError: 'DOS Header magic not found.'
C:\Documents and Settings\yukiho\.gradle\caches\modules-2\metadata-2.107\descriptors\org.apache.commons\commons-parent\35\26c913274550a0b2221f47a0fe2d2358\descriptor.bin,PEFormatError: 'DOS Header magic not found.'
C:\Documents and Settings\yukiho\.gradle\caches\modules-2\metadata-2.107\descriptors\org.apache.commons\commons-parent\39\26c913274550a0b2221f47a0fe2d2358\descriptor.bin,PEFormatError: 'DOS Header magic not found.'
C:\Documents and Settings\yukiho\.gradle\caches\modules-2\metadata-2.107\descriptors\org.apache.commons\commons-parent\41\26c913274550a0b2221f47a0fe2d2358\descriptor.bin,PEFormatError: 'DOS Header magic not found.'
C:\Documents and Settings\yukiho\.gradle\caches\modules-2\metadata-2.107\descriptors\org.apache.commons\commons-parent\5\26c913274550a0b2221f47a0fe2d2358\descriptor.bin,PEFormatError: 'DOS Header magic not found.'
C:\Documents and Settings\yukiho\.gradle\caches\modules-2\metadata-2.107\descriptors\org.apache.commons\commons-parent\52\26c913274550a0b2221f47a0fe2d2358\descriptor.bin,PEFormatError: 'DOS Header magic not found.'
C:\Documents and Settings\yukiho\.gradle\caches\modules-2\metadata-2.107\descriptors\org.apache.commons\commons-parent\54\26c913274550a0b2221f47a0fe2d2358\descriptor.bin,PEFormatError: 'DOS Header magic not found.'
C:\Documents and Settings\yukiho\.gradle\caches\modules-2\metadata-2.107\descriptors\org.apache.commons\commons-parent\58\26c913274550a0b2221f47a0fe2d2358\descriptor.bin,PEFormatError: 'DOS Header magic not found.'
C:\Documents and Settings\yukiho\.gradle\caches\modules-2\metadata-2.107\descriptors\org.apache.commons\commons-parent\64\26c913274550a0b2221f47a0fe2d2358\descriptor.bin,PEFormatError: 'DOS Header magic not found.'
C:\Documents and Settings\yukiho\.gradle\caches\modules-2\metadata-2.107\descriptors\org.apache.commons\commons-parent\65\26c913274550a0b2221f47a0fe2d2358\descriptor.bin,PEFormatError: 'DOS Header magic not found.'
C:\Documents and Settings\yukiho\.gradle\caches\modules-2\metadata-2.107\descriptors\org.apache.commons\commons-parent\66\26c913274550a0b2221f47a0fe2d2358\descriptor.bin,PEFormatError: 'DOS Header magic not found.'
C:\Documents and Settings\yukiho\.gradle\caches\modules-2\metadata-2.107\descriptors\org.apache.commons\commons-parent\71\26c913274550a0b2221f47a0fe2d2358\descriptor.bin,PEFormatError: 'DOS Header magic not found.'
C:\Documents and Settings\yukiho\.gradle\caches\modules-2\metadata-2.107\descriptors\org.apache.commons\commons-parent\72\26c913274550a0b2221f47a0fe2d2358\descriptor.bin,PEFormatError: 'DOS Header magic not found.'
C:\Documents and Settings\yukiho\.gradle\caches\modules-2\metadata-2.107\descriptors\org.apache.commons\commons-parent\73\26c913274550a0b2221f47a0fe2d2358\descriptor.bin,PEFormatError: 'DOS Header magic not found.'
C:\Documents and Settings\yukiho\.gradle\caches\modules-2\metadata-2.107\descriptors\org.apache.commons\commons-parent\74\26c913274550a0b2221f47a0fe2d2358\descriptor.bin,PEFormatError: 'DOS Header magic not found.'
C:\Documents and Settings\yukiho\.gradle\caches\modules-2\metadata-2.107\descriptors\org.apache.commons\commons-parent\85\26c913274550a0b2221f47a0fe2d2358\descriptor.bin,PEFormatError: 'DOS Header magic not found.'
C:\Documents and Settings\yukiho\.gradle\caches\modules-2\metadata-2.107\descriptors\org.apache.commons\commons-parent\88\26c913274550a0b2221f47a0fe2d2358\descriptor.bin,PEFormatError: 'DOS Header magic not found.'
C:\Documents and Settings\yukiho\.gradle\caches\modules-2\metadata-2.107\descriptors\org.apache.commons\commons-parent\91\26c913274550a0b2221f47a0fe2d2358\descriptor.bin,PEFormatError: 'DOS Header magic not found.'
C:\Documents and Settings\yukiho\.gradle\caches\modules-2\metadata-2.107\descriptors\org.apache.commons\commons-pool2\2.2\26c913274550a0b2221f47a0fe2d2358\descriptor.bin,PEFormatError: 'DOS Header magic not found.'
C:\Documents and Settings\yukiho\.gradle\caches\modules-2\metadata-2.107\descriptors\org.apache.groovy\groovy-bom\4.0.22\26c913274550a0b2221f47a0fe2d2358\descriptor.bin,PEFormatError: 'DOS Header magic not found.'
C:\Documents and Settings\yukiho\.gradle\caches\modules-2\metadata-2.107\descriptors\org.apache.groovy\groovy-bom\4.0.27\26c913274550a0b2221f47a0fe2d2358\descriptor.bin,PEFormatError: 'DOS Header magic not found.'
C:\Documents and Settings\yukiho\.gradle\caches\modules-2\metadata-2.107\descriptors\org.apache.httpcomponents\httpclient\4.3.3\1aabd0c54952056a1ba4cd00590517b0\descriptor.bin,PEFormatError: 'DOS Header magic not found.'
C:\Documents and Settings\yukiho\.gradle\caches\modules-2\metadata-2.107\descriptors\org.apache.httpcomponents\httpclient\4.5.13\1aabd0c54952056a1ba4cd00590517b0\descriptor.bin,PEFormatError: 'DOS Header magic not found.'
C:\Documents and Settings\yukiho\.gradle\caches\modules-2\metadata-2.107\descriptors\org.apache.httpcomponents\httpclient\4.5.14\1aabd0c54952056a1ba4cd00590517b0\descriptor.bin,PEFormatError: 'DOS Header magic not found.'
C:\Documents and Settings\yukiho\.gradle\caches\modules-2\metadata-2.107\descriptors\org.apache.httpcomponents\httpclient\4.5.14\26c913274550a0b2221f47a0fe2d2358\descriptor.bin,PEFormatError: 'DOS Header magic not found.'
C:\Documents and Settings\yukiho\.gradle\caches\modules-2\metadata-2.107\descriptors\org.apache.httpcomponents\httpclient\4.5.14\42d5112e53485e9f59b1068dfd734a05\descriptor.bin,PEFormatError: 'DOS Header magic not found.'
C:\Documents and Settings\yukiho\.gradle\caches\modules-2\metadata-2.107\descriptors\org.apache.httpcomponents\httpcomponents-client\4.3.3\26c913274550a0b2221f47a0fe2d2358\descriptor.bin,PEFormatError: 'DOS Header magic not found.'
C:\Documents and Settings\yukiho\.gradle\caches\modules-2\metadata-2.107\descriptors\org.apache.httpcomponents\httpcomponents-client\4.5.13\26c913274550a0b2221f47a0fe2d2358\descriptor.bin,PEFormatError: 'DOS Header magic not found.'
C:\Documents and Settings\yukiho\.gradle\caches\modules-2\metadata-2.107\descriptors\org.apache.httpcomponents\httpcomponents-client\4.5.14\26c913274550a0b2221f47a0fe2d2358\descriptor.bin,PEFormatError: 'DOS Header magic not found.'
C:\Documents and Settings\yukiho\.gradle\caches\modules-2\metadata-2.107\descriptors\org.apache.httpcomponents\httpcomponents-core\4.3.2\26c913274550a0b2221f47a0fe2d2358\descriptor.bin,PEFormatError: 'DOS Header magic not found.'
C:\Documents and Settings\yukiho\.gradle\caches\modules-2\metadata-2.107\descriptors\org.apache.httpcomponents\httpcomponents-core\4.4.14\26c913274550a0b2221f47a0fe2d2358\descriptor.bin,PEFormatError: 'DOS Header magic not found.'
C:\Documents and Settings\yukiho\.gradle\caches\modules-2\metadata-2.107\descriptors\org.apache.httpcomponents\httpcomponents-core\4.4.15\26c913274550a0b2221f47a0fe2d2358\descriptor.bin,PEFormatError: 'DOS Header magic not found.'
C:\Documents and Settings\yukiho\.gradle\caches\modules-2\metadata-2.107\descriptors\org.apache.httpcomponents\httpcomponents-core\4.4.16\26c913274550a0b2221f47a0fe2d2358\descriptor.bin,PEFormatError: 'DOS Header magic not found.'
C:\Documents and Settings\yukiho\.gradle\caches\modules-2\metadata-2.107\descriptors\org.apache.httpcomponents\httpcomponents-parent\11\26c913274550a0b2221f47a0fe2d2358\descriptor.bin,PEFormatError: 'DOS Header magic not found.'
C:\Documents and Settings\yukiho\.gradle\caches\modules-2\metadata-2.107\descriptors\org.apache.httpcomponents\httpcore\4.3.2\1aabd0c54952056a1ba4cd00590517b0\descriptor.bin,PEFormatError: 'DOS Header magic not found.'
C:\Documents and Settings\yukiho\.gradle\caches\modules-2\metadata-2.107\descriptors\org.apache.httpcomponents\httpcore\4.4.14\1aabd0c54952056a1ba4cd00590517b0\descriptor.bin,PEFormatError: 'DOS Header magic not found.'
C:\Documents and Settings\yukiho\.gradle\caches\modules-2\metadata-2.107\descriptors\org.apache.httpcomponents\httpcore\4.4.15\1aabd0c54952056a1ba4cd00590517b0\descriptor.bin,PEFormatError: 'DOS Header magic not found.'
C:\Documents and Settings\yukiho\.gradle\caches\modules-2\metadata-2.107\descriptors\org.apache.httpcomponents\httpcore\4.4.16\1aabd0c54952056a1ba4cd00590517b0\descriptor.bin,PEFormatError: 'DOS Header magic not found.'
C:\Documents and Settings\yukiho\.gradle\caches\modules-2\metadata-2.107\descriptors\org.apache.httpcomponents\httpcore\4.4.16\26c913274550a0b2221f47a0fe2d2358\descriptor.bin,PEFormatError: 'DOS Header magic not found.'
C:\Documents and Settings\yukiho\.gradle\caches\modules-2\metadata-2.107\descriptors\org.apache.httpcomponents\httpcore\4.4.16\42d5112e53485e9f59b1068dfd734a05\descriptor.bin,PEFormatError: 'DOS Header magic not found.'
C:\Documents and Settings\yukiho\.gradle\caches\modules-2\metadata-2.107\descriptors\org.apache.httpcomponents\project\7\26c913274550a0b2221f47a0fe2d2358\descriptor.bin,PEFormatError: 'DOS Header magic not found.'
C:\Documents and Settings\yukiho\.gradle\caches\modules-2\metadata-2.107\descriptors\org.apache.logging\logging-parent\1\26c913274550a0b2221f47a0fe2d2358\descriptor.bin,PEFormatError: 'DOS Header magic not found.'
C:\Documents and Settings\yukiho\.gradle\caches\modules-2\metadata-2.107\descriptors\org.apache.logging\logging-parent\10.5.0\26c913274550a0b2221f47a0fe2d2358\descriptor.bin,PEFormatError: 'DOS Header magic not found.'
C:\Documents and Settings\yukiho\.gradle\caches\modules-2\metadata-2.107\descriptors\org.apache.logging\logging-parent\11.3.0\26c913274550a0b2221f47a0fe2d2358\descriptor.bin,PEFormatError: 'DOS Header magic not found.'
C:\Documents and Settings\yukiho\.gradle\caches\modules-2\metadata-2.107\descriptors\org.apache.logging\logging-parent\3\26c913274550a0b2221f47a0fe2d2358\descriptor.bin,PEFormatError: 'DOS Header magic not found.'
C:\Documents and Settings\yukiho\.gradle\caches\modules-2\metadata-2.107\descriptors\org.apache.logging\logging-parent\5\26c913274550a0b2221f47a0fe2d2358\descriptor.bin,PEFormatError: 'DOS Header magic not found.'
C:\Documents and Settings\yukiho\.gradle\caches\modules-2\metadata-2.107\descriptors\org.apache.logging.log4j\log4j\2.14.1\26c913274550a0b2221f47a0fe2d2358\descriptor.bin,PEFormatError: 'DOS Header magic not found.'
C:\Documents and Settings\yukiho\.gradle\caches\modules-2\metadata-2.107\descriptors\org.apache.logging.log4j\log4j\2.17.0\26c913274550a0b2221f47a0fe2d2358\descriptor.bin,PEFormatError: 'DOS Header magic not found.'
C:\Documents and Settings\yukiho\.gradle\caches\modules-2\metadata-2.107\descriptors\org.apache.logging.log4j\log4j\2.19.0\26c913274550a0b2221f47a0fe2d2358\descriptor.bin,PEFormatError: 'DOS Header magic not found.'
C:\Documents and Settings\yukiho\.gradle\caches\modules-2\metadata-2.107\descriptors\org.apache.logging.log4j\log4j\2.22.1\26c913274550a0b2221f47a0fe2d2358\descriptor.bin,PEFormatError: 'DOS Header magic not found.'
C:\Documents and Settings\yukiho\.gradle\caches\modules-2\metadata-2.107\descriptors\org.apache.logging.log4j\log4j\2.24.1\26c913274550a0b2221f47a0fe2d2358\descriptor.bin,PEFormatError: 'DOS Header magic not found.'
C:\Documents and Settings\yukiho\.gradle\caches\modules-2\metadata-2.107\descriptors\org.apache.logging.log4j\log4j\2.25.2\26c913274550a0b2221f47a0fe2d2358\descriptor.bin,PEFormatError: 'DOS Header magic not found.'
C:\Documents and Settings\yukiho\.gradle\caches\modules-2\metadata-2.107\descriptors\org.apache.logging.log4j\log4j\2.25.3\26c913274550a0b2221f47a0fe2d2358\descriptor.bin,PEFormatError: 'DOS Header magic not found.'
C:\Documents and Settings\yukiho\.gradle\caches\modules-2\metadata-2.107\descriptors\org.apache.logging.log4j\log4j\2.8.1\26c913274550a0b2221f47a0fe2d2358\descriptor.bin,PEFormatError: 'DOS Header magic not found.'
C:\Documents and Settings\yukiho\.gradle\caches\modules-2\metadata-2.107\descriptors\org.apache.logging.log4j\log4j-api\2.14.1\1aabd0c54952056a1ba4cd00590517b0\descriptor.bin,PEFormatError: 'DOS Header magic not found.'
C:\Documents and Settings\yukiho\.gradle\caches\modules-2\metadata-2.107\descriptors\org.apache.logging.log4j\log4j-api\2.17.0\1aabd0c54952056a1ba4cd00590517b0\descriptor.bin,PEFormatError: 'DOS Header magic not found.'
C:\Documents and Settings\yukiho\.gradle\caches\modules-2\metadata-2.107\descriptors\org.apache.logging.log4j\log4j-api\2.19.0\1aabd0c54952056a1ba4cd00590517b0\descriptor.bin,PEFormatError: 'DOS Header magic not found.'
C:\Documents and Settings\yukiho\.gradle\caches\modules-2\metadata-2.107\descriptors\org.apache.logging.log4j\log4j-api\2.22.1\1aabd0c54952056a1ba4cd00590517b0\descriptor.bin,PEFormatError: 'DOS Header magic not found.'
C:\Documents and Settings\yukiho\.gradle\caches\modules-2\metadata-2.107\descriptors\org.apache.logging.log4j\log4j-api\2.24.1\1aabd0c54952056a1ba4cd00590517b0\descriptor.bin,PEFormatError: 'DOS Header magic not found.'
C:\Documents and Settings\yukiho\.gradle\caches\modules-2\metadata-2.107\descriptors\org.apache.logging.log4j\log4j-api\2.24.1\26c913274550a0b2221f47a0fe2d2358\descriptor.bin,PEFormatError: 'DOS Header magic not found.'
C:\Documents and Settings\yukiho\.gradle\caches\modules-2\metadata-2.107\descriptors\org.apache.logging.log4j\log4j-api\2.24.1\42d5112e53485e9f59b1068dfd734a05\descriptor.bin,PEFormatError: 'DOS Header magic not found.'
C:\Documents and Settings\yukiho\.gradle\caches\modules-2\metadata-2.107\descriptors\org.apache.logging.log4j\log4j-api\2.25.2\1aabd0c54952056a1ba4cd00590517b0\descriptor.bin,PEFormatError: 'DOS Header magic not found.'
C:\Documents and Settings\yukiho\.gradle\caches\modules-2\metadata-2.107\descriptors\org.apache.logging.log4j\log4j-api\2.25.3\26c913274550a0b2221f47a0fe2d2358\descriptor.bin,PEFormatError: 'DOS Header magic not found.'
C:\Documents and Settings\yukiho\.gradle\caches\modules-2\metadata-2.107\descriptors\org.apache.logging.log4j\log4j-api\2.8.1\1aabd0c54952056a1ba4cd00590517b0\descriptor.bin,PEFormatError: 'DOS Header magic not found.'
C:\Documents and Settings\yukiho\.gradle\caches\modules-2\metadata-2.107\descriptors\org.apache.logging.log4j\log4j-bom\2.19.0\26c913274550a0b2221f47a0fe2d2358\descriptor.bin,PEFormatError: 'DOS Header magic not found.'
C:\Documents and Settings\yukiho\.gradle\caches\modules-2\metadata-2.107\descriptors\org.apache.logging.log4j\log4j-bom\2.22.1\26c913274550a0b2221f47a0fe2d2358\descriptor.bin,PEFormatError: 'DOS Header magic not found.'
C:\Documents and Settings\yukiho\.gradle\caches\modules-2\metadata-2.107\descriptors\org.apache.logging.log4j\log4j-bom\2.24.1\26c913274550a0b2221f47a0fe2d2358\descriptor.bin,PEFormatError: 'DOS Header magic not found.'
C:\Documents and Settings\yukiho\.gradle\caches\modules-2\metadata-2.107\descriptors\org.apache.logging.log4j\log4j-bom\2.25.2\26c913274550a0b2221f47a0fe2d2358\descriptor.bin,PEFormatError: 'DOS Header magic not found.'
C:\Documents and Settings\yukiho\.gradle\caches\modules-2\metadata-2.107\descriptors\org.apache.logging.log4j\log4j-bom\2.25.3\26c913274550a0b2221f47a0fe2d2358\descriptor.bin,PEFormatError: 'DOS Header magic not found.'
C:\Documents and Settings\yukiho\.gradle\caches\modules-2\metadata-2.107\descriptors\org.apache.logging.log4j\log4j-core\2.14.1\1aabd0c54952056a1ba4cd00590517b0\descriptor.bin,PEFormatError: 'DOS Header magic not found.'
C:\Documents and Settings\yukiho\.gradle\caches\modules-2\metadata-2.107\descriptors\org.apache.logging.log4j\log4j-core\2.17.0\1aabd0c54952056a1ba4cd00590517b0\descriptor.bin,PEFormatError: 'DOS Header magic not found.'
C:\Documents and Settings\yukiho\.gradle\caches\modules-2\metadata-2.107\descriptors\org.apache.logging.log4j\log4j-core\2.19.0\1aabd0c54952056a1ba4cd00590517b0\descriptor.bin,PEFormatError: 'DOS Header magic not found.'
C:\Documents and Settings\yukiho\.gradle\caches\modules-2\metadata-2.107\descriptors\org.apache.logging.log4j\log4j-core\2.22.1\1aabd0c54952056a1ba4cd00590517b0\descriptor.bin,PEFormatError: 'DOS Header magic not found.'
C:\Documents and Settings\yukiho\.gradle\caches\modules-2\metadata-2.107\descriptors\org.apache.logging.log4j\log4j-core\2.24.1\1aabd0c54952056a1ba4cd00590517b0\descriptor.bin,PEFormatError: 'DOS Header magic not found.'
C:\Documents and Settings\yukiho\.gradle\caches\modules-2\metadata-2.107\descriptors\org.apache.logging.log4j\log4j-core\2.24.1\26c913274550a0b2221f47a0fe2d2358\descriptor.bin,PEFormatError: 'DOS Header magic not found.'
C:\Documents and Settings\yukiho\.gradle\caches\modules-2\metadata-2.107\descriptors\org.apache.logging.log4j\log4j-core\2.24.1\42d5112e53485e9f59b1068dfd734a05\descriptor.bin,PEFormatError: 'DOS Header magic not found.'
C:\Documents and Settings\yukiho\.gradle\caches\modules-2\metadata-2.107\descriptors\org.apache.logging.log4j\log4j-core\2.25.2\1aabd0c54952056a1ba4cd00590517b0\descriptor.bin,PEFormatError: 'DOS Header magic not found.'
C:\Documents and Settings\yukiho\.gradle\caches\modules-2\metadata-2.107\descriptors\org.apache.logging.log4j\log4j-core\2.25.3\26c913274550a0b2221f47a0fe2d2358\descriptor.bin,PEFormatError: 'DOS Header magic not found.'
C:\Documents and Settings\yukiho\.gradle\caches\modules-2\metadata-2.107\descriptors\org.apache.logging.log4j\log4j-core\2.8.1\1aabd0c54952056a1ba4cd00590517b0\descriptor.bin,PEFormatError: 'DOS Header magic not found.'
C:\Documents and Settings\yukiho\.gradle\caches\modules-2\metadata-2.107\descriptors\org.apache.logging.log4j\log4j-slf4j18-impl\2.14.1\1aabd0c54952056a1ba4cd00590517b0\descriptor.bin,PEFormatError: 'DOS Header magic not found.'
C:\Documents and Settings\yukiho\.gradle\caches\modules-2\metadata-2.107\descriptors\org.apache.logging.log4j\log4j-slf4j18-impl\2.17.0\1aabd0c54952056a1ba4cd00590517b0\descriptor.bin,PEFormatError: 'DOS Header magic not found.'
C:\Documents and Settings\yukiho\.gradle\caches\modules-2\metadata-2.107\descriptors\org.apache.logging.log4j\log4j-slf4j2-impl\2.19.0\1aabd0c54952056a1ba4cd00590517b0\descriptor.bin,PEFormatError: 'DOS Header magic not found.'
C:\Documents and Settings\yukiho\.gradle\caches\modules-2\metadata-2.107\descriptors\org.apache.logging.log4j\log4j-slf4j2-impl\2.22.1\1aabd0c54952056a1ba4cd00590517b0\descriptor.bin,PEFormatError: 'DOS Header magic not found.'
C:\Documents and Settings\yukiho\.gradle\caches\modules-2\metadata-2.107\descriptors\org.apache.logging.log4j\log4j-slf4j2-impl\2.24.1\1aabd0c54952056a1ba4cd00590517b0\descriptor.bin,PEFormatError: 'DOS Header magic not found.'
C:\Documents and Settings\yukiho\.gradle\caches\modules-2\metadata-2.107\descriptors\org.apache.logging.log4j\log4j-slf4j2-impl\2.24.1\26c913274550a0b2221f47a0fe2d2358\descriptor.bin,PEFormatError: 'DOS Header magic not found.'
C:\Documents and Settings\yukiho\.gradle\caches\modules-2\metadata-2.107\descriptors\org.apache.logging.log4j\log4j-slf4j2-impl\2.24.1\42d5112e53485e9f59b1068dfd734a05\descriptor.bin,PEFormatError: 'DOS Header magic not found.'
C:\Documents and Settings\yukiho\.gradle\caches\modules-2\metadata-2.107\descriptors\org.apache.logging.log4j\log4j-slf4j2-impl\2.25.2\1aabd0c54952056a1ba4cd00590517b0\descriptor.bin,PEFormatError: 'DOS Header magic not found.'
C:\Documents and Settings\yukiho\.gradle\caches\modules-2\metadata-2.107\descriptors\org.apache.maven\maven\3.0.4\26c913274550a0b2221f47a0fe2d2358\descriptor.bin,PEFormatError: 'DOS Header magic not found.'
C:\Documents and Settings\yukiho\.gradle\caches\modules-2\metadata-2.107\descriptors\org.apache.maven\maven-api-annotations\4.0.0-rc-3\26c913274550a0b2221f47a0fe2d2358\descriptor.bin,PEFormatError: 'DOS Header magic not found.'
C:\Documents and Settings\yukiho\.gradle\caches\modules-2\metadata-2.107\descriptors\org.apache.maven\maven-api-xml\4.0.0-rc-3\26c913274550a0b2221f47a0fe2d2358\descriptor.bin,PEFormatError: 'DOS Header magic not found.'
C:\Documents and Settings\yukiho\.gradle\caches\modules-2\metadata-2.107\descriptors\org.apache.maven\maven-parent\21\26c913274550a0b2221f47a0fe2d2358\descriptor.bin,PEFormatError: 'DOS Header magic not found.'
C:\Documents and Settings\yukiho\.gradle\caches\modules-2\metadata-2.107\descriptors\org.apache.maven\maven-settings\3.0.4\26c913274550a0b2221f47a0fe2d2358\descriptor.bin,PEFormatError: 'DOS Header magic not found.'
C:\Documents and Settings\yukiho\.gradle\caches\modules-2\metadata-2.107\descriptors\org.apache.maven\maven-settings-builder\3.0.4\26c913274550a0b2221f47a0fe2d2358\descriptor.bin,PEFormatError: 'DOS Header magic not found.'
C:\Documents and Settings\yukiho\.gradle\caches\modules-2\metadata-2.107\descriptors\org.apache.maven\maven-xml\4.0.0-rc-3\26c913274550a0b2221f47a0fe2d2358\descriptor.bin,PEFormatError: 'DOS Header magic not found.'
C:\Documents and Settings\yukiho\.gradle\caches\modules-2\metadata-2.107\descriptors\org.cadixdev\at\0.1.0-rc1\26c913274550a0b2221f47a0fe2d2358\descriptor.bin,PEFormatError: 'DOS Header magic not found.'
C:\Documents and Settings\yukiho\.gradle\caches\modules-2\metadata-2.107\descriptors\org.cadixdev\at\0.1.0-rc1\2f8748e965ecb2135dad092e9ef808de\descriptor.bin,PEFormatError: 'DOS Header magic not found.'
C:\Documents and Settings\yukiho\.gradle\caches\modules-2\metadata-2.107\descriptors\org.cadixdev\bombe\0.3.4\26c913274550a0b2221f47a0fe2d2358\descriptor.bin,PEFormatError: 'DOS Header magic not found.'
C:\Documents and Settings\yukiho\.gradle\caches\modules-2\metadata-2.107\descriptors\org.cadixdev\bombe\0.3.4\2f8748e965ecb2135dad092e9ef808de\descriptor.bin,PEFormatError: 'DOS Header magic not found.'
C:\Documents and Settings\yukiho\.gradle\caches\modules-2\metadata-2.107\descriptors\org.cadixdev\lorenz\0.5.7\26c913274550a0b2221f47a0fe2d2358\descriptor.bin,PEFormatError: 'DOS Header magic not found.'
C:\Documents and Settings\yukiho\.gradle\caches\modules-2\metadata-2.107\descriptors\org.cadixdev\lorenz\0.5.7\2f8748e965ecb2135dad092e9ef808de\descriptor.bin,PEFormatError: 'DOS Header magic not found.'
C:\Documents and Settings\yukiho\.gradle\caches\modules-2\metadata-2.107\descriptors\org.checkerframework\checker-qual\2.8.1\26c913274550a0b2221f47a0fe2d2358\descriptor.bin,PEFormatError: 'DOS Header magic not found.'
C:\Documents and Settings\yukiho\.gradle\caches\modules-2\metadata-2.107\descriptors\org.checkerframework\checker-qual\2.8.1\2f8748e965ecb2135dad092e9ef808de\descriptor.bin,PEFormatError: 'DOS Header magic not found.'
C:\Documents and Settings\yukiho\.gradle\caches\modules-2\metadata-2.107\descriptors\org.codehaus.groovy\groovy-bom\3.0.19\26c913274550a0b2221f47a0fe2d2358\descriptor.bin,PEFormatError: 'DOS Header magic not found.'
C:\Documents and Settings\yukiho\.gradle\caches\modules-2\metadata-2.107\descriptors\org.codehaus.mojo\animal-sniffer-annotations\1.17\26c913274550a0b2221f47a0fe2d2358\descriptor.bin,PEFormatError: 'DOS Header magic not found.'
C:\Documents and Settings\yukiho\.gradle\caches\modules-2\metadata-2.107\descriptors\org.codehaus.mojo\animal-sniffer-annotations\1.17\2f8748e965ecb2135dad092e9ef808de\descriptor.bin,PEFormatError: 'DOS Header magic not found.'
C:\Documents and Settings\yukiho\.gradle\caches\modules-2\metadata-2.107\descriptors\org.codehaus.mojo\animal-sniffer-parent\1.17\26c913274550a0b2221f47a0fe2d2358\descriptor.bin,PEFormatError: 'DOS Header magic not found.'
C:\Documents and Settings\yukiho\.gradle\caches\modules-2\metadata-2.107\descriptors\org.codehaus.mojo\animal-sniffer-parent\1.17\2f8748e965ecb2135dad092e9ef808de\descriptor.bin,PEFormatError: 'DOS Header magic not found.'
C:\Documents and Settings\yukiho\.gradle\caches\modules-2\metadata-2.107\descriptors\org.codehaus.mojo\mojo-parent\40\26c913274550a0b2221f47a0fe2d2358\descriptor.bin,PEFormatError: 'DOS Header magic not found.'
C:\Documents and Settings\yukiho\.gradle\caches\modules-2\metadata-2.107\descriptors\org.codehaus.mojo\mojo-parent\40\2f8748e965ecb2135dad092e9ef808de\descriptor.bin,PEFormatError: 'DOS Header magic not found.'
C:\Documents and Settings\yukiho\.gradle\caches\modules-2\metadata-2.107\descriptors\org.codehaus.plexus\plexus\2.0.6\26c913274550a0b2221f47a0fe2d2358\descriptor.bin,PEFormatError: 'DOS Header magic not found.'
C:\Documents and Settings\yukiho\.gradle\caches\modules-2\metadata-2.107\descriptors\org.codehaus.plexus\plexus\2.0.7\26c913274550a0b2221f47a0fe2d2358\descriptor.bin,PEFormatError: 'DOS Header magic not found.'
C:\Documents and Settings\yukiho\.gradle\caches\modules-2\metadata-2.107\descriptors\org.codehaus.plexus\plexus\20\26c913274550a0b2221f47a0fe2d2358\descriptor.bin,PEFormatError: 'DOS Header magic not found.'
C:\Documents and Settings\yukiho\.gradle\caches\modules-2\metadata-2.107\descriptors\org.codehaus.plexus\plexus-component-annotations\1.5.5\26c913274550a0b2221f47a0fe2d2358\descriptor.bin,PEFormatError: 'DOS Header magic not found.'
C:\Documents and Settings\yukiho\.gradle\caches\modules-2\metadata-2.107\descriptors\org.codehaus.plexus\plexus-components\1.1.18\26c913274550a0b2221f47a0fe2d2358\descriptor.bin,PEFormatError: 'DOS Header magic not found.'
C:\Documents and Settings\yukiho\.gradle\caches\modules-2\metadata-2.107\descriptors\org.codehaus.plexus\plexus-containers\1.5.5\26c913274550a0b2221f47a0fe2d2358\descriptor.bin,PEFormatError: 'DOS Header magic not found.'
C:\Documents and Settings\yukiho\.gradle\caches\modules-2\metadata-2.107\descriptors\org.codehaus.plexus\plexus-interpolation\1.14\26c913274550a0b2221f47a0fe2d2358\descriptor.bin,PEFormatError: 'DOS Header magic not found.'
C:\Documents and Settings\yukiho\.gradle\caches\modules-2\metadata-2.107\descriptors\org.codehaus.plexus\plexus-utils\2.0.5\26c913274550a0b2221f47a0fe2d2358\descriptor.bin,PEFormatError: 'DOS Header magic not found.'
C:\Documents and Settings\yukiho\.gradle\caches\modules-2\metadata-2.107\descriptors\org.codehaus.plexus\plexus-utils\4.0.2\26c913274550a0b2221f47a0fe2d2358\descriptor.bin,PEFormatError: 'DOS Header magic not found.'
C:\Documents and Settings\yukiho\.gradle\caches\modules-2\metadata-2.107\descriptors\org.codehaus.plexus\plexus-xml\4.1.0\26c913274550a0b2221f47a0fe2d2358\descriptor.bin,PEFormatError: 'DOS Header magic not found.'
C:\Documents and Settings\yukiho\.gradle\caches\modules-2\metadata-2.107\descriptors\org.codehaus.woodstox\stax2-api\4.2.2\26c913274550a0b2221f47a0fe2d2358\descriptor.bin,PEFormatError: 'DOS Header magic not found.'
C:\Documents and Settings\yukiho\.gradle\caches\modules-2\metadata-2.107\descriptors\org.eclipse.ee4j\project\1.0.7\26c913274550a0b2221f47a0fe2d2358\descriptor.bin,PEFormatError: 'DOS Header magic not found.'
C:\Documents and Settings\yukiho\.gradle\caches\modules-2\metadata-2.107\descriptors\org.eclipse.jetty\jetty-bom\9.4.53.v20231009\26c913274550a0b2221f47a0fe2d2358\descriptor.bin,PEFormatError: 'DOS Header magic not found.'
C:\Documents and Settings\yukiho\.gradle\caches\modules-2\metadata-2.107\descriptors\org.hamcrest\hamcrest-core\1.3\1aabd0c54952056a1ba4cd00590517b0\descriptor.bin,PEFormatError: 'DOS Header magic not found.'
C:\Documents and Settings\yukiho\.gradle\caches\modules-2\metadata-2.107\descriptors\org.hamcrest\hamcrest-core\1.3\26c913274550a0b2221f47a0fe2d2358\descriptor.bin,PEFormatError: 'DOS Header magic not found.'
C:\Documents and Settings\yukiho\.gradle\caches\modules-2\metadata-2.107\descriptors\org.hamcrest\hamcrest-parent\1.3\26c913274550a0b2221f47a0fe2d2358\descriptor.bin,PEFormatError: 'DOS Header magic not found.'
C:\Documents and Settings\yukiho\.gradle\caches\modules-2\metadata-2.107\descriptors\org.jcraft\jorbis\0.0.17\1aabd0c54952056a1ba4cd00590517b0\descriptor.bin,PEFormatError: 'DOS Header magic not found.'
C:\Documents and Settings\yukiho\.gradle\caches\modules-2\metadata-2.107\descriptors\org.jcraft\jorbis\0.0.17\26c913274550a0b2221f47a0fe2d2358\descriptor.bin,PEFormatError: 'DOS Header magic not found.'
C:\Documents and Settings\yukiho\.gradle\caches\modules-2\metadata-2.107\descriptors\org.jcraft\jorbis\0.0.17\42d5112e53485e9f59b1068dfd734a05\descriptor.bin,PEFormatError: 'DOS Header magic not found.'
C:\Documents and Settings\yukiho\.gradle\caches\modules-2\metadata-2.107\descriptors\org.jdom\jdom2\2.0.6.1\26c913274550a0b2221f47a0fe2d2358\descriptor.bin,PEFormatError: 'DOS Header magic not found.'
C:\Documents and Settings\yukiho\.gradle\caches\modules-2\metadata-2.107\descriptors\org.jetbrains\annotations\13.0\26c913274550a0b2221f47a0fe2d2358\descriptor.bin,PEFormatError: 'DOS Header magic not found.'
C:\Documents and Settings\yukiho\.gradle\caches\modules-2\metadata-2.107\descriptors\org.jetbrains\annotations\20.1.0\1aabd0c54952056a1ba4cd00590517b0\descriptor.bin,PEFormatError: 'DOS Header magic not found.'
C:\Documents and Settings\yukiho\.gradle\caches\modules-2\metadata-2.107\descriptors\org.jetbrains\annotations\20.1.0\26c913274550a0b2221f47a0fe2d2358\descriptor.bin,PEFormatError: 'DOS Header magic not found.'
C:\Documents and Settings\yukiho\.gradle\caches\modules-2\metadata-2.107\descriptors\org.jetbrains\annotations\26.0.2\1aabd0c54952056a1ba4cd00590517b0\descriptor.bin,PEFormatError: 'DOS Header magic not found.'
C:\Documents and Settings\yukiho\.gradle\caches\modules-2\metadata-2.107\descriptors\org.jetbrains\annotations\26.0.2\26c913274550a0b2221f47a0fe2d2358\descriptor.bin,PEFormatError: 'DOS Header magic not found.'
C:\Documents and Settings\yukiho\.gradle\caches\modules-2\metadata-2.107\descriptors\org.jetbrains.kotlin\kotlin-compiler-embeddable\2.3.0\26c913274550a0b2221f47a0fe2d2358\descriptor.bin,PEFormatError: 'DOS Header magic not found.'
C:\Documents and Settings\yukiho\.gradle\caches\modules-2\metadata-2.107\descriptors\org.jetbrains.kotlin\kotlin-daemon-embeddable\2.3.0\26c913274550a0b2221f47a0fe2d2358\descriptor.bin,PEFormatError: 'DOS Header magic not found.'
C:\Documents and Settings\yukiho\.gradle\caches\modules-2\metadata-2.107\descriptors\org.jetbrains.kotlin\kotlin-metadata-jvm\2.2.20\26c913274550a0b2221f47a0fe2d2358\descriptor.bin,PEFormatError: 'DOS Header magic not found.'
C:\Documents and Settings\yukiho\.gradle\caches\modules-2\metadata-2.107\descriptors\org.jetbrains.kotlin\kotlin-metadata-jvm\2.2.20\2f8748e965ecb2135dad092e9ef808de\descriptor.bin,PEFormatError: 'DOS Header magic not found.'
C:\Documents and Settings\yukiho\.gradle\caches\modules-2\metadata-2.107\descriptors\org.jetbrains.kotlin\kotlin-metadata-jvm\2.3.0\26c913274550a0b2221f47a0fe2d2358\descriptor.bin,PEFormatError: 'DOS Header magic not found.'
C:\Documents and Settings\yukiho\.gradle\caches\modules-2\metadata-2.107\descriptors\org.jetbrains.kotlin\kotlin-metadata-jvm\2.3.0\2f8748e965ecb2135dad092e9ef808de\descriptor.bin,PEFormatError: 'DOS Header magic not found.'
C:\Documents and Settings\yukiho\.gradle\caches\modules-2\metadata-2.107\descriptors\org.jetbrains.kotlin\kotlin-reflect\1.6.10\26c913274550a0b2221f47a0fe2d2358\descriptor.bin,PEFormatError: 'DOS Header magic not found.'
C:\Documents and Settings\yukiho\.gradle\caches\modules-2\metadata-2.107\descriptors\org.jetbrains.kotlin\kotlin-script-runtime\2.3.0\26c913274550a0b2221f47a0fe2d2358\descriptor.bin,PEFormatError: 'DOS Header magic not found.'
C:\Documents and Settings\yukiho\.gradle\caches\modules-2\metadata-2.107\descriptors\org.jetbrains.kotlin\kotlin-stdlib\2.3.0\26c913274550a0b2221f47a0fe2d2358\descriptor.bin,PEFormatError: 'DOS Header magic not found.'
C:\Documents and Settings\yukiho\.gradle\caches\modules-2\metadata-2.107\descriptors\org.jetbrains.kotlinx\kotlinx-coroutines-bom\1.8.0\26c913274550a0b2221f47a0fe2d2358\descriptor.bin,PEFormatError: 'DOS Header magic not found.'
C:\Documents and Settings\yukiho\.gradle\caches\modules-2\metadata-2.107\descriptors\org.jetbrains.kotlinx\kotlinx-coroutines-core-jvm\1.8.0\26c913274550a0b2221f47a0fe2d2358\descriptor.bin,PEFormatError: 'DOS Header magic not found.'
C:\Documents and Settings\yukiho\.gradle\caches\modules-2\metadata-2.107\descriptors\org.joml\joml\1.10.5\1aabd0c54952056a1ba4cd00590517b0\descriptor.bin,PEFormatError: 'DOS Header magic not found.'
C:\Documents and Settings\yukiho\.gradle\caches\modules-2\metadata-2.107\descriptors\org.joml\joml\1.10.8\1aabd0c54952056a1ba4cd00590517b0\descriptor.bin,PEFormatError: 'DOS Header magic not found.'
C:\Documents and Settings\yukiho\.gradle\caches\modules-2\metadata-2.107\descriptors\org.joml\joml\1.10.8\26c913274550a0b2221f47a0fe2d2358\descriptor.bin,PEFormatError: 'DOS Header magic not found.'
C:\Documents and Settings\yukiho\.gradle\caches\modules-2\metadata-2.107\descriptors\org.joml\joml\1.10.8\42d5112e53485e9f59b1068dfd734a05\descriptor.bin,PEFormatError: 'DOS Header magic not found.'
C:\Documents and Settings\yukiho\.gradle\caches\modules-2\metadata-2.107\descriptors\org.jspecify\jspecify\1.0.0\1aabd0c54952056a1ba4cd00590517b0\descriptor.bin,PEFormatError: 'DOS Header magic not found.'
C:\Documents and Settings\yukiho\.gradle\caches\modules-2\metadata-2.107\descriptors\org.junit\junit-bom\5.10.0\26c913274550a0b2221f47a0fe2d2358\descriptor.bin,PEFormatError: 'DOS Header magic not found.'
C:\Documents and Settings\yukiho\.gradle\caches\modules-2\metadata-2.107\descriptors\org.junit\junit-bom\5.10.1\26c913274550a0b2221f47a0fe2d2358\descriptor.bin,PEFormatError: 'DOS Header magic not found.'
C:\Documents and Settings\yukiho\.gradle\caches\modules-2\metadata-2.107\descriptors\org.junit\junit-bom\5.10.3\26c913274550a0b2221f47a0fe2d2358\descriptor.bin,PEFormatError: 'DOS Header magic not found.'
C:\Documents and Settings\yukiho\.gradle\caches\modules-2\metadata-2.107\descriptors\org.junit\junit-bom\5.11.0\26c913274550a0b2221f47a0fe2d2358\descriptor.bin,PEFormatError: 'DOS Header magic not found.'
C:\Documents and Settings\yukiho\.gradle\caches\modules-2\metadata-2.107\descriptors\org.junit\junit-bom\5.11.0-M2\26c913274550a0b2221f47a0fe2d2358\descriptor.bin,PEFormatError: 'DOS Header magic not found.'
C:\Documents and Settings\yukiho\.gradle\caches\modules-2\metadata-2.107\descriptors\org.junit\junit-bom\5.11.4\26c913274550a0b2221f47a0fe2d2358\descriptor.bin,PEFormatError: 'DOS Header magic not found.'
C:\Documents and Settings\yukiho\.gradle\caches\modules-2\metadata-2.107\descriptors\org.junit\junit-bom\5.13.1\26c913274550a0b2221f47a0fe2d2358\descriptor.bin,PEFormatError: 'DOS Header magic not found.'
C:\Documents and Settings\yukiho\.gradle\caches\modules-2\metadata-2.107\descriptors\org.junit\junit-bom\5.13.2\26c913274550a0b2221f47a0fe2d2358\descriptor.bin,PEFormatError: 'DOS Header magic not found.'
C:\Documents and Settings\yukiho\.gradle\caches\modules-2\metadata-2.107\descriptors\org.junit\junit-bom\5.13.4\26c913274550a0b2221f47a0fe2d2358\descriptor.bin,PEFormatError: 'DOS Header magic not found.'
C:\Documents and Settings\yukiho\.gradle\caches\modules-2\metadata-2.107\descriptors\org.junit\junit-bom\5.7.1\26c913274550a0b2221f47a0fe2d2358\descriptor.bin,PEFormatError: 'DOS Header magic not found.'
C:\Documents and Settings\yukiho\.gradle\caches\modules-2\metadata-2.107\descriptors\org.junit\junit-bom\5.7.2\26c913274550a0b2221f47a0fe2d2358\descriptor.bin,PEFormatError: 'DOS Header magic not found.'
C:\Documents and Settings\yukiho\.gradle\caches\modules-2\metadata-2.107\descriptors\org.junit\junit-bom\5.9.0\26c913274550a0b2221f47a0fe2d2358\descriptor.bin,PEFormatError: 'DOS Header magic not found.'
C:\Documents and Settings\yukiho\.gradle\caches\modules-2\metadata-2.107\descriptors\org.junit\junit-bom\5.9.1\26c913274550a0b2221f47a0fe2d2358\descriptor.bin,PEFormatError: 'DOS Header magic not found.'
C:\Documents and Settings\yukiho\.gradle\caches\modules-2\metadata-2.107\descriptors\org.junit\junit-bom\5.9.3\26c913274550a0b2221f47a0fe2d2358\descriptor.bin,PEFormatError: 'DOS Header magic not found.'
C:\Documents and Settings\yukiho\.gradle\caches\modules-2\metadata-2.107\descriptors\org.lwjgl\lwjgl\3.2.2\26c913274550a0b2221f47a0fe2d2358\descriptor.bin,PEFormatError: 'DOS Header magic not found.'
C:\Documents and Settings\yukiho\.gradle\caches\modules-2\metadata-2.107\descriptors\org.lwjgl\lwjgl\3.3.1\26c913274550a0b2221f47a0fe2d2358\descriptor.bin,PEFormatError: 'DOS Header magic not found.'
C:\Documents and Settings\yukiho\.gradle\caches\modules-2\metadata-2.107\descriptors\org.lwjgl\lwjgl\3.3.2\1aabd0c54952056a1ba4cd00590517b0\descriptor.bin,PEFormatError: 'DOS Header magic not found.'
C:\Documents and Settings\yukiho\.gradle\caches\modules-2\metadata-2.107\descriptors\org.lwjgl\lwjgl\3.3.2\26c913274550a0b2221f47a0fe2d2358\descriptor.bin,PEFormatError: 'DOS Header magic not found.'
C:\Documents and Settings\yukiho\.gradle\caches\modules-2\metadata-2.107\descriptors\org.lwjgl\lwjgl\3.3.3\1aabd0c54952056a1ba4cd00590517b0\descriptor.bin,PEFormatError: 'DOS Header magic not found.'
C:\Documents and Settings\yukiho\.gradle\caches\modules-2\metadata-2.107\descriptors\org.lwjgl\lwjgl\3.3.3\26c913274550a0b2221f47a0fe2d2358\descriptor.bin,PEFormatError: 'DOS Header magic not found.'
C:\Documents and Settings\yukiho\.gradle\caches\modules-2\metadata-2.107\descriptors\org.lwjgl\lwjgl\3.3.3\42d5112e53485e9f59b1068dfd734a05\descriptor.bin,PEFormatError: 'DOS Header magic not found.'
C:\Documents and Settings\yukiho\.gradle\caches\modules-2\metadata-2.107\descriptors\org.lwjgl\lwjgl-freetype\3.3.3\1aabd0c54952056a1ba4cd00590517b0\descriptor.bin,PEFormatError: 'DOS Header magic not found.'
C:\Documents and Settings\yukiho\.gradle\caches\modules-2\metadata-2.107\descriptors\org.lwjgl\lwjgl-freetype\3.3.3\26c913274550a0b2221f47a0fe2d2358\descriptor.bin,PEFormatError: 'DOS Header magic not found.'
C:\Documents and Settings\yukiho\.gradle\caches\modules-2\metadata-2.107\descriptors\org.lwjgl\lwjgl-freetype\3.3.3\42d5112e53485e9f59b1068dfd734a05\descriptor.bin,PEFormatError: 'DOS Header magic not found.'
C:\Documents and Settings\yukiho\.gradle\caches\modules-2\metadata-2.107\descriptors\org.lwjgl\lwjgl-glfw\3.2.2\26c913274550a0b2221f47a0fe2d2358\descriptor.bin,PEFormatError: 'DOS Header magic not found.'
C:\Documents and Settings\yukiho\.gradle\caches\modules-2\metadata-2.107\descriptors\org.lwjgl\lwjgl-glfw\3.3.1\26c913274550a0b2221f47a0fe2d2358\descriptor.bin,PEFormatError: 'DOS Header magic not found.'
C:\Documents and Settings\yukiho\.gradle\caches\modules-2\metadata-2.107\descriptors\org.lwjgl\lwjgl-glfw\3.3.2\1aabd0c54952056a1ba4cd00590517b0\descriptor.bin,PEFormatError: 'DOS Header magic not found.'
C:\Documents and Settings\yukiho\.gradle\caches\modules-2\metadata-2.107\descriptors\org.lwjgl\lwjgl-glfw\3.3.2\26c913274550a0b2221f47a0fe2d2358\descriptor.bin,PEFormatError: 'DOS Header magic not found.'
C:\Documents and Settings\yukiho\.gradle\caches\modules-2\metadata-2.107\descriptors\org.lwjgl\lwjgl-glfw\3.3.3\1aabd0c54952056a1ba4cd00590517b0\descriptor.bin,PEFormatError: 'DOS Header magic not found.'
C:\Documents and Settings\yukiho\.gradle\caches\modules-2\metadata-2.107\descriptors\org.lwjgl\lwjgl-glfw\3.3.3\26c913274550a0b2221f47a0fe2d2358\descriptor.bin,PEFormatError: 'DOS Header magic not found.'
C:\Documents and Settings\yukiho\.gradle\caches\modules-2\metadata-2.107\descriptors\org.lwjgl\lwjgl-glfw\3.3.3\42d5112e53485e9f59b1068dfd734a05\descriptor.bin,PEFormatError: 'DOS Header magic not found.'
C:\Documents and Settings\yukiho\.gradle\caches\modules-2\metadata-2.107\descriptors\org.lwjgl\lwjgl-jemalloc\3.2.2\26c913274550a0b2221f47a0fe2d2358\descriptor.bin,PEFormatError: 'DOS Header magic not found.'
C:\Documents and Settings\yukiho\.gradle\caches\modules-2\metadata-2.107\descriptors\org.lwjgl\lwjgl-jemalloc\3.3.1\26c913274550a0b2221f47a0fe2d2358\descriptor.bin,PEFormatError: 'DOS Header magic not found.'
C:\Documents and Settings\yukiho\.gradle\caches\modules-2\metadata-2.107\descriptors\org.lwjgl\lwjgl-jemalloc\3.3.2\1aabd0c54952056a1ba4cd00590517b0\descriptor.bin,PEFormatError: 'DOS Header magic not found.'
C:\Documents and Settings\yukiho\.gradle\caches\modules-2\metadata-2.107\descriptors\org.lwjgl\lwjgl-jemalloc\3.3.2\26c913274550a0b2221f47a0fe2d2358\descriptor.bin,PEFormatError: 'DOS Header magic not found.'
C:\Documents and Settings\yukiho\.gradle\caches\modules-2\metadata-2.107\descriptors\org.lwjgl\lwjgl-jemalloc\3.3.3\1aabd0c54952056a1ba4cd00590517b0\descriptor.bin,PEFormatError: 'DOS Header magic not found.'
C:\Documents and Settings\yukiho\.gradle\caches\modules-2\metadata-2.107\descriptors\org.lwjgl\lwjgl-jemalloc\3.3.3\26c913274550a0b2221f47a0fe2d2358\descriptor.bin,PEFormatError: 'DOS Header magic not found.'
C:\Documents and Settings\yukiho\.gradle\caches\modules-2\metadata-2.107\descriptors\org.lwjgl\lwjgl-jemalloc\3.3.3\42d5112e53485e9f59b1068dfd734a05\descriptor.bin,PEFormatError: 'DOS Header magic not found.'
C:\Documents and Settings\yukiho\.gradle\caches\modules-2\metadata-2.107\descriptors\org.lwjgl\lwjgl-openal\3.2.2\26c913274550a0b2221f47a0fe2d2358\descriptor.bin,PEFormatError: 'DOS Header magic not found.'
C:\Documents and Settings\yukiho\.gradle\caches\modules-2\metadata-2.107\descriptors\org.lwjgl\lwjgl-openal\3.3.1\26c913274550a0b2221f47a0fe2d2358\descriptor.bin,PEFormatError: 'DOS Header magic not found.'
C:\Documents and Settings\yukiho\.gradle\caches\modules-2\metadata-2.107\descriptors\org.lwjgl\lwjgl-openal\3.3.2\1aabd0c54952056a1ba4cd00590517b0\descriptor.bin,PEFormatError: 'DOS Header magic not found.'
C:\Documents and Settings\yukiho\.gradle\caches\modules-2\metadata-2.107\descriptors\org.lwjgl\lwjgl-openal\3.3.2\26c913274550a0b2221f47a0fe2d2358\descriptor.bin,PEFormatError: 'DOS Header magic not found.'
C:\Documents and Settings\yukiho\.gradle\caches\modules-2\metadata-2.107\descriptors\org.lwjgl\lwjgl-openal\3.3.3\1aabd0c54952056a1ba4cd00590517b0\descriptor.bin,PEFormatError: 'DOS Header magic not found.'
C:\Documents and Settings\yukiho\.gradle\caches\modules-2\metadata-2.107\descriptors\org.lwjgl\lwjgl-openal\3.3.3\26c913274550a0b2221f47a0fe2d2358\descriptor.bin,PEFormatError: 'DOS Header magic not found.'
C:\Documents and Settings\yukiho\.gradle\caches\modules-2\metadata-2.107\descriptors\org.lwjgl\lwjgl-openal\3.3.3\42d5112e53485e9f59b1068dfd734a05\descriptor.bin,PEFormatError: 'DOS Header magic not found.'
C:\Documents and Settings\yukiho\.gradle\caches\modules-2\metadata-2.107\descriptors\org.lwjgl\lwjgl-opengl\3.2.2\26c913274550a0b2221f47a0fe2d2358\descriptor.bin,PEFormatError: 'DOS Header magic not found.'
C:\Documents and Settings\yukiho\.gradle\caches\modules-2\metadata-2.107\descriptors\org.lwjgl\lwjgl-opengl\3.3.1\26c913274550a0b2221f47a0fe2d2358\descriptor.bin,PEFormatError: 'DOS Header magic not found.'
C:\Documents and Settings\yukiho\.gradle\caches\modules-2\metadata-2.107\descriptors\org.lwjgl\lwjgl-opengl\3.3.2\1aabd0c54952056a1ba4cd00590517b0\descriptor.bin,PEFormatError: 'DOS Header magic not found.'
C:\Documents and Settings\yukiho\.gradle\caches\modules-2\metadata-2.107\descriptors\org.lwjgl\lwjgl-opengl\3.3.2\26c913274550a0b2221f47a0fe2d2358\descriptor.bin,PEFormatError: 'DOS Header magic not found.'
C:\Documents and Settings\yukiho\.gradle\caches\modules-2\metadata-2.107\descriptors\org.lwjgl\lwjgl-opengl\3.3.3\1aabd0c54952056a1ba4cd00590517b0\descriptor.bin,PEFormatError: 'DOS Header magic not found.'
C:\Documents and Settings\yukiho\.gradle\caches\modules-2\metadata-2.107\descriptors\org.lwjgl\lwjgl-opengl\3.3.3\26c913274550a0b2221f47a0fe2d2358\descriptor.bin,PEFormatError: 'DOS Header magic not found.'
C:\Documents and Settings\yukiho\.gradle\caches\modules-2\metadata-2.107\descriptors\org.lwjgl\lwjgl-opengl\3.3.3\42d5112e53485e9f59b1068dfd734a05\descriptor.bin,PEFormatError: 'DOS Header magic not found.'
C:\Documents and Settings\yukiho\.gradle\caches\modules-2\metadata-2.107\descriptors\org.lwjgl\lwjgl-stb\3.2.2\26c913274550a0b2221f47a0fe2d2358\descriptor.bin,PEFormatError: 'DOS Header magic not found.'
C:\Documents and Settings\yukiho\.gradle\caches\modules-2\metadata-2.107\descriptors\org.lwjgl\lwjgl-stb\3.3.1\26c913274550a0b2221f47a0fe2d2358\descriptor.bin,PEFormatError: 'DOS Header magic not found.'
C:\Documents and Settings\yukiho\.gradle\caches\modules-2\metadata-2.107\descriptors\org.lwjgl\lwjgl-stb\3.3.2\1aabd0c54952056a1ba4cd00590517b0\descriptor.bin,PEFormatError: 'DOS Header magic not found.'
C:\Documents and Settings\yukiho\.gradle\caches\modules-2\metadata-2.107\descriptors\org.lwjgl\lwjgl-stb\3.3.2\26c913274550a0b2221f47a0fe2d2358\descriptor.bin,PEFormatError: 'DOS Header magic not found.'
C:\Documents and Settings\yukiho\.gradle\caches\modules-2\metadata-2.107\descriptors\org.lwjgl\lwjgl-stb\3.3.3\1aabd0c54952056a1ba4cd00590517b0\descriptor.bin,PEFormatError: 'DOS Header magic not found.'
C:\Documents and Settings\yukiho\.gradle\caches\modules-2\metadata-2.107\descriptors\org.lwjgl\lwjgl-stb\3.3.3\26c913274550a0b2221f47a0fe2d2358\descriptor.bin,PEFormatError: 'DOS Header magic not found.'
C:\Documents and Settings\yukiho\.gradle\caches\modules-2\metadata-2.107\descriptors\org.lwjgl\lwjgl-stb\3.3.3\42d5112e53485e9f59b1068dfd734a05\descriptor.bin,PEFormatError: 'DOS Header magic not found.'
C:\Documents and Settings\yukiho\.gradle\caches\modules-2\metadata-2.107\descriptors\org.lwjgl\lwjgl-tinyfd\3.2.2\26c913274550a0b2221f47a0fe2d2358\descriptor.bin,PEFormatError: 'DOS Header magic not found.'
C:\Documents and Settings\yukiho\.gradle\caches\modules-2\metadata-2.107\descriptors\org.lwjgl\lwjgl-tinyfd\3.3.1\26c913274550a0b2221f47a0fe2d2358\descriptor.bin,PEFormatError: 'DOS Header magic not found.'
C:\Documents and Settings\yukiho\.gradle\caches\modules-2\metadata-2.107\descriptors\org.lwjgl\lwjgl-tinyfd\3.3.2\1aabd0c54952056a1ba4cd00590517b0\descriptor.bin,PEFormatError: 'DOS Header magic not found.'
C:\Documents and Settings\yukiho\.gradle\caches\modules-2\metadata-2.107\descriptors\org.lwjgl\lwjgl-tinyfd\3.3.2\26c913274550a0b2221f47a0fe2d2358\descriptor.bin,PEFormatError: 'DOS Header magic not found.'
C:\Documents and Settings\yukiho\.gradle\caches\modules-2\metadata-2.107\descriptors\org.lwjgl\lwjgl-tinyfd\3.3.3\1aabd0c54952056a1ba4cd00590517b0\descriptor.bin,PEFormatError: 'DOS Header magic not found.'
C:\Documents and Settings\yukiho\.gradle\caches\modules-2\metadata-2.107\descriptors\org.lwjgl\lwjgl-tinyfd\3.3.3\26c913274550a0b2221f47a0fe2d2358\descriptor.bin,PEFormatError: 'DOS Header magic not found.'
C:\Documents and Settings\yukiho\.gradle\caches\modules-2\metadata-2.107\descriptors\org.lwjgl\lwjgl-tinyfd\3.3.3\42d5112e53485e9f59b1068dfd734a05\descriptor.bin,PEFormatError: 'DOS Header magic not found.'
C:\Documents and Settings\yukiho\.gradle\caches\modules-2\metadata-2.107\descriptors\org.lz4\lz4-java\1.8.0\1aabd0c54952056a1ba4cd00590517b0\descriptor.bin,PEFormatError: 'DOS Header magic not found.'
C:\Documents and Settings\yukiho\.gradle\caches\modules-2\metadata-2.107\descriptors\org.lz4\lz4-java\1.8.0\26c913274550a0b2221f47a0fe2d2358\descriptor.bin,PEFormatError: 'DOS Header magic not found.'
C:\Documents and Settings\yukiho\.gradle\caches\modules-2\metadata-2.107\descriptors\org.lz4\lz4-java\1.8.0\42d5112e53485e9f59b1068dfd734a05\descriptor.bin,PEFormatError: 'DOS Header magic not found.'
C:\Documents and Settings\yukiho\.gradle\caches\modules-2\metadata-2.107\descriptors\org.mockito\mockito-bom\4.11.0\26c913274550a0b2221f47a0fe2d2358\descriptor.bin,PEFormatError: 'DOS Header magic not found.'
C:\Documents and Settings\yukiho\.gradle\caches\modules-2\metadata-2.107\descriptors\org.ow2\ow2\1.5\26c913274550a0b2221f47a0fe2d2358\descriptor.bin,PEFormatError: 'DOS Header magic not found.'
C:\Documents and Settings\yukiho\.gradle\caches\modules-2\metadata-2.107\descriptors\org.ow2\ow2\1.5.1\26c913274550a0b2221f47a0fe2d2358\descriptor.bin,PEFormatError: 'DOS Header magic not found.'
C:\Documents and Settings\yukiho\.gradle\caches\modules-2\metadata-2.107\descriptors\org.ow2\ow2\1.5.1\2f8748e965ecb2135dad092e9ef808de\descriptor.bin,PEFormatError: 'DOS Header magic not found.'
C:\Documents and Settings\yukiho\.gradle\caches\modules-2\metadata-2.107\descriptors\org.ow2.asm\asm\9.3\c5f7e3fe759bfc29dcb6fc6baddbbc5f\descriptor.bin,PEFormatError: 'DOS Header magic not found.'
C:\Documents and Settings\yukiho\.gradle\caches\modules-2\metadata-2.107\descriptors\org.ow2.asm\asm\9.6\c5f7e3fe759bfc29dcb6fc6baddbbc5f\descriptor.bin,PEFormatError: 'DOS Header magic not found.'
C:\Documents and Settings\yukiho\.gradle\caches\modules-2\metadata-2.107\descriptors\org.ow2.asm\asm\9.8\c5f7e3fe759bfc29dcb6fc6baddbbc5f\descriptor.bin,PEFormatError: 'DOS Header magic not found.'
C:\Documents and Settings\yukiho\.gradle\caches\modules-2\metadata-2.107\descriptors\org.ow2.asm\asm\9.9\c5f7e3fe759bfc29dcb6fc6baddbbc5f\descriptor.bin,PEFormatError: 'DOS Header magic not found.'
C:\Documents and Settings\yukiho\.gradle\caches\modules-2\metadata-2.107\descriptors\org.ow2.asm\asm-analysis\9.8\c5f7e3fe759bfc29dcb6fc6baddbbc5f\descriptor.bin,PEFormatError: 'DOS Header magic not found.'
C:\Documents and Settings\yukiho\.gradle\caches\modules-2\metadata-2.107\descriptors\org.ow2.asm\asm-analysis\9.9\c5f7e3fe759bfc29dcb6fc6baddbbc5f\descriptor.bin,PEFormatError: 'DOS Header magic not found.'
C:\Documents and Settings\yukiho\.gradle\caches\modules-2\metadata-2.107\descriptors\org.ow2.asm\asm-commons\9.8\c5f7e3fe759bfc29dcb6fc6baddbbc5f\descriptor.bin,PEFormatError: 'DOS Header magic not found.'
C:\Documents and Settings\yukiho\.gradle\caches\modules-2\metadata-2.107\descriptors\org.ow2.asm\asm-commons\9.9\c5f7e3fe759bfc29dcb6fc6baddbbc5f\descriptor.bin,PEFormatError: 'DOS Header magic not found.'
C:\Documents and Settings\yukiho\.gradle\caches\modules-2\metadata-2.107\descriptors\org.ow2.asm\asm-tree\9.8\c5f7e3fe759bfc29dcb6fc6baddbbc5f\descriptor.bin,PEFormatError: 'DOS Header magic not found.'
C:\Documents and Settings\yukiho\.gradle\caches\modules-2\metadata-2.107\descriptors\org.ow2.asm\asm-tree\9.9\c5f7e3fe759bfc29dcb6fc6baddbbc5f\descriptor.bin,PEFormatError: 'DOS Header magic not found.'
C:\Documents and Settings\yukiho\.gradle\caches\modules-2\metadata-2.107\descriptors\org.ow2.asm\asm-util\9.8\c5f7e3fe759bfc29dcb6fc6baddbbc5f\descriptor.bin,PEFormatError: 'DOS Header magic not found.'
C:\Documents and Settings\yukiho\.gradle\caches\modules-2\metadata-2.107\descriptors\org.ow2.asm\asm-util\9.9\c5f7e3fe759bfc29dcb6fc6baddbbc5f\descriptor.bin,PEFormatError: 'DOS Header magic not found.'
C:\Documents and Settings\yukiho\.gradle\caches\modules-2\metadata-2.107\descriptors\org.parchmentmc.data\parchment-1.16.5\2022.03.06\19e247dc59863b11bc5bd47bfc7a7a68\descriptor.bin,PEFormatError: 'DOS Header magic not found.'
C:\Documents and Settings\yukiho\.gradle\caches\modules-2\metadata-2.107\descriptors\org.parchmentmc.data\parchment-1.17.1\2021.12.12\19e247dc59863b11bc5bd47bfc7a7a68\descriptor.bin,PEFormatError: 'DOS Header magic not found.'
C:\Documents and Settings\yukiho\.gradle\caches\modules-2\metadata-2.107\descriptors\org.parchmentmc.data\parchment-1.18.2\2022.11.06\19e247dc59863b11bc5bd47bfc7a7a68\descriptor.bin,PEFormatError: 'DOS Header magic not found.'
C:\Documents and Settings\yukiho\.gradle\caches\modules-2\metadata-2.107\descriptors\org.parchmentmc.data\parchment-1.19.4\2023.06.26\19e247dc59863b11bc5bd47bfc7a7a68\descriptor.bin,PEFormatError: 'DOS Header magic not found.'
C:\Documents and Settings\yukiho\.gradle\caches\modules-2\metadata-2.107\descriptors\org.parchmentmc.data\parchment-1.20.1\2023.09.03\19e247dc59863b11bc5bd47bfc7a7a68\descriptor.bin,PEFormatError: 'DOS Header magic not found.'
C:\Documents and Settings\yukiho\.gradle\caches\modules-2\metadata-2.107\descriptors\org.parchmentmc.data\parchment-1.20.2\2023.12.10\19e247dc59863b11bc5bd47bfc7a7a68\descriptor.bin,PEFormatError: 'DOS Header magic not found.'
C:\Documents and Settings\yukiho\.gradle\caches\modules-2\metadata-2.107\descriptors\org.parchmentmc.data\parchment-1.20.4\2024.04.14\19e247dc59863b11bc5bd47bfc7a7a68\descriptor.bin,PEFormatError: 'DOS Header magic not found.'
C:\Documents and Settings\yukiho\.gradle\caches\modules-2\metadata-2.107\descriptors\org.parchmentmc.data\parchment-1.20.6\2024.06.16\19e247dc59863b11bc5bd47bfc7a7a68\descriptor.bin,PEFormatError: 'DOS Header magic not found.'
C:\Documents and Settings\yukiho\.gradle\caches\modules-2\metadata-2.107\descriptors\org.parchmentmc.data\parchment-1.21.1\2024.11.17\19e247dc59863b11bc5bd47bfc7a7a68\descriptor.bin,PEFormatError: 'DOS Header magic not found.'
C:\Documents and Settings\yukiho\.gradle\caches\modules-2\metadata-2.107\descriptors\org.parchmentmc.data\parchment-1.21.10\2025.10.12\19e247dc59863b11bc5bd47bfc7a7a68\descriptor.bin,PEFormatError: 'DOS Header magic not found.'
C:\Documents and Settings\yukiho\.gradle\caches\modules-2\metadata-2.107\descriptors\org.parchmentmc.data\parchment-1.21.11\2025.12.20\19e247dc59863b11bc5bd47bfc7a7a68\descriptor.bin,PEFormatError: 'DOS Header magic not found.'
C:\Documents and Settings\yukiho\.gradle\caches\modules-2\metadata-2.107\descriptors\org.parchmentmc.data\parchment-1.21.3\2024.12.07\19e247dc59863b11bc5bd47bfc7a7a68\descriptor.bin,PEFormatError: 'DOS Header magic not found.'
C:\Documents and Settings\yukiho\.gradle\caches\modules-2\metadata-2.107\descriptors\org.parchmentmc.data\parchment-1.21.4\2025.03.23\19e247dc59863b11bc5bd47bfc7a7a68\descriptor.bin,PEFormatError: 'DOS Header magic not found.'
C:\Documents and Settings\yukiho\.gradle\caches\modules-2\metadata-2.107\descriptors\org.parchmentmc.data\parchment-1.21.5\2025.06.15\19e247dc59863b11bc5bd47bfc7a7a68\descriptor.bin,PEFormatError: 'DOS Header magic not found.'
C:\Documents and Settings\yukiho\.gradle\caches\modules-2\metadata-2.107\descriptors\org.parchmentmc.data\parchment-1.21.8\2025.09.14\19e247dc59863b11bc5bd47bfc7a7a68\descriptor.bin,PEFormatError: 'DOS Header magic not found.'
C:\Documents and Settings\yukiho\.gradle\caches\modules-2\metadata-2.107\descriptors\org.slf4j\slf4j-api\1.8.0-beta4\1aabd0c54952056a1ba4cd00590517b0\descriptor.bin,PEFormatError: 'DOS Header magic not found.'
C:\Documents and Settings\yukiho\.gradle\caches\modules-2\metadata-2.107\descriptors\org.slf4j\slf4j-api\2.0.1\1aabd0c54952056a1ba4cd00590517b0\descriptor.bin,PEFormatError: 'DOS Header magic not found.'
C:\Documents and Settings\yukiho\.gradle\caches\modules-2\metadata-2.107\descriptors\org.slf4j\slf4j-api\2.0.16\1aabd0c54952056a1ba4cd00590517b0\descriptor.bin,PEFormatError: 'DOS Header magic not found.'
C:\Documents and Settings\yukiho\.gradle\caches\modules-2\metadata-2.107\descriptors\org.slf4j\slf4j-api\2.0.16\26c913274550a0b2221f47a0fe2d2358\descriptor.bin,PEFormatError: 'DOS Header magic not found.'
C:\Documents and Settings\yukiho\.gradle\caches\modules-2\metadata-2.107\descriptors\org.slf4j\slf4j-api\2.0.16\42d5112e53485e9f59b1068dfd734a05\descriptor.bin,PEFormatError: 'DOS Header magic not found.'
C:\Documents and Settings\yukiho\.gradle\caches\modules-2\metadata-2.107\descriptors\org.slf4j\slf4j-api\2.0.17\1aabd0c54952056a1ba4cd00590517b0\descriptor.bin,PEFormatError: 'DOS Header magic not found.'
C:\Documents and Settings\yukiho\.gradle\caches\modules-2\metadata-2.107\descriptors\org.slf4j\slf4j-api\2.0.7\1aabd0c54952056a1ba4cd00590517b0\descriptor.bin,PEFormatError: 'DOS Header magic not found.'
C:\Documents and Settings\yukiho\.gradle\caches\modules-2\metadata-2.107\descriptors\org.slf4j\slf4j-api\2.0.9\1aabd0c54952056a1ba4cd00590517b0\descriptor.bin,PEFormatError: 'DOS Header magic not found.'
C:\Documents and Settings\yukiho\.gradle\caches\modules-2\metadata-2.107\descriptors\org.slf4j\slf4j-bom\2.0.16\26c913274550a0b2221f47a0fe2d2358\descriptor.bin,PEFormatError: 'DOS Header magic not found.'
C:\Documents and Settings\yukiho\.gradle\caches\modules-2\metadata-2.107\descriptors\org.slf4j\slf4j-bom\2.0.17\26c913274550a0b2221f47a0fe2d2358\descriptor.bin,PEFormatError: 'DOS Header magic not found.'
C:\Documents and Settings\yukiho\.gradle\caches\modules-2\metadata-2.107\descriptors\org.slf4j\slf4j-bom\2.0.9\26c913274550a0b2221f47a0fe2d2358\descriptor.bin,PEFormatError: 'DOS Header magic not found.'
C:\Documents and Settings\yukiho\.gradle\caches\modules-2\metadata-2.107\descriptors\org.slf4j\slf4j-parent\1.8.0-beta4\26c913274550a0b2221f47a0fe2d2358\descriptor.bin,PEFormatError: 'DOS Header magic not found.'
C:\Documents and Settings\yukiho\.gradle\caches\modules-2\metadata-2.107\descriptors\org.slf4j\slf4j-parent\2.0.1\26c913274550a0b2221f47a0fe2d2358\descriptor.bin,PEFormatError: 'DOS Header magic not found.'
C:\Documents and Settings\yukiho\.gradle\caches\modules-2\metadata-2.107\descriptors\org.slf4j\slf4j-parent\2.0.16\26c913274550a0b2221f47a0fe2d2358\descriptor.bin,PEFormatError: 'DOS Header magic not found.'
C:\Documents and Settings\yukiho\.gradle\caches\modules-2\metadata-2.107\descriptors\org.slf4j\slf4j-parent\2.0.17\26c913274550a0b2221f47a0fe2d2358\descriptor.bin,PEFormatError: 'DOS Header magic not found.'
C:\Documents and Settings\yukiho\.gradle\caches\modules-2\metadata-2.107\descriptors\org.slf4j\slf4j-parent\2.0.7\26c913274550a0b2221f47a0fe2d2358\descriptor.bin,PEFormatError: 'DOS Header magic not found.'
C:\Documents and Settings\yukiho\.gradle\caches\modules-2\metadata-2.107\descriptors\org.slf4j\slf4j-parent\2.0.9\26c913274550a0b2221f47a0fe2d2358\descriptor.bin,PEFormatError: 'DOS Header magic not found.'
C:\Documents and Settings\yukiho\.gradle\caches\modules-2\metadata-2.107\descriptors\org.sonatype.forge\forge-parent\4\26c913274550a0b2221f47a0fe2d2358\descriptor.bin,PEFormatError: 'DOS Header magic not found.'
C:\Documents and Settings\yukiho\.gradle\caches\modules-2\metadata-2.107\descriptors\org.sonatype.oss\oss-parent\7\26c913274550a0b2221f47a0fe2d2358\descriptor.bin,PEFormatError: 'DOS Header magic not found.'
C:\Documents and Settings\yukiho\.gradle\caches\modules-2\metadata-2.107\descriptors\org.sonatype.oss\oss-parent\7\2f8748e965ecb2135dad092e9ef808de\descriptor.bin,PEFormatError: 'DOS Header magic not found.'
C:\Documents and Settings\yukiho\.gradle\caches\modules-2\metadata-2.107\descriptors\org.sonatype.oss\oss-parent\9\26c913274550a0b2221f47a0fe2d2358\descriptor.bin,PEFormatError: 'DOS Header magic not found.'
C:\Documents and Settings\yukiho\.gradle\caches\modules-2\metadata-2.107\descriptors\org.sonatype.oss\oss-parent\9\2f8748e965ecb2135dad092e9ef808de\descriptor.bin,PEFormatError: 'DOS Header magic not found.'
C:\Documents and Settings\yukiho\.gradle\caches\modules-2\metadata-2.107\descriptors\org.sonatype.plexus\plexus-cipher\1.4\26c913274550a0b2221f47a0fe2d2358\descriptor.bin,PEFormatError: 'DOS Header magic not found.'
C:\Documents and Settings\yukiho\.gradle\caches\modules-2\metadata-2.107\descriptors\org.sonatype.plexus\plexus-sec-dispatcher\1.3\26c913274550a0b2221f47a0fe2d2358\descriptor.bin,PEFormatError: 'DOS Header magic not found.'
C:\Documents and Settings\yukiho\.gradle\caches\modules-2\metadata-2.107\descriptors\org.sonatype.spice\spice-parent\12\26c913274550a0b2221f47a0fe2d2358\descriptor.bin,PEFormatError: 'DOS Header magic not found.'
C:\Documents and Settings\yukiho\.gradle\caches\modules-2\metadata-2.107\descriptors\org.springframework\spring-asm\3.1.3.RELEASE\26c913274550a0b2221f47a0fe2d2358\descriptor.bin,PEFormatError: 'DOS Header magic not found.'
C:\Documents and Settings\yukiho\.gradle\caches\modules-2\metadata-2.107\descriptors\org.springframework\spring-core\3.1.3.RELEASE\26c913274550a0b2221f47a0fe2d2358\descriptor.bin,PEFormatError: 'DOS Header magic not found.'
C:\Documents and Settings\yukiho\.gradle\caches\modules-2\metadata-2.107\descriptors\org.springframework\spring-framework-bom\5.3.39\26c913274550a0b2221f47a0fe2d2358\descriptor.bin,PEFormatError: 'DOS Header magic not found.'
C:\Documents and Settings\yukiho\.gradle\caches\modules-2\metadata-2.107\descriptors\org.springframework\spring-parent\3.1.3.RELEASE\26c913274550a0b2221f47a0fe2d2358\descriptor.bin,PEFormatError: 'DOS Header magic not found.'
C:\Documents and Settings\yukiho\.gradle\caches\modules-2\metadata-2.107\descriptors\org.vafer\jdependency\2.14\26c913274550a0b2221f47a0fe2d2358\descriptor.bin,PEFormatError: 'DOS Header magic not found.'
C:\Documents and Settings\yukiho\.gradle\caches\modules-2\metadata-2.107\descriptors\org.vineflower\vineflower\1.11.1\1aabd0c54952056a1ba4cd00590517b0\descriptor.bin,PEFormatError: 'DOS Header magic not found.'
C:\Documents and Settings\yukiho\.gradle\caches\modules-2\metadata-2.107\descriptors\org.vineflower\vineflower\1.11.1\26c913274550a0b2221f47a0fe2d2358\descriptor.bin,PEFormatError: 'DOS Header magic not found.'
C:\Documents and Settings\yukiho\.gradle\caches\modules-2\metadata-2.107\descriptors\org.yaml\snakeyaml\2.2\26c913274550a0b2221f47a0fe2d2358\descriptor.bin,PEFormatError: 'DOS Header magic not found.'
C:\Documents and Settings\yukiho\.gradle\caches\modules-2\metadata-2.107\descriptors\oshi-project\oshi-core\1.1\1aabd0c54952056a1ba4cd00590517b0\descriptor.bin,PEFormatError: 'DOS Header magic not found.'
C:\Documents and Settings\yukiho\.gradle\daemon\8.10.2\registry.bin,PEFormatError: 'DOS Header magic not found.'
C:\Documents and Settings\yukiho\.gradle\daemon\9.1.0\registry.bin,PEFormatError: 'DOS Header magic not found.'
C:\Documents and Settings\yukiho\.gradle\daemon\9.2.1\registry.bin,"PEFormatError: 'Unable to read the DOS Header, possibly a truncated file.'"
C:\Documents and Settings\yukiho\.gradle\daemon\9.4.0\registry.bin,"PEFormatError: 'Unable to read the DOS Header, possibly a truncated file.'"
C:\Documents and Settings\yukiho\.vscode\extensions\ms-vscode.cpptools-1.32.2-win32-x64\bin\api-ms-win-core-file-l1-2-0.dll,"TypeError: int() argument must be a string, a bytes-like object or a real number, not 'NoneType'"
C:\Documents and Settings\yukiho\.vscode\extensions\ms-vscode.cpptools-1.32.2-win32-x64\bin\api-ms-win-core-file-l2-1-0.dll,"TypeError: int() argument must be a string, a bytes-like object or a real number, not 'NoneType'"
C:\Documents and Settings\yukiho\.vscode\extensions\ms-vscode.cpptools-1.32.2-win32-x64\bin\api-ms-win-core-localization-l1-2-0.dll,"TypeError: int() argument must be a string, a bytes-like object or a real number, not 'NoneType'"
C:\Documents and Settings\yukiho\.vscode\extensions\ms-vscode.cpptools-1.32.2-win32-x64\bin\api-ms-win-core-processthreads-l1-1-1.dll,"TypeError: int() argument must be a string, a bytes-like object or a real number, not 'NoneType'"
C:\Documents and Settings\yukiho\.vscode\extensions\ms-vscode.cpptools-1.32.2-win32-x64\bin\api-ms-win-core-synch-l1-2-0.dll,"TypeError: int() argument must be a string, a bytes-like object or a real number, not 'NoneType'"
C:\Documents and Settings\yukiho\.vscode\extensions\ms-vscode.cpptools-1.32.2-win32-x64\bin\api-ms-win-core-timezone-l1-1-0.dll,"TypeError: int() argument must be a string, a bytes-like object or a real number, not 'NoneType'"
C:\Documents and Settings\yukiho\.vscode\extensions\ms-vscode.cpptools-1.32.2-win32-x64\bin\api-ms-win-crt-convert-l1-1-0.dll,"TypeError: int() argument must be a string, a bytes-like object or a real number, not 'NoneType'"
C:\Documents and Settings\yukiho\.vscode\extensions\ms-vscode.cpptools-1.32.2-win32-x64\bin\api-ms-win-crt-environment-l1-1-0.dll,"TypeError: int() argument must be a string, a bytes-like object or a real number, not 'NoneType'"
C:\Documents and Settings\yukiho\.vscode\extensions\ms-vscode.cpptools-1.32.2-win32-x64\bin\api-ms-win-crt-filesystem-l1-1-0.dll,"TypeError: int() argument must be a string, a bytes-like object or a real number, not 'NoneType'"
C:\Documents and Settings\yukiho\.vscode\extensions\ms-vscode.cpptools-1.32.2-win32-x64\bin\api-ms-win-crt-heap-l1-1-0.dll,"TypeError: int() argument must be a string, a bytes-like object or a real number, not 'NoneType'"
C:\Documents and Settings\yukiho\.vscode\extensions\ms-vscode.cpptools-1.32.2-win32-x64\bin\api-ms-win-crt-locale-l1-1-0.dll,"TypeError: int() argument must be a string, a bytes-like object or a real number, not 'NoneType'"
C:\Documents and Settings\yukiho\.vscode\extensions\ms-vscode.cpptools-1.32.2-win32-x64\bin\api-ms-win-crt-math-l1-1-0.dll,"TypeError: int() argument must be a string, a bytes-like object or a real number, not 'NoneType'"
C:\Documents and Settings\yukiho\.vscode\extensions\ms-vscode.cpptools-1.32.2-win32-x64\bin\api-ms-win-crt-multibyte-l1-1-0.dll,"TypeError: int() argument must be a string, a bytes-like object or a real number, not 'NoneType'"
C:\Documents and Settings\yukiho\.vscode\extensions\ms-vscode.cpptools-1.32.2-win32-x64\bin\api-ms-win-crt-runtime-l1-1-0.dll,"TypeError: int() argument must be a string, a bytes-like object or a real number, not 'NoneType'"
C:\Documents and Settings\yukiho\.vscode\extensions\ms-vscode.cpptools-1.32.2-win32-x64\bin\api-ms-win-crt-stdio-l1-1-0.dll,"TypeError: int() argument must be a string, a bytes-like object or a real number, not 'NoneType'"
C:\Documents and Settings\yukiho\.vscode\extensions\ms-vscode.cpptools-1.32.2-win32-x64\bin\api-ms-win-crt-string-l1-1-0.dll,"TypeError: int() argument must be a string, a bytes-like object or a real number, not 'NoneType'"
C:\Documents and Settings\yukiho\.vscode\extensions\ms-vscode.cpptools-1.32.2-win32-x64\bin\api-ms-win-crt-time-l1-1-0.dll,"TypeError: int() argument must be a string, a bytes-like object or a real number, not 'NoneType'"
C:\Documents and Settings\yukiho\.vscode\extensions\ms-vscode.cpptools-1.32.2-win32-x64\bin\api-ms-win-crt-utility-l1-1-0.dll,"TypeError: int() argument must be a string, a bytes-like object or a real number, not 'NoneType'"
C:\Documents and Settings\yukiho\.vscode\extensions\ms-vscode.cpptools-1.32.2-win32-x64\debugAdapters\bin\clretwrc.dll,"TypeError: int() argument must be a string, a bytes-like object or a real number, not 'NoneType'"
C:\Documents and Settings\yukiho\.vscode\extensions\ms-vscode.cpptools-1.32.2-win32-x64\debugAdapters\bin\Microsoft.CSharp.dll,"TypeError: int() argument must be a string, a bytes-like object or a real number, not 'NoneType'"
C:\Documents and Settings\yukiho\.vscode\extensions\ms-vscode.cpptools-1.32.2-win32-x64\debugAdapters\bin\Microsoft.VisualBasic.Core.dll,"TypeError: int() argument must be a string, a bytes-like object or a real number, not 'NoneType'"
C:\Documents and Settings\yukiho\.vscode\extensions\ms-vscode.cpptools-1.32.2-win32-x64\debugAdapters\bin\Microsoft.Win32.Registry.dll,"TypeError: int() argument must be a string, a bytes-like object or a real number, not 'NoneType'"
C:\Documents and Settings\yukiho\.vscode\extensions\ms-vscode.cpptools-1.32.2-win32-x64\debugAdapters\bin\mscorrc.dll,"TypeError: int() argument must be a string, a bytes-like object or a real number, not 'NoneType'"
C:\Documents and Settings\yukiho\.vscode\extensions\ms-vscode.cpptools-1.32.2-win32-x64\debugAdapters\bin\System.Collections.Concurrent.dll,"TypeError: int() argument must be a string, a bytes-like object or a real number, not 'NoneType'"
C:\Documents and Settings\yukiho\.vscode\extensions\ms-vscode.cpptools-1.32.2-win32-x64\debugAdapters\bin\System.Collections.dll,"TypeError: int() argument must be a string, a bytes-like object or a real number, not 'NoneType'"
C:\Documents and Settings\yukiho\.vscode\extensions\ms-vscode.cpptools-1.32.2-win32-x64\debugAdapters\bin\System.Collections.Immutable.dll,"TypeError: int() argument must be a string, a bytes-like object or a real number, not 'NoneType'"
C:\Documents and Settings\yukiho\.vscode\extensions\ms-vscode.cpptools-1.32.2-win32-x64\debugAdapters\bin\System.Collections.NonGeneric.dll,"TypeError: int() argument must be a string, a bytes-like object or a real number, not 'NoneType'"
C:\Documents and Settings\yukiho\.vscode\extensions\ms-vscode.cpptools-1.32.2-win32-x64\debugAdapters\bin\System.Collections.Specialized.dll,"TypeError: int() argument must be a string, a bytes-like object or a real number, not 'NoneType'"
C:\Documents and Settings\yukiho\.vscode\extensions\ms-vscode.cpptools-1.32.2-win32-x64\debugAdapters\bin\System.ComponentModel.Annotations.dll,"TypeError: int() argument must be a string, a bytes-like object or a real number, not 'NoneType'"
C:\Documents and Settings\yukiho\.vscode\extensions\ms-vscode.cpptools-1.32.2-win32-x64\debugAdapters\bin\System.ComponentModel.dll,"TypeError: int() argument must be a string, a bytes-like object or a real number, not 'NoneType'"
C:\Documents and Settings\yukiho\.vscode\extensions\ms-vscode.cpptools-1.32.2-win32-x64\debugAdapters\bin\System.ComponentModel.EventBasedAsync.dll,"TypeError: int() argument must be a string, a bytes-like object or a real number, not 'NoneType'"
C:\Documents and Settings\yukiho\.vscode\extensions\ms-vscode.cpptools-1.32.2-win32-x64\debugAdapters\bin\System.ComponentModel.Primitives.dll,"TypeError: int() argument must be a string, a bytes-like object or a real number, not 'NoneType'"
C:\Documents and Settings\yukiho\.vscode\extensions\ms-vscode.cpptools-1.32.2-win32-x64\debugAdapters\bin\System.ComponentModel.TypeConverter.dll,"TypeError: int() argument must be a string, a bytes-like object or a real number, not 'NoneType'"
C:\Documents and Settings\yukiho\.vscode\extensions\ms-vscode.cpptools-1.32.2-win32-x64\debugAdapters\bin\System.Console.dll,"TypeError: int() argument must be a string, a bytes-like object or a real number, not 'NoneType'"
C:\Documents and Settings\yukiho\.vscode\extensions\ms-vscode.cpptools-1.32.2-win32-x64\debugAdapters\bin\System.Data.Common.dll,"TypeError: int() argument must be a string, a bytes-like object or a real number, not 'NoneType'"
C:\Documents and Settings\yukiho\.vscode\extensions\ms-vscode.cpptools-1.32.2-win32-x64\debugAdapters\bin\System.Diagnostics.DiagnosticSource.dll,"TypeError: int() argument must be a string, a bytes-like object or a real number, not 'NoneType'"
C:\Documents and Settings\yukiho\.vscode\extensions\ms-vscode.cpptools-1.32.2-win32-x64\debugAdapters\bin\System.Diagnostics.FileVersionInfo.dll,"TypeError: int() argument must be a string, a bytes-like object or a real number, not 'NoneType'"
C:\Documents and Settings\yukiho\.vscode\extensions\ms-vscode.cpptools-1.32.2-win32-x64\debugAdapters\bin\System.Diagnostics.Process.dll,"TypeError: int() argument must be a string, a bytes-like object or a real number, not 'NoneType'"
C:\Documents and Settings\yukiho\.vscode\extensions\ms-vscode.cpptools-1.32.2-win32-x64\debugAdapters\bin\System.Diagnostics.StackTrace.dll,"TypeError: int() argument must be a string, a bytes-like object or a real number, not 'NoneType'"
C:\Documents and Settings\yukiho\.vscode\extensions\ms-vscode.cpptools-1.32.2-win32-x64\debugAdapters\bin\System.Diagnostics.TextWriterTraceListener.dll,"TypeError: int() argument must be a string, a bytes-like object or a real number, not 'NoneType'"
C:\Documents and Settings\yukiho\.vscode\extensions\ms-vscode.cpptools-1.32.2-win32-x64\debugAdapters\bin\System.Diagnostics.TraceSource.dll,"TypeError: int() argument must be a string, a bytes-like object or a real number, not 'NoneType'"
C:\Documents and Settings\yukiho\.vscode\extensions\ms-vscode.cpptools-1.32.2-win32-x64\debugAdapters\bin\System.Drawing.Primitives.dll,"TypeError: int() argument must be a string, a bytes-like object or a real number, not 'NoneType'"
C:\Documents and Settings\yukiho\.vscode\extensions\ms-vscode.cpptools-1.32.2-win32-x64\debugAdapters\bin\System.Formats.Asn1.dll,"TypeError: int() argument must be a string, a bytes-like object or a real number, not 'NoneType'"
C:\Documents and Settings\yukiho\.vscode\extensions\ms-vscode.cpptools-1.32.2-win32-x64\debugAdapters\bin\System.Formats.Tar.dll,"TypeError: int() argument must be a string, a bytes-like object or a real number, not 'NoneType'"
C:\Documents and Settings\yukiho\.vscode\extensions\ms-vscode.cpptools-1.32.2-win32-x64\debugAdapters\bin\System.IO.Compression.Brotli.dll,"TypeError: int() argument must be a string, a bytes-like object or a real number, not 'NoneType'"
C:\Documents and Settings\yukiho\.vscode\extensions\ms-vscode.cpptools-1.32.2-win32-x64\debugAdapters\bin\System.IO.Compression.dll,"TypeError: int() argument must be a string, a bytes-like object or a real number, not 'NoneType'"
C:\Documents and Settings\yukiho\.vscode\extensions\ms-vscode.cpptools-1.32.2-win32-x64\debugAdapters\bin\System.IO.Compression.ZipFile.dll,"TypeError: int() argument must be a string, a bytes-like object or a real number, not 'NoneType'"
C:\Documents and Settings\yukiho\.vscode\extensions\ms-vscode.cpptools-1.32.2-win32-x64\debugAdapters\bin\System.IO.FileSystem.AccessControl.dll,"TypeError: int() argument must be a string, a bytes-like object or a real number, not 'NoneType'"
C:\Documents and Settings\yukiho\.vscode\extensions\ms-vscode.cpptools-1.32.2-win32-x64\debugAdapters\bin\System.IO.FileSystem.DriveInfo.dll,"TypeError: int() argument must be a string, a bytes-like object or a real number, not 'NoneType'"
C:\Documents and Settings\yukiho\.vscode\extensions\ms-vscode.cpptools-1.32.2-win32-x64\debugAdapters\bin\System.IO.FileSystem.Watcher.dll,"TypeError: int() argument must be a string, a bytes-like object or a real number, not 'NoneType'"
C:\Documents and Settings\yukiho\.vscode\extensions\ms-vscode.cpptools-1.32.2-win32-x64\debugAdapters\bin\System.IO.IsolatedStorage.dll,"TypeError: int() argument must be a string, a bytes-like object or a real number, not 'NoneType'"
C:\Documents and Settings\yukiho\.vscode\extensions\ms-vscode.cpptools-1.32.2-win32-x64\debugAdapters\bin\System.IO.MemoryMappedFiles.dll,"TypeError: int() argument must be a string, a bytes-like object or a real number, not 'NoneType'"
C:\Documents and Settings\yukiho\.vscode\extensions\ms-vscode.cpptools-1.32.2-win32-x64\debugAdapters\bin\System.IO.Pipes.dll,"TypeError: int() argument must be a string, a bytes-like object or a real number, not 'NoneType'"
C:\Documents and Settings\yukiho\.vscode\extensions\ms-vscode.cpptools-1.32.2-win32-x64\debugAdapters\bin\System.Linq.dll,"TypeError: int() argument must be a string, a bytes-like object or a real number, not 'NoneType'"
C:\Documents and Settings\yukiho\.vscode\extensions\ms-vscode.cpptools-1.32.2-win32-x64\debugAdapters\bin\System.Linq.Expressions.dll,"TypeError: int() argument must be a string, a bytes-like object or a real number, not 'NoneType'"
C:\Documents and Settings\yukiho\.vscode\extensions\ms-vscode.cpptools-1.32.2-win32-x64\debugAdapters\bin\System.Linq.Parallel.dll,"TypeError: int() argument must be a string, a bytes-like object or a real number, not 'NoneType'"
C:\Documents and Settings\yukiho\.vscode\extensions\ms-vscode.cpptools-1.32.2-win32-x64\debugAdapters\bin\System.Linq.Queryable.dll,"TypeError: int() argument must be a string, a bytes-like object or a real number, not 'NoneType'"
C:\Documents and Settings\yukiho\.vscode\extensions\ms-vscode.cpptools-1.32.2-win32-x64\debugAdapters\bin\System.Memory.dll,"TypeError: int() argument must be a string, a bytes-like object or a real number, not 'NoneType'"
C:\Documents and Settings\yukiho\.vscode\extensions\ms-vscode.cpptools-1.32.2-win32-x64\debugAdapters\bin\System.Net.Http.dll,"TypeError: int() argument must be a string, a bytes-like object or a real number, not 'NoneType'"
C:\Documents and Settings\yukiho\.vscode\extensions\ms-vscode.cpptools-1.32.2-win32-x64\debugAdapters\bin\System.Net.Http.Json.dll,"TypeError: int() argument must be a string, a bytes-like object or a real number, not 'NoneType'"
C:\Documents and Settings\yukiho\.vscode\extensions\ms-vscode.cpptools-1.32.2-win32-x64\debugAdapters\bin\System.Net.HttpListener.dll,"TypeError: int() argument must be a string, a bytes-like object or a real number, not 'NoneType'"
C:\Documents and Settings\yukiho\.vscode\extensions\ms-vscode.cpptools-1.32.2-win32-x64\debugAdapters\bin\System.Net.Mail.dll,"TypeError: int() argument must be a string, a bytes-like object or a real number, not 'NoneType'"
C:\Documents and Settings\yukiho\.vscode\extensions\ms-vscode.cpptools-1.32.2-win32-x64\debugAdapters\bin\System.Net.NameResolution.dll,"TypeError: int() argument must be a string, a bytes-like object or a real number, not 'NoneType'"
C:\Documents and Settings\yukiho\.vscode\extensions\ms-vscode.cpptools-1.32.2-win32-x64\debugAdapters\bin\System.Net.NetworkInformation.dll,"TypeError: int() argument must be a string, a bytes-like object or a real number, not 'NoneType'"
C:\Documents and Settings\yukiho\.vscode\extensions\ms-vscode.cpptools-1.32.2-win32-x64\debugAdapters\bin\System.Net.Ping.dll,"TypeError: int() argument must be a string, a bytes-like object or a real number, not 'NoneType'"
C:\Documents and Settings\yukiho\.vscode\extensions\ms-vscode.cpptools-1.32.2-win32-x64\debugAdapters\bin\System.Net.Primitives.dll,"TypeError: int() argument must be a string, a bytes-like object or a real number, not 'NoneType'"
C:\Documents and Settings\yukiho\.vscode\extensions\ms-vscode.cpptools-1.32.2-win32-x64\debugAdapters\bin\System.Net.Quic.dll,"TypeError: int() argument must be a string, a bytes-like object or a real number, not 'NoneType'"
C:\Documents and Settings\yukiho\.vscode\extensions\ms-vscode.cpptools-1.32.2-win32-x64\debugAdapters\bin\System.Net.Requests.dll,"TypeError: int() argument must be a string, a bytes-like object or a real number, not 'NoneType'"
C:\Documents and Settings\yukiho\.vscode\extensions\ms-vscode.cpptools-1.32.2-win32-x64\debugAdapters\bin\System.Net.Security.dll,"TypeError: int() argument must be a string, a bytes-like object or a real number, not 'NoneType'"
C:\Documents and Settings\yukiho\.vscode\extensions\ms-vscode.cpptools-1.32.2-win32-x64\debugAdapters\bin\System.Net.ServicePoint.dll,"TypeError: int() argument must be a string, a bytes-like object or a real number, not 'NoneType'"
C:\Documents and Settings\yukiho\.vscode\extensions\ms-vscode.cpptools-1.32.2-win32-x64\debugAdapters\bin\System.Net.Sockets.dll,"TypeError: int() argument must be a string, a bytes-like object or a real number, not 'NoneType'"
C:\Documents and Settings\yukiho\.vscode\extensions\ms-vscode.cpptools-1.32.2-win32-x64\debugAdapters\bin\System.Net.WebClient.dll,"TypeError: int() argument must be a string, a bytes-like object or a real number, not 'NoneType'"
C:\Documents and Settings\yukiho\.vscode\extensions\ms-vscode.cpptools-1.32.2-win32-x64\debugAdapters\bin\System.Net.WebHeaderCollection.dll,"TypeError: int() argument must be a string, a bytes-like object or a real number, not 'NoneType'"
C:\Documents and Settings\yukiho\.vscode\extensions\ms-vscode.cpptools-1.32.2-win32-x64\debugAdapters\bin\System.Net.WebProxy.dll,"TypeError: int() argument must be a string, a bytes-like object or a real number, not 'NoneType'"
C:\Documents and Settings\yukiho\.vscode\extensions\ms-vscode.cpptools-1.32.2-win32-x64\debugAdapters\bin\System.Net.WebSockets.Client.dll,"TypeError: int() argument must be a string, a bytes-like object or a real number, not 'NoneType'"
C:\Documents and Settings\yukiho\.vscode\extensions\ms-vscode.cpptools-1.32.2-win32-x64\debugAdapters\bin\System.Net.WebSockets.dll,"TypeError: int() argument must be a string, a bytes-like object or a real number, not 'NoneType'"
C:\Documents and Settings\yukiho\.vscode\extensions\ms-vscode.cpptools-1.32.2-win32-x64\debugAdapters\bin\System.ObjectModel.dll,"TypeError: int() argument must be a string, a bytes-like object or a real number, not 'NoneType'"
C:\Documents and Settings\yukiho\.vscode\extensions\ms-vscode.cpptools-1.32.2-win32-x64\debugAdapters\bin\System.Private.CoreLib.dll,"TypeError: int() argument must be a string, a bytes-like object or a real number, not 'NoneType'"
C:\Documents and Settings\yukiho\.vscode\extensions\ms-vscode.cpptools-1.32.2-win32-x64\debugAdapters\bin\System.Private.DataContractSerialization.dll,"TypeError: int() argument must be a string, a bytes-like object or a real number, not 'NoneType'"
C:\Documents and Settings\yukiho\.vscode\extensions\ms-vscode.cpptools-1.32.2-win32-x64\debugAdapters\bin\System.Private.Uri.dll,"TypeError: int() argument must be a string, a bytes-like object or a real number, not 'NoneType'"
C:\Documents and Settings\yukiho\.vscode\extensions\ms-vscode.cpptools-1.32.2-win32-x64\debugAdapters\bin\System.Private.Xml.dll,"TypeError: int() argument must be a string, a bytes-like object or a real number, not 'NoneType'"
C:\Documents and Settings\yukiho\.vscode\extensions\ms-vscode.cpptools-1.32.2-win32-x64\debugAdapters\bin\System.Private.Xml.Linq.dll,"TypeError: int() argument must be a string, a bytes-like object or a real number, not 'NoneType'"
C:\Documents and Settings\yukiho\.vscode\extensions\ms-vscode.cpptools-1.32.2-win32-x64\debugAdapters\bin\System.Reflection.DispatchProxy.dll,"TypeError: int() argument must be a string, a bytes-like object or a real number, not 'NoneType'"
C:\Documents and Settings\yukiho\.vscode\extensions\ms-vscode.cpptools-1.32.2-win32-x64\debugAdapters\bin\System.Reflection.Emit.dll,"TypeError: int() argument must be a string, a bytes-like object or a real number, not 'NoneType'"
C:\Documents and Settings\yukiho\.vscode\extensions\ms-vscode.cpptools-1.32.2-win32-x64\debugAdapters\bin\System.Reflection.Metadata.dll,"TypeError: int() argument must be a string, a bytes-like object or a real number, not 'NoneType'"
C:\Documents and Settings\yukiho\.vscode\extensions\ms-vscode.cpptools-1.32.2-win32-x64\debugAdapters\bin\System.Reflection.TypeExtensions.dll,"TypeError: int() argument must be a string, a bytes-like object or a real number, not 'NoneType'"
C:\Documents and Settings\yukiho\.vscode\extensions\ms-vscode.cpptools-1.32.2-win32-x64\debugAdapters\bin\System.Resources.Writer.dll,"TypeError: int() argument must be a string, a bytes-like object or a real number, not 'NoneType'"
C:\Documents and Settings\yukiho\.vscode\extensions\ms-vscode.cpptools-1.32.2-win32-x64\debugAdapters\bin\System.Runtime.CompilerServices.VisualC.dll,"TypeError: int() argument must be a string, a bytes-like object or a real number, not 'NoneType'"
C:\Documents and Settings\yukiho\.vscode\extensions\ms-vscode.cpptools-1.32.2-win32-x64\debugAdapters\bin\System.Runtime.InteropServices.dll,"TypeError: int() argument must be a string, a bytes-like object or a real number, not 'NoneType'"
C:\Documents and Settings\yukiho\.vscode\extensions\ms-vscode.cpptools-1.32.2-win32-x64\debugAdapters\bin\System.Runtime.InteropServices.JavaScript.dll,"TypeError: int() argument must be a string, a bytes-like object or a real number, not 'NoneType'"
C:\Documents and Settings\yukiho\.vscode\extensions\ms-vscode.cpptools-1.32.2-win32-x64\debugAdapters\bin\System.Runtime.Numerics.dll,"TypeError: int() argument must be a string, a bytes-like object or a real number, not 'NoneType'"
C:\Documents and Settings\yukiho\.vscode\extensions\ms-vscode.cpptools-1.32.2-win32-x64\debugAdapters\bin\System.Runtime.Serialization.Formatters.dll,"TypeError: int() argument must be a string, a bytes-like object or a real number, not 'NoneType'"
C:\Documents and Settings\yukiho\.vscode\extensions\ms-vscode.cpptools-1.32.2-win32-x64\debugAdapters\bin\System.Runtime.Serialization.Primitives.dll,"TypeError: int() argument must be a string, a bytes-like object or a real number, not 'NoneType'"
C:\Documents and Settings\yukiho\.vscode\extensions\ms-vscode.cpptools-1.32.2-win32-x64\debugAdapters\bin\System.Security.AccessControl.dll,"TypeError: int() argument must be a string, a bytes-like object or a real number, not 'NoneType'"
C:\Documents and Settings\yukiho\.vscode\extensions\ms-vscode.cpptools-1.32.2-win32-x64\debugAdapters\bin\System.Security.Claims.dll,"TypeError: int() argument must be a string, a bytes-like object or a real number, not 'NoneType'"
C:\Documents and Settings\yukiho\.vscode\extensions\ms-vscode.cpptools-1.32.2-win32-x64\debugAdapters\bin\System.Security.Cryptography.dll,"TypeError: int() argument must be a string, a bytes-like object or a real number, not 'NoneType'"
C:\Documents and Settings\yukiho\.vscode\extensions\ms-vscode.cpptools-1.32.2-win32-x64\debugAdapters\bin\System.Security.Principal.Windows.dll,"TypeError: int() argument must be a string, a bytes-like object or a real number, not 'NoneType'"
C:\Documents and Settings\yukiho\.vscode\extensions\ms-vscode.cpptools-1.32.2-win32-x64\debugAdapters\bin\System.Text.Encoding.CodePages.dll,"TypeError: int() argument must be a string, a bytes-like object or a real number, not 'NoneType'"
C:\Documents and Settings\yukiho\.vscode\extensions\ms-vscode.cpptools-1.32.2-win32-x64\debugAdapters\bin\System.Text.Encodings.Web.dll,"TypeError: int() argument must be a string, a bytes-like object or a real number, not 'NoneType'"
C:\Documents and Settings\yukiho\.vscode\extensions\ms-vscode.cpptools-1.32.2-win32-x64\debugAdapters\bin\System.Text.Json.dll,"TypeError: int() argument must be a string, a bytes-like object or a real number, not 'NoneType'"
C:\Documents and Settings\yukiho\.vscode\extensions\ms-vscode.cpptools-1.32.2-win32-x64\debugAdapters\bin\System.Text.RegularExpressions.dll,"TypeError: int() argument must be a string, a bytes-like object or a real number, not 'NoneType'"
C:\Documents and Settings\yukiho\.vscode\extensions\ms-vscode.cpptools-1.32.2-win32-x64\debugAdapters\bin\System.Threading.Channels.dll,"TypeError: int() argument must be a string, a bytes-like object or a real number, not 'NoneType'"
C:\Documents and Settings\yukiho\.vscode\extensions\ms-vscode.cpptools-1.32.2-win32-x64\debugAdapters\bin\System.Threading.dll,"TypeError: int() argument must be a string, a bytes-like object or a real number, not 'NoneType'"
C:\Documents and Settings\yukiho\.vscode\extensions\ms-vscode.cpptools-1.32.2-win32-x64\debugAdapters\bin\System.Threading.Tasks.Dataflow.dll,"TypeError: int() argument must be a string, a bytes-like object or a real number, not 'NoneType'"
C:\Documents and Settings\yukiho\.vscode\extensions\ms-vscode.cpptools-1.32.2-win32-x64\debugAdapters\bin\System.Threading.Tasks.Parallel.dll,"TypeError: int() argument must be a string, a bytes-like object or a real number, not 'NoneType'"
C:\Documents and Settings\yukiho\.vscode\extensions\ms-vscode.cpptools-1.32.2-win32-x64\debugAdapters\bin\System.Transactions.Local.dll,"TypeError: int() argument must be a string, a bytes-like object or a real number, not 'NoneType'"
C:\Documents and Settings\yukiho\.vscode\extensions\ms-vscode.cpptools-1.32.2-win32-x64\debugAdapters\bin\System.Web.HttpUtility.dll,"TypeError: int() argument must be a string, a bytes-like object or a real number, not 'NoneType'"
C:\Documents and Settings\yukiho\.vscode\extensions\ms-vscode.cpptools-1.32.2-win32-x64\debugAdapters\bin\System.Xml.XPath.XDocument.dll,"TypeError: int() argument must be a string, a bytes-like object or a real number, not 'NoneType'"
C:\Documents and Settings\yukiho\.vscode\extensions\ms-vscode.cpptools-1.32.2-win32-x64\debugAdapters\vsdbg\bin\api-ms-win-core-console-l1-1-0.dll,"TypeError: int() argument must be a string, a bytes-like object or a real number, not 'NoneType'"
C:\Documents and Settings\yukiho\.vscode\extensions\ms-vscode.cpptools-1.32.2-win32-x64\debugAdapters\vsdbg\bin\api-ms-win-core-console-l1-2-0.dll,"TypeError: int() argument must be a string, a bytes-like object or a real number, not 'NoneType'"
C:\Documents and Settings\yukiho\.vscode\extensions\ms-vscode.cpptools-1.32.2-win32-x64\debugAdapters\vsdbg\bin\api-ms-win-core-datetime-l1-1-0.dll,"TypeError: int() argument must be a string, a bytes-like object or a real number, not 'NoneType'"
C:\Documents and Settings\yukiho\.vscode\extensions\ms-vscode.cpptools-1.32.2-win32-x64\debugAdapters\vsdbg\bin\api-ms-win-core-debug-l1-1-0.dll,"TypeError: int() argument must be a string, a bytes-like object or a real number, not 'NoneType'"
C:\Documents and Settings\yukiho\.vscode\extensions\ms-vscode.cpptools-1.32.2-win32-x64\debugAdapters\vsdbg\bin\api-ms-win-core-errorhandling-l1-1-0.dll,"TypeError: int() argument must be a string, a bytes-like object or a real number, not 'NoneType'"
C:\Documents and Settings\yukiho\.vscode\extensions\ms-vscode.cpptools-1.32.2-win32-x64\debugAdapters\vsdbg\bin\api-ms-win-core-fibers-l1-1-0.dll,"TypeError: int() argument must be a string, a bytes-like object or a real number, not 'NoneType'"
C:\Documents and Settings\yukiho\.vscode\extensions\ms-vscode.cpptools-1.32.2-win32-x64\debugAdapters\vsdbg\bin\api-ms-win-core-file-l1-1-0.dll,"TypeError: int() argument must be a string, a bytes-like object or a real number, not 'NoneType'"
C:\Documents and Settings\yukiho\.vscode\extensions\ms-vscode.cpptools-1.32.2-win32-x64\debugAdapters\vsdbg\bin\api-ms-win-core-file-l1-2-0.dll,"TypeError: int() argument must be a string, a bytes-like object or a real number, not 'NoneType'"
C:\Documents and Settings\yukiho\.vscode\extensions\ms-vscode.cpptools-1.32.2-win32-x64\debugAdapters\vsdbg\bin\api-ms-win-core-file-l2-1-0.dll,"TypeError: int() argument must be a string, a bytes-like object or a real number, not 'NoneType'"
C:\Documents and Settings\yukiho\.vscode\extensions\ms-vscode.cpptools-1.32.2-win32-x64\debugAdapters\vsdbg\bin\api-ms-win-core-handle-l1-1-0.dll,"TypeError: int() argument must be a string, a bytes-like object or a real number, not 'NoneType'"
C:\Documents and Settings\yukiho\.vscode\extensions\ms-vscode.cpptools-1.32.2-win32-x64\debugAdapters\vsdbg\bin\api-ms-win-core-heap-l1-1-0.dll,"TypeError: int() argument must be a string, a bytes-like object or a real number, not 'NoneType'"
C:\Documents and Settings\yukiho\.vscode\extensions\ms-vscode.cpptools-1.32.2-win32-x64\debugAdapters\vsdbg\bin\api-ms-win-core-interlocked-l1-1-0.dll,"TypeError: int() argument must be a string, a bytes-like object or a real number, not 'NoneType'"
C:\Documents and Settings\yukiho\.vscode\extensions\ms-vscode.cpptools-1.32.2-win32-x64\debugAdapters\vsdbg\bin\api-ms-win-core-libraryloader-l1-1-0.dll,"TypeError: int() argument must be a string, a bytes-like object or a real number, not 'NoneType'"
C:\Documents and Settings\yukiho\.vscode\extensions\ms-vscode.cpptools-1.32.2-win32-x64\debugAdapters\vsdbg\bin\api-ms-win-core-localization-l1-2-0.dll,"TypeError: int() argument must be a string, a bytes-like object or a real number, not 'NoneType'"
C:\Documents and Settings\yukiho\.vscode\extensions\ms-vscode.cpptools-1.32.2-win32-x64\debugAdapters\vsdbg\bin\api-ms-win-core-memory-l1-1-0.dll,"TypeError: int() argument must be a string, a bytes-like object or a real number, not 'NoneType'"
C:\Documents and Settings\yukiho\.vscode\extensions\ms-vscode.cpptools-1.32.2-win32-x64\debugAdapters\vsdbg\bin\api-ms-win-core-namedpipe-l1-1-0.dll,"TypeError: int() argument must be a string, a bytes-like object or a real number, not 'NoneType'"
C:\Documents and Settings\yukiho\.vscode\extensions\ms-vscode.cpptools-1.32.2-win32-x64\debugAdapters\vsdbg\bin\api-ms-win-core-processenvironment-l1-1-0.dll,"TypeError: int() argument must be a string, a bytes-like object or a real number, not 'NoneType'"
C:\Documents and Settings\yukiho\.vscode\extensions\ms-vscode.cpptools-1.32.2-win32-x64\debugAdapters\vsdbg\bin\api-ms-win-core-processthreads-l1-1-0.dll,"TypeError: int() argument must be a string, a bytes-like object or a real number, not 'NoneType'"
C:\Documents and Settings\yukiho\.vscode\extensions\ms-vscode.cpptools-1.32.2-win32-x64\debugAdapters\vsdbg\bin\api-ms-win-core-processthreads-l1-1-1.dll,"TypeError: int() argument must be a string, a bytes-like object or a real number, not 'NoneType'"
C:\Documents and Settings\yukiho\.vscode\extensions\ms-vscode.cpptools-1.32.2-win32-x64\debugAdapters\vsdbg\bin\api-ms-win-core-profile-l1-1-0.dll,"TypeError: int() argument must be a string, a bytes-like object or a real number, not 'NoneType'"
C:\Documents and Settings\yukiho\.vscode\extensions\ms-vscode.cpptools-1.32.2-win32-x64\debugAdapters\vsdbg\bin\api-ms-win-core-rtlsupport-l1-1-0.dll,"TypeError: int() argument must be a string, a bytes-like object or a real number, not 'NoneType'"
C:\Documents and Settings\yukiho\.vscode\extensions\ms-vscode.cpptools-1.32.2-win32-x64\debugAdapters\vsdbg\bin\api-ms-win-core-string-l1-1-0.dll,"TypeError: int() argument must be a string, a bytes-like object or a real number, not 'NoneType'"
C:\Documents and Settings\yukiho\.vscode\extensions\ms-vscode.cpptools-1.32.2-win32-x64\debugAdapters\vsdbg\bin\api-ms-win-core-synch-l1-1-0.dll,"TypeError: int() argument must be a string, a bytes-like object or a real number, not 'NoneType'"
C:\Documents and Settings\yukiho\.vscode\extensions\ms-vscode.cpptools-1.32.2-win32-x64\debugAdapters\vsdbg\bin\api-ms-win-core-synch-l1-2-0.dll,"TypeError: int() argument must be a string, a bytes-like object or a real number, not 'NoneType'"
C:\Documents and Settings\yukiho\.vscode\extensions\ms-vscode.cpptools-1.32.2-win32-x64\debugAdapters\vsdbg\bin\api-ms-win-core-sysinfo-l1-1-0.dll,"TypeError: int() argument must be a string, a bytes-like object or a real number, not 'NoneType'"
C:\Documents and Settings\yukiho\.vscode\extensions\ms-vscode.cpptools-1.32.2-win32-x64\debugAdapters\vsdbg\bin\api-ms-win-core-timezone-l1-1-0.dll,"TypeError: int() argument must be a string, a bytes-like object or a real number, not 'NoneType'"
C:\Documents and Settings\yukiho\.vscode\extensions\ms-vscode.cpptools-1.32.2-win32-x64\debugAdapters\vsdbg\bin\api-ms-win-core-util-l1-1-0.dll,"TypeError: int() argument must be a string, a bytes-like object or a real number, not 'NoneType'"
C:\Documents and Settings\yukiho\.vscode\extensions\ms-vscode.cpptools-1.32.2-win32-x64\debugAdapters\vsdbg\bin\api-ms-win-crt-conio-l1-1-0.dll,"TypeError: int() argument must be a string, a bytes-like object or a real number, not 'NoneType'"
C:\Documents and Settings\yukiho\.vscode\extensions\ms-vscode.cpptools-1.32.2-win32-x64\debugAdapters\vsdbg\bin\api-ms-win-crt-convert-l1-1-0.dll,"TypeError: int() argument must be a string, a bytes-like object or a real number, not 'NoneType'"
C:\Documents and Settings\yukiho\.vscode\extensions\ms-vscode.cpptools-1.32.2-win32-x64\debugAdapters\vsdbg\bin\api-ms-win-crt-environment-l1-1-0.dll,"TypeError: int() argument must be a string, a bytes-like object or a real number, not 'NoneType'"
C:\Documents and Settings\yukiho\.vscode\extensions\ms-vscode.cpptools-1.32.2-win32-x64\debugAdapters\vsdbg\bin\api-ms-win-crt-filesystem-l1-1-0.dll,"TypeError: int() argument must be a string, a bytes-like object or a real number, not 'NoneType'"
C:\Documents and Settings\yukiho\.vscode\extensions\ms-vscode.cpptools-1.32.2-win32-x64\debugAdapters\vsdbg\bin\api-ms-win-crt-heap-l1-1-0.dll,"TypeError: int() argument must be a string, a bytes-like object or a real number, not 'NoneType'"
C:\Documents and Settings\yukiho\.vscode\extensions\ms-vscode.cpptools-1.32.2-win32-x64\debugAdapters\vsdbg\bin\api-ms-win-crt-locale-l1-1-0.dll,"TypeError: int() argument must be a string, a bytes-like object or a real number, not 'NoneType'"
C:\Documents and Settings\yukiho\.vscode\extensions\ms-vscode.cpptools-1.32.2-win32-x64\debugAdapters\vsdbg\bin\api-ms-win-crt-math-l1-1-0.dll,"TypeError: int() argument must be a string, a bytes-like object or a real number, not 'NoneType'"
C:\Documents and Settings\yukiho\.vscode\extensions\ms-vscode.cpptools-1.32.2-win32-x64\debugAdapters\vsdbg\bin\api-ms-win-crt-multibyte-l1-1-0.dll,"TypeError: int() argument must be a string, a bytes-like object or a real number, not 'NoneType'"
C:\Documents and Settings\yukiho\.vscode\extensions\ms-vscode.cpptools-1.32.2-win32-x64\debugAdapters\vsdbg\bin\api-ms-win-crt-private-l1-1-0.dll,"TypeError: int() argument must be a string, a bytes-like object or a real number, not 'NoneType'"
C:\Documents and Settings\yukiho\.vscode\extensions\ms-vscode.cpptools-1.32.2-win32-x64\debugAdapters\vsdbg\bin\api-ms-win-crt-process-l1-1-0.dll,"TypeError: int() argument must be a string, a bytes-like object or a real number, not 'NoneType'"
C:\Documents and Settings\yukiho\.vscode\extensions\ms-vscode.cpptools-1.32.2-win32-x64\debugAdapters\vsdbg\bin\api-ms-win-crt-runtime-l1-1-0.dll,"TypeError: int() argument must be a string, a bytes-like object or a real number, not 'NoneType'"
C:\Documents and Settings\yukiho\.vscode\extensions\ms-vscode.cpptools-1.32.2-win32-x64\debugAdapters\vsdbg\bin\api-ms-win-crt-stdio-l1-1-0.dll,"TypeError: int() argument must be a string, a bytes-like object or a real number, not 'NoneType'"
C:\Documents and Settings\yukiho\.vscode\extensions\ms-vscode.cpptools-1.32.2-win32-x64\debugAdapters\vsdbg\bin\api-ms-win-crt-string-l1-1-0.dll,"TypeError: int() argument must be a string, a bytes-like object or a real number, not 'NoneType'"
C:\Documents and Settings\yukiho\.vscode\extensions\ms-vscode.cpptools-1.32.2-win32-x64\debugAdapters\vsdbg\bin\api-ms-win-crt-time-l1-1-0.dll,"TypeError: int() argument must be a string, a bytes-like object or a real number, not 'NoneType'"
C:\Documents and Settings\yukiho\.vscode\extensions\ms-vscode.cpptools-1.32.2-win32-x64\debugAdapters\vsdbg\bin\api-ms-win-crt-utility-l1-1-0.dll,"TypeError: int() argument must be a string, a bytes-like object or a real number, not 'NoneType'"
C:\Documents and Settings\yukiho\.vscode\extensions\ms-vscode.cpptools-1.32.2-win32-x64\debugAdapters\vsdbg\bin\1033\CppDebug.Resources.dll,"TypeError: int() argument must be a string, a bytes-like object or a real number, not 'NoneType'"
C:\Documents and Settings\yukiho\.vscode\extensions\ms-vscode.cpptools-1.32.2-win32-x64\debugAdapters\vsdbg\bin\1033\symbollocator.resources.dll,"TypeError: int() argument must be a string, a bytes-like object or a real number, not 'NoneType'"
C:\Documents and Settings\yukiho\.vscode\extensions\ms-vscode.cpptools-1.32.2-win32-x64\debugAdapters\vsdbg\bin\1033\vsdbg.resources.dll,"TypeError: int() argument must be a string, a bytes-like object or a real number, not 'NoneType'"
C:\Documents and Settings\yukiho\.vscode\extensions\ms-vscode.cpptools-1.32.2-win32-x64\debugAdapters\vsdbg\bin\1033\vsdebugeng.impl.resources.dll,"TypeError: int() argument must be a string, a bytes-like object or a real number, not 'NoneType'"
C:\Documents and Settings\yukiho\.vscode\extensions\ms-vscode.cpptools-1.32.2-win32-x64\debugAdapters\vsdbg\bin\1033\vsdebugui.dll,"TypeError: int() argument must be a string, a bytes-like object or a real number, not 'NoneType'"
C:\Documents and Settings\yukiho\.vscode\extensions\ms-vscode.cpptools-1.32.2-win32-x64\debugAdapters\vsdbg\bin\Remote Debugger\x86\api-ms-win-core-console-l1-1-0.dll,"TypeError: int() argument must be a string, a bytes-like object or a real number, not 'NoneType'"
C:\Documents and Settings\yukiho\.vscode\extensions\ms-vscode.cpptools-1.32.2-win32-x64\debugAdapters\vsdbg\bin\Remote Debugger\x86\api-ms-win-core-console-l1-2-0.dll,"TypeError: int() argument must be a string, a bytes-like object or a real number, not 'NoneType'"
C:\Documents and Settings\yukiho\.vscode\extensions\ms-vscode.cpptools-1.32.2-win32-x64\debugAdapters\vsdbg\bin\Remote Debugger\x86\api-ms-win-core-datetime-l1-1-0.dll,"TypeError: int() argument must be a string, a bytes-like object or a real number, not 'NoneType'"
C:\Documents and Settings\yukiho\.vscode\extensions\ms-vscode.cpptools-1.32.2-win32-x64\debugAdapters\vsdbg\bin\Remote Debugger\x86\api-ms-win-core-debug-l1-1-0.dll,"TypeError: int() argument must be a string, a bytes-like object or a real number, not 'NoneType'"
C:\Documents and Settings\yukiho\.vscode\extensions\ms-vscode.cpptools-1.32.2-win32-x64\debugAdapters\vsdbg\bin\Remote Debugger\x86\api-ms-win-core-errorhandling-l1-1-0.dll,"TypeError: int() argument must be a string, a bytes-like object or a real number, not 'NoneType'"
C:\Documents and Settings\yukiho\.vscode\extensions\ms-vscode.cpptools-1.32.2-win32-x64\debugAdapters\vsdbg\bin\Remote Debugger\x86\api-ms-win-core-fibers-l1-1-0.dll,"TypeError: int() argument must be a string, a bytes-like object or a real number, not 'NoneType'"
C:\Documents and Settings\yukiho\.vscode\extensions\ms-vscode.cpptools-1.32.2-win32-x64\debugAdapters\vsdbg\bin\Remote Debugger\x86\api-ms-win-core-file-l1-1-0.dll,"TypeError: int() argument must be a string, a bytes-like object or a real number, not 'NoneType'"
C:\Documents and Settings\yukiho\.vscode\extensions\ms-vscode.cpptools-1.32.2-win32-x64\debugAdapters\vsdbg\bin\Remote Debugger\x86\api-ms-win-core-file-l1-2-0.dll,"TypeError: int() argument must be a string, a bytes-like object or a real number, not 'NoneType'"
C:\Documents and Settings\yukiho\.vscode\extensions\ms-vscode.cpptools-1.32.2-win32-x64\debugAdapters\vsdbg\bin\Remote Debugger\x86\api-ms-win-core-file-l2-1-0.dll,"TypeError: int() argument must be a string, a bytes-like object or a real number, not 'NoneType'"
C:\Documents and Settings\yukiho\.vscode\extensions\ms-vscode.cpptools-1.32.2-win32-x64\debugAdapters\vsdbg\bin\Remote Debugger\x86\api-ms-win-core-handle-l1-1-0.dll,"TypeError: int() argument must be a string, a bytes-like object or a real number, not 'NoneType'"
C:\Documents and Settings\yukiho\.vscode\extensions\ms-vscode.cpptools-1.32.2-win32-x64\debugAdapters\vsdbg\bin\Remote Debugger\x86\api-ms-win-core-heap-l1-1-0.dll,"TypeError: int() argument must be a string, a bytes-like object or a real number, not 'NoneType'"
C:\Documents and Settings\yukiho\.vscode\extensions\ms-vscode.cpptools-1.32.2-win32-x64\debugAdapters\vsdbg\bin\Remote Debugger\x86\api-ms-win-core-interlocked-l1-1-0.dll,"TypeError: int() argument must be a string, a bytes-like object or a real number, not 'NoneType'"
C:\Documents and Settings\yukiho\.vscode\extensions\ms-vscode.cpptools-1.32.2-win32-x64\debugAdapters\vsdbg\bin\Remote Debugger\x86\api-ms-win-core-libraryloader-l1-1-0.dll,"TypeError: int() argument must be a string, a bytes-like object or a real number, not 'NoneType'"
C:\Documents and Settings\yukiho\.vscode\extensions\ms-vscode.cpptools-1.32.2-win32-x64\debugAdapters\vsdbg\bin\Remote Debugger\x86\api-ms-win-core-localization-l1-2-0.dll,"TypeError: int() argument must be a string, a bytes-like object or a real number, not 'NoneType'"
C:\Documents and Settings\yukiho\.vscode\extensions\ms-vscode.cpptools-1.32.2-win32-x64\debugAdapters\vsdbg\bin\Remote Debugger\x86\api-ms-win-core-memory-l1-1-0.dll,"TypeError: int() argument must be a string, a bytes-like object or a real number, not 'NoneType'"
C:\Documents and Settings\yukiho\.vscode\extensions\ms-vscode.cpptools-1.32.2-win32-x64\debugAdapters\vsdbg\bin\Remote Debugger\x86\api-ms-win-core-namedpipe-l1-1-0.dll,"TypeError: int() argument must be a string, a bytes-like object or a real number, not 'NoneType'"
C:\Documents and Settings\yukiho\.vscode\extensions\ms-vscode.cpptools-1.32.2-win32-x64\debugAdapters\vsdbg\bin\Remote Debugger\x86\api-ms-win-core-processenvironment-l1-1-0.dll,"TypeError: int() argument must be a string, a bytes-like object or a real number, not 'NoneType'"
C:\Documents and Settings\yukiho\.vscode\extensions\ms-vscode.cpptools-1.32.2-win32-x64\debugAdapters\vsdbg\bin\Remote Debugger\x86\api-ms-win-core-processthreads-l1-1-0.dll,"TypeError: int() argument must be a string, a bytes-like object or a real number, not 'NoneType'"
C:\Documents and Settings\yukiho\.vscode\extensions\ms-vscode.cpptools-1.32.2-win32-x64\debugAdapters\vsdbg\bin\Remote Debugger\x86\api-ms-win-core-processthreads-l1-1-1.dll,"TypeError: int() argument must be a string, a bytes-like object or a real number, not 'NoneType'"
C:\Documents and Settings\yukiho\.vscode\extensions\ms-vscode.cpptools-1.32.2-win32-x64\debugAdapters\vsdbg\bin\Remote Debugger\x86\api-ms-win-core-profile-l1-1-0.dll,"TypeError: int() argument must be a string, a bytes-like object or a real number, not 'NoneType'"
C:\Documents and Settings\yukiho\.vscode\extensions\ms-vscode.cpptools-1.32.2-win32-x64\debugAdapters\vsdbg\bin\Remote Debugger\x86\api-ms-win-core-rtlsupport-l1-1-0.dll,"TypeError: int() argument must be a string, a bytes-like object or a real number, not 'NoneType'"
C:\Documents and Settings\yukiho\.vscode\extensions\ms-vscode.cpptools-1.32.2-win32-x64\debugAdapters\vsdbg\bin\Remote Debugger\x86\api-ms-win-core-string-l1-1-0.dll,"TypeError: int() argument must be a string, a bytes-like object or a real number, not 'NoneType'"
C:\Documents and Settings\yukiho\.vscode\extensions\ms-vscode.cpptools-1.32.2-win32-x64\debugAdapters\vsdbg\bin\Remote Debugger\x86\api-ms-win-core-synch-l1-1-0.dll,"TypeError: int() argument must be a string, a bytes-like object or a real number, not 'NoneType'"
C:\Documents and Settings\yukiho\.vscode\extensions\ms-vscode.cpptools-1.32.2-win32-x64\debugAdapters\vsdbg\bin\Remote Debugger\x86\api-ms-win-core-synch-l1-2-0.dll,"TypeError: int() argument must be a string, a bytes-like object or a real number, not 'NoneType'"
C:\Documents and Settings\yukiho\.vscode\extensions\ms-vscode.cpptools-1.32.2-win32-x64\debugAdapters\vsdbg\bin\Remote Debugger\x86\api-ms-win-core-sysinfo-l1-1-0.dll,"TypeError: int() argument must be a string, a bytes-like object or a real number, not 'NoneType'"
C:\Documents and Settings\yukiho\.vscode\extensions\ms-vscode.cpptools-1.32.2-win32-x64\debugAdapters\vsdbg\bin\Remote Debugger\x86\api-ms-win-core-timezone-l1-1-0.dll,"TypeError: int() argument must be a string, a bytes-like object or a real number, not 'NoneType'"
C:\Documents and Settings\yukiho\.vscode\extensions\ms-vscode.cpptools-1.32.2-win32-x64\debugAdapters\vsdbg\bin\Remote Debugger\x86\api-ms-win-core-util-l1-1-0.dll,"TypeError: int() argument must be a string, a bytes-like object or a real number, not 'NoneType'"
C:\Documents and Settings\yukiho\.vscode\extensions\ms-vscode.cpptools-1.32.2-win32-x64\debugAdapters\vsdbg\bin\Remote Debugger\x86\api-ms-win-core-xstate-l2-1-0.dll,"TypeError: int() argument must be a string, a bytes-like object or a real number, not 'NoneType'"
C:\Documents and Settings\yukiho\.vscode\extensions\ms-vscode.cpptools-1.32.2-win32-x64\debugAdapters\vsdbg\bin\Remote Debugger\x86\api-ms-win-crt-conio-l1-1-0.dll,"TypeError: int() argument must be a string, a bytes-like object or a real number, not 'NoneType'"
C:\Documents and Settings\yukiho\.vscode\extensions\ms-vscode.cpptools-1.32.2-win32-x64\debugAdapters\vsdbg\bin\Remote Debugger\x86\api-ms-win-crt-convert-l1-1-0.dll,"TypeError: int() argument must be a string, a bytes-like object or a real number, not 'NoneType'"
C:\Documents and Settings\yukiho\.vscode\extensions\ms-vscode.cpptools-1.32.2-win32-x64\debugAdapters\vsdbg\bin\Remote Debugger\x86\api-ms-win-crt-environment-l1-1-0.dll,"TypeError: int() argument must be a string, a bytes-like object or a real number, not 'NoneType'"
C:\Documents and Settings\yukiho\.vscode\extensions\ms-vscode.cpptools-1.32.2-win32-x64\debugAdapters\vsdbg\bin\Remote Debugger\x86\api-ms-win-crt-filesystem-l1-1-0.dll,"TypeError: int() argument must be a string, a bytes-like object or a real number, not 'NoneType'"
C:\Documents and Settings\yukiho\.vscode\extensions\ms-vscode.cpptools-1.32.2-win32-x64\debugAdapters\vsdbg\bin\Remote Debugger\x86\api-ms-win-crt-heap-l1-1-0.dll,"TypeError: int() argument must be a string, a bytes-like object or a real number, not 'NoneType'"
C:\Documents and Settings\yukiho\.vscode\extensions\ms-vscode.cpptools-1.32.2-win32-x64\debugAdapters\vsdbg\bin\Remote Debugger\x86\api-ms-win-crt-locale-l1-1-0.dll,"TypeError: int() argument must be a string, a bytes-like object or a real number, not 'NoneType'"
C:\Documents and Settings\yukiho\.vscode\extensions\ms-vscode.cpptools-1.32.2-win32-x64\debugAdapters\vsdbg\bin\Remote Debugger\x86\api-ms-win-crt-math-l1-1-0.dll,"TypeError: int() argument must be a string, a bytes-like object or a real number, not 'NoneType'"
C:\Documents and Settings\yukiho\.vscode\extensions\ms-vscode.cpptools-1.32.2-win32-x64\debugAdapters\vsdbg\bin\Remote Debugger\x86\api-ms-win-crt-multibyte-l1-1-0.dll,"TypeError: int() argument must be a string, a bytes-like object or a real number, not 'NoneType'"
C:\Documents and Settings\yukiho\.vscode\extensions\ms-vscode.cpptools-1.32.2-win32-x64\debugAdapters\vsdbg\bin\Remote Debugger\x86\api-ms-win-crt-private-l1-1-0.dll,"TypeError: int() argument must be a string, a bytes-like object or a real number, not 'NoneType'"
C:\Documents and Settings\yukiho\.vscode\extensions\ms-vscode.cpptools-1.32.2-win32-x64\debugAdapters\vsdbg\bin\Remote Debugger\x86\api-ms-win-crt-process-l1-1-0.dll,"TypeError: int() argument must be a string, a bytes-like object or a real number, not 'NoneType'"
C:\Documents and Settings\yukiho\.vscode\extensions\ms-vscode.cpptools-1.32.2-win32-x64\debugAdapters\vsdbg\bin\Remote Debugger\x86\api-ms-win-crt-runtime-l1-1-0.dll,"TypeError: int() argument must be a string, a bytes-like object or a real number, not 'NoneType'"
C:\Documents and Settings\yukiho\.vscode\extensions\ms-vscode.cpptools-1.32.2-win32-x64\debugAdapters\vsdbg\bin\Remote Debugger\x86\api-ms-win-crt-stdio-l1-1-0.dll,"TypeError: int() argument must be a string, a bytes-like object or a real number, not 'NoneType'"
C:\Documents and Settings\yukiho\.vscode\extensions\ms-vscode.cpptools-1.32.2-win32-x64\debugAdapters\vsdbg\bin\Remote Debugger\x86\api-ms-win-crt-string-l1-1-0.dll,"TypeError: int() argument must be a string, a bytes-like object or a real number, not 'NoneType'"
C:\Documents and Settings\yukiho\.vscode\extensions\ms-vscode.cpptools-1.32.2-win32-x64\debugAdapters\vsdbg\bin\Remote Debugger\x86\api-ms-win-crt-time-l1-1-0.dll,"TypeError: int() argument must be a string, a bytes-like object or a real number, not 'NoneType'"
C:\Documents and Settings\yukiho\.vscode\extensions\ms-vscode.cpptools-1.32.2-win32-x64\debugAdapters\vsdbg\bin\Remote Debugger\x86\api-ms-win-crt-utility-l1-1-0.dll,"TypeError: int() argument must be a string, a bytes-like object or a real number, not 'NoneType'"
C:\Documents and Settings\yukiho\.vscode\extensions\ms-vscode.cpptools-1.32.2-win32-x64\debugAdapters\vsdbg\bin\Remote Debugger\x86\1033\msdbgui.dll,"TypeError: int() argument must be a string, a bytes-like object or a real number, not 'NoneType'"
C:\Documents and Settings\yukiho\.vscode\extensions\ms-vscode.cpptools-1.32.2-win32-x64\debugAdapters\vsdbg\bin\Remote Debugger\x86\1033\vsdebugeng.impl.resources.dll,"TypeError: int() argument must be a string, a bytes-like object or a real number, not 'NoneType'"
C:\Documents and Settings\yukiho\.vscode\extensions\redhat.java-1.55.0-win32-x64\jre\21.0.11-win32-x86_64\bin\api-ms-win-core-console-l1-1-0.dll,"TypeError: int() argument must be a string, a bytes-like object or a real number, not 'NoneType'"
C:\Documents and Settings\yukiho\.vscode\extensions\redhat.java-1.55.0-win32-x64\jre\21.0.11-win32-x86_64\bin\api-ms-win-core-console-l1-2-0.dll,"TypeError: int() argument must be a string, a bytes-like object or a real number, not 'NoneType'"
C:\Documents and Settings\yukiho\.vscode\extensions\redhat.java-1.55.0-win32-x64\jre\21.0.11-win32-x86_64\bin\api-ms-win-core-datetime-l1-1-0.dll,"TypeError: int() argument must be a string, a bytes-like object or a real number, not 'NoneType'"
C:\Documents and Settings\yukiho\.vscode\extensions\redhat.java-1.55.0-win32-x64\jre\21.0.11-win32-x86_64\bin\api-ms-win-core-debug-l1-1-0.dll,"TypeError: int() argument must be a string, a bytes-like object or a real number, not 'NoneType'"
C:\Documents and Settings\yukiho\.vscode\extensions\redhat.java-1.55.0-win32-x64\jre\21.0.11-win32-x86_64\bin\api-ms-win-core-errorhandling-l1-1-0.dll,"TypeError: int() argument must be a string, a bytes-like object or a real number, not 'NoneType'"
C:\Documents and Settings\yukiho\.vscode\extensions\redhat.java-1.55.0-win32-x64\jre\21.0.11-win32-x86_64\bin\api-ms-win-core-fibers-l1-1-0.dll,"TypeError: int() argument must be a string, a bytes-like object or a real number, not 'NoneType'"
C:\Documents and Settings\yukiho\.vscode\extensions\redhat.java-1.55.0-win32-x64\jre\21.0.11-win32-x86_64\bin\api-ms-win-core-fibers-l1-1-1.dll,"TypeError: int() argument must be a string, a bytes-like object or a real number, not 'NoneType'"
C:\Documents and Settings\yukiho\.vscode\extensions\redhat.java-1.55.0-win32-x64\jre\21.0.11-win32-x86_64\bin\api-ms-win-core-file-l1-1-0.dll,"TypeError: int() argument must be a string, a bytes-like object or a real number, not 'NoneType'"
C:\Documents and Settings\yukiho\.vscode\extensions\redhat.java-1.55.0-win32-x64\jre\21.0.11-win32-x86_64\bin\api-ms-win-core-file-l1-2-0.dll,"TypeError: int() argument must be a string, a bytes-like object or a real number, not 'NoneType'"
C:\Documents and Settings\yukiho\.vscode\extensions\redhat.java-1.55.0-win32-x64\jre\21.0.11-win32-x86_64\bin\api-ms-win-core-file-l2-1-0.dll,"TypeError: int() argument must be a string, a bytes-like object or a real number, not 'NoneType'"
C:\Documents and Settings\yukiho\.vscode\extensions\redhat.java-1.55.0-win32-x64\jre\21.0.11-win32-x86_64\bin\api-ms-win-core-handle-l1-1-0.dll,"TypeError: int() argument must be a string, a bytes-like object or a real number, not 'NoneType'"
C:\Documents and Settings\yukiho\.vscode\extensions\redhat.java-1.55.0-win32-x64\jre\21.0.11-win32-x86_64\bin\api-ms-win-core-heap-l1-1-0.dll,"TypeError: int() argument must be a string, a bytes-like object or a real number, not 'NoneType'"
C:\Documents and Settings\yukiho\.vscode\extensions\redhat.java-1.55.0-win32-x64\jre\21.0.11-win32-x86_64\bin\api-ms-win-core-interlocked-l1-1-0.dll,"TypeError: int() argument must be a string, a bytes-like object or a real number, not 'NoneType'"
C:\Documents and Settings\yukiho\.vscode\extensions\redhat.java-1.55.0-win32-x64\jre\21.0.11-win32-x86_64\bin\api-ms-win-core-kernel32-legacy-l1-1-1.dll,"TypeError: int() argument must be a string, a bytes-like object or a real number, not 'NoneType'"
C:\Documents and Settings\yukiho\.vscode\extensions\redhat.java-1.55.0-win32-x64\jre\21.0.11-win32-x86_64\bin\api-ms-win-core-libraryloader-l1-1-0.dll,"TypeError: int() argument must be a string, a bytes-like object or a real number, not 'NoneType'"
C:\Documents and Settings\yukiho\.vscode\extensions\redhat.java-1.55.0-win32-x64\jre\21.0.11-win32-x86_64\bin\api-ms-win-core-localization-l1-2-0.dll,"TypeError: int() argument must be a string, a bytes-like object or a real number, not 'NoneType'"
C:\Documents and Settings\yukiho\.vscode\extensions\redhat.java-1.55.0-win32-x64\jre\21.0.11-win32-x86_64\bin\api-ms-win-core-memory-l1-1-0.dll,"TypeError: int() argument must be a string, a bytes-like object or a real number, not 'NoneType'"
C:\Documents and Settings\yukiho\.vscode\extensions\redhat.java-1.55.0-win32-x64\jre\21.0.11-win32-x86_64\bin\api-ms-win-core-namedpipe-l1-1-0.dll,"TypeError: int() argument must be a string, a bytes-like object or a real number, not 'NoneType'"
C:\Documents and Settings\yukiho\.vscode\extensions\redhat.java-1.55.0-win32-x64\jre\21.0.11-win32-x86_64\bin\api-ms-win-core-processenvironment-l1-1-0.dll,"TypeError: int() argument must be a string, a bytes-like object or a real number, not 'NoneType'"
C:\Documents and Settings\yukiho\.vscode\extensions\redhat.java-1.55.0-win32-x64\jre\21.0.11-win32-x86_64\bin\api-ms-win-core-processthreads-l1-1-0.dll,"TypeError: int() argument must be a string, a bytes-like object or a real number, not 'NoneType'"
C:\Documents and Settings\yukiho\.vscode\extensions\redhat.java-1.55.0-win32-x64\jre\21.0.11-win32-x86_64\bin\api-ms-win-core-processthreads-l1-1-1.dll,"TypeError: int() argument must be a string, a bytes-like object or a real number, not 'NoneType'"
C:\Documents and Settings\yukiho\.vscode\extensions\redhat.java-1.55.0-win32-x64\jre\21.0.11-win32-x86_64\bin\api-ms-win-core-profile-l1-1-0.dll,"TypeError: int() argument must be a string, a bytes-like object or a real number, not 'NoneType'"
C:\Documents and Settings\yukiho\.vscode\extensions\redhat.java-1.55.0-win32-x64\jre\21.0.11-win32-x86_64\bin\api-ms-win-core-rtlsupport-l1-1-0.dll,"TypeError: int() argument must be a string, a bytes-like object or a real number, not 'NoneType'"
C:\Documents and Settings\yukiho\.vscode\extensions\redhat.java-1.55.0-win32-x64\jre\21.0.11-win32-x86_64\bin\api-ms-win-core-string-l1-1-0.dll,"TypeError: int() argument must be a string, a bytes-like object or a real number, not 'NoneType'"
C:\Documents and Settings\yukiho\.vscode\extensions\redhat.java-1.55.0-win32-x64\jre\21.0.11-win32-x86_64\bin\api-ms-win-core-synch-l1-1-0.dll,"TypeError: int() argument must be a string, a bytes-like object or a real number, not 'NoneType'"
C:\Documents and Settings\yukiho\.vscode\extensions\redhat.java-1.55.0-win32-x64\jre\21.0.11-win32-x86_64\bin\api-ms-win-core-synch-l1-2-0.dll,"TypeError: int() argument must be a string, a bytes-like object or a real number, not 'NoneType'"
C:\Documents and Settings\yukiho\.vscode\extensions\redhat.java-1.55.0-win32-x64\jre\21.0.11-win32-x86_64\bin\api-ms-win-core-sysinfo-l1-1-0.dll,"TypeError: int() argument must be a string, a bytes-like object or a real number, not 'NoneType'"
C:\Documents and Settings\yukiho\.vscode\extensions\redhat.java-1.55.0-win32-x64\jre\21.0.11-win32-x86_64\bin\api-ms-win-core-sysinfo-l1-2-0.dll,"TypeError: int() argument must be a string, a bytes-like object or a real number, not 'NoneType'"
C:\Documents and Settings\yukiho\.vscode\extensions\redhat.java-1.55.0-win32-x64\jre\21.0.11-win32-x86_64\bin\api-ms-win-core-timezone-l1-1-0.dll,"TypeError: int() argument must be a string, a bytes-like object or a real number, not 'NoneType'"
C:\Documents and Settings\yukiho\.vscode\extensions\redhat.java-1.55.0-win32-x64\jre\21.0.11-win32-x86_64\bin\api-ms-win-core-util-l1-1-0.dll,"TypeError: int() argument must be a string, a bytes-like object or a real number, not 'NoneType'"
C:\Documents and Settings\yukiho\.vscode\extensions\redhat.java-1.55.0-win32-x64\jre\21.0.11-win32-x86_64\bin\api-ms-win-crt-conio-l1-1-0.dll,"TypeError: int() argument must be a string, a bytes-like object or a real number, not 'NoneType'"
C:\Documents and Settings\yukiho\.vscode\extensions\redhat.java-1.55.0-win32-x64\jre\21.0.11-win32-x86_64\bin\api-ms-win-crt-convert-l1-1-0.dll,"TypeError: int() argument must be a string, a bytes-like object or a real number, not 'NoneType'"
C:\Documents and Settings\yukiho\.vscode\extensions\redhat.java-1.55.0-win32-x64\jre\21.0.11-win32-x86_64\bin\api-ms-win-crt-environment-l1-1-0.dll,"TypeError: int() argument must be a string, a bytes-like object or a real number, not 'NoneType'"
C:\Documents and Settings\yukiho\.vscode\extensions\redhat.java-1.55.0-win32-x64\jre\21.0.11-win32-x86_64\bin\api-ms-win-crt-filesystem-l1-1-0.dll,"TypeError: int() argument must be a string, a bytes-like object or a real number, not 'NoneType'"
C:\Documents and Settings\yukiho\.vscode\extensions\redhat.java-1.55.0-win32-x64\jre\21.0.11-win32-x86_64\bin\api-ms-win-crt-heap-l1-1-0.dll,"TypeError: int() argument must be a string, a bytes-like object or a real number, not 'NoneType'"
C:\Documents and Settings\yukiho\.vscode\extensions\redhat.java-1.55.0-win32-x64\jre\21.0.11-win32-x86_64\bin\api-ms-win-crt-locale-l1-1-0.dll,"TypeError: int() argument must be a string, a bytes-like object or a real number, not 'NoneType'"
C:\Documents and Settings\yukiho\.vscode\extensions\redhat.java-1.55.0-win32-x64\jre\21.0.11-win32-x86_64\bin\api-ms-win-crt-math-l1-1-0.dll,"TypeError: int() argument must be a string, a bytes-like object or a real number, not 'NoneType'"
C:\Documents and Settings\yukiho\.vscode\extensions\redhat.java-1.55.0-win32-x64\jre\21.0.11-win32-x86_64\bin\api-ms-win-crt-multibyte-l1-1-0.dll,"TypeError: int() argument must be a string, a bytes-like object or a real number, not 'NoneType'"
C:\Documents and Settings\yukiho\.vscode\extensions\redhat.java-1.55.0-win32-x64\jre\21.0.11-win32-x86_64\bin\api-ms-win-crt-private-l1-1-0.dll,"TypeError: int() argument must be a string, a bytes-like object or a real number, not 'NoneType'"
C:\Documents and Settings\yukiho\.vscode\extensions\redhat.java-1.55.0-win32-x64\jre\21.0.11-win32-x86_64\bin\api-ms-win-crt-process-l1-1-0.dll,"TypeError: int() argument must be a string, a bytes-like object or a real number, not 'NoneType'"
C:\Documents and Settings\yukiho\.vscode\extensions\redhat.java-1.55.0-win32-x64\jre\21.0.11-win32-x86_64\bin\api-ms-win-crt-runtime-l1-1-0.dll,"TypeError: int() argument must be a string, a bytes-like object or a real number, not 'NoneType'"
C:\Documents and Settings\yukiho\.vscode\extensions\redhat.java-1.55.0-win32-x64\jre\21.0.11-win32-x86_64\bin\api-ms-win-crt-stdio-l1-1-0.dll,"TypeError: int() argument must be a string, a bytes-like object or a real number, not 'NoneType'"
C:\Documents and Settings\yukiho\.vscode\extensions\redhat.java-1.55.0-win32-x64\jre\21.0.11-win32-x86_64\bin\api-ms-win-crt-string-l1-1-0.dll,"TypeError: int() argument must be a string, a bytes-like object or a real number, not 'NoneType'"
C:\Documents and Settings\yukiho\.vscode\extensions\redhat.java-1.55.0-win32-x64\jre\21.0.11-win32-x86_64\bin\api-ms-win-crt-time-l1-1-0.dll,"TypeError: int() argument must be a string, a bytes-like object or a real number, not 'NoneType'"
C:\Documents and Settings\yukiho\.vscode\extensions\redhat.java-1.55.0-win32-x64\jre\21.0.11-win32-x86_64\bin\api-ms-win-crt-utility-l1-1-0.dll,"TypeError: int() argument must be a string, a bytes-like object or a real number, not 'NoneType'"
C:\Documents and Settings\yukiho\AppData\Local\Android\Sdk\build-tools\36.1.0\aarch64-linux-android-ld.exe,PEFormatError: 'DOS Header magic not found.'
C:\Documents and Settings\yukiho\AppData\Local\Android\Sdk\build-tools\36.1.0\arm-linux-androideabi-ld.exe,PEFormatError: 'DOS Header magic not found.'
C:\Documents and Settings\yukiho\AppData\Local\Android\Sdk\build-tools\36.1.0\i686-linux-android-ld.exe,PEFormatError: 'DOS Header magic not found.'
C:\Documents and Settings\yukiho\AppData\Local\Android\Sdk\build-tools\36.1.0\mipsel-linux-android-ld.exe,PEFormatError: 'DOS Header magic not found.'
C:\Documents and Settings\yukiho\AppData\Local\Android\Sdk\build-tools\36.1.0\x86_64-linux-android-ld.exe,PEFormatError: 'DOS Header magic not found.'
C:\Documents and Settings\yukiho\AppData\Local\Android\Sdk\emulator\lib\pc-bios\bios-256k.bin,PEFormatError: 'DOS Header magic not found.'
C:\Documents and Settings\yukiho\AppData\Local\Android\Sdk\emulator\lib\pc-bios\bios.bin,PEFormatError: 'DOS Header magic not found.'
C:\Documents and Settings\yukiho\AppData\Local\Android\Sdk\emulator\lib\pc-bios\kvmvapic.bin,PEFormatError: 'DOS Header magic not found.'
C:\Documents and Settings\yukiho\AppData\Local\Android\Sdk\emulator\lib\pc-bios\linuxboot.bin,PEFormatError: 'DOS Header magic not found.'
